Sample,Feature,Feature_Value,SHAP_Value,Influence,Prediction,Actual_RUL
0,Sensor_2,0.30241690079481703,3.010681922081858,increases predicted RUL,52.404659271240234,44.0
0,Sensor_3,0.2725919337872132,-0.14880584878847003,decreases predicted RUL,52.404659271240234,44.0
0,Sensor_4,0.14106111310398411,1.6561518461676314,increases predicted RUL,52.404659271240234,44.0
0,Sensor_7,1.2826623296528503,-3.0774100674316287,decreases predicted RUL,52.404659271240234,44.0
0,Sensor_8,0.5092345700660662,-7.8402002670336515,decreases predicted RUL,52.404659271240234,44.0
0,Sensor_9,0.735257001349051,0.16627320647239685,increases predicted RUL,52.404659271240234,44.0
0,Sensor_11,0.26938568873518093,-0.36916227964684367,decreases predicted RUL,52.404659271240234,44.0
0,Sensor_12,1.3052924460053483,-7.183939974755049,decreases predicted RUL,52.404659271240234,44.0
0,Sensor_13,0.513215449112501,-11.812758805695921,decreases predicted RUL,52.404659271240234,44.0
0,Sensor_14,0.729722609290448,-8.990532036346849,decreases predicted RUL,52.404659271240234,44.0
0,Sensor_15,-1.1122692131684386,7.709408999886364,increases predicted RUL,52.404659271240234,44.0
0,Sensor_17,0.22071533815604422,-0.28581876982934773,decreases predicted RUL,52.404659271240234,44.0
0,Sensor_20,1.0975789649006225,-0.05772554990835488,decreases predicted RUL,52.404659271240234,44.0
0,Sensor_21,0.9679504765700302,0.9005052829161286,increases predicted RUL,52.404659271240234,44.0
1,Sensor_2,0.5363889734664063,-4.054472255520523,decreases predicted RUL,58.412376403808594,51.0
1,Sensor_3,0.45963773660168916,0.8261619540862739,increases predicted RUL,58.412376403808594,51.0
1,Sensor_4,0.8309490698435799,-4.275054307814571,decreases predicted RUL,58.412376403808594,51.0
1,Sensor_7,-0.5741292801530765,-4.343148389365524,decreases predicted RUL,58.412376403808594,51.0
1,Sensor_8,0.5584574705874357,1.2522746361792088,increases predicted RUL,58.412376403808594,51.0
1,Sensor_9,-0.9360498998164328,3.2125861837994307,increases predicted RUL,58.412376403808594,51.0
1,Sensor_11,0.7675099361048173,-5.392828157171607,decreases predicted RUL,58.412376403808594,51.0
1,Sensor_12,-0.606217824251692,-1.6280266055837274,decreases predicted RUL,58.412376403808594,51.0
1,Sensor_13,0.561079818285459,-0.1857309751212597,decreases predicted RUL,58.412376403808594,51.0
1,Sensor_14,-1.1600945920764818,5.237537621986121,increases predicted RUL,58.412376403808594,51.0
1,Sensor_15,0.9342256035529891,-2.578489854000509,decreases predicted RUL,58.412376403808594,51.0
1,Sensor_17,0.5174167151365089,-1.5444443476881133,decreases predicted RUL,58.412376403808594,51.0
1,Sensor_20,-0.8274554162490358,-1.1556382024991763,decreases predicted RUL,58.412376403808594,51.0
1,Sensor_21,-0.9171734011466326,-2.025373734999448,decreases predicted RUL,58.412376403808594,51.0
2,Sensor_2,0.4144839630250965,0.24335827365575824,increases predicted RUL,32.896095275878906,27.0
2,Sensor_3,0.9081053030038511,-0.01267491748149041,decreases predicted RUL,32.896095275878906,27.0
2,Sensor_4,0.7347414995129022,-3.5228274395340122,decreases predicted RUL,32.896095275878906,27.0
2,Sensor_7,2.246098016316873,-1.1176960663869977,decreases predicted RUL,32.896095275878906,27.0
2,Sensor_8,1.31508377002832,-10.630854053422809,decreases predicted RUL,32.896095275878906,27.0
2,Sensor_9,1.5038021925914384,-1.5116856917738914,decreases predicted RUL,32.896095275878906,27.0
2,Sensor_11,0.8762775723975545,-2.5057758426410146,decreases predicted RUL,32.896095275878906,27.0
2,Sensor_12,2.2998692097880364,-4.896580209955573,decreases predicted RUL,32.896095275878906,27.0
2,Sensor_13,1.301569764902053,-18.50419961940497,decreases predicted RUL,32.896095275878906,27.0
2,Sensor_14,1.5016124935329478,-8.48120946623385,decreases predicted RUL,32.896095275878906,27.0
2,Sensor_15,-1.619979485190838,6.191959646996111,increases predicted RUL,32.896095275878906,27.0
2,Sensor_17,0.8399182118544053,-1.7724960350315087,decreases predicted RUL,32.896095275878906,27.0
2,Sensor_20,1.6571495575863262,2.393557073548436,increases predicted RUL,32.896095275878906,27.0
2,Sensor_21,1.740713878701068,-2.2716456577181816,decreases predicted RUL,32.896095275878906,27.0
3,Sensor_2,0.4093511204801792,4.40350928530097,increases predicted RUL,119.83096313476562,120.0
3,Sensor_3,0.25697727358049816,1.1276999797555618,increases predicted RUL,119.83096313476562,120.0
3,Sensor_4,0.4931403871719776,1.939098582835868,increases predicted RUL,119.83096313476562,120.0
3,Sensor_7,-0.500685115317853,0.424753422208596,increases predicted RUL,119.83096313476562,120.0
3,Sensor_8,0.25749459311489653,9.985381389968097,increases predicted RUL,119.83096313476562,120.0
3,Sensor_9,-0.6622331895428694,2.477777527179569,increases predicted RUL,119.83096313476562,120.0
3,Sensor_11,0.4136210325146814,5.2904719351790845,increases predicted RUL,119.83096313476562,120.0
3,Sensor_12,-0.5076472827469624,1.1115414561936632,increases predicted RUL,119.83096313476562,120.0
3,Sensor_13,0.29782578783450847,12.422312326845713,increases predicted RUL,119.83096313476562,120.0
3,Sensor_14,-0.7868880893001783,2.9213991477154195,increases predicted RUL,119.83096313476562,120.0
3,Sensor_15,0.754322825232649,-3.192420495848637,decreases predicted RUL,119.83096313476562,120.0
3,Sensor_17,0.49161659539907726,3.5816623675636947,increases predicted RUL,119.83096313476562,120.0
3,Sensor_20,-0.6136659871498449,-3.5865132696926594,decreases predicted RUL,119.83096313476562,120.0
3,Sensor_21,-0.6052707207290663,-0.38272272422909737,decreases predicted RUL,119.83096313476562,120.0
4,Sensor_2,-0.7985778250857333,-1.31114805303514,decreases predicted RUL,118.34674835205078,101.0
4,Sensor_3,-1.0789509912088053,1.1160819956567138,increases predicted RUL,118.34674835205078,101.0
4,Sensor_4,-0.9628880530019428,2.9043243802152574,increases predicted RUL,118.34674835205078,101.0
4,Sensor_7,-0.8259582975900358,7.29251294885762,increases predicted RUL,118.34674835205078,101.0
4,Sensor_8,-1.251538900008839,0.9263015557080507,increases predicted RUL,118.34674835205078,101.0
4,Sensor_9,-1.065465114049143,-1.5661385306157172,decreases predicted RUL,118.34674835205078,101.0
4,Sensor_11,-1.172179577782328,2.3307508449070156,increases predicted RUL,118.34674835205078,101.0
4,Sensor_12,-0.8361146564380985,5.261176198720932,increases predicted RUL,118.34674835205078,101.0
4,Sensor_13,-1.308446130587476,4.859905708581209,increases predicted RUL,118.34674835205078,101.0
4,Sensor_14,-0.9497144874214746,-1.9286260157823563,decreases predicted RUL,118.34674835205078,101.0
4,Sensor_15,0.06678650885380351,1.7287564128491795,increases predicted RUL,118.34674835205078,101.0
4,Sensor_17,-1.2885916664837103,1.7117158707696944,increases predicted RUL,118.34674835205078,101.0
4,Sensor_20,-0.23535164956997476,3.012212404399179,increases predicted RUL,118.34674835205078,101.0
4,Sensor_21,-0.04191906013080749,3.627398039214313,increases predicted RUL,118.34674835205078,101.0
5,Sensor_2,0.2763249511915819,6.298613589722663,increases predicted RUL,108.40137481689453,99.0
5,Sensor_3,0.15090982486131282,-0.3167168755317107,decreases predicted RUL,108.40137481689453,99.0
5,Sensor_4,0.17933008236530468,0.20006467727944255,increases predicted RUL,108.40137481689453,99.0
5,Sensor_7,-0.45752056230066346,-0.9532841390755493,decreases predicted RUL,108.40137481689453,99.0
5,Sensor_8,0.1829570580398259,6.4729907310102135,increases predicted RUL,108.40137481689453,99.0
5,Sensor_9,-0.5189834889086774,1.3571989453630522,increases predicted RUL,108.40137481689453,99.0
5,Sensor_11,0.2410115227457724,3.6771314358338714,increases predicted RUL,108.40137481689453,99.0
5,Sensor_12,-0.4755739450111934,0.7103578858077526,increases predicted RUL,108.40137481689453,99.0
5,Sensor_13,0.14156270024055195,10.431237569835503,increases predicted RUL,108.40137481689453,99.0
5,Sensor_14,-0.6294516335339204,0.7122505572624505,increases predicted RUL,108.40137481689453,99.0
5,Sensor_15,0.564905035390999,-3.2313046066556126,decreases predicted RUL,108.40137481689453,99.0
5,Sensor_17,0.0014143203878747611,-1.0432817188557237,decreases predicted RUL,108.40137481689453,99.0
5,Sensor_20,-0.4956170415168131,-0.21926978137344122,decreases predicted RUL,108.40137481689453,99.0
5,Sensor_21,-0.49579422744847484,-3.1522270245477557,decreases predicted RUL,108.40137481689453,99.0
6,Sensor_2,0.8310996829192727,-6.646901213331148,decreases predicted RUL,53.556209564208984,71.0
6,Sensor_3,0.8097626544714955,-2.849988305591978,decreases predicted RUL,53.556209564208984,71.0
6,Sensor_4,1.0288583881925504,-9.953372779302299,decreases predicted RUL,53.556209564208984,71.0
6,Sensor_7,-0.7149330542572565,-1.2018007677033893,decreases predicted RUL,53.556209564208984,71.0
6,Sensor_8,0.73284717529115,0.2400767607614398,increases predicted RUL,53.556209564208984,71.0
6,Sensor_9,-1.3268061976706809,7.2455042488873005,increases predicted RUL,53.556209564208984,71.0
6,Sensor_11,1.0228774300095045,-5.42415420524776,decreases predicted RUL,53.556209564208984,71.0
6,Sensor_12,-0.6873489622594271,-0.10322392647503875,decreases predicted RUL,53.556209564208984,71.0
6,Sensor_13,0.7201584570070412,0.506603267043829,increases predicted RUL,53.556209564208984,71.0
6,Sensor_14,-1.6261522529808567,6.563681999221444,increases predicted RUL,53.556209564208984,71.0
6,Sensor_15,0.988860185836666,-3.8799226104747504,decreases predicted RUL,53.556209564208984,71.0
6,Sensor_17,0.6722174335610991,-2.293902854435146,decreases predicted RUL,53.556209564208984,71.0
6,Sensor_20,-1.0468219608899427,-4.4840193937998265,decreases predicted RUL,53.556209564208984,71.0
6,Sensor_21,-0.9724227859134532,-3.9572756122797728,decreases predicted RUL,53.556209564208984,71.0
7,Sensor_2,0.9367506919684166,-5.231587289716117,decreases predicted RUL,62.19413375854492,55.0
7,Sensor_3,0.8814976579158739,0.06437180936336517,increases predicted RUL,62.19413375854492,55.0
7,Sensor_4,1.026456171974155,-5.024739696644247,decreases predicted RUL,62.19413375854492,55.0
7,Sensor_7,-0.6978962986716977,-1.4801898354198784,decreases predicted RUL,62.19413375854492,55.0
7,Sensor_8,0.56970841927787,1.9705602303147316,increases predicted RUL,62.19413375854492,55.0
7,Sensor_9,-0.48978741657776675,2.70154790696688,increases predicted RUL,62.19413375854492,55.0
7,Sensor_11,1.1434676354644953,-9.348104901611805,decreases predicted RUL,62.19413375854492,55.0
7,Sensor_12,-0.664829384700271,-1.2999006526079029,decreases predicted RUL,62.19413375854492,55.0
7,Sensor_13,0.6300608209170154,-2.2566143246367574,decreases predicted RUL,62.19413375854492,55.0
7,Sensor_14,-0.8149345916709525,4.236362093128264,increases predicted RUL,62.19413375854492,55.0
7,Sensor_15,1.2442308176345254,-2.1077305041253567,decreases predicted RUL,62.19413375854492,55.0
7,Sensor_17,0.7238176730359623,-4.275909368414432,decreases predicted RUL,62.19413375854492,55.0
7,Sensor_20,-1.1983335997732811,-2.664720901288092,decreases predicted RUL,62.19413375854492,55.0
7,Sensor_21,-1.0947241994595158,8.76378201879561,increases predicted RUL,62.19413375854492,55.0
8,Sensor_2,0.47565033668511963,0.9663414526730776,increases predicted RUL,56.97117233276367,55.0
8,Sensor_3,0.330230827488956,-1.5000619170605205,decreases predicted RUL,56.97117233276367,55.0
8,Sensor_4,0.4609602035731116,-5.496822586748749,decreases predicted RUL,56.97117233276367,55.0
8,Sensor_7,-0.5276003258227696,-2.589624074869789,decreases predicted RUL,56.97117233276367,55.0
8,Sensor_8,0.26733917321910655,-3.6365407137200236,decreases predicted RUL,56.97117233276367,55.0
8,Sensor_9,-0.415153662529777,1.530276846839115,increases predicted RUL,56.97117233276367,55.0
8,Sensor_11,0.48613279004317195,-6.562333178240806,decreases predicted RUL,56.97117233276367,55.0
8,Sensor_12,-0.514092279691498,-0.20277591224294156,decreases predicted RUL,56.97117233276367,55.0
8,Sensor_13,0.247145867533861,-1.4676497794571333,decreases predicted RUL,56.97117233276367,55.0
8,Sensor_14,-0.490958318195762,3.344180560670793,increases predicted RUL,56.97117233276367,55.0
8,Sensor_15,0.839344057213431,-6.315474360249937,decreases predicted RUL,56.97117233276367,55.0
8,Sensor_17,0.3626159967119186,-2.9311861284077168,decreases predicted RUL,56.97117233276367,55.0
8,Sensor_20,-0.7047588743312357,-1.6507688043639064,decreases predicted RUL,56.97117233276367,55.0
8,Sensor_21,-0.5939482367748921,-4.4208234215620905,decreases predicted RUL,56.97117233276367,55.0
9,Sensor_2,0.0752886181830996,-6.196757392608561,decreases predicted RUL,65.90668487548828,66.0
9,Sensor_3,0.06065510814850399,-0.2286923846695572,decreases predicted RUL,65.90668487548828,66.0
9,Sensor_4,-0.06412620685714776,2.832644965266809,increases predicted RUL,65.90668487548828,66.0
9,Sensor_7,-0.3774907608525293,-0.19729899684898555,decreases predicted RUL,65.90668487548828,66.0
9,Sensor_8,-0.04487465294412289,4.761855564604048,increases predicted RUL,65.90668487548828,66.0
9,Sensor_9,0.06487325010218911,-7.8692642990499735,decreases predicted RUL,65.90668487548828,66.0
9,Sensor_11,-0.14992143088609472,-2.1096738246269524,decreases predicted RUL,65.90668487548828,66.0
9,Sensor_12,-0.35008606332632985,1.1911752131127287,increases predicted RUL,65.90668487548828,66.0
9,Sensor_13,-0.021739265173044257,4.412431380711496,increases predicted RUL,65.90668487548828,66.0
9,Sensor_14,0.08352492729286182,-9.039283849298954,decreases predicted RUL,65.90668487548828,66.0
9,Sensor_15,0.4638847719409139,-3.830548268611892,decreases predicted RUL,65.90668487548828,66.0
9,Sensor_17,0.04011449999402227,0.9543868176406249,increases predicted RUL,65.90668487548828,66.0
9,Sensor_20,-0.27532097761895424,0.5388432154431939,increases predicted RUL,65.90668487548828,66.0
9,Sensor_21,-0.38848619894706354,-4.572778784204274,decreases predicted RUL,65.90668487548828,66.0
10,Sensor_2,0.7318647270512451,-2.965785536915064,decreases predicted RUL,86.5636978149414,77.0
10,Sensor_3,0.726836594346195,-0.6637768731452525,decreases predicted RUL,86.5636978149414,77.0
10,Sensor_4,0.7030370022939171,1.6416209118178813,increases predicted RUL,86.5636978149414,77.0
10,Sensor_7,-0.5851530631790246,-0.790434165741317,decreases predicted RUL,86.5636978149414,77.0
10,Sensor_8,0.28280922766866157,4.672766622737981,increases predicted RUL,86.5636978149414,77.0
10,Sensor_9,0.17777508299881692,-3.142199961002916,decreases predicted RUL,86.5636978149414,77.0
10,Sensor_11,0.7509583392776605,1.1519955899566412,increases predicted RUL,86.5636978149414,77.0
10,Sensor_12,-0.5666379606628674,-0.8921886734497093,decreases predicted RUL,86.5636978149414,77.0
10,Sensor_13,0.316126870165097,5.324912384850904,increases predicted RUL,86.5636978149414,77.0
10,Sensor_14,0.00046654233895320195,-2.018278260715306,decreases predicted RUL,86.5636978149414,77.0
10,Sensor_15,0.9977613256469262,-0.1770498906262219,decreases predicted RUL,86.5636978149414,77.0
10,Sensor_17,0.7754179125108258,-2.116153978742659,decreases predicted RUL,86.5636978149414,77.0
10,Sensor_20,-0.9464338811390149,-1.4959246767684817,decreases predicted RUL,86.5636978149414,77.0
10,Sensor_21,-0.8194840628443246,3.5058461390435696,increases predicted RUL,86.5636978149414,77.0
11,Sensor_2,0.4303102275385166,-1.4257373586297035,decreases predicted RUL,107.7976303100586,115.0
11,Sensor_3,0.3424782671014112,-0.5319873092230409,decreases predicted RUL,107.7976303100586,115.0
11,Sensor_4,0.6390571842000888,-3.9573219856247306,decreases predicted RUL,107.7976303100586,115.0
11,Sensor_7,-0.5431338382684244,0.18661425891332328,increases predicted RUL,107.7976303100586,115.0
11,Sensor_8,0.4206333491279846,6.648443186189979,increases predicted RUL,107.7976303100586,115.0
11,Sensor_9,-0.7916484037755748,5.761440337169915,increases predicted RUL,107.7976303100586,115.0
11,Sensor_11,0.6201219072153843,2.8478129091090523,increases predicted RUL,107.7976303100586,115.0
11,Sensor_12,-0.5467722053749917,1.8441707598394714,increases predicted RUL,107.7976303100586,115.0
11,Sensor_13,0.39918562843605976,7.206783834728412,increases predicted RUL,107.7976303100586,115.0
11,Sensor_14,-0.9711802462192304,6.034482284943806,increases predicted RUL,107.7976303100586,115.0
11,Sensor_15,0.7265067633255822,-1.9028150743397418,decreases predicted RUL,107.7976303100586,115.0
11,Sensor_17,0.33681587697448717,5.170388288795948,increases predicted RUL,107.7976303100586,115.0
11,Sensor_20,-0.699181758789519,-3.0131396038923413,decreases predicted RUL,107.7976303100586,115.0
11,Sensor_21,-0.5914080351764183,-0.2197714732028544,decreases predicted RUL,107.7976303100586,115.0
12,Sensor_2,0.2960008476137155,3.590491081820801,increases predicted RUL,111.77055358886719,115.0
12,Sensor_3,-0.05280702109141491,-1.1740212653530762,decreases predicted RUL,111.77055358886719,115.0
12,Sensor_4,0.1880351431171081,0.46177991293370724,increases predicted RUL,111.77055358886719,115.0
12,Sensor_7,-0.37849292294579906,0.5968168471008539,increases predicted RUL,111.77055358886719,115.0
12,Sensor_8,0.04372656799383069,6.283504924896988,increases predicted RUL,111.77055358886719,115.0
12,Sensor_9,-0.10625248767771112,1.8800283088348806,increases predicted RUL,111.77055358886719,115.0
12,Sensor_11,0.1417019417828383,7.163289385207463,increases predicted RUL,111.77055358886719,115.0
12,Sensor_12,-0.4177964429907316,2.1291181445121765,increases predicted RUL,111.77055358886719,115.0
12,Sensor_13,0.09932943332322822,5.174441362498328,increases predicted RUL,111.77055358886719,115.0
12,Sensor_14,-0.11015262343630396,2.5580028376716655,increases predicted RUL,111.77055358886719,115.0
12,Sensor_15,0.6251028300560902,0.5310251377522945,increases predicted RUL,111.77055358886719,115.0
12,Sensor_17,0.18201515854989667,2.444777613854967,increases predicted RUL,111.77055358886719,115.0
12,Sensor_20,-0.4324097320440125,-0.060364828910678625,decreases predicted RUL,111.77055358886719,115.0
12,Sensor_21,-0.4414432066616007,-3.7438530190847814,decreases predicted RUL,111.77055358886719,115.0
13,Sensor_2,1.2318891383000241,-5.269090314162895,decreases predicted RUL,32.70059585571289,31.0
13,Sensor_3,0.9571280734202836,-0.6303012890275568,decreases predicted RUL,32.70059585571289,31.0
13,Sensor_4,1.1939691306488078,-8.300870603881776,decreases predicted RUL,32.70059585571289,31.0
13,Sensor_7,-0.7724857916135156,-3.309305468806997,decreases predicted RUL,32.70059585571289,31.0
13,Sensor_8,0.5500192590692583,-6.210094205569476,decreases predicted RUL,32.70059585571289,31.0
13,Sensor_9,0.28396026627674037,1.9387798495590687,increases predicted RUL,32.70059585571289,31.0
13,Sensor_11,1.3357814271704953,-8.848578445846215,decreases predicted RUL,32.70059585571289,31.0
13,Sensor_12,-0.7148728903872812,-2.081782524473965,decreases predicted RUL,32.70059585571289,31.0
13,Sensor_13,0.500545469037227,-5.000597780570388,decreases predicted RUL,32.70059585571289,31.0
13,Sensor_14,-0.006772275591386113,3.5286270640790462,increases predicted RUL,32.70059585571289,31.0
13,Sensor_15,1.1897497032786155,-5.664486895315349,decreases predicted RUL,32.70059585571289,31.0
13,Sensor_17,1.1495196487035857,-4.081165248993784,decreases predicted RUL,32.70059585571289,31.0
13,Sensor_20,-1.2810608136420973,-4.512721376493573,decreases predicted RUL,32.70059585571289,31.0
13,Sensor_21,-1.3359504171097683,-0.6441935789771378,decreases predicted RUL,32.70059585571289,31.0
14,Sensor_2,-0.7934449825408109,2.17324211448431,increases predicted RUL,119.68401336669922,108.0
14,Sensor_3,-0.6253005460488119,3.853278363822028,increases predicted RUL,119.68401336669922,108.0
14,Sensor_4,-0.7914268973742863,6.442842009593733,increases predicted RUL,119.68401336669922,108.0
14,Sensor_7,-0.2325351723619567,3.0465713129378855,increases predicted RUL,119.68401336669922,108.0
14,Sensor_8,-0.471004334599966,-2.031514714937657,decreases predicted RUL,119.68401336669922,108.0
14,Sensor_9,-0.5185046526160153,-0.8760529770806897,decreases predicted RUL,119.68401336669922,108.0
14,Sensor_11,-0.8001627348100674,1.2473694551736116,increases predicted RUL,119.68401336669922,108.0
14,Sensor_12,-0.2612967524786116,3.4509363234974444,increases predicted RUL,119.68401336669922,108.0
14,Sensor_13,-0.4961596302111897,6.260817565023899,increases predicted RUL,119.68401336669922,108.0
14,Sensor_14,-0.42443013435981825,1.4546574314008467,increases predicted RUL,119.68401336669922,108.0
14,Sensor_15,-0.4279557232726121,2.627427297644317,increases predicted RUL,119.68401336669922,108.0
14,Sensor_17,-0.7209890322602126,2.0169107015244663,increases predicted RUL,119.68401336669922,108.0
14,Sensor_20,0.1624825924059085,4.142773344647139,increases predicted RUL,119.68401336669922,108.0
14,Sensor_21,0.22444585992386248,1.765051026828587,increases predicted RUL,119.68401336669922,108.0
15,Sensor_2,-0.9641119971586862,-2.1824951954185963,decreases predicted RUL,93.34232330322266,56.0
15,Sensor_3,-1.1949880538443294,-1.450722728855908,decreases predicted RUL,93.34232330322266,56.0
15,Sensor_4,-0.9721639374095978,4.65023590484634,increases predicted RUL,93.34232330322266,56.0
15,Sensor_7,-1.0522321816486537,3.2872814387083054,increases predicted RUL,93.34232330322266,56.0
15,Sensor_8,-1.8295563889865678,6.793912813067436,increases predicted RUL,93.34232330322266,56.0
15,Sensor_9,-1.2322813251951086,-6.8726059300825,decreases predicted RUL,93.34232330322266,56.0
15,Sensor_11,-1.0366141180551454,6.792686091735959,increases predicted RUL,93.34232330322266,56.0
15,Sensor_12,-1.0883794191967302,-2.0583965614205226,decreases predicted RUL,93.34232330322266,56.0
15,Sensor_13,-1.8419930693088893,-10.197889670263976,decreases predicted RUL,93.34232330322266,56.0
15,Sensor_14,-1.1302618878787367,-5.061009329976514,decreases predicted RUL,93.34232330322266,56.0
15,Sensor_15,0.23329921047680327,2.943242638371885,increases predicted RUL,93.34232330322266,56.0
15,Sensor_17,-1.2627915467462791,-0.07933879597112536,decreases predicted RUL,93.34232330322266,56.0
15,Sensor_20,-0.4259030972453388,4.6501632342115045,increases predicted RUL,93.34232330322266,56.0
15,Sensor_21,-0.4283704618499419,3.0584191500674933,increases predicted RUL,93.34232330322266,56.0
16,Sensor_2,-0.4790583766658355,1.4124113789875992,increases predicted RUL,118.455322265625,136.0
16,Sensor_3,-0.3672460030553835,1.2245647478848696,increases predicted RUL,118.455322265625,136.0
16,Sensor_4,-0.6027696791139797,5.428620784077793,increases predicted RUL,118.455322265625,136.0
16,Sensor_7,0.23726410036082854,2.6542204809375107,increases predicted RUL,118.455322265625,136.0
16,Sensor_8,-0.11941218801912949,-1.043785700108856,decreases predicted RUL,118.455322265625,136.0
16,Sensor_9,-0.17599434662772034,-0.36934746941551566,decreases predicted RUL,118.455322265625,136.0
16,Sensor_11,-0.5747457494497571,5.50803095754236,increases predicted RUL,118.455322265625,136.0
16,Sensor_12,0.22306372377692113,4.140254284720868,increases predicted RUL,118.455322265625,136.0
16,Sensor_13,-0.23009004863139726,3.2481072723167017,increases predicted RUL,118.455322265625,136.0
16,Sensor_14,-0.0321238067846413,1.759172584148473,increases predicted RUL,118.455322265625,136.0
16,Sensor_15,-0.63279703985446,3.6336534349247813,increases predicted RUL,118.455322265625,136.0
16,Sensor_17,-0.3855874756736005,1.906425038119778,increases predicted RUL,118.455322265625,136.0
16,Sensor_20,0.432972696179231,2.7455579917877913,increases predicted RUL,118.455322265625,136.0
16,Sensor_21,0.4413078268765521,2.533915512263775,increases predicted RUL,118.455322265625,136.0
17,Sensor_2,-0.7990055619644548,4.706586541607976,increases predicted RUL,116.01136779785156,132.0
17,Sensor_3,-0.5263636821174685,2.9372498616576195,increases predicted RUL,116.01136779785156,132.0
17,Sensor_4,-0.8176847855436489,4.021538116037846,increases predicted RUL,116.01136779785156,132.0
17,Sensor_7,-0.2842181031719254,4.06333294743672,increases predicted RUL,116.01136779785156,132.0
17,Sensor_8,-0.5807010843332673,-4.254081553546712,decreases predicted RUL,116.01136779785156,132.0
17,Sensor_9,-0.5698566096235598,-2.9519718019873835,decreases predicted RUL,116.01136779785156,132.0
17,Sensor_11,-0.973560415856458,5.948302257806063,increases predicted RUL,116.01136779785156,132.0
17,Sensor_12,-0.34060812664318485,4.087341650389135,increases predicted RUL,116.01136779785156,132.0
17,Sensor_13,-0.5158684881059109,4.119852761272341,increases predicted RUL,116.01136779785156,132.0
17,Sensor_14,-0.44598990378003484,-1.3603922137990594,decreases predicted RUL,116.01136779785156,132.0
17,Sensor_15,-0.34420060169588135,3.8860596427693963,increases predicted RUL,116.01136779785156,132.0
17,Sensor_17,-0.6693887927853491,3.377830325625837,increases predicted RUL,116.01136779785156,132.0
17,Sensor_20,0.01747758832123888,4.158154878910864,increases predicted RUL,116.01136779785156,132.0
17,Sensor_21,0.15601530710642023,2.6020755022764206,increases predicted RUL,116.01136779785156,132.0
18,Sensor_2,-0.4636598490311614,4.124460024759173,increases predicted RUL,115.89741516113281,85.0
18,Sensor_3,-0.3252547815269676,2.080867769778706,increases predicted RUL,115.89741516113281,85.0
18,Sensor_4,-0.4717894344140918,8.896166734397411,increases predicted RUL,115.89741516113281,85.0
18,Sensor_7,-0.21857648606286556,3.1390991220250726,increases predicted RUL,115.89741516113281,85.0
18,Sensor_8,-0.22067072623457315,3.537575663998723,increases predicted RUL,115.89741516113281,85.0
18,Sensor_9,0.06363086404556326,1.0897957952693105,increases predicted RUL,115.89741516113281,85.0
18,Sensor_11,-0.49435227914642943,-0.3199749495834112,decreases predicted RUL,115.89741516113281,85.0
18,Sensor_12,-0.23506182373966375,5.223885876308486,increases predicted RUL,115.89741516113281,85.0
18,Sensor_13,-0.23572115088748002,2.9987976336851716,increases predicted RUL,115.89741516113281,85.0
18,Sensor_14,0.053895912777139364,3.9428708797786385,increases predicted RUL,115.89741516113281,85.0
18,Sensor_15,0.15491546637178114,-0.8001513590570539,decreases predicted RUL,115.89741516113281,85.0
18,Sensor_17,-0.2823869967238739,0.6047007367014885,increases predicted RUL,115.89741516113281,85.0
18,Sensor_20,-0.06896770257538716,3.2302886471152306,increases predicted RUL,115.89741516113281,85.0
18,Sensor_21,0.05177410736414328,-0.6279516355134547,decreases predicted RUL,115.89741516113281,85.0
19,Sensor_2,-0.09495065955602514,3.65227967267856,increases predicted RUL,57.05390548706055,56.0
19,Sensor_3,-0.025407088804785215,-0.4277181555517018,decreases predicted RUL,57.05390548706055,56.0
19,Sensor_4,-0.161998679517406,2.161038004036527,increases predicted RUL,57.05390548706055,56.0
19,Sensor_7,1.237636618462448,-5.297464464587392,decreases predicted RUL,57.05390548706055,56.0
19,Sensor_8,0.48110719833991666,-10.300102501641959,decreases predicted RUL,57.05390548706055,56.0
19,Sensor_9,0.5058038265144615,-2.541405930649489,decreases predicted RUL,57.05390548706055,56.0
19,Sensor_11,0.0014074543907581138,0.027339943684637547,increases predicted RUL,57.05390548706055,56.0
19,Sensor_12,1.2312887163833386,-8.810532012954354,decreases predicted RUL,57.05390548706055,56.0
19,Sensor_13,0.5132154491124369,-9.029406838701107,decreases predicted RUL,57.05390548706055,56.0
19,Sensor_14,0.5363584273028604,-7.18056471273303,decreases predicted RUL,57.05390548706055,56.0
19,Sensor_15,-0.89664677466123,7.887798272771761,increases predicted RUL,57.05390548706055,56.0
19,Sensor_17,0.10461479933760148,0.5217369049205445,increases predicted RUL,57.05390548706055,56.0
19,Sensor_20,1.026005982115241,-1.0060315979644656,decreases predicted RUL,57.05390548706055,56.0
19,Sensor_21,1.1527346538249108,2.97337300516665,increases predicted RUL,57.05390548706055,56.0
20,Sensor_2,0.2600709497994259,-3.976166758686304,decreases predicted RUL,15.515608787536621,18.0
20,Sensor_3,0.4584493058037145,-2.441084030899219,decreases predicted RUL,15.515608787536621,18.0
20,Sensor_4,0.4137007617320601,-4.387639816617593,decreases predicted RUL,15.515608787536621,18.0
20,Sensor_7,1.5934757445793084,3.7054467282723635,increases predicted RUL,15.515608787536621,18.0
20,Sensor_8,0.7792573386397511,-16.034107370185666,decreases predicted RUL,15.515608787536621,18.0
20,Sensor_9,1.0459570476789413,-8.03210023790598,decreases predicted RUL,15.515608787536621,18.0
20,Sensor_11,0.5783488295087535,-7.666909873019904,decreases predicted RUL,15.515608787536621,18.0
20,Sensor_12,1.6077523614379308,-3.1804708940908313,decreases predicted RUL,15.515608787536621,18.0
20,Sensor_13,0.7891394596389819,-21.248366749379784,decreases predicted RUL,15.515608787536621,18.0
20,Sensor_14,1.0621128334768724,-10.385588612407446,decreases predicted RUL,15.515608787536621,18.0
20,Sensor_15,-1.3870151708463963,3.8133952936623245,increases predicted RUL,15.515608787536621,18.0
20,Sensor_17,0.42711629605549783,-1.544068676768802,decreases predicted RUL,15.515608787536621,18.0
20,Sensor_20,1.2277116608740388,3.094665210461244,increases predicted RUL,15.515608787536621,18.0
20,Sensor_21,1.1934398355370508,0.20682054199278355,increases predicted RUL,15.515608787536621,18.0
21,Sensor_2,-0.6249166523166846,1.0375580622348934,increases predicted RUL,111.07727813720703,119.0
21,Sensor_3,-0.5054010833198727,2.3514335352228954,increases predicted RUL,111.07727813720703,119.0
21,Sensor_4,-0.9132977478994785,5.780657791532576,increases predicted RUL,111.07727813720703,119.0
21,Sensor_7,0.187012829684097,3.281681255204603,increases predicted RUL,111.07727813720703,119.0
21,Sensor_8,-0.20801340895733886,-1.8304931232705712,decreases predicted RUL,111.07727813720703,119.0
21,Sensor_9,-0.4175737270359249,-1.0297014988027513,decreases predicted RUL,111.07727813720703,119.0
21,Sensor_11,-0.8553347242339187,3.9298292687162757,increases predicted RUL,111.07727813720703,119.0
21,Sensor_12,0.1850003300573987,4.448579052463174,increases predicted RUL,111.07727813720703,119.0
21,Sensor_13,-0.19630343509810166,3.823225347325206,increases predicted RUL,111.07727813720703,119.0
21,Sensor_14,-0.3241678054935495,-1.6080776383168995,decreases predicted RUL,111.07727813720703,119.0
21,Sensor_15,-0.27168700582779853,2.490893269656226,increases predicted RUL,111.07727813720703,119.0
21,Sensor_17,-0.5661883138356222,-2.0673454826182933,decreases predicted RUL,111.07727813720703,119.0
21,Sensor_20,0.5287131796453857,3.0750252592843026,increases predicted RUL,111.07727813720703,119.0
21,Sensor_21,0.6826114896974886,3.3195875673554838,increases predicted RUL,111.07727813720703,119.0
22,Sensor_2,0.09581998836269573,1.5495912176556885,increases predicted RUL,81.83981323242188,78.0
22,Sensor_3,0.20438921077014574,-1.5770111357560381,decreases predicted RUL,81.83981323242188,78.0
22,Sensor_4,0.12555373711990162,3.971111877122894,increases predicted RUL,81.83981323242188,78.0
22,Sensor_7,0.9855928520055004,-0.0020957591477781534,decreases predicted RUL,81.83981323242188,78.0
22,Sensor_8,0.35734676274347615,-5.339494958985597,decreases predicted RUL,81.83981323242188,78.0
22,Sensor_9,0.6268847009505892,-0.0778610868146643,decreases predicted RUL,81.83981323242188,78.0
22,Sensor_11,-0.004109744551628155,-1.3769896953599527,decreases predicted RUL,81.83981323242188,78.0
22,Sensor_12,1.0251246376515297,-1.608497902750969,decreases predicted RUL,81.83981323242188,78.0
22,Sensor_13,0.3625834637741787,-7.0506474589928985,decreases predicted RUL,81.83981323242188,78.0
22,Sensor_14,0.7237529347634813,-7.627678006887436,decreases predicted RUL,81.83981323242188,78.0
22,Sensor_15,-1.0086016279644412,9.028333600144833,increases predicted RUL,81.83981323242188,78.0
22,Sensor_17,0.27231557763090763,1.4837151810061187,increases predicted RUL,81.83981323242188,78.0
22,Sensor_20,0.95815107635767,2.103689112700522,increases predicted RUL,81.83981323242188,78.0
22,Sensor_21,0.8345434255477114,3.775396842509508,increases predicted RUL,81.83981323242188,78.0
23,Sensor_2,1.083036704498002,-3.833498623687774,decreases predicted RUL,9.172962188720703,9.0
23,Sensor_3,1.6272379836446123,1.4512215391732752,increases predicted RUL,9.172962188720703,9.0
23,Sensor_4,1.6690133339157207,-6.4058665407355875,decreases predicted RUL,9.172962188720703,9.0
23,Sensor_7,3.1513367185646772,1.1498669032007456,increases predicted RUL,9.172962188720703,9.0
23,Sensor_8,2.033738117638845,-15.630327082239091,decreases predicted RUL,9.172962188720703,9.0
23,Sensor_9,2.530543677749486,-4.97824914380908,decreases predicted RUL,9.172962188720703,9.0
23,Sensor_11,1.7944971106659529,-10.848918057978153,decreases predicted RUL,9.172962188720703,9.0
23,Sensor_12,3.1817722622814744,-2.819005347788334,decreases predicted RUL,9.172962188720703,9.0
23,Sensor_13,2.020943078060111,-24.076946288347244,decreases predicted RUL,9.172962188720703,9.0
23,Sensor_14,2.4700472524899992,-8.957818903028965,decreases predicted RUL,9.172962188720703,9.0
23,Sensor_15,-2.469347731395915,-1.3862672760151327,decreases predicted RUL,9.172962188720703,9.0
23,Sensor_17,1.7558224625332304,-2.8543305336497724,decreases predicted RUL,9.172962188720703,9.0
23,Sensor_20,1.9192739880470708,6.32181969168596,increases predicted RUL,9.172962188720703,9.0
23,Sensor_21,2.0053904940347964,-3.4456680747680366,decreases predicted RUL,9.172962188720703,9.0
24,Sensor_2,1.0466790698049664,0.07268586196005344,increases predicted RUL,49.42055130004883,58.0
24,Sensor_3,0.83683246709202,-0.4893723528366536,decreases predicted RUL,49.42055130004883,58.0
24,Sensor_4,1.1464242769798316,-9.47264956869185,decreases predicted RUL,49.42055130004883,58.0
24,Sensor_7,-0.6553044097078042,-0.5604543950175866,decreases predicted RUL,49.42055130004883,58.0
24,Sensor_8,0.6358077428350187,-1.2263224720954895,decreases predicted RUL,49.42055130004883,58.0
24,Sensor_9,-0.7961908777951412,0.6409780504181981,increases predicted RUL,49.42055130004883,58.0
24,Sensor_11,1.1545020333492664,-6.453163532540202,decreases predicted RUL,49.42055130004883,58.0
24,Sensor_12,-0.6483756866183292,-0.32520921039395034,decreases predicted RUL,49.42055130004883,58.0
24,Sensor_13,0.6708863122700143,-4.405098842456937,decreases predicted RUL,49.42055130004883,58.0
24,Sensor_14,-1.018812294938316,1.318898843601346,increases predicted RUL,49.42055130004883,58.0
24,Sensor_15,1.1249095037986863,-5.023896956816316,decreases predicted RUL,49.42055130004883,58.0
24,Sensor_17,0.8141180921169735,-3.9584305386524647,decreases predicted RUL,49.42055130004883,58.0
24,Sensor_20,-1.2113468693706217,-0.3742178902029991,decreases predicted RUL,49.42055130004883,58.0
24,Sensor_21,-1.009085329715825,-0.8222540589049459,decreases predicted RUL,49.42055130004883,58.0
25,Sensor_2,0.7973084694986935,-8.571743056410924,decreases predicted RUL,14.340879440307617,11.0
25,Sensor_3,0.5625030245596679,-2.6829796829260886,decreases predicted RUL,14.340879440307617,11.0
25,Sensor_4,0.8446964062221045,-12.583909596898593,decreases predicted RUL,14.340879440307617,11.0
25,Sensor_7,-0.6306082724094056,-3.4152099537313916,decreases predicted RUL,14.340879440307617,11.0
25,Sensor_8,0.6344013742486028,-10.677756388671696,decreases predicted RUL,14.340879440307617,11.0
25,Sensor_9,-1.404623565988804,3.952352902851999,increases predicted RUL,14.340879440307617,11.0
25,Sensor_11,0.9566710427008828,-12.58136502141133,decreases predicted RUL,14.340879440307617,11.0
25,Sensor_12,-0.6604316220792861,-1.1746944696642458,decreases predicted RUL,14.340879440307617,11.0
25,Sensor_13,0.6173908408417415,-11.734453591518104,decreases predicted RUL,14.340879440307617,11.0
25,Sensor_14,-1.7336690682145381,8.136527055874467,increases predicted RUL,14.340879440307617,11.0
25,Sensor_15,1.045796787036789,-7.886536732723471,decreases predicted RUL,14.340879440307617,11.0
25,Sensor_17,0.6077171342175197,-4.480881083349232,decreases predicted RUL,14.340879440307617,11.0
25,Sensor_20,-1.040315326091272,-3.2855345455463976,decreases predicted RUL,14.340879440307617,11.0
25,Sensor_21,-0.9643839771963282,-5.147614323592279,decreases predicted RUL,14.340879440307617,11.0
26,Sensor_2,-0.26091256850769035,3.404034579405561,increases predicted RUL,119.9796371459961,88.0
26,Sensor_3,-0.10149967184173493,1.6838977364823222,increases predicted RUL,119.9796371459961,88.0
26,Sensor_4,-0.30665490763883607,4.271475797984749,increases predicted RUL,119.9796371459961,88.0
26,Sensor_7,0.9049903865040793,2.071303443983197,increases predicted RUL,119.9796371459961,88.0
26,Sensor_8,0.2870283334276543,-0.33181811834219843,decreases predicted RUL,119.9796371459961,88.0
26,Sensor_9,0.2390143623737302,1.4368761761579663,increases predicted RUL,119.9796371459961,88.0
26,Sensor_11,-0.33514168109474207,2.6572093591094017,increases predicted RUL,119.9796371459961,88.0
26,Sensor_12,0.9354254448822265,3.581431984459414,increases predicted RUL,119.9796371459961,88.0
26,Sensor_13,0.3034568900900152,1.3894881149753928,increases predicted RUL,119.9796371459961,88.0
26,Sensor_14,0.2758706608703378,1.230569052597275,increases predicted RUL,119.9796371459961,88.0
26,Sensor_15,-0.664564900901429,3.5442982567474246,increases predicted RUL,119.9796371459961,88.0
26,Sensor_17,-0.08888609869313617,1.9159612858202308,increases predicted RUL,119.9796371459961,88.0
26,Sensor_20,0.8782124202597136,3.3015357218682766,increases predicted RUL,119.9796371459961,88.0
26,Sensor_21,1.0089189718625018,3.9033923922106624,increases predicted RUL,119.9796371459961,88.0
27,Sensor_2,-0.6826611309467743,6.910683126188815,increases predicted RUL,116.13526153564453,144.0
27,Sensor_3,-0.6129540705365256,-0.6522365756100044,decreases predicted RUL,116.13526153564453,144.0
27,Sensor_4,-0.7295400993519334,4.167143700644374,increases predicted RUL,116.13526153564453,144.0
27,Sensor_7,-0.12909772773535133,2.584703288041055,increases predicted RUL,116.13526153564453,144.0
27,Sensor_8,-0.43584511994186337,1.2636120856041089,increases predicted RUL,116.13526153564453,144.0
27,Sensor_9,0.06418734946676428,-3.8724895308114355,decreases predicted RUL,116.13526153564453,144.0
27,Sensor_11,-0.7725767400981399,3.24283117800951,increases predicted RUL,116.13526153564453,144.0
27,Sensor_12,-0.16644156215367986,4.3550515722017735,increases predicted RUL,116.13526153564453,144.0
27,Sensor_13,-0.4257708520153085,6.367983166128397,increases predicted RUL,116.13526153564453,144.0
27,Sensor_14,0.15428358914003293,-2.306801851140335,decreases predicted RUL,116.13526153564453,144.0
27,Sensor_15,-0.04681812467286497,-0.8010745537467301,decreases predicted RUL,116.13526153564453,144.0
27,Sensor_17,-0.6306886131792013,1.885677787126042,increases predicted RUL,116.13526153564453,144.0
27,Sensor_20,0.07417826299537364,1.8566921562887728,increases predicted RUL,116.13526153564453,144.0
27,Sensor_21,0.2430946570248574,-0.9297433595638722,decreases predicted RUL,116.13526153564453,144.0
28,Sensor_2,0.08512656639417847,2.3343567218398675,increases predicted RUL,119.24755096435547,124.0
28,Sensor_3,-0.24295594876726018,-0.3277973965741694,decreases predicted RUL,119.24755096435547,124.0
28,Sensor_4,0.02527904824125227,4.146848774980754,increases predicted RUL,119.24755096435547,124.0
28,Sensor_7,-0.4006836550110206,0.6945601302486466,increases predicted RUL,119.24755096435547,124.0
28,Sensor_8,0.18858253238517098,8.894179826369509,increases predicted RUL,119.24755096435547,124.0
28,Sensor_9,-1.1290338672802422,3.309242445975542,increases predicted RUL,119.24755096435547,124.0
28,Sensor_11,0.10229337790865983,1.6779755935422145,increases predicted RUL,119.24755096435547,124.0
28,Sensor_12,-0.37745834446725596,2.5370283502852544,increases predicted RUL,119.24755096435547,124.0
28,Sensor_13,0.24010698971434974,8.603843037970364,increases predicted RUL,119.24755096435547,124.0
28,Sensor_14,-1.1559424562506364,4.823252749862149,increases predicted RUL,119.24755096435547,124.0
28,Sensor_15,0.4954991650601199,-3.4803071489732247,decreases predicted RUL,119.24755096435547,124.0
28,Sensor_17,-0.03728585921827283,3.1613289098604582,increases predicted RUL,119.24755096435547,124.0
28,Sensor_20,-0.3822156921685474,0.7075474783778191,increases predicted RUL,119.24755096435547,124.0
28,Sensor_21,-0.3738800397558363,-3.9668130381032825,decreases predicted RUL,119.24755096435547,124.0
29,Sensor_2,-0.19760751045395225,2.2372718639380764,increases predicted RUL,78.77285766601562,89.0
29,Sensor_3,-0.025043957172072008,0.2430774758104235,increases predicted RUL,78.77285766601562,89.0
29,Sensor_4,-0.42003475628317405,4.431511506438255,increases predicted RUL,78.77285766601562,89.0
29,Sensor_7,0.3701221607255216,0.20919966255314648,increases predicted RUL,78.77285766601562,89.0
29,Sensor_8,-0.0701892874979518,-5.621275785379112,decreases predicted RUL,78.77285766601562,89.0
29,Sensor_9,0.15731453762861902,-3.1503271845867857,decreases predicted RUL,78.77285766601562,89.0
29,Sensor_11,-0.27524066400598685,-0.5890958039090037,decreases predicted RUL,78.77285766601562,89.0
29,Sensor_12,0.3725118293967795,-4.3620707867085,decreases predicted RUL,78.77285766601562,89.0
29,Sensor_13,-0.1329535347219241,-8.850450170459226,decreases predicted RUL,78.77285766601562,89.0
29,Sensor_14,0.24954768657821091,-7.122653815895319,decreases predicted RUL,78.77285766601562,89.0
29,Sensor_15,-0.8313845383799578,8.526830425020307,increases predicted RUL,78.77285766601562,89.0
29,Sensor_17,-0.08888609869313609,-3.0493328428128734,decreases predicted RUL,78.77285766601562,89.0
29,Sensor_20,0.486884813082502,0.9534597300807945,increases predicted RUL,78.77285766601562,89.0
29,Sensor_21,0.43791572840054144,7.523483862169087,increases predicted RUL,78.77285766601562,89.0
30,Sensor_2,0.07571635506185041,5.3481429209932685,increases predicted RUL,93.9743881225586,79.0
30,Sensor_3,-0.1044377368700623,-0.5001638738904148,decreases predicted RUL,93.9743881225586,79.0
30,Sensor_4,-0.2580159752961307,4.292465391103178,increases predicted RUL,93.9743881225586,79.0
30,Sensor_7,-0.276057640412461,1.0023368775146082,increases predicted RUL,93.9743881225586,79.0
30,Sensor_8,-0.24176625502934534,5.772620824165642,increases predicted RUL,93.9743881225586,79.0
30,Sensor_9,1.1139906258010834,-7.6947948560118675,decreases predicted RUL,93.9743881225586,79.0
30,Sensor_11,-0.2303149011894219,4.494383107870817,increases predicted RUL,93.9743881225586,79.0
30,Sensor_12,-0.3013315570282234,2.5571865898091346,increases predicted RUL,93.9743881225586,79.0
30,Sensor_13,-0.3089254802107941,5.219884488295065,increases predicted RUL,93.9743881225586,79.0
30,Sensor_14,1.2150837846757152,-5.281519636511803,decreases predicted RUL,93.9743881225586,79.0
30,Sensor_15,0.4530652830336169,0.8975728648947552,increases predicted RUL,93.9743881225586,79.0
30,Sensor_17,-0.07598603882442032,1.5144435712136328,increases predicted RUL,93.9743881225586,79.0
30,Sensor_20,-0.3329511715500411,-3.14850241332897,decreases predicted RUL,93.9743881225586,79.0
30,Sensor_21,-0.170152773751355,-1.4454464089358225,decreases predicted RUL,93.9743881225586,79.0
31,Sensor_2,1.0402630166238405,-3.2713916823267937,decreases predicted RUL,69.52645111083984,55.0
31,Sensor_3,0.9941674999571417,-0.9694791431538761,decreases predicted RUL,69.52645111083984,55.0
31,Sensor_4,0.9573389409776277,1.4924574475735426,increases predicted RUL,69.52645111083984,55.0
31,Sensor_7,-0.6832217823059846,-0.9405485666356981,decreases predicted RUL,69.52645111083984,55.0
31,Sensor_8,0.5120473072385784,3.1089114483911544,increases predicted RUL,69.52645111083984,55.0
31,Sensor_9,0.10944384988394215,-9.842963013797998,decreases predicted RUL,69.52645111083984,55.0
31,Sensor_11,1.0654386789936192,-3.657181542366743,decreases predicted RUL,69.52645111083984,55.0
31,Sensor_12,-0.6661942075826426,-0.6274859952973202,decreases predicted RUL,69.52645111083984,55.0
31,Sensor_13,0.46675885550361146,4.53683615103364,increases predicted RUL,69.52645111083984,55.0
31,Sensor_14,-0.09238461578911732,-8.253248901804909,decreases predicted RUL,69.52645111083984,55.0
31,Sensor_15,1.2166833246010418,1.5723675205372274,increases predicted RUL,69.52645111083984,55.0
31,Sensor_17,0.9818188704102792,2.4209465521853417,increases predicted RUL,69.52645111083984,55.0
31,Sensor_20,-1.1249015784739935,-1.0226609073579311,decreases predicted RUL,69.52645111083984,55.0
31,Sensor_21,-1.0671846967638596,1.716579937376082,increases predicted RUL,69.52645111083984,55.0
32,Sensor_2,0.05261856360979808,5.147072449326515,increases predicted RUL,74.10806274414062,71.0
32,Sensor_3,0.27335120901925286,-1.49440665403381,decreases predicted RUL,74.10806274414062,71.0
32,Sensor_4,0.09301678873612781,2.4641281277145026,increases predicted RUL,74.10806274414062,71.0
32,Sensor_7,-0.37920875301241935,-1.394562229514122,decreases predicted RUL,74.10806274414062,71.0
32,Sensor_8,-0.03503007283997684,2.8178027970716357,increases predicted RUL,74.10806274414062,71.0
32,Sensor_9,0.29462407992951795,-1.3828257380519062,decreases predicted RUL,74.10806274414062,71.0
32,Sensor_11,0.06761384169937816,-3.0078657739795744,decreases predicted RUL,74.10806274414062,71.0
32,Sensor_12,-0.40399656718007115,0.35813299287110567,increases predicted RUL,74.10806274414062,71.0
32,Sensor_13,-0.06256475652649131,4.446457447251305,increases predicted RUL,74.10806274414062,71.0
32,Sensor_14,0.36604251625795664,-3.6641523241996765,decreases predicted RUL,74.10806274414062,71.0
32,Sensor_15,0.5286098704750192,-6.621856060111895,decreases predicted RUL,74.10806274414062,71.0
32,Sensor_17,0.1691150986811808,-2.687953774817288,decreases predicted RUL,74.10806274414062,71.0
32,Sensor_20,-0.4063831928493258,-2.3715729902905878,decreases predicted RUL,74.10806274414062,71.0
32,Sensor_21,-0.32000917902721204,-2.7761143213137984,decreases predicted RUL,74.10806274414062,71.0
33,Sensor_2,0.8610412644311678,-4.179143524728715,decreases predicted RUL,80.15644836425781,65.0
33,Sensor_3,0.6770215367311154,-2.126387880794937,decreases predicted RUL,80.15644836425781,65.0
33,Sensor_4,1.0026718529801688,-7.94743940376793,decreases predicted RUL,80.15644836425781,65.0
33,Sensor_7,-0.6773519757597017,-0.2817259723087773,decreases predicted RUL,80.15644836425781,65.0
33,Sensor_8,0.6990943292193353,10.30148572102189,increases predicted RUL,80.15644836425781,65.0
33,Sensor_9,-1.33328989990374,3.862940692808479,increases predicted RUL,80.15644836425781,65.0
33,Sensor_11,1.0165720597896368,1.7033808194100857,increases predicted RUL,80.15644836425781,65.0
33,Sensor_12,-0.6329835174448903,-0.2339496894273907,decreases predicted RUL,80.15644836425781,65.0
33,Sensor_13,0.644138576555974,4.224306847900152,increases predicted RUL,80.15644836425781,65.0
33,Sensor_14,-1.5764833074415452,1.7420431645587087,increases predicted RUL,80.15644836425781,65.0
33,Sensor_15,1.0159089081049169,-5.393365136347711,decreases predicted RUL,80.15644836425781,65.0
33,Sensor_17,0.6593173736923832,0.5856215414823964,increases predicted RUL,80.15644836425781,65.0
33,Sensor_20,-1.0161478254104925,-3.237278761342168,decreases predicted RUL,80.15644836425781,65.0
33,Sensor_21,-1.0031375406072014,-0.9895522184669971,decreases predicted RUL,80.15644836425781,65.0
34,Sensor_2,-0.46922042845481005,1.0685586498584598,increases predicted RUL,109.07759857177734,87.0
34,Sensor_3,-0.3358516228089025,1.143149177543819,increases predicted RUL,109.07759857177734,87.0
34,Sensor_4,-0.4985705776013205,6.288821329828352,increases predicted RUL,109.07759857177734,87.0
34,Sensor_7,0.4708394510989738,2.5049206657567993,increases predicted RUL,109.07759857177734,87.0
34,Sensor_8,-0.05050012728940394,-2.501630187034607,decreases predicted RUL,109.07759857177734,87.0
34,Sensor_9,-0.003626222791177711,-0.4446587720885873,decreases predicted RUL,109.07759857177734,87.0
34,Sensor_11,-0.36351584708415124,0.8800816178554669,increases predicted RUL,109.07759857177734,87.0
34,Sensor_12,0.47184060583615595,3.174023462459445,increases predicted RUL,109.07759857177734,87.0
34,Sensor_13,-0.08649694111277839,1.9072830399964005,increases predicted RUL,109.07759857177734,87.0
34,Sensor_14,0.11296592056363926,-1.4450030395528302,decreases predicted RUL,109.07759857177734,87.0
34,Sensor_15,-0.5578279571421674,4.144796799868345,increases predicted RUL,109.07759857177734,87.0
34,Sensor_17,-0.42428765527974804,2.2164162404005765,increases predicted RUL,109.07759857177734,87.0
34,Sensor_20,0.6235241438545944,3.1403034292161465,increases predicted RUL,109.07759857177734,87.0
34,Sensor_21,0.5532315875507989,3.9480038229376078,increases predicted RUL,109.07759857177734,87.0
35,Sensor_2,-0.8473398292622549,3.0445859154897335,increases predicted RUL,120.13550567626953,137.0
35,Sensor_3,-0.7880165294714325,2.9154551178216934,increases predicted RUL,120.13550567626953,137.0
35,Sensor_4,-1.0708926455536396,6.227756432024762,increases predicted RUL,120.13550567626953,137.0
35,Sensor_7,-0.39796350075786735,3.877923527965322,increases predicted RUL,120.13550567626953,137.0
35,Sensor_8,-0.6439876707178395,-2.0615054219961166,decreases predicted RUL,120.13550567626953,137.0
35,Sensor_9,-0.7653641737649147,-0.45249004126526415,decreases predicted RUL,120.13550567626953,137.0
35,Sensor_11,-1.0752345106518435,3.108398792333901,increases predicted RUL,120.13550567626953,137.0
35,Sensor_12,-0.43675231635702694,4.299394819885492,increases predicted RUL,120.13550567626953,137.0
35,Sensor_13,-0.6397527377300646,4.275715708732605,increases predicted RUL,120.13550567626953,137.0
35,Sensor_14,-0.5626570862676469,1.236415149178356,increases predicted RUL,120.13550567626953,137.0
35,Sensor_15,-0.1977921986098492,0.9092011857428588,increases predicted RUL,120.13550567626953,137.0
35,Sensor_17,-0.7725892717350759,2.970877345651388,increases predicted RUL,120.13550567626953,137.0
35,Sensor_20,0.09369816739138528,4.724954940378666,increases predicted RUL,120.13550567626953,137.0
35,Sensor_21,0.09751322517082482,1.6866040560416877,increases predicted RUL,120.13550567626953,137.0
36,Sensor_2,-0.29155674937079057,5.167797600384802,increases predicted RUL,124.90357971191406,145.0
36,Sensor_3,-0.12534248059365605,0.6580168507061899,increases predicted RUL,124.90357971191406,145.0
36,Sensor_4,-0.08673644354032833,5.245602447626879,increases predicted RUL,124.90357971191406,145.0
36,Sensor_7,-0.2904356345977869,3.194911697297357,increases predicted RUL,124.90357971191406,145.0
36,Sensor_8,0.021880577709885878,5.44186694513246,increases predicted RUL,124.90357971191406,145.0
36,Sensor_9,-0.6367481927144638,2.5098089231178164,increases predicted RUL,124.90357971191406,145.0
36,Sensor_11,-0.1714290372278452,6.917052069678903,increases predicted RUL,124.90357971191406,145.0
36,Sensor_12,-0.2784888370394558,4.66216648882255,increases predicted RUL,124.90357971191406,145.0
36,Sensor_13,-0.0069675308516062105,5.765437127527548,increases predicted RUL,124.90357971191406,145.0
36,Sensor_14,-0.7270209516788003,3.1639913474209607,increases predicted RUL,124.90357971191406,145.0
36,Sensor_15,0.1978969811912469,0.18970286892727017,increases predicted RUL,124.90357971191406,145.0
36,Sensor_17,-0.2733616514395104,3.8981500895461068,increases predicted RUL,124.90357971191406,145.0
36,Sensor_20,-0.11305895218372107,3.356699468160514,increases predicted RUL,124.90357971191406,145.0
36,Sensor_21,-0.12497558080958923,0.06236339034512639,increases predicted RUL,124.90357971191406,145.0
37,Sensor_2,0.668559668997507,-5.823237813659944,decreases predicted RUL,28.883907318115234,22.0
37,Sensor_3,0.4573268989389609,-1.4714945380110294,decreases predicted RUL,28.883907318115234,22.0
37,Sensor_4,0.9009463206428859,-10.49057087348774,decreases predicted RUL,28.883907318115234,22.0
37,Sensor_7,-0.5681878906001342,-2.95489885751158,decreases predicted RUL,28.883907318115234,22.0
37,Sensor_8,0.3039047564634336,-6.07645381684415,decreases predicted RUL,28.883907318115234,22.0
37,Sensor_9,0.14465772967665444,1.1421232169959694,increases predicted RUL,28.883907318115234,22.0
37,Sensor_11,0.7131261179584502,-13.069876266643405,decreases predicted RUL,28.883907318115234,22.0
37,Sensor_12,-0.5657280787412869,-0.9201145963743329,decreases predicted RUL,28.883907318115234,22.0
37,Sensor_13,0.24433031640578767,-6.457857610657811,decreases predicted RUL,28.883907318115234,22.0
37,Sensor_14,0.02537935729400095,1.5459532339009456,increases predicted RUL,28.883907318115234,22.0
37,Sensor_15,1.0303348933146557,-6.85400103603024,decreases predicted RUL,28.883907318115234,22.0
37,Sensor_17,0.6593173736923832,-4.75074561778456,decreases predicted RUL,28.883907318115234,22.0
37,Sensor_20,-0.8246668584781738,-1.0699833289254457,decreases predicted RUL,28.883907318115234,22.0
37,Sensor_21,-1.0170931603646733,-5.0104112406261265,decreases predicted RUL,28.883907318115234,22.0
38,Sensor_2,0.7622340454418858,-2.2599914367310703,decreases predicted RUL,8.060118675231934,8.0
38,Sensor_3,1.264469482563021,-1.9249482454615645,decreases predicted RUL,8.060118675231934,8.0
38,Sensor_4,1.1284671161393671,-7.443151921383105,decreases predicted RUL,8.060118675231934,8.0
38,Sensor_7,2.605874207800146,1.9055262375622988,increases predicted RUL,8.060118675231934,8.0
38,Sensor_8,1.5527600611167351,-15.866647998802364,decreases predicted RUL,8.060118675231934,8.0
38,Sensor_9,1.9417821021191828,-8.805607098154724,decreases predicted RUL,8.060118675231934,8.0
38,Sensor_11,1.3822835325420277,-5.68847773806192,decreases predicted RUL,8.060118675231934,8.0
38,Sensor_12,2.6478232212997215,-4.609415830112994,decreases predicted RUL,8.060118675231934,8.0
38,Sensor_13,1.5774937754282132,-21.03844979777932,decreases predicted RUL,8.060118675231934,8.0
38,Sensor_14,1.9464394221957488,-9.960521860979497,decreases predicted RUL,8.060118675231934,8.0
38,Sensor_15,-1.9818568588563121,0.2195254240941722,increases predicted RUL,8.060118675231934,8.0
38,Sensor_17,1.317220426996892,-1.3807818880304694,decreases predicted RUL,8.060118675231934,8.0
38,Sensor_20,1.6404182109611714,3.0282220761291683,increases predicted RUL,8.060118675231934,8.0
38,Sensor_21,1.728338140425572,-0.7271378831937909,decreases predicted RUL,8.060118675231934,8.0
39,Sensor_2,0.08341561887918009,-0.43957864528056234,decreases predicted RUL,42.786468505859375,41.0
39,Sensor_3,0.3819275672008294,-1.3190107877599075,decreases predicted RUL,42.786468505859375,41.0
39,Sensor_4,0.1087620079101483,-0.47827237215824425,decreases predicted RUL,42.786468505859375,41.0
39,Sensor_7,1.2787968472931064,0.680059090256691,increases predicted RUL,42.786468505859375,41.0
39,Sensor_8,0.5936166852454107,-9.735015127065708,decreases predicted RUL,42.786468505859375,41.0
39,Sensor_9,0.9025520487876854,-2.6822688952088356,decreases predicted RUL,42.786468505859375,41.0
39,Sensor_11,0.3135232802742629,-5.232790943235159,decreases predicted RUL,42.786468505859375,41.0
39,Sensor_12,1.2677598167400892,-3.895257668569684,decreases predicted RUL,42.786468505859375,41.0
39,Sensor_13,0.517438775804131,-15.250752893742174,decreases predicted RUL,42.786468505859375,41.0
39,Sensor_14,0.9650468657746519,-9.75565168261528,decreases predicted RUL,42.786468505859375,41.0
39,Sensor_15,-1.2948960472065725,6.555281106382608,increases predicted RUL,42.786468505859375,41.0
39,Sensor_17,0.4658164756616454,-1.136131546460092,decreases predicted RUL,42.786468505859375,41.0
39,Sensor_20,1.06876386793508,1.9993011355400085,increases predicted RUL,42.786468505859375,41.0
39,Sensor_21,0.8450140126243469,0.3163452101871371,increases predicted RUL,42.786468505859375,41.0
40,Sensor_2,-0.6989151323389691,2.2928433222696185,increases predicted RUL,120.62069702148438,131.0
40,Sensor_3,-0.6598970870565029,2.9864841636444908,increases predicted RUL,120.62069702148438,131.0
40,Sensor_4,-0.8046271944159503,5.280610964167863,increases predicted RUL,120.62069702148438,131.0
40,Sensor_7,-0.3477838130877954,3.8276189484167844,increases predicted RUL,120.62069702148438,131.0
40,Sensor_8,-0.579294715747043,0.503547647036612,increases predicted RUL,120.62069702148438,131.0
40,Sensor_9,-0.5556468191008016,-1.47840547375381,decreases predicted RUL,120.62069702148438,131.0
40,Sensor_11,-0.9317873381498294,4.548276927322149,increases predicted RUL,120.62069702148438,131.0
40,Sensor_12,-0.3749561691829059,4.855188264627941,increases predicted RUL,120.62069702148438,131.0
40,Sensor_13,-0.5679561839706271,4.651752891018987,increases predicted RUL,120.62069702148438,131.0
40,Sensor_14,-0.4775931413676699,1.6940329580102116,increases predicted RUL,120.62069702148438,131.0
40,Sensor_15,-0.3282783041904567,1.4147165108006448,increases predicted RUL,120.62069702148438,131.0
40,Sensor_17,-0.7209890322602124,2.843792682804633,increases predicted RUL,120.62069702148438,131.0
40,Sensor_20,0.20245192045488536,4.31816252192948,increases predicted RUL,120.62069702148438,131.0
40,Sensor_21,0.007785250414954628,1.3641582112759352,increases predicted RUL,120.62069702148438,131.0
41,Sensor_2,0.8157011552845649,-4.576830180361867,decreases predicted RUL,91.84097290039062,115.0
41,Sensor_3,0.6876844019462708,0.23774579167366028,increases predicted RUL,91.84097290039062,115.0
41,Sensor_4,1.0372780371164212,-3.220451958477497,decreases predicted RUL,91.84097290039062,115.0
41,Sensor_7,-0.6681177679002984,0.543522531632334,increases predicted RUL,91.84097290039062,115.0
41,Sensor_8,0.6442459543529405,9.743255594745278,increases predicted RUL,91.84097290039062,115.0
41,Sensor_9,-1.0102177590932029,3.3794260434806347,increases predicted RUL,91.84097290039062,115.0
41,Sensor_11,0.9212033352141201,5.3826246708631516,increases predicted RUL,91.84097290039062,115.0
41,Sensor_12,-0.6272967554350067,-0.11359307961538434,decreases predicted RUL,91.84097290039062,115.0
41,Sensor_13,0.6751096389618363,4.849577680230141,increases predicted RUL,91.84097290039062,115.0
41,Sensor_14,-1.296143631230375,-5.681426787748933,decreases predicted RUL,91.84097290039062,115.0
41,Sensor_15,1.0243880111138315,-0.368202984565869,decreases predicted RUL,91.84097290039062,115.0
41,Sensor_17,0.8141180921169733,-1.8161794646875933,decreases predicted RUL,91.84097290039062,115.0
41,Sensor_20,-1.036597249063458,-3.1791445277631283,decreases predicted RUL,91.84097290039062,115.0
41,Sensor_21,-0.9134095658513318,2.1654440816491842,increases predicted RUL,91.84097290039062,115.0
42,Sensor_2,-0.7682085066950777,1.181774053882691,increases predicted RUL,121.6987075805664,128.0
42,Sensor_3,-0.8644392321744856,2.1407924108207226,increases predicted RUL,121.6987075805664,128.0
42,Sensor_4,-0.8510304007732189,3.5837376918643713,increases predicted RUL,121.6987075805664,128.0
42,Sensor_7,-0.36625222880659813,4.82696505158674,increases predicted RUL,121.6987075805664,128.0
42,Sensor_8,-0.5652310298839042,-0.01663893088698387,decreases predicted RUL,121.6987075805664,128.0
42,Sensor_9,-0.6163425545759376,-1.8942223880439997,decreases predicted RUL,121.6987075805664,128.0
42,Sensor_11,-0.9924765265160649,2.659928288310766,increases predicted RUL,121.6987075805664,128.0
42,Sensor_12,-0.36509911503243786,5.799057215452194,increases predicted RUL,121.6987075805664,128.0
42,Sensor_13,-0.5637328572791251,4.776892107911408,increases predicted RUL,121.6987075805664,128.0
42,Sensor_14,-0.547944423850796,0.7824831472244114,increases predicted RUL,121.6987075805664,128.0
42,Sensor_15,-0.36959954374068266,-1.3212868049740791,decreases predicted RUL,121.6987075805664,128.0
42,Sensor_17,-0.6822888526540649,1.0556638134876266,increases predicted RUL,121.6987075805664,128.0
42,Sensor_20,0.050940281571548056,3.9947959762066603,increases predicted RUL,121.6987075805664,128.0
42,Sensor_21,0.11355986453679552,3.646861639805138,increases predicted RUL,121.6987075805664,128.0
43,Sensor_2,0.9170747955463076,-9.224696401041001,decreases predicted RUL,54.64616775512695,69.0
43,Sensor_3,0.7639090328496627,-1.7241204324527644,decreases predicted RUL,54.64616775512695,69.0
43,Sensor_4,1.120142604491472,-12.528291461057961,decreases predicted RUL,54.64616775512695,69.0
43,Sensor_7,-0.6612457992607468,-1.5158986495807767,decreases predicted RUL,54.64616775512695,69.0
43,Sensor_8,0.6456523229392929,6.646319394407328,increases predicted RUL,54.64616775512695,69.0
43,Sensor_9,-0.9667860131967038,3.5072637563571334,increases predicted RUL,54.64616775512695,69.0
43,Sensor_11,1.003961319349897,-3.0592189338058233,decreases predicted RUL,54.64616775512695,69.0
43,Sensor_12,-0.6710469111644108,-0.272880198477651,decreases predicted RUL,54.64616775512695,69.0
43,Sensor_13,0.6089441874582256,0.05076810880564153,increases predicted RUL,54.64616775512695,69.0
43,Sensor_14,-1.189566922221413,3.911460457369685,increases predicted RUL,54.64616775512695,69.0
43,Sensor_15,1.1572145025928278,-4.7230240172939375,decreases predicted RUL,54.64616775512695,69.0
43,Sensor_17,0.6851174934298149,-4.445282514672726,decreases predicted RUL,54.64616775512695,69.0
43,Sensor_20,-0.9826851321601825,-3.8338431851007044,decreases predicted RUL,54.64616775512695,69.0
43,Sensor_21,-0.9256304137854565,-2.805368546396494,decreases predicted RUL,54.64616775512695,69.0
44,Sensor_2,-0.4640875859098978,4.174586093169637,increases predicted RUL,120.93526458740234,111.0
44,Sensor_3,-0.38533656075787875,1.7260842458344996,increases predicted RUL,120.93526458740234,111.0
44,Sensor_4,-0.513150365144635,6.165880332584493,increases predicted RUL,120.93526458740234,111.0
44,Sensor_7,-0.20418830172379793,2.8061403173487633,increases predicted RUL,120.93526458740234,111.0
44,Sensor_8,-0.24317262361569764,-0.3851330354809761,decreases predicted RUL,120.93526458740234,111.0
44,Sensor_9,-0.2342700175967128,-0.0015842346474528313,decreases predicted RUL,120.93526458740234,111.0
44,Sensor_11,-0.7024294964021003,7.744684320408851,increases predicted RUL,120.93526458740234,111.0
44,Sensor_12,-0.21557518591910937,4.164147529983893,increases predicted RUL,120.93526458740234,111.0
44,Sensor_13,-0.2765466422407989,6.633894977159798,increases predicted RUL,120.93526458740234,111.0
44,Sensor_14,-0.15358553101831424,-1.456358962226659,decreases predicted RUL,120.93526458740234,111.0
44,Sensor_15,0.12069211848060168,0.25026404578238726,increases predicted RUL,120.93526458740234,111.0
44,Sensor_17,-0.46298783488589557,3.678963540121913,increases predicted RUL,120.93526458740234,111.0
44,Sensor_20,0.13366749544036544,4.143798225442879,increases predicted RUL,120.93526458740234,111.0
44,Sensor_21,0.12102557899085102,2.219308018684387,increases predicted RUL,120.93526458740234,111.0
45,Sensor_2,0.2827410043727031,-1.538177767302841,decreases predicted RUL,8.986053466796875,7.0
45,Sensor_3,0.5191253004336128,-2.3519932873314247,decreases predicted RUL,8.986053466796875,7.0
45,Sensor_4,0.4127018203343135,-5.625368671491742,decreases predicted RUL,8.986053466796875,7.0
45,Sensor_7,1.9201090039780686,2.2444516743998975,increases predicted RUL,8.986053466796875,7.0
45,Sensor_8,1.009901786796852,-17.228433206211776,decreases predicted RUL,8.986053466796875,7.0
45,Sensor_9,1.2708289239296988,-8.928055819123983,decreases predicted RUL,8.986053466796875,7.0
45,Sensor_11,0.7288895435081217,-8.75852661288809,decreases predicted RUL,8.986053466796875,7.0
45,Sensor_12,1.9155957449065377,-4.796758251264691,decreases predicted RUL,8.986053466796875,7.0
45,Sensor_13,0.9791891607666825,-22.859751745359972,decreases predicted RUL,8.986053466796875,7.0
45,Sensor_14,1.246577343203796,-11.88181346654892,decreases predicted RUL,8.986053466796875,7.0
45,Sensor_15,-1.4881505352423015,3.1651257453486323,increases predicted RUL,8.986053466796875,7.0
45,Sensor_17,0.5948170743488038,-0.5974533981643617,decreases predicted RUL,8.986053466796875,7.0
45,Sensor_20,1.5158626305294678,2.4367228078190237,increases predicted RUL,8.986053466796875,7.0
45,Sensor_21,1.3623942199038779,0.3051193654537201,increases predicted RUL,8.986053466796875,7.0
46,Sensor_2,-0.14371266373252767,4.111746492795646,increases predicted RUL,118.4718246459961,137.0
46,Sensor_3,-0.07799515161513988,-0.8516755489690695,decreases predicted RUL,118.4718246459961,137.0
46,Sensor_4,-0.04314843750444886,6.478436091594631,increases predicted RUL,118.4718246459961,137.0
46,Sensor_7,-0.3679702209664814,1.100287233130075,increases predicted RUL,118.4718246459961,137.0
46,Sensor_8,0.13092142034594367,8.837429604260251,increases predicted RUL,118.4718246459961,137.0
46,Sensor_9,-0.8352872140148438,1.827897729119286,increases predicted RUL,118.4718246459961,137.0
46,Sensor_11,0.006924653333141697,-1.143403992173262,decreases predicted RUL,118.4718246459961,137.0
46,Sensor_12,-0.3659331734605516,2.4109347676858306,increases predicted RUL,118.4718246459961,137.0
46,Sensor_13,0.11059163783475355,8.797832467593253,increases predicted RUL,118.4718246459961,137.0
46,Sensor_14,-0.8259495029372403,2.962490626367071,increases predicted RUL,118.4718246459961,137.0
46,Sensor_15,0.48744209885255835,-5.130112174143505,decreases predicted RUL,118.4718246459961,137.0
46,Sensor_17,-0.1404863381679996,4.953190017258748,increases predicted RUL,118.4718246459961,137.0
46,Sensor_20,-0.26695530430637826,0.5772732077166438,increases predicted RUL,118.4718246459961,137.0
46,Sensor_21,-0.21403320746158844,-1.8528840892831795,decreases predicted RUL,118.4718246459961,137.0
47,Sensor_2,1.0522396492286104,-2.812613614136353,decreases predicted RUL,54.80788803100586,55.0
47,Sensor_3,0.9402259465157614,-0.25832027615979314,decreases predicted RUL,54.80788803100586,55.0
47,Sensor_4,1.2186096851265789,-8.288796190638095,decreases predicted RUL,54.80788803100586,55.0
47,Sensor_7,-0.736694288282507,-1.9195054726442322,decreases predicted RUL,54.80788803100586,55.0
47,Sensor_8,0.5303300988609663,1.3205346427857876,increases predicted RUL,54.80788803100586,55.0
47,Sensor_9,0.10910737032693449,-1.4243036970146932,decreases predicted RUL,54.80788803100586,55.0
47,Sensor_11,1.1623837461241033,-6.227303544059396,decreases predicted RUL,54.80788803100586,55.0
47,Sensor_12,-0.7226068867207301,-1.7911985022947192,decreases predicted RUL,54.80788803100586,55.0
47,Sensor_13,0.5399631848267333,-2.453598405700177,decreases predicted RUL,54.80788803100586,55.0
47,Sensor_14,-0.13700832458910658,-0.7700279620476067,decreases predicted RUL,54.80788803100586,55.0
47,Sensor_15,1.2357900816075555,-7.6293690540478565,decreases predicted RUL,54.80788803100586,55.0
47,Sensor_17,1.0205190500164272,-2.3083736736734863,decreases predicted RUL,54.80788803100586,55.0
47,Sensor_20,-1.2327258122805411,-1.252783668693155,decreases predicted RUL,54.80788803100586,55.0
47,Sensor_21,-1.2618508777981712,0.11752754263579845,increases predicted RUL,54.80788803100586,55.0
48,Sensor_2,-0.856322303715813,-0.9525071194802877,decreases predicted RUL,120.73922729492188,135.0
48,Sensor_3,-0.973972937387762,3.3708205218426883,increases predicted RUL,120.73922729492188,135.0
48,Sensor_4,-1.0479883463624267,1.658120481413789,increases predicted RUL,120.73922729492188,135.0
48,Sensor_7,-0.6422047194886511,9.024612809735117,increases predicted RUL,120.73922729492188,135.0
48,Sensor_8,-0.7536844204506301,-1.3349858522415161,decreases predicted RUL,120.73922729492188,135.0
48,Sensor_9,-0.8404379395413195,-3.2144523691385984,decreases predicted RUL,120.73922729492188,135.0
48,Sensor_11,-1.2052827714366379,0.7792091071605682,increases predicted RUL,120.73922729492188,135.0
48,Sensor_12,-0.6422339836476486,8.494422156363726,increases predicted RUL,120.73922729492188,135.0
48,Sensor_13,-0.7748991918655511,9.293274749070406,increases predicted RUL,120.73922729492188,135.0
48,Sensor_14,-0.7435648607777141,0.8074700338765979,increases predicted RUL,120.73922729492188,135.0
48,Sensor_15,-0.04570548219658005,0.3991504982113838,increases predicted RUL,120.73922729492188,135.0
48,Sensor_17,-1.0821907085842566,-0.4521614396944642,decreases predicted RUL,120.73922729492188,135.0
48,Sensor_20,0.049081243057643054,6.141152182244696,increases predicted RUL,120.73922729492188,135.0
48,Sensor_21,0.07175496140092821,2.0236353473737836,increases predicted RUL,120.73922729492188,135.0
49,Sensor_2,1.3815970458595281,-7.117548163048923,decreases predicted RUL,12.821637153625488,11.0
49,Sensor_3,1.3574311805378836,-2.5571755967102945,decreases predicted RUL,12.821637153625488,11.0
49,Sensor_4,1.6945814768342553,-14.511727320961654,decreases predicted RUL,12.821637153625488,11.0
49,Sensor_7,-0.8745631591135447,-3.533195275813341,decreases predicted RUL,12.821637153625488,11.0
49,Sensor_8,0.8186356590566549,-5.208489295095205,decreases predicted RUL,12.821637153625488,11.0
49,Sensor_9,-0.10595483268498825,1.0648452163441107,increases predicted RUL,12.821637153625488,11.0
49,Sensor_11,1.7062219275877855,-12.708037823438644,decreases predicted RUL,12.821637153625488,11.0
49,Sensor_12,-0.8392234196701684,-2.739699003752321,decreases predicted RUL,12.821637153625488,11.0
49,Sensor_13,0.8229260731722128,-9.520410436205566,decreases predicted RUL,12.821637153625488,11.0
49,Sensor_14,-0.4618933674148603,3.2766535417176783,increases predicted RUL,12.821637153625488,11.0
49,Sensor_15,1.5820137266411896,-7.577123963274062,decreases predicted RUL,12.821637153625488,11.0
49,Sensor_17,1.3559206066030394,-6.9454082974698395,decreases predicted RUL,12.821637153625488,11.0
49,Sensor_20,-1.5943088032352546,-6.403005305794068,decreases predicted RUL,12.821637153625488,11.0
49,Sensor_21,-1.5410871852207189,-1.566806641407311,decreases predicted RUL,12.821637153625488,11.0
50,Sensor_2,0.17067394214244794,5.89865112118423,increases predicted RUL,69.29859924316406,78.0
50,Sensor_3,0.0387021503525959,-0.1002407856285572,decreases predicted RUL,69.29859924316406,78.0
50,Sensor_4,0.35286047374543883,-1.8617541236162651,decreases predicted RUL,69.29859924316406,78.0
50,Sensor_7,-0.4701191714731743,-1.6249120545107871,decreases predicted RUL,69.29859924316406,78.0
50,Sensor_8,0.18998890097133134,-3.24191076005809,decreases predicted RUL,69.29859924316406,78.0
50,Sensor_9,-0.31101323963672073,1.1641978865955025,increases predicted RUL,69.29859924316406,78.0
50,Sensor_11,0.31115876644181184,-4.160842631477863,decreases predicted RUL,69.29859924316406,78.0
50,Sensor_12,-0.45199283854352423,0.5786516855005175,increases predicted RUL,69.29859924316406,78.0
50,Sensor_13,0.1669026603909717,0.43744192528538406,increases predicted RUL,69.29859924316406,78.0
50,Sensor_14,-0.3543295468699476,3.736876546405256,increases predicted RUL,69.29859924316406,78.0
50,Sensor_15,0.640564723778225,-9.34411635925062,decreases predicted RUL,69.29859924316406,78.0
50,Sensor_17,0.24651545789347615,5.721278997138143,increases predicted RUL,69.29859924316406,78.0
50,Sensor_20,-0.43612780907182236,0.6224321754143602,increases predicted RUL,69.29859924316406,78.0
50,Sensor_21,-0.5754388409811322,-6.1037467159330845,decreases predicted RUL,69.29859924316406,78.0
51,Sensor_2,-0.321039707663796,5.876580251613632,increases predicted RUL,123.42436981201172,120.0
51,Sensor_3,-0.4125050727484815,2.2413645293563604,increases predicted RUL,123.42436981201172,120.0
51,Sensor_4,-0.44188172703724227,4.720786078018136,increases predicted RUL,123.42436981201172,120.0
51,Sensor_7,-0.10235650563545626,1.3511944590136409,increases predicted RUL,123.42436981201172,120.0
51,Sensor_8,-0.28555278999089073,6.395672241924331,increases predicted RUL,123.42436981201172,120.0
51,Sensor_9,0.537769007492431,-1.99395795725286,decreases predicted RUL,123.42436981201172,120.0
51,Sensor_11,-0.45112261500612055,6.797093203291297,increases predicted RUL,123.42436981201172,120.0
51,Sensor_12,-0.11829007347375002,3.044059526291676,increases predicted RUL,123.42436981201172,120.0
51,Sensor_13,-0.30192623879103847,7.277914659469388,increases predicted RUL,123.42436981201172,120.0
51,Sensor_14,0.6467347246973503,-2.6903445870848373,decreases predicted RUL,123.42436981201172,120.0
51,Sensor_15,-0.015123384388562516,0.5308896281057969,increases predicted RUL,123.42436981201172,120.0
51,Sensor_17,-0.31078591492999935,3.24605203414103,increases predicted RUL,123.42436981201172,120.0
51,Sensor_20,0.15250154096717428,2.1391258933290374,increases predicted RUL,123.42436981201172,120.0
51,Sensor_21,0.10629371801674938,-0.08409337420016527,decreases predicted RUL,123.42436981201172,120.0
52,Sensor_2,0.04748572106491483,-0.23836975218728185,decreases predicted RUL,91.41008758544922,87.0
52,Sensor_3,0.21977278721058746,-0.6807114131515846,decreases predicted RUL,91.41008758544922,87.0
52,Sensor_4,0.1214390499339429,-1.8109154819976538,decreases predicted RUL,91.41008758544922,87.0
52,Sensor_7,-0.37698967980589493,-0.2629843397298828,decreases predicted RUL,91.41008758544922,87.0
52,Sensor_8,0.1196704716554454,0.9091131727909669,increases predicted RUL,91.41008758544922,87.0
52,Sensor_9,-0.20612220850110063,2.9632101618335582,increases predicted RUL,91.41008758544922,87.0
52,Sensor_11,0.18505136204443556,-4.727062644902617,decreases predicted RUL,91.41008758544922,87.0
52,Sensor_12,-0.4094558587095615,1.5336446627043188,increases predicted RUL,91.41008758544922,87.0
52,Sensor_13,0.11199941339869418,4.490628113038838,increases predicted RUL,91.41008758544922,87.0
52,Sensor_14,-0.32554662795647354,2.5721500636136625,increases predicted RUL,91.41008758544922,87.0
52,Sensor_15,0.5497117105424514,-5.024818150093779,decreases predicted RUL,91.41008758544922,87.0
52,Sensor_17,0.1949152184186126,3.9205998298712075,increases predicted RUL,91.41008758544922,87.0
52,Sensor_20,-0.3459644411473819,0.5282560751657002,increases predicted RUL,91.41008758544922,87.0
52,Sensor_21,-0.3739884629947971,-1.877816982101649,decreases predicted RUL,91.41008758544922,87.0
53,Sensor_2,-0.13857982118762982,4.025640695123002,increases predicted RUL,124.07062530517578,87.0
53,Sensor_3,-0.06713421460032054,0.7868516491726041,increases predicted RUL,124.07062530517578,87.0
53,Sensor_4,-0.11245594305292887,3.163996010320261,increases predicted RUL,124.07062530517578,87.0
53,Sensor_7,-0.35071871636094093,2.158659836044535,increases predicted RUL,124.07062530517578,87.0
53,Sensor_8,0.14076600045015364,3.766634759842418,increases predicted RUL,124.07062530517578,87.0
53,Sensor_9,-0.8365425415929032,1.5397398630157113,increases predicted RUL,124.07062530517578,87.0
53,Sensor_11,0.002195625668242117,4.289960191352293,increases predicted RUL,124.07062530517578,87.0
53,Sensor_12,-0.35675853075126346,3.3155034992378205,increases predicted RUL,124.07062530517578,87.0
53,Sensor_13,0.0922905555036529,5.064207460207399,increases predicted RUL,124.07062530517578,87.0
53,Sensor_14,-0.7489704715698386,2.444726634770632,increases predicted RUL,124.07062530517578,87.0
53,Sensor_15,0.39444053462809825,1.1033132674638182,increases predicted RUL,124.07062530517578,87.0
53,Sensor_17,-0.11468621843056796,3.9476649220014224,increases predicted RUL,124.07062530517578,87.0
53,Sensor_20,-0.3970880002797945,2.16739312291611,increases predicted RUL,124.07062530517578,87.0
53,Sensor_21,-0.42192702364893264,-0.3920874106697738,decreases predicted RUL,124.07062530517578,87.0
54,Sensor_2,0.9033872154265928,-5.739340195432305,decreases predicted RUL,41.65739059448242,55.0
54,Sensor_3,0.8489478588380337,-1.8326208884827793,decreases predicted RUL,41.65739059448242,55.0
54,Sensor_4,1.0391094296789578,-12.411971306428313,decreases predicted RUL,41.65739059448242,55.0
54,Sensor_7,-0.6720548332667104,-5.702638591872528,decreases predicted RUL,41.65739059448242,55.0
54,Sensor_8,0.6020548967633962,0.08987361192703247,increases predicted RUL,41.65739059448242,55.0
54,Sensor_9,-0.6300735088060407,1.2861786694265902,increases predicted RUL,41.65739059448242,55.0
54,Sensor_11,1.0378526842816942,-11.915093953721225,decreases predicted RUL,41.65739059448242,55.0
54,Sensor_12,-0.6435229830365548,-2.153979606606299,decreases predicted RUL,41.65739059448242,55.0
54,Sensor_13,0.5709342472327879,-2.9853513948619366,decreases predicted RUL,41.65739059448242,55.0
54,Sensor_14,-0.9029128658675589,1.8225780799984932,increases predicted RUL,41.65739059448242,55.0
54,Sensor_15,1.1158548960606633,-5.306777778081596,decreases predicted RUL,41.65739059448242,55.0
54,Sensor_17,0.8141180921169733,-4.436753163225944,decreases predicted RUL,41.65739059448242,55.0
54,Sensor_20,-1.0821436926541554,-3.3512514351750724,decreases predicted RUL,41.65739059448242,55.0
54,Sensor_21,-1.0635912408440662,-0.3437052518129349,decreases predicted RUL,41.65739059448242,55.0
55,Sensor_2,0.7352866220811884,0.03578637633472681,increases predicted RUL,75.06586456298828,93.0
55,Sensor_3,0.40358341729724423,-1.1050383938127197,decreases predicted RUL,75.06586456298828,93.0
55,Sensor_4,0.6118954919089556,-5.05434744246304,decreases predicted RUL,75.06586456298828,93.0
55,Sensor_7,-0.5330406343290859,-1.0777674037963152,decreases predicted RUL,75.06586456298828,93.0
55,Sensor_8,0.39813145174686027,13.009704476222396,increases predicted RUL,75.06586456298828,93.0
55,Sensor_9,-0.3445706046872534,-7.336881246417761,decreases predicted RUL,75.06586456298828,93.0
55,Sensor_11,0.5783488295087528,-2.354695050045848,decreases predicted RUL,75.06586456298828,93.0
55,Sensor_12,-0.5449524415318338,0.09235767343488988,increases predicted RUL,75.06586456298828,93.0
55,Sensor_13,0.33020462580437565,6.556705196388066,increases predicted RUL,75.06586456298828,93.0
55,Sensor_14,-0.5357543798036085,-5.272076979279518,decreases predicted RUL,75.06586456298828,93.0
55,Sensor_15,0.8778261401000397,-2.4922852250747383,decreases predicted RUL,75.06586456298828,93.0
55,Sensor_17,0.427116296055498,1.1393545591272414,increases predicted RUL,75.06586456298828,93.0
55,Sensor_20,-0.744728202380216,-0.9691695114597678,decreases predicted RUL,75.06586456298828,93.0
55,Sensor_21,-0.7318780857652284,-4.5629007485404145,decreases predicted RUL,75.06586456298828,93.0
56,Sensor_2,0.4499861239606209,0.1902080972213298,increases predicted RUL,58.0109748840332,88.0
56,Sensor_3,0.3271277026275812,-0.023991683032363653,decreases predicted RUL,58.0109748840332,88.0
56,Sensor_4,0.6138933747044505,-5.510230915155262,decreases predicted RUL,58.0109748840332,88.0
56,Sensor_7,-0.5829339899725049,-1.0522617289680056,decreases predicted RUL,58.0109748840332,88.0
56,Sensor_8,0.36719134284762217,-0.35761000704951584,decreases predicted RUL,58.0109748840332,88.0
56,Sensor_9,-0.5148163190103778,0.015699319541454315,increases predicted RUL,58.0109748840332,88.0
56,Sensor_11,0.4640639942736303,-4.452385725453496,decreases predicted RUL,58.0109748840332,88.0
56,Sensor_12,-0.554278731228046,0.5868995018827263,increases predicted RUL,58.0109748840332,88.0
56,Sensor_13,0.4076322818193837,-3.4339223032584414,decreases predicted RUL,58.0109748840332,88.0
56,Sensor_14,-0.7927010794563525,0.8971707698656246,increases predicted RUL,58.0109748840332,88.0
56,Sensor_15,0.8585659151657647,-7.24402713694144,decreases predicted RUL,58.0109748840332,88.0
56,Sensor_17,0.5432168348739406,-3.6395874884328805,decreases predicted RUL,58.0109748840332,88.0
56,Sensor_20,-0.7744728186027126,-0.16450864705257118,decreases predicted RUL,58.0109748840332,88.0
56,Sensor_21,-0.7245362835842726,-0.8934996766038239,decreases predicted RUL,58.0109748840332,88.0
57,Sensor_2,0.3520343787288407,-4.245308403391391,decreases predicted RUL,47.429046630859375,40.0
57,Sensor_3,0.2824294998371112,-2.113794038305059,decreases predicted RUL,47.429046630859375,40.0
57,Sensor_4,0.3154953086058851,-2.7309693371644244,decreases predicted RUL,47.429046630859375,40.0
57,Sensor_7,-0.44864426947457375,-2.0185458177002147,decreases predicted RUL,47.429046630859375,40.0
57,Sensor_8,0.20686532400736657,-4.6112961964681745,decreases predicted RUL,47.429046630859375,40.0
57,Sensor_9,-0.3414258149813982,0.8341092263581231,increases predicted RUL,47.429046630859375,40.0
57,Sensor_11,0.23155346741596944,-5.3683743346482515,decreases predicted RUL,47.429046630859375,40.0
57,Sensor_12,-0.45487413129520254,0.19140301854349673,increases predicted RUL,47.429046630859375,40.0
57,Sensor_13,0.20772815174429066,-2.2137305326759815,decreases predicted RUL,47.429046630859375,40.0
57,Sensor_14,-0.39773111757780283,3.9505354817956686,increases predicted RUL,47.429046630859375,40.0
57,Sensor_15,0.5609148692691585,-7.01659006778209,decreases predicted RUL,47.429046630859375,40.0
57,Sensor_17,0.34971593684320273,-2.464040433522314,decreases predicted RUL,47.429046630859375,40.0
57,Sensor_20,-0.6192431026915612,-1.2477583752479404,decreases predicted RUL,47.429046630859375,40.0
57,Sensor_21,-0.4812345353596543,-6.206307791406289,decreases predicted RUL,47.429046630859375,40.0
58,Sensor_2,0.8751565814296477,-6.964287410490215,decreases predicted RUL,45.26953125,49.0
58,Sensor_3,0.5667285562857975,-0.18784162565134466,decreases predicted RUL,45.26953125,49.0
58,Sensor_4,0.8078069274624281,-5.631643459200859,decreases predicted RUL,45.26953125,49.0
58,Sensor_7,-0.5923113638452283,-2.3025702495360747,decreases predicted RUL,45.26953125,49.0
58,Sensor_8,0.24483727583785408,1.3539236709475517,increases predicted RUL,45.26953125,49.0
58,Sensor_9,0.794335046646297,-2.116390014067292,decreases predicted RUL,45.26953125,49.0
58,Sensor_11,0.8305636383035058,-1.9862651685252786,decreases predicted RUL,45.26953125,49.0
58,Sensor_12,-0.5379766801330343,-2.040785668488752,decreases predicted RUL,45.26953125,49.0
58,Sensor_13,0.2499614186615503,1.1517374706454575,increases predicted RUL,45.26953125,49.0
58,Sensor_14,0.7148062571915775,-4.062997336499393,decreases predicted RUL,45.26953125,49.0
58,Sensor_15,0.996111545423474,-4.248343945015222,decreases predicted RUL,45.26953125,49.0
58,Sensor_17,0.7625178526421098,-1.7048821514472365,decreases predicted RUL,45.26953125,49.0
58,Sensor_20,-0.9650242662780782,-3.4921705808956176,decreases predicted RUL,45.26953125,49.0
58,Sensor_21,-0.9259092163999219,-2.6256926795467734,decreases predicted RUL,45.26953125,49.0
59,Sensor_2,0.38240369711946715,2.5478123768698424,increases predicted RUL,119.71636199951172,128.0
59,Sensor_3,0.20211138507402937,3.6993034572597026,increases predicted RUL,119.71636199951172,128.0
59,Sensor_4,0.290807185490127,0.9035821213619784,increases predicted RUL,119.71636199951172,128.0
59,Sensor_7,-0.46990442245319236,0.5335097769857384,increases predicted RUL,119.71636199951172,128.0
59,Sensor_8,0.20686532400743052,7.867724925978109,increases predicted RUL,119.71636199951172,128.0
59,Sensor_9,-0.18149449323261976,4.128096742846537,increases predicted RUL,119.71636199951172,128.0
59,Sensor_11,0.33243939093386976,4.716624127002433,increases predicted RUL,119.71636199951172,128.0
59,Sensor_12,-0.45752795356648557,2.380442748501082,increases predicted RUL,119.71636199951172,128.0
59,Sensor_13,0.16267933369927767,2.7229144477751106,increases predicted RUL,119.71636199951172,128.0
59,Sensor_14,-0.15781600902954737,1.6830134412739426,increases predicted RUL,119.71636199951172,128.0
59,Sensor_15,0.7432731344337041,-0.13011359982192516,decreases predicted RUL,119.71636199951172,128.0
59,Sensor_17,0.3110157572370553,-0.3905938066309318,decreases predicted RUL,119.71636199951172,128.0
59,Sensor_20,-0.5997231982955504,-0.43291372805833817,decreases predicted RUL,119.71636199951172,128.0
59,Sensor_21,-0.5496495991429615,3.00328650069423,increases predicted RUL,119.71636199951172,128.0
60,Sensor_2,-1.0543644785731174,1.6733908182941377,increases predicted RUL,122.36246490478516,129.0
60,Sensor_3,-1.0034856355374493,2.479466852033511,increases predicted RUL,122.36246490478516,129.0
60,Sensor_4,-1.015546535254631,1.3609962654300034,increases predicted RUL,122.36246490478516,129.0
60,Sensor_7,-0.32194234768281144,6.100059479300398,increases predicted RUL,122.36246490478516,129.0
60,Sensor_8,-0.5835138215059721,1.6539096161723137,increases predicted RUL,122.36246490478516,129.0
60,Sensor_9,-0.8035157789207099,-1.4542958792299032,decreases predicted RUL,122.36246490478516,129.0
60,Sensor_11,-1.1036086766412527,-0.38820900954306126,decreases predicted RUL,122.36246490478516,129.0
60,Sensor_12,-0.38974175040861686,7.2926944978535175,increases predicted RUL,122.36246490478516,129.0
60,Sensor_13,-0.576402837353887,8.848059724085033,increases predicted RUL,122.36246490478516,129.0
60,Sensor_14,-0.6489118323855965,2.000397192314267,increases predicted RUL,122.36246490478516,129.0
60,Sensor_15,-0.21241001872928666,-0.27334341406822205,decreases predicted RUL,122.36246490478516,129.0
60,Sensor_17,-0.6693887927853491,1.3046073236037046,increases predicted RUL,122.36246490478516,129.0
60,Sensor_20,0.1606235538920029,4.634190118522383,increases predicted RUL,122.36246490478516,129.0
60,Sensor_21,0.18033309070157227,1.1365868355496787,increases predicted RUL,122.36246490478516,129.0
61,Sensor_2,-0.5124218532076789,0.7424743190640584,increases predicted RUL,55.18728256225586,58.0
61,Sensor_3,-0.42138562829642745,0.9400603109970689,increases predicted RUL,55.18728256225586,58.0
61,Sensor_4,-0.48720167312219564,2.2690136154706124,increases predicted RUL,55.18728256225586,58.0
61,Sensor_7,0.4692646249524103,-3.0311938620288856,decreases predicted RUL,55.18728256225586,58.0
61,Sensor_8,-0.06456381315247882,-7.138170106161851,decreases predicted RUL,55.18728256225586,58.0
61,Sensor_9,-0.00014495352831948695,-2.39229597710073,decreases predicted RUL,55.18728256225586,58.0
61,Sensor_11,-0.43602760461264334,-4.118380069732666,decreases predicted RUL,55.18728256225586,58.0
61,Sensor_12,0.40049069848542473,-7.238021475495771,decreases predicted RUL,55.18728256225586,58.0
61,Sensor_13,-0.09916692118818045,-10.828734956681728,decreases predicted RUL,55.18728256225586,58.0
61,Sensor_14,0.10557041826251577,-5.1155087780207396,decreases predicted RUL,55.18728256225586,58.0
61,Sensor_15,-0.6324133700350517,5.3928978010080755,increases predicted RUL,55.18728256225586,58.0
61,Sensor_17,-0.3081871164613055,-2.0959792784415185,decreases predicted RUL,55.18728256225586,58.0
61,Sensor_20,0.6541982793340411,-0.5075378324836493,decreases predicted RUL,55.18728256225586,58.0
61,Sensor_21,0.570873597432886,1.6286890832707286,increases predicted RUL,55.18728256225586,58.0
62,Sensor_2,-0.46622627030359326,3.923084074864164,increases predicted RUL,121.39571380615234,117.0
62,Sensor_3,-0.2243702115656128,0.10821848607156426,increases predicted RUL,121.39571380615234,117.0
62,Sensor_4,-0.566260749458208,6.954894780239556,increases predicted RUL,121.39571380615234,117.0
62,Sensor_7,0.6165824526628297,0.9088208419270813,increases predicted RUL,121.39571380615234,117.0
62,Sensor_8,0.14217236903663383,0.355925360112451,increases predicted RUL,121.39571380615234,117.0
62,Sensor_9,-0.012698229308888595,2.3352887961664237,increases predicted RUL,121.39571380615234,117.0
62,Sensor_11,-0.3572104768642824,5.599519908428192,increases predicted RUL,121.39571380615234,117.0
62,Sensor_12,0.5859549635012418,4.0863667441299185,increases predicted RUL,121.39571380615234,117.0
62,Sensor_13,0.06413504422560783,3.842160443222383,increases predicted RUL,121.39571380615234,117.0
62,Sensor_14,0.07959214958611381,1.872279257979244,increases predicted RUL,121.39571380615234,117.0
62,Sensor_15,-0.6899254759642877,2.9668737640604377,increases predicted RUL,121.39571380615234,117.0
62,Sensor_17,-0.4113875954110322,1.8512038334738463,increases predicted RUL,121.39571380615234,117.0
62,Sensor_20,0.7016037614386417,1.9611384980380535,increases predicted RUL,121.39571380615234,117.0
62,Sensor_21,0.7923822746266892,0.8089367095381021,increases predicted RUL,121.39571380615234,117.0
63,Sensor_2,0.14415425566048637,0.006550537480507046,increases predicted RUL,30.451383590698242,28.0
63,Sensor_3,0.45065848168366623,-0.14762433362193406,decreases predicted RUL,30.451383590698242,28.0
63,Sensor_4,0.16125399992987716,-1.3824693594360724,decreases predicted RUL,30.451383590698242,28.0
63,Sensor_7,1.4180257952507178,-0.04945506667718291,decreases predicted RUL,30.451383590698242,28.0
63,Sensor_8,0.6681542203202254,-12.852987521328032,decreases predicted RUL,30.451383590698242,28.0
63,Sensor_9,0.8810561817036268,-6.818049795634579,decreases predicted RUL,30.451383590698242,28.0
63,Sensor_11,0.4467242261689925,-6.901097120018676,decreases predicted RUL,30.451383590698242,28.0
63,Sensor_12,1.3947641682942566,-5.976068094372749,decreases predicted RUL,30.451383590698242,28.0
63,Sensor_13,0.6722940878342112,-16.790175306610763,decreases predicted RUL,30.451383590698242,28.0
63,Sensor_14,0.9626495949016161,-10.580737330019474,decreases predicted RUL,30.451383590698242,28.0
63,Sensor_15,-1.3738552960407064,3.369472909718752,increases predicted RUL,30.451383590698242,28.0
63,Sensor_17,0.42711629605549783,0.06276677528512664,increases predicted RUL,30.451383590698242,28.0
63,Sensor_20,0.9535034800729065,1.3968523968942463,increases predicted RUL,30.451383590698242,28.0
63,Sensor_21,1.1633291531746441,-0.032684904988855124,decreases predicted RUL,30.451383590698242,28.0
64,Sensor_2,-0.6450202856175202,2.2800401244312525,increases predicted RUL,121.80866241455078,115.0
64,Sensor_3,-0.5206856238604834,0.039641930954530835,increases predicted RUL,121.80866241455078,115.0
64,Sensor_4,-0.6866331878867794,4.957861358416267,increases predicted RUL,121.80866241455078,115.0
64,Sensor_7,-0.154223363073715,2.8052029884420335,increases predicted RUL,121.80866241455078,115.0
64,Sensor_8,-0.3388056874854765,1.6999923654366285,increases predicted RUL,121.80866241455078,115.0
64,Sensor_9,-0.06539610454444729,0.4764197012409568,increases predicted RUL,121.80866241455078,115.0
64,Sensor_11,-0.767847712433239,3.4063496813178062,increases predicted RUL,121.80866241455078,115.0
64,Sensor_12,-0.17789090966692192,4.165899314451963,increases predicted RUL,121.80866241455078,115.0
64,Sensor_13,-0.41310087194016276,5.264683431945741,increases predicted RUL,121.80866241455078,115.0
64,Sensor_14,0.1077796678906077,0.6081040750723332,increases predicted RUL,121.80866241455078,115.0
64,Sensor_15,-0.004192407736650161,1.464005441404879,increases predicted RUL,121.80866241455078,115.0
64,Sensor_17,-0.5790883737043381,0.940700639039278,increases predicted RUL,121.80866241455078,115.0
64,Sensor_20,0.18757961234363849,2.103843946941197,increases predicted RUL,121.80866241455078,115.0
64,Sensor_21,0.15973267529931037,2.358640846912749,increases predicted RUL,121.80866241455078,115.0
65,Sensor_2,0.7934588375900286,-1.1777962949126959,decreases predicted RUL,87.81673431396484,87.0
65,Sensor_3,0.5468883643529536,0.05469541251659393,increases predicted RUL,87.81673431396484,87.0
65,Sensor_4,0.8701218432266787,-5.451501603238285,decreases predicted RUL,87.81673431396484,87.0
65,Sensor_7,-0.6184391612768625,-0.5507703648763709,decreases predicted RUL,87.81673431396484,87.0
65,Sensor_8,0.47548172399463534,2.693815249018371,increases predicted RUL,87.81673431396484,87.0
65,Sensor_9,-0.4004262111500934,-0.2906258786097169,decreases predicted RUL,87.81673431396484,87.0
65,Sensor_11,0.8384453510783423,0.7952523194253445,increases predicted RUL,87.81673431396484,87.0
65,Sensor_12,-0.6040947664346631,-1.4655689959181473,decreases predicted RUL,87.81673431396484,87.0
65,Sensor_13,0.4569044265560907,0.29018255695700645,increases predicted RUL,87.81673431396484,87.0
65,Sensor_14,-0.5430558714822599,-0.810743479989469,decreases predicted RUL,87.81673431396484,87.0
65,Sensor_15,1.0934102116253015,-0.0568851709831506,decreases predicted RUL,87.81673431396484,87.0
65,Sensor_17,0.6593173736923832,-0.9016886465251446,decreases predicted RUL,87.81673431396484,87.0
65,Sensor_20,-0.8915922449787917,-0.7640324817039073,decreases predicted RUL,87.81673431396484,87.0
65,Sensor_21,-1.0185801076418275,-0.8916070512495935,decreases predicted RUL,87.81673431396484,87.0
66,Sensor_2,-0.18990824663661285,4.8280464028939605,increases predicted RUL,118.5438003540039,92.0
66,Sensor_3,-0.07324142842324113,-0.7624444083776325,decreases predicted RUL,118.5438003540039,92.0
66,Sensor_4,-0.1750800549640985,4.549659958924167,increases predicted RUL,118.5438003540039,92.0
66,Sensor_7,0.7457897796877621,1.448397376574576,increases predicted RUL,118.5438003540039,92.0
66,Sensor_8,0.17029974076284746,1.4762091579614207,increases predicted RUL,118.5438003540039,92.0
66,Sensor_9,0.31425636792862477,2.3176233312115073,increases predicted RUL,118.5438003540039,92.0
66,Sensor_11,-0.224797702247038,6.6252947226166725,increases predicted RUL,118.5438003540039,92.0
66,Sensor_12,0.7260009559314203,3.1012780220771674,increases predicted RUL,118.5438003540039,92.0
66,Sensor_13,0.16971821151872493,2.8304836058523506,increases predicted RUL,118.5438003540039,92.0
66,Sensor_14,0.3365701861130169,-0.4909565083216876,decreases predicted RUL,118.5438003540039,92.0
66,Sensor_15,-0.8881676716523201,4.6991415517404675,increases predicted RUL,118.5438003540039,92.0
66,Sensor_17,-0.08888609869313617,3.5212573600001633,increases predicted RUL,118.5438003540039,92.0
66,Sensor_20,0.7471502050293437,3.0676386853156146,increases predicted RUL,118.5438003540039,92.0
66,Sensor_21,0.6710721592653952,3.4974759705364704,increases predicted RUL,118.5438003540039,92.0
67,Sensor_2,-0.7780464549061176,0.23442864621756598,increases predicted RUL,112.56847381591797,103.0
67,Sensor_3,-0.9031292570418636,3.721788797483896,increases predicted RUL,112.56847381591797,103.0
67,Sensor_4,-1.0461093851619032,1.0050131725147367,increases predicted RUL,112.56847381591797,103.0
67,Sensor_7,-0.43661832435534964,7.009542779065669,increases predicted RUL,112.56847381591797,103.0
67,Sensor_8,-0.669302305271541,-2.058831561356783,decreases predicted RUL,112.56847381591797,103.0
67,Sensor_9,-0.744864803830453,-4.020538599230349,decreases predicted RUL,112.56847381591797,103.0
67,Sensor_11,-1.0626237702121057,0.730829025618732,increases predicted RUL,112.56847381591797,103.0
67,Sensor_12,-0.4358424344354423,5.33614044636488,increases predicted RUL,112.56847381591797,103.0
67,Sensor_13,-0.669316024572306,7.224984008818865,increases predicted RUL,112.56847381591797,103.0
67,Sensor_14,-0.5768056849496666,0.6370947174727917,increases predicted RUL,112.56847381591797,103.0
67,Sensor_15,-0.17074347634159603,1.7319111857214011,increases predicted RUL,112.56847381591797,103.0
67,Sensor_17,-0.9918902895032459,1.698899928946048,increases predicted RUL,112.56847381591797,103.0
67,Sensor_20,0.017477588321241525,5.083418682217598,increases predicted RUL,112.56847381591797,103.0
67,Sensor_21,0.14052627296938222,3.439271258888766,increases predicted RUL,112.56847381591797,103.0
68,Sensor_2,-0.2805884649297995,4.698191446019337,increases predicted RUL,120.55206298828125,100.0
68,Sensor_3,-0.3638127585279038,0.8405483132228255,increases predicted RUL,120.55206298828125,100.0
68,Sensor_4,-0.4730975719587582,6.910861362353899,increases predicted RUL,120.55206298828125,100.0
68,Sensor_7,-0.25372374233391076,2.71436297474429,increases predicted RUL,120.55206298828125,100.0
68,Sensor_8,-0.13488224246881242,5.794401934486814,increases predicted RUL,120.55206298828125,100.0
68,Sensor_9,-0.32543009450223226,-3.8687663534656167,decreases predicted RUL,120.55206298828125,100.0
68,Sensor_11,-0.3871609854086606,7.32694037258625,increases predicted RUL,120.55206298828125,100.0
68,Sensor_12,-0.2553066964948632,4.1642753013875335,increases predicted RUL,120.55206298828125,100.0
68,Sensor_13,-0.2061578640449181,5.02817079750821,increases predicted RUL,120.55206298828125,100.0
68,Sensor_14,-0.28896082737782786,-1.7893099753418937,decreases predicted RUL,120.55206298828125,100.0
68,Sensor_15,0.15230651159980713,0.04141286970116198,increases predicted RUL,120.55206298828125,100.0
68,Sensor_17,-0.3726874158048847,2.087767680932302,increases predicted RUL,120.55206298828125,100.0
68,Sensor_20,0.0825439363079496,3.2401881787809543,increases predicted RUL,120.55206298828125,100.0
68,Sensor_21,0.10691506889200678,2.1631490173749626,increases predicted RUL,120.55206298828125,100.0
69,Sensor_2,0.5569203436460173,-4.2247048921417445,decreases predicted RUL,92.24935913085938,63.0
69,Sensor_3,0.32653348722859266,1.2437581228732597,increases predicted RUL,92.24935913085938,63.0
69,Sensor_4,0.5887771338468022,-5.918040079763159,decreases predicted RUL,92.24935913085938,63.0
69,Sensor_7,-0.5577367716274777,-3.173112446209416,decreases predicted RUL,92.24935913085938,63.0
69,Sensor_8,0.544393784724105,15.942867055448005,increases predicted RUL,92.24935913085938,63.0
69,Sensor_9,-0.9550351117443809,6.155710118357092,increases predicted RUL,92.24935913085938,63.0
69,Sensor_11,0.6177573933829357,-1.4041822126600891,decreases predicted RUL,92.24935913085938,63.0
69,Sensor_12,-0.5453315589991514,-0.4346897682407871,decreases predicted RUL,92.24935913085938,63.0
69,Sensor_13,0.42171003745853425,7.345120458863676,increases predicted RUL,92.24935913085938,63.0
69,Sensor_14,-1.1990933319652357,3.6234824005514383,increases predicted RUL,92.24935913085938,63.0
69,Sensor_15,0.7169150178403898,-5.115512901509646,decreases predicted RUL,92.24935913085938,63.0
69,Sensor_17,0.5045166552677931,2.028756083222106,increases predicted RUL,92.24935913085938,63.0
69,Sensor_20,-0.6852389699352243,-1.1966736594913527,decreases predicted RUL,92.24935913085938,63.0
69,Sensor_21,-0.8031586208638833,-4.447877827100456,decreases predicted RUL,92.24935913085938,63.0
70,Sensor_2,0.5770239769468527,1.558249237947166,increases predicted RUL,28.82169532775879,35.0
70,Sensor_3,0.886548488807265,0.4525758877862245,increases predicted RUL,28.82169532775879,35.0
70,Sensor_4,0.684960919858485,-4.770800492959097,decreases predicted RUL,28.82169532775879,35.0
70,Sensor_7,2.468649584029068,-5.026744892820716,decreases predicted RUL,28.82169532775879,35.0
70,Sensor_8,1.4725970516965747,-10.953587042167783,decreases predicted RUL,28.82169532775879,35.0
70,Sensor_9,1.630693810146605,1.1215914320200682,increases predicted RUL,28.82169532775879,35.0
70,Sensor_11,0.9653409267532014,-2.958484790287912,decreases predicted RUL,28.82169532775879,35.0
70,Sensor_12,2.4830587699998974,-7.288559038192034,decreases predicted RUL,28.82169532775879,35.0
70,Sensor_13,1.5141438750522276,-18.01688249502331,decreases predicted RUL,28.82169532775879,35.0
70,Sensor_14,1.5443089845722533,-7.0101243536919355,decreases predicted RUL,28.82169532775879,35.0
70,Sensor_15,-1.6024074074619572,5.73263081535697,increases predicted RUL,28.82169532775879,35.0
70,Sensor_17,0.865718331591837,-1.0043134598527104,decreases predicted RUL,28.82169532775879,35.0
70,Sensor_20,1.7454538869968577,1.8832510355859995,increases predicted RUL,28.82169532775879,35.0
70,Sensor_21,1.8674296669761856,-1.3393267095088959,decreases predicted RUL,28.82169532775879,35.0
71,Sensor_2,-0.035922970289688064,3.117732703627553,increases predicted RUL,50.939327239990234,45.0
71,Sensor_3,0.1360544398866361,-0.8183441779110581,decreases predicted RUL,50.939327239990234,45.0
71,Sensor_4,-0.27887482305385825,2.040386676089838,increases predicted RUL,50.939327239990234,45.0
71,Sensor_7,0.9899594154118841,-3.2028690080624074,decreases predicted RUL,50.939327239990234,45.0
71,Sensor_8,0.35875313132982845,-6.874506275868043,decreases predicted RUL,50.939327239990234,45.0
71,Sensor_9,0.4664616013877159,-2.3344711884856224,decreases predicted RUL,50.939327239990234,45.0
71,Sensor_11,-0.019873170101301126,-5.903280032442126,decreases predicted RUL,50.939327239990234,45.0
71,Sensor_12,1.011400585334335,-7.476172820199281,decreases predicted RUL,50.939327239990234,45.0
71,Sensor_13,0.3062724412178326,-10.736387451644987,decreases predicted RUL,50.939327239990234,45.0
71,Sensor_14,0.5059929962444355,-7.902054898440838,decreases predicted RUL,50.939327239990234,45.0
71,Sensor_15,-0.9437614284845145,6.55052015313413,increases predicted RUL,50.939327239990234,45.0
71,Sensor_17,0.053014559862738196,-1.6693679116724525,decreases predicted RUL,50.939327239990234,45.0
71,Sensor_20,0.8633401121484665,-0.2766463914886117,decreases predicted RUL,50.939327239990234,45.0
71,Sensor_21,0.8251880489289389,0.6189035107381642,increases predicted RUL,50.939327239990234,45.0
72,Sensor_2,-0.4444116894877885,2.318358432268724,increases predicted RUL,115.33611297607422,99.0
72,Sensor_3,-0.09126596219251625,0.2834373911609873,increases predicted RUL,115.33611297607422,99.0
72,Sensor_4,-0.4544982345054622,5.5236398205161095,increases predicted RUL,115.33611297607422,99.0
72,Sensor_7,-0.27348065217262774,1.6808176905324217,increases predicted RUL,115.33611297607422,99.0
72,Sensor_8,-0.18269877440363794,-0.3127567652845755,decreases predicted RUL,115.33611297607422,99.0
72,Sensor_9,-0.31417097086399004,1.9508370014373213,increases predicted RUL,115.33611297607422,99.0
72,Sensor_11,-0.36666853219408724,7.000504651572555,increases predicted RUL,115.33611297607422,99.0
72,Sensor_12,-0.27850868549521046,3.7511726659722626,increases predicted RUL,115.33611297607422,99.0
72,Sensor_13,-0.16392459712772253,0.6157909771427512,increases predicted RUL,115.33611297607422,99.0
72,Sensor_14,-0.2365499053497489,0.17114810924977064,increases predicted RUL,115.33611297607422,99.0
72,Sensor_15,0.1962750729039455,1.1523923370987177,increases predicted RUL,115.33611297607422,99.0
72,Sensor_17,-0.16628645790543128,4.3687982021365315,increases predicted RUL,115.33611297607422,99.0
72,Sensor_20,-0.08569904920054303,2.4959951248019934,increases predicted RUL,115.33611297607422,99.0
72,Sensor_21,-0.14183881934884682,-3.512155652861111,decreases predicted RUL,115.33611297607422,99.0
73,Sensor_2,-0.6865107628554729,3.111186506226659,increases predicted RUL,122.17292785644531,117.0
73,Sensor_3,-0.803532153778314,2.600518031977117,increases predicted RUL,122.17292785644531,117.0
73,Sensor_4,-0.8295293764026561,4.007325720274821,increases predicted RUL,122.17292785644531,117.0
73,Sensor_7,0.12194387662832779,3.917990314774215,increases predicted RUL,122.17292785644531,117.0
73,Sensor_8,-0.2037943031987938,-2.0484476370038465,decreases predicted RUL,122.17292785644531,117.0
73,Sensor_9,-0.4383189858774197,0.6302872053347528,increases predicted RUL,122.17292785644531,117.0
73,Sensor_11,-0.8245960444120591,3.0667962026782334,increases predicted RUL,122.17292785644531,117.0
73,Sensor_12,0.081804555451301,6.653204261587234,increases predicted RUL,122.17292785644531,117.0
73,Sensor_13,-0.2906243978798855,6.501677766442299,increases predicted RUL,122.17292785644531,117.0
73,Sensor_14,-0.3434243146632059,4.277322816138621,increases predicted RUL,122.17292785644531,117.0
73,Sensor_15,-0.22104258966596418,2.187256883829832,increases predicted RUL,122.17292785644531,117.0
73,Sensor_17,-0.5790883737043381,2.510974701726809,increases predicted RUL,122.17292785644531,117.0
73,Sensor_20,0.5603168343817897,0.6411736947484314,increases predicted RUL,122.17292785644531,117.0
73,Sensor_21,0.4775521667572237,2.0221991820726544,increases predicted RUL,122.17292785644531,117.0
74,Sensor_2,-0.22455493381467925,2.8636030049528927,increases predicted RUL,48.53525924682617,45.0
74,Sensor_3,-0.1918864364209845,-0.057445344515144825,decreases predicted RUL,48.53525924682617,45.0
74,Sensor_4,-0.35881391919265254,0.7953616364393383,increases predicted RUL,48.53525924682617,45.0
74,Sensor_7,0.47606501058530093,-1.0915053831413388,decreases predicted RUL,48.53525924682617,45.0
74,Sensor_8,-0.026591861321991178,-9.40053283744055,decreases predicted RUL,48.53525924682617,45.0
74,Sensor_9,0.11392161629639755,-5.3859098923858255,decreases predicted RUL,48.53525924682617,45.0
74,Sensor_11,-0.32253094065500315,-3.529147031949833,decreases predicted RUL,48.53525924682617,45.0
74,Sensor_12,0.4876877159703776,-6.390705734491348,decreases predicted RUL,48.53525924682617,45.0
74,Sensor_13,-0.025962591864994326,-12.608189422637224,decreases predicted RUL,48.53525924682617,45.0
74,Sensor_14,0.1445064844029586,-6.625542985741049,decreases predicted RUL,48.53525924682617,45.0
74,Sensor_15,-0.7074591867112258,6.235692586749792,increases predicted RUL,48.53525924682617,45.0
74,Sensor_17,-0.28238699672387374,-1.666155009297654,decreases predicted RUL,48.53525924682617,45.0
74,Sensor_20,0.6170175090559212,2.60805630518189,increases predicted RUL,48.53525924682617,45.0
74,Sensor_21,0.639613930933067,-0.11771497409790754,decreases predicted RUL,48.53525924682617,45.0
75,Sensor_2,0.5560648698885009,-2.375973630230874,decreases predicted RUL,29.075164794921875,27.0
75,Sensor_3,0.45702979123947196,-0.9377517462708056,decreases predicted RUL,29.075164794921875,27.0
75,Sensor_4,0.7403070301574952,-7.7342683323659,decreases predicted RUL,29.075164794921875,27.0
75,Sensor_7,-0.6281028671762334,-1.7335729801561683,decreases predicted RUL,29.075164794921875,27.0
75,Sensor_8,0.45860530095840824,-4.795841675018892,decreases predicted RUL,29.075164794921875,27.0
75,Sensor_9,-0.4240186047047134,2.300513219088316,increases predicted RUL,29.075164794921875,27.0
75,Sensor_11,0.7682981073823001,-12.659364894032478,decreases predicted RUL,29.075164794921875,27.0
75,Sensor_12,-0.5890817147285567,-0.28134104929631576,decreases predicted RUL,29.075164794921875,27.0
75,Sensor_13,0.4259333641502283,-9.322433860739693,decreases predicted RUL,29.075164794921875,27.0
75,Sensor_14,-0.559476393540686,3.524666520068422,increases predicted RUL,29.075164794921875,27.0
75,Sensor_15,0.9684105844622285,-7.186372820404358,decreases predicted RUL,29.075164794921875,27.0
75,Sensor_17,0.45291641579292957,-3.5537058767222334,decreases predicted RUL,29.075164794921875,27.0
75,Sensor_20,-0.9436453233681594,-2.5032391131389886,decreases predicted RUL,29.075164794921875,27.0
75,Sensor_21,-0.8992990557524887,-7.334762467246037,decreases predicted RUL,29.075164794921875,27.0
76,Sensor_2,-0.03079012774478535,0.3185747459065169,increases predicted RUL,65.66368865966797,86.0
76,Sensor_3,0.13899250491495974,-1.6006587194860913,decreases predicted RUL,65.66368865966797,86.0
76,Sensor_4,-0.06298455954543519,3.323298249801155,increases predicted RUL,65.66368865966797,86.0
76,Sensor_7,1.0215991043564931,-1.118620268534869,decreases predicted RUL,65.66368865966797,86.0
76,Sensor_8,0.3390639711212808,-4.35318105109036,decreases predicted RUL,65.66368865966797,86.0
76,Sensor_9,0.4109812990461543,-0.49744446529075503,decreases predicted RUL,65.66368865966797,86.0
76,Sensor_11,0.08022458213911722,1.3823963478207588,increases predicted RUL,65.66368865966797,86.0
76,Sensor_12,1.025124637651532,-3.345323594287038,decreases predicted RUL,65.66368865966797,86.0
76,Sensor_13,0.33442795249613366,-12.822109942091629,decreases predicted RUL,65.66368865966797,86.0
76,Sensor_14,0.5887380124567728,-6.581435017287731,decreases predicted RUL,65.66368865966797,86.0
76,Sensor_15,-1.0384511399143719,6.989736745432083,increases predicted RUL,65.66368865966797,86.0
76,Sensor_17,0.10461479933760147,-1.2654073805897497,decreases predicted RUL,65.66368865966797,86.0
76,Sensor_20,0.8782124202597159,2.0697786966338754,increases predicted RUL,65.66368865966797,86.0
76,Sensor_21,0.8658157854703923,1.7809470798820257,increases predicted RUL,65.66368865966797,86.0
77,Sensor_2,0.4593963352929537,-0.7273093592666555,decreases predicted RUL,23.109079360961914,20.0
77,Sensor_3,0.7727892518678611,-1.3230902672652292,decreases predicted RUL,23.109079360961914,20.0
77,Sensor_4,0.6063299612643633,-4.257467173971236,decreases predicted RUL,23.109079360961914,20.0
77,Sensor_7,1.87630020390092,1.2568429971579462,increases predicted RUL,23.109079360961914,20.0
77,Sensor_8,1.081626584699282,-13.66170210018754,decreases predicted RUL,23.109079360961914,20.0
77,Sensor_9,1.3710480658315098,-5.854573644697666,decreases predicted RUL,23.109079360961914,20.0
77,Sensor_11,0.8833711138949062,-4.458184412447736,decreases predicted RUL,23.109079360961914,20.0
77,Sensor_12,1.8839773481315572,-3.388591905706562,decreases predicted RUL,23.109079360961914,20.0
77,Sensor_13,1.0143835498641105,-18.431173766497523,decreases predicted RUL,23.109079360961914,20.0
77,Sensor_14,1.3515245347565787,-11.473991297651082,decreases predicted RUL,23.109079360961914,20.0
77,Sensor_15,-1.7281743742638471,4.16461094096303,increases predicted RUL,23.109079360961914,20.0
77,Sensor_17,0.6206171940862356,-0.9698769511596765,decreases predicted RUL,23.109079360961914,20.0
77,Sensor_20,1.4312763781467488,4.196969761978835,increases predicted RUL,23.109079360961914,20.0
77,Sensor_21,1.350622553959728,0.31648597912862897,increases predicted RUL,23.109079360961914,20.0
78,Sensor_2,1.3165810402908409,-9.39176648366265,decreases predicted RUL,18.814069747924805,18.0
78,Sensor_3,0.9585805999511382,-2.3729652719630394,decreases predicted RUL,18.814069747924805,18.0
78,Sensor_4,1.4701050741690036,-15.908067151904106,decreases predicted RUL,18.814069747924805,18.0
78,Sensor_7,-0.7801451733263497,-2.8283140510320663,decreases predicted RUL,18.814069747924805,18.0
78,Sensor_8,0.8284802391611208,-4.131013386882842,decreases predicted RUL,18.814069747924805,18.0
78,Sensor_9,-0.5548444447725578,0.1762454805430025,increases predicted RUL,18.814069747924805,18.0
78,Sensor_11,1.4997210528870835,-10.414855190552771,decreases predicted RUL,18.814069747924805,18.0
78,Sensor_12,-0.7489934624466144,-1.6546229238738306,decreases predicted RUL,18.814069747924805,18.0
78,Sensor_13,0.8172949709168982,-8.019086306914687,decreases predicted RUL,18.814069747924805,18.0
78,Sensor_14,-0.9191140298068808,1.9125111654720968,increases predicted RUL,18.814069747924805,18.0
78,Sensor_15,1.3347768950147785,-6.81045275676297,decreases predicted RUL,18.814069747924805,18.0
78,Sensor_17,1.0979194092287223,-6.205709003843367,decreases predicted RUL,18.814069747924805,18.0
78,Sensor_20,-1.230866773766633,-1.4059712888556533,decreases predicted RUL,18.814069747924805,18.0
78,Sensor_21,-1.3405506602484687,-3.3504961335565895,decreases predicted RUL,18.814069747924805,18.0
79,Sensor_2,-0.6574246551010358,1.362572854559403,increases predicted RUL,120.24813842773438,133.0
79,Sensor_3,-1.278805437068114,1.8191610660287552,increases predicted RUL,120.24813842773438,133.0
79,Sensor_4,-0.8823305645693037,2.5079609795939177,increases predicted RUL,120.24813842773438,133.0
79,Sensor_7,-1.2747121663541927,8.882955237757415,increases predicted RUL,120.24813842773438,133.0
79,Sensor_8,-2.8674564056918923,0.10816439054906368,increases predicted RUL,120.24813842773438,133.0
79,Sensor_9,-1.505502725483204,-3.2082408333662897,decreases predicted RUL,120.24813842773438,133.0
79,Sensor_11,-0.9120830562127402,5.25633255043067,increases predicted RUL,120.24813842773438,133.0
79,Sensor_12,-1.2771799179250174,5.890561003237963,increases predicted RUL,120.24813842773438,133.0
79,Sensor_13,-2.916125824572313,-4.329354370012879,decreases predicted RUL,120.24813842773438,133.0
79,Sensor_14,-1.3620920828944045,-0.5966107114218175,decreases predicted RUL,120.24813842773438,133.0
79,Sensor_15,0.2957990240583431,0.7067092768847942,increases predicted RUL,120.24813842773438,133.0
79,Sensor_17,-1.1208908881904045,-0.7975015674019232,decreases predicted RUL,120.24813842773438,133.0
79,Sensor_20,-0.6564238729696839,8.622910742415115,increases predicted RUL,120.24813842773438,133.0
79,Sensor_21,-0.7028671248265549,-0.31567814135360095,decreases predicted RUL,120.24813842773438,133.0
80,Sensor_2,0.10480246281625359,0.8059832175495103,increases predicted RUL,17.577640533447266,15.0
80,Sensor_3,0.10541933487219322,-0.5856697770650499,decreases predicted RUL,17.577640533447266,15.0
80,Sensor_4,0.09817798595782104,-3.792845815070905,decreases predicted RUL,17.577640533447266,15.0
80,Sensor_7,1.441361855422533,-0.2631248434772715,decreases predicted RUL,17.577640533447266,15.0
80,Sensor_8,0.6259631627309369,-13.330742234131321,decreases predicted RUL,17.577640533447266,15.0
80,Sensor_9,0.7911902569404298,-8.289986403891817,decreases predicted RUL,17.577640533447266,15.0
80,Sensor_11,0.3489909877610246,-8.517672499641776,decreases predicted RUL,17.577640533447266,15.0
80,Sensor_12,1.4961401790571927,-6.691746582277119,decreases predicted RUL,17.577640533447266,15.0
80,Sensor_13,0.6483619032479241,-19.13986702542752,decreases predicted RUL,17.577640533447266,15.0
80,Sensor_14,0.8468911817645719,-10.611914251931012,decreases predicted RUL,17.577640533447266,15.0
80,Sensor_15,-1.1341383928746882,2.7690133983269334,increases predicted RUL,17.577640533447266,15.0
80,Sensor_17,0.2078152782873283,-0.2619649851694703,decreases predicted RUL,17.577640533447266,15.0
80,Sensor_20,1.2258526223601356,1.7354554408229887,increases predicted RUL,17.577640533447266,15.0
80,Sensor_21,1.1142908710967796,-1.300732989795506,decreases predicted RUL,17.577640533447266,15.0
81,Sensor_2,0.6702706165124763,-2.201486988196848,decreases predicted RUL,6.923079013824463,6.0
81,Sensor_3,1.0172098526511935,-2.2954433636477916,decreases predicted RUL,6.923079013824463,6.0
81,Sensor_4,0.742637893418905,-5.278717373497784,decreases predicted RUL,6.923079013824463,6.0
81,Sensor_7,2.505156917426692,3.468997231859248,increases predicted RUL,6.923079013824463,6.0
81,Sensor_8,1.4796288946276965,-16.8759772637859,decreases predicted RUL,6.923079013824463,6.0
81,Sensor_9,1.6224759440428247,-8.027089946903288,decreases predicted RUL,6.923079013824463,6.0
81,Sensor_11,1.1663246025115184,-6.704418055713177,decreases predicted RUL,6.923079013824463,6.0
81,Sensor_12,2.5167244010984375,-1.7346906010061502,decreases predicted RUL,6.923079013824463,6.0
81,Sensor_13,1.5127360994883512,-20.03077521454543,decreases predicted RUL,6.923079013824463,6.0
81,Sensor_14,1.5893870780475337,-10.980691763572395,decreases predicted RUL,6.923079013824463,6.0
81,Sensor_15,-1.644495986650997,2.3165572537109256,increases predicted RUL,6.923079013824463,6.0
81,Sensor_17,0.8915184513292685,-1.2524990846286528,decreases predicted RUL,6.923079013824463,6.0
81,Sensor_20,1.6627266731280435,3.0780724440701306,increases predicted RUL,6.923079013824463,6.0
81,Sensor_21,1.6882525200789145,-0.3792823967523873,decreases predicted RUL,6.923079013824463,6.0
82,Sensor_2,0.4251773849936239,2.9914408796466887,increases predicted RUL,119.67024993896484,145.0
82,Sensor_3,0.3835121415981289,1.5876233968883753,increases predicted RUL,119.67024993896484,145.0
82,Sensor_4,0.5543612242625001,-3.1568256551399827,decreases predicted RUL,119.67024993896484,145.0
82,Sensor_7,-0.5509363859945872,0.4163974056355073,increases predicted RUL,119.67024993896484,145.0
82,Sensor_8,0.4262588234733296,15.375002790009603,increases predicted RUL,119.67024993896484,145.0
82,Sensor_9,-0.8784989540471476,1.2047703208518215,increases predicted RUL,119.67024993896484,145.0
82,Sensor_11,0.5247531826398657,4.114736835472286,increases predicted RUL,119.67024993896484,145.0
82,Sensor_12,-0.5441942065971773,1.5754778436385095,increases predicted RUL,119.67024993896484,145.0
82,Sensor_13,0.3935545261800412,7.911710545653477,increases predicted RUL,119.67024993896484,145.0
82,Sensor_14,-1.0362669338439257,1.7988320263684727,increases predicted RUL,119.67024993896484,145.0
82,Sensor_15,0.7702834897200175,0.15102075203321874,increases predicted RUL,119.67024993896484,145.0
82,Sensor_17,0.4013161763180662,0.53859888529405,increases predicted RUL,119.67024993896484,145.0
82,Sensor_20,-0.6145955064067959,0.8893351457081735,increases predicted RUL,119.67024993896484,145.0
82,Sensor_21,-0.6797110187916796,-0.5872798324562609,decreases predicted RUL,119.67024993896484,145.0
83,Sensor_2,-0.2420921458430634,-2.6852932404726744,decreases predicted RUL,93.60994720458984,104.0
83,Sensor_3,-0.27527466407883455,-0.14279322302900255,decreases predicted RUL,93.60994720458984,104.0
83,Sensor_4,-0.4624659813684467,5.937222350621596,increases predicted RUL,93.60994720458984,104.0
83,Sensor_7,-0.26217053712002875,0.39231718867085874,increases predicted RUL,93.60994720458984,104.0
83,Sensor_8,-0.24739172937456247,0.8788846224779263,increases predicted RUL,93.60994720458984,104.0
83,Sensor_9,0.30367020340438633,-2.33575174305588,decreases predicted RUL,93.60994720458984,104.0
83,Sensor_11,-0.38243195774375616,0.6811850152444094,increases predicted RUL,93.60994720458984,104.0
83,Sensor_12,-0.23513764723312883,2.6104171925690025,increases predicted RUL,93.60994720458984,104.0
83,Sensor_13,-0.3145565824662366,5.654628271237016,increases predicted RUL,93.60994720458984,104.0
83,Sensor_14,0.418061727359068,-2.264615736785345,decreases predicted RUL,93.60994720458984,104.0
83,Sensor_15,0.21001045243874839,1.1246353663736954,increases predicted RUL,93.60994720458984,104.0
83,Sensor_17,-0.4113875954110322,-1.3212915882468224,decreases predicted RUL,93.60994720458984,104.0
83,Sensor_20,0.020266146092097984,1.6671851158607751,increases predicted RUL,93.60994720458984,104.0
83,Sensor_21,-0.10830506044215746,0.3621958065778017,increases predicted RUL,93.60994720458984,104.0
84,Sensor_2,-0.3755460520103873,5.137552578002214,increases predicted RUL,93.2136459350586,56.0
84,Sensor_3,-0.1558373688824417,0.333554127253592,increases predicted RUL,93.2136459350586,56.0
84,Sensor_4,-0.4796858283200959,6.203138793352991,increases predicted RUL,93.2136459350586,56.0
84,Sensor_7,0.3522264090600211,-0.9222984011285007,decreases predicted RUL,93.2136459350586,56.0
84,Sensor_8,-0.06878291891179136,-4.172406347584911,decreases predicted RUL,93.2136459350586,56.0
84,Sensor_9,-0.08086122264525704,-4.7764687817543745,decreases predicted RUL,93.2136459350586,56.0
84,Sensor_11,-0.384008300298723,3.350292971241288,increases predicted RUL,93.2136459350586,56.0
84,Sensor_12,0.37357335830529104,-3.6440415824763477,decreases predicted RUL,93.2136459350586,56.0
84,Sensor_13,-0.10198247231567761,7.208625867497176,increases predicted RUL,93.2136459350586,56.0
84,Sensor_14,0.03583020482545192,-6.747135754674673,decreases predicted RUL,93.2136459350586,56.0
84,Sensor_15,-0.627195460491105,4.4897612845525146,increases predicted RUL,93.2136459350586,56.0
84,Sensor_17,-0.41138759541103215,0.752291944809258,increases predicted RUL,93.2136459350586,56.0
84,Sensor_20,0.6077223164863926,2.877043450367637,increases predicted RUL,93.2136459350586,56.0
84,Sensor_21,0.4780633048837448,2.8434717658674344,increases predicted RUL,93.2136459350586,56.0
85,Sensor_2,1.2370219808449265,-6.552674931706861,decreases predicted RUL,20.1203556060791,25.0
85,Sensor_3,1.2026050571351516,-1.0180944225285202,decreases predicted RUL,20.1203556060791,25.0
85,Sensor_4,1.4191114942458947,-10.861740504857153,decreases predicted RUL,20.1203556060791,25.0
85,Sensor_7,-0.7569522791678586,-2.249479123027413,decreases predicted RUL,20.1203556060791,25.0
85,Sensor_8,0.2898410706002309,-0.7789634023793042,decreases predicted RUL,20.1203556060791,25.0
85,Sensor_9,1.9610649690398634,-7.556715160608292,decreases predicted RUL,20.1203556060791,25.0
85,Sensor_11,1.2798212664691588,-4.197395799681544,decreases predicted RUL,20.1203556060791,25.0
85,Sensor_12,-0.7004664266288981,-3.3939866100117797,decreases predicted RUL,20.1203556060791,25.0
85,Sensor_13,0.30486466565402,-4.1784050420392305,decreases predicted RUL,20.1203556060791,25.0
85,Sensor_14,1.902097745263177,-13.783663034904748,decreases predicted RUL,20.1203556060791,25.0
85,Sensor_15,1.309838356753269,-6.4207472167909145,decreases predicted RUL,20.1203556060791,25.0
85,Sensor_17,1.1882198283097334,-1.2625558110885322,decreases predicted RUL,20.1203556060791,25.0
85,Sensor_20,-1.2754836981003788,-4.325166584923863,decreases predicted RUL,20.1203556060791,25.0
85,Sensor_21,-1.2566620513622633,-1.5386167699471116,decreases predicted RUL,20.1203556060791,25.0
86,Sensor_2,0.17580678468734084,-0.8178845159709454,decreases predicted RUL,62.10649490356445,68.0
86,Sensor_3,0.08231095824491959,-0.06615232396870852,decreases predicted RUL,62.10649490356445,68.0
86,Sensor_4,0.0014471606092764018,-0.8363750674761832,decreases predicted RUL,62.10649490356445,68.0
86,Sensor_7,-0.37505693862602413,-1.7971355577319628,decreases predicted RUL,62.10649490356445,68.0
86,Sensor_8,-0.09831665922429336,0.71962322717809,increases predicted RUL,62.10649490356445,68.0
86,Sensor_9,0.7572446462471859,-5.371052134782076,decreases predicted RUL,62.10649490356445,68.0
86,Sensor_11,-0.07189247441522015,-1.6944645352195948,decreases predicted RUL,62.10649490356445,68.0
86,Sensor_12,-0.36092882289185196,-0.5505035896785557,decreases predicted RUL,62.10649490356445,68.0
86,Sensor_13,-0.08086583885707974,5.7352860742248595,increases predicted RUL,62.10649490356445,68.0
86,Sensor_14,0.8169644669443558,-8.434816157445312,decreases predicted RUL,62.10649490356445,68.0
86,Sensor_15,0.5074696634256486,-4.808719238266349,decreases predicted RUL,62.10649490356445,68.0
86,Sensor_17,0.06591461973145393,-1.5115784448571503,decreases predicted RUL,62.10649490356445,68.0
86,Sensor_20,-0.39987655805065553,-2.727281923405826,decreases predicted RUL,62.10649490356445,68.0
86,Sensor_21,-0.44753039707745806,-1.7445696073118597,decreases predicted RUL,62.10649490356445,68.0
87,Sensor_2,-0.4217107485743579,3.395928597659804,increases predicted RUL,125.0,144.0
87,Sensor_3,-0.5514442713524021,2.0170007087290287,increases predicted RUL,125.0,144.0
87,Sensor_4,-0.7237345577960939,5.379743110388517,increases predicted RUL,125.0,144.0
87,Sensor_7,-0.05834314669206072,2.198759355233051,increases predicted RUL,125.0,144.0
87,Sensor_8,-0.3466825462995545,5.645216930657625,increases predicted RUL,125.0,144.0
87,Sensor_9,0.04627276573346608,0.48601894825696945,increases predicted RUL,125.0,144.0
87,Sensor_11,-0.7448835196578106,6.820522711495869,increases predicted RUL,125.0,144.0
87,Sensor_12,-0.09215081668401476,3.4746482360642403,increases predicted RUL,125.0,144.0
87,Sensor_13,-0.31810574867609714,7.51327263074927,increases predicted RUL,125.0,144.0
87,Sensor_14,0.14335680712778034,0.6063714358024299,increases predicted RUL,125.0,144.0
87,Sensor_15,0.005776125723375094,0.8047908945009112,increases predicted RUL,125.0,144.0
87,Sensor_17,-0.4230117391640894,3.2175453514792025,increases predicted RUL,125.0,144.0
87,Sensor_20,0.23191452233971632,2.2763197333551943,increases predicted RUL,125.0,144.0
87,Sensor_21,0.24910693239623152,0.8006425759522244,increases predicted RUL,125.0,144.0
88,Sensor_2,-0.5166992219950993,-0.6602831101045012,decreases predicted RUL,57.286109924316406,41.0
88,Sensor_3,-0.42808705751833437,2.6175253603141755,increases predicted RUL,57.286109924316406,41.0
88,Sensor_4,-0.5653807296554327,2.7490566074848175,increases predicted RUL,57.286109924316406,41.0
88,Sensor_7,-0.023727541928867692,-0.3686066141817719,decreases predicted RUL,57.286109924316406,41.0
88,Sensor_8,-0.28677004979172205,-7.993285696953535,decreases predicted RUL,57.286109924316406,41.0
88,Sensor_9,-0.21384829679079964,-5.064920632168651,decreases predicted RUL,57.286109924316406,41.0
88,Sensor_11,-0.7110993804544197,-2.539649525657296,decreases predicted RUL,57.286109924316406,41.0
88,Sensor_12,0.002796475260590836,-4.456323503982276,decreases predicted RUL,57.286109924316406,41.0
88,Sensor_13,-0.3286343381055151,-8.153070009779185,decreases predicted RUL,57.286109924316406,41.0
88,Sensor_14,-0.1428526516194386,-9.175143423490226,decreases predicted RUL,57.286109924316406,41.0
88,Sensor_15,-0.5370330529302623,4.92442968999967,increases predicted RUL,57.286109924316406,41.0
88,Sensor_17,-0.5403881940981905,-2.765519796870649,decreases predicted RUL,57.286109924316406,41.0
88,Sensor_20,0.23777365221910088,0.9125600350089371,increases predicted RUL,57.286109924316406,41.0
88,Sensor_21,0.28373788260044885,3.1764692957513034,increases predicted RUL,57.286109924316406,41.0
89,Sensor_2,0.5629086599483826,-2.812357776914723,decreases predicted RUL,57.37797164916992,51.0
89,Sensor_3,0.31012653982323113,-0.7279597344459035,decreases predicted RUL,57.37797164916992,51.0
89,Sensor_4,0.49813509416071533,-6.904982380874571,decreases predicted RUL,57.37797164916992,51.0
89,Sensor_7,-0.44850110346124994,-2.1946029708487913,decreases predicted RUL,57.37797164916992,51.0
89,Sensor_8,-0.06456381315260672,3.8173021357506514,increases predicted RUL,57.37797164916992,51.0
89,Sensor_9,1.4052266239103712,-5.425814054906368,decreases predicted RUL,57.37797164916992,51.0
89,Sensor_11,0.5184478124199998,-3.0695350617170334,decreases predicted RUL,57.37797164916992,51.0
89,Sensor_12,-0.4642004209914191,-2.3789362472016364,decreases predicted RUL,57.37797164916992,51.0
89,Sensor_13,-0.09494359449635845,2.1283830523025244,increases predicted RUL,57.37797164916992,51.0
89,Sensor_14,1.4301174151430722,-6.212016510777175,decreases predicted RUL,57.37797164916992,51.0
89,Sensor_15,0.7930351100109021,-2.5936800732742995,decreases predicted RUL,57.37797164916992,51.0
89,Sensor_17,0.5561168947426564,0.060785752488300204,increases predicted RUL,57.37797164916992,51.0
89,Sensor_20,-0.6852389699352228,-0.9599958690814674,decreases predicted RUL,57.37797164916992,51.0
89,Sensor_21,-0.746763047570925,0.03375867698923685,increases predicted RUL,57.37797164916992,51.0
90,Sensor_2,0.4055014885715096,3.911155383102596,increases predicted RUL,118.46894073486328,81.0
90,Sensor_3,0.3898504391873251,2.468428214546293,increases predicted RUL,118.46894073486328,81.0
90,Sensor_4,0.3966949736513584,5.004099725745618,increases predicted RUL,118.46894073486328,81.0
90,Sensor_7,-0.42444921322281054,-0.1506462348625064,decreases predicted RUL,118.46894073486328,81.0
90,Sensor_8,0.15764242348606097,6.525524936034344,increases predicted RUL,118.46894073486328,81.0
90,Sensor_9,-0.15882094769905084,2.6047234069556,increases predicted RUL,118.46894073486328,81.0
90,Sensor_11,0.2323416386934523,3.650563159957528,increases predicted RUL,118.46894073486328,81.0
90,Sensor_12,-0.450248898193827,1.7178669174900278,increases predicted RUL,118.46894073486328,81.0
90,Sensor_13,0.1640871092630264,6.819455121643841,increases predicted RUL,118.46894073486328,81.0
90,Sensor_14,-0.18083294309808295,0.7237229091115296,increases predicted RUL,118.46894073486328,81.0
90,Sensor_15,0.6613979949720726,0.29598815203644335,increases predicted RUL,118.46894073486328,81.0
90,Sensor_17,0.15621503881246496,4.664790742332116,increases predicted RUL,118.46894073486328,81.0
90,Sensor_20,-0.5123483881419663,3.1156569262966514,increases predicted RUL,118.46894073486328,81.0
90,Sensor_21,-0.5401393321828162,-1.6129798798356205,decreases predicted RUL,118.46894073486328,81.0
91,Sensor_2,0.7998748907711546,-2.837551983189769,decreases predicted RUL,13.435219764709473,14.0
91,Sensor_3,1.0320982495924798,-2.0443307577515952,decreases predicted RUL,13.435219764709473,14.0
91,Sensor_4,0.9934673215294961,-6.318418508744799,decreases predicted RUL,13.435219764709473,14.0
91,Sensor_7,2.477955374895131,-1.221079486887902,decreases predicted RUL,13.435219764709473,14.0
91,Sensor_8,1.4655652087648132,-13.66675001103431,decreases predicted RUL,13.435219764709473,14.0
91,Sensor_9,1.7688445513400128,-5.890062829712406,decreases predicted RUL,13.435219764709473,14.0
91,Sensor_11,1.0646505077161377,-4.518617904337589,decreases predicted RUL,13.435219764709473,14.0
91,Sensor_12,2.5320407467784007,-7.101185890380293,decreases predicted RUL,13.435219764709473,14.0
91,Sensor_13,1.4536095258041875,-20.81126549001783,decreases predicted RUL,13.435219764709473,14.0
91,Sensor_14,1.7305126908149067,-12.002736147493124,decreases predicted RUL,13.435219764709473,14.0
91,Sensor_15,-1.8659885733951453,2.8987013455480337,increases predicted RUL,13.435219764709473,14.0
91,Sensor_17,1.0076189901477113,-2.490500513027655,decreases predicted RUL,13.435219764709473,14.0
91,Sensor_20,1.6320525376485966,2.5040430603548884,increases predicted RUL,13.435219764709473,14.0
91,Sensor_21,1.7538950467516887,-0.25845280662178993,decreases predicted RUL,13.435219764709473,14.0
92,Sensor_2,-0.5526291198093694,-1.9914049529470503,decreases predicted RUL,72.22815704345703,67.0
92,Sensor_3,-0.5080420406487047,2.425963604124263,increases predicted RUL,72.22815704345703,67.0
92,Sensor_4,-0.5971327955124065,5.3504756757756695,increases predicted RUL,72.22815704345703,67.0
92,Sensor_7,0.399184861430299,-1.7096234932541847,decreases predicted RUL,72.22815704345703,67.0
92,Sensor_8,-0.07722113042952118,-6.355725820991211,decreases predicted RUL,72.22815704345703,67.0
92,Sensor_9,-0.15690560252839783,-3.168020091834478,decreases predicted RUL,72.22815704345703,67.0
92,Sensor_11,-0.5889328324444613,-5.3216081680729985,decreases predicted RUL,72.22815704345703,67.0
92,Sensor_12,0.40632910748224477,-5.425727026769891,decreases predicted RUL,72.22815704345703,67.0
92,Sensor_13,-0.021739265172788187,-5.641756673809141,decreases predicted RUL,72.22815704345703,67.0
92,Sensor_14,-0.061455120995867245,-5.133710654743481,decreases predicted RUL,72.22815704345703,67.0
92,Sensor_15,-0.49283428973447707,8.025330186887004,increases predicted RUL,72.22815704345703,67.0
92,Sensor_17,-0.33398723619873727,0.7394163920544088,increases predicted RUL,72.22815704345703,67.0
92,Sensor_20,0.5965680854029566,1.465516830328852,increases predicted RUL,72.22815704345703,67.0
92,Sensor_21,0.7657721139792549,3.0715047852136195,increases predicted RUL,72.22815704345703,67.0
93,Sensor_2,1.1057067590712983,-3.6654879399575293,decreases predicted RUL,6.809132099151611,10.0
93,Sensor_3,1.3555494984410958,-2.567855261848308,decreases predicted RUL,6.809132099151611,10.0
93,Sensor_4,1.369473620505442,-6.00920599210076,decreases predicted RUL,6.809132099151611,10.0
93,Sensor_7,3.3581400248112288,-0.12786822207272053,decreases predicted RUL,6.809132099151611,10.0
93,Sensor_8,2.2193787710330573,-15.408281529555097,decreases predicted RUL,6.809132099151611,10.0
93,Sensor_9,2.4363294017880675,-8.70393540058285,decreases predicted RUL,6.809132099151611,10.0
93,Sensor_11,1.6896703307606316,-8.838863898068666,decreases predicted RUL,6.809132099151611,10.0
93,Sensor_12,3.404314215601762,-1.4692903701215982,decreases predicted RUL,6.809132099151611,10.0
93,Sensor_13,2.2053616769322417,-22.4319254104048,decreases predicted RUL,6.809132099151611,10.0
93,Sensor_14,2.342944890908008,-6.024963144212961,decreases predicted RUL,6.809132099151611,10.0
93,Sensor_15,-2.0480782696861057,-1.1898612342774868,decreases predicted RUL,6.809132099151611,10.0
93,Sensor_17,1.5881216842399255,-4.059409002307802,decreases predicted RUL,6.809132099151611,10.0
93,Sensor_20,2.236240054668043,4.969835063035134,increases predicted RUL,6.809132099151611,10.0
93,Sensor_21,2.12230172370117,-0.5108131337910891,decreases predicted RUL,6.809132099151611,10.0
94,Sensor_2,-0.6445925487388031,-1.9503513183444738,decreases predicted RUL,103.66439819335938,127.0
94,Sensor_3,-0.3233730994301747,3.1809112830087543,increases predicted RUL,103.66439819335938,127.0
94,Sensor_4,-0.6141861522310929,3.6474447823129594,increases predicted RUL,103.66439819335938,127.0
94,Sensor_7,0.3651829332658418,2.89028951828368,increases predicted RUL,103.66439819335938,127.0
94,Sensor_8,-0.07159565608443191,0.7126976526342332,increases predicted RUL,103.66439819335938,127.0
94,Sensor_9,-0.07709523991109012,-1.7344816233962774,decreases predicted RUL,103.66439819335938,127.0
94,Sensor_11,-0.49041142275901106,-3.8008672166615725,decreases predicted RUL,103.66439819335938,127.0
94,Sensor_12,0.38024582573022875,0.9500732915475965,increases predicted RUL,103.66439819335938,127.0
94,Sensor_13,-0.08508916554902983,2.126449671573937,increases predicted RUL,103.66439819335938,127.0
94,Sensor_14,-0.05285314903969146,1.5675912788137794,increases predicted RUL,103.66439819335938,127.0
94,Sensor_15,-0.5344240981582881,3.939296462573111,increases predicted RUL,103.66439819335938,127.0
94,Sensor_17,-0.3726874158048847,0.31623252807185054,increases predicted RUL,103.66439819335938,127.0
94,Sensor_20,0.4943209671381251,3.295744807459414,increases predicted RUL,103.66439819335938,127.0
94,Sensor_21,0.5164141534070548,2.36574664991349,increases predicted RUL,103.66439819335938,127.0
95,Sensor_2,0.12405062235961671,4.570740181254223,increases predicted RUL,116.12112426757812,113.0
95,Sensor_3,0.5349380324399916,-0.788715883390978,decreases predicted RUL,116.12112426757812,113.0
95,Sensor_4,0.2280641519839848,1.688463439248153,increases predicted RUL,116.12112426757812,113.0
95,Sensor_7,1.6803059316603315,4.192559185437858,increases predicted RUL,116.12112426757812,113.0
95,Sensor_8,0.7891019187436412,1.7143475897610188,increases predicted RUL,116.12112426757812,113.0
95,Sensor_9,0.9710644632024712,4.855748129310086,increases predicted RUL,116.12112426757812,113.0
95,Sensor_11,0.35687270053586007,2.323152886237949,increases predicted RUL,116.12112426757812,113.0
95,Sensor_12,1.6961625548183232,2.477220235974528,increases predicted RUL,116.12112426757812,113.0
95,Sensor_13,0.8299649509918521,-0.682970320340246,decreases predicted RUL,116.12112426757812,113.0
95,Sensor_14,0.9827678681106059,0.1369183473289013,increases predicted RUL,116.12112426757812,113.0
95,Sensor_15,-1.2202339003498057,6.227163871750236,increases predicted RUL,116.12112426757812,113.0
95,Sensor_17,0.23361539802476006,2.9086709761759266,increases predicted RUL,116.12112426757812,113.0
95,Sensor_20,1.3569148375905085,6.103451085276902,increases predicted RUL,116.12112426757812,113.0
95,Sensor_21,1.3733604560729002,3.6183314342051744,increases predicted RUL,116.12112426757812,113.0
96,Sensor_2,-0.6728231827357486,3.4475345499813557,increases predicted RUL,121.83853912353516,123.0
96,Sensor_3,-0.4227721308940634,0.9297699724556878,increases predicted RUL,121.83853912353516,123.0
96,Sensor_4,-0.8036996059751823,6.701081059174612,increases predicted RUL,121.83853912353516,123.0
96,Sensor_7,-0.18285656573852152,3.3376501119928434,increases predicted RUL,121.83853912353516,123.0
96,Sensor_8,-0.2783318382738644,0.8166413027793169,increases predicted RUL,121.83853912353516,123.0
96,Sensor_9,-0.22281677113711978,-0.828172592446208,decreases predicted RUL,121.83853912353516,123.0
96,Sensor_11,-0.7426262315537648,4.430253389291465,increases predicted RUL,121.83853912353516,123.0
96,Sensor_12,-0.16818550250337808,5.135925805196166,increases predicted RUL,121.83853912353516,123.0
96,Sensor_13,-0.30329437795503134,6.39430071040988,increases predicted RUL,121.83853912353516,123.0
96,Sensor_14,-0.2163689583924577,1.8633104939945042,increases predicted RUL,121.83853912353516,123.0
96,Sensor_15,-0.046127518997927684,0.2330020999070257,increases predicted RUL,121.83853912353516,123.0
96,Sensor_17,-0.5532882539669065,1.2966953651048243,increases predicted RUL,121.83853912353516,123.0
96,Sensor_20,0.23684413296214668,2.0900008582975715,increases predicted RUL,121.83853912353516,123.0
96,Sensor_21,0.32800554216410754,0.7261724412055628,increases predicted RUL,121.83853912353516,123.0
97,Sensor_2,1.317008777169577,-5.524683827534318,decreases predicted RUL,16.223499298095703,17.0
97,Sensor_3,1.2543017968470223,0.2758564716205001,increases predicted RUL,16.223499298095703,17.0
97,Sensor_4,1.6476787997781137,-11.682530080899596,decreases predicted RUL,16.223499298095703,17.0
97,Sensor_7,-0.8028369864382063,-0.9638481646215951,decreases predicted RUL,16.223499298095703,17.0
97,Sensor_8,0.4529798266134468,-0.2605888892430812,decreases predicted RUL,16.223499298095703,17.0
97,Sensor_9,1.6781115446414738,-13.522228025831282,decreases predicted RUL,16.223499298095703,17.0
97,Sensor_11,1.6329219987818124,-4.208044469356537,decreases predicted RUL,16.223499298095703,17.0
97,Sensor_12,-0.7787162718849595,-2.267960897355806,decreases predicted RUL,16.223499298095703,17.0
97,Sensor_13,0.49772991790940985,0.9223064705729485,increases predicted RUL,16.223499298095703,17.0
97,Sensor_14,1.485693361461032,-21.105144786648452,decreases predicted RUL,16.223499298095703,17.0
97,Sensor_15,1.4718621214891987,-4.6639889776706696,decreases predicted RUL,16.223499298095703,17.0
97,Sensor_17,1.3688206664717553,-2.711513629183173,decreases predicted RUL,16.223499298095703,17.0
97,Sensor_20,-1.501356877539957,-3.784091392182745,decreases predicted RUL,16.223499298095703,17.0
97,Sensor_21,-1.5697728764425167,0.7004354289674666,increases predicted RUL,16.223499298095703,17.0
98,Sensor_2,0.857191632522503,-2.8619022309430875,decreases predicted RUL,9.436827659606934,8.0
98,Sensor_3,0.9593398751831796,-1.7595334864454344,decreases predicted RUL,9.436827659606934,8.0
98,Sensor_4,1.053451374032331,-8.849735239869915,decreases predicted RUL,9.436827659606934,8.0
98,Sensor_7,2.6998626955473686,2.0980310700833797,increases predicted RUL,9.436827659606934,8.0
98,Sensor_8,1.6666759166086453,-16.42289812862873,decreases predicted RUL,9.436827659606934,8.0
98,Sensor_9,1.9125213221811714,-9.107881776988506,decreases predicted RUL,9.436827659606934,8.0
98,Sensor_11,1.379130847432093,-8.482076323824003,decreases predicted RUL,9.436827659606934,8.0
98,Sensor_12,2.762771637392926,-4.127307924441993,decreases predicted RUL,9.436827659606934,8.0
98,Sensor_13,1.612688164526346,-21.74580042809248,decreases predicted RUL,9.436827659606934,8.0
98,Sensor_14,1.918392919824973,-12.94280184712261,decreases predicted RUL,9.436827659606934,8.0
98,Sensor_15,-1.9788642342649296,0.8517582695931196,increases predicted RUL,9.436827659606934,8.0
98,Sensor_17,1.1624197085723018,-2.6834754501469433,decreases predicted RUL,9.436827659606934,8.0
98,Sensor_20,1.8504895630325506,4.694826889783144,increases predicted RUL,9.436827659606934,8.0
98,Sensor_21,1.8295899565793992,-0.9428955895127729,decreases predicted RUL,9.436827659606934,8.0
99,Sensor_2,0.2720475824041907,0.05899767950177193,increases predicted RUL,26.258317947387695,28.0
99,Sensor_3,0.28672105549646115,-1.0772202156949788,decreases predicted RUL,26.258317947387695,28.0
99,Sensor_4,0.19709696865381765,-2.13170531578362,decreases predicted RUL,26.258317947387695,28.0
99,Sensor_7,1.3286186199298646,3.31601183116436,increases predicted RUL,26.258317947387695,28.0
99,Sensor_8,0.5429874161378806,-15.638803335721605,decreases predicted RUL,26.258317947387695,28.0
99,Sensor_9,0.8141614574667454,-7.517384108854458,decreases predicted RUL,26.258317947387695,28.0
99,Sensor_11,0.3245576781590339,-6.285272076318506,decreases predicted RUL,26.258317947387695,28.0
99,Sensor_12,1.3342570205090478,-3.959301952738315,decreases predicted RUL,26.258317947387695,28.0
99,Sensor_13,0.620206391969559,-19.83940421009902,decreases predicted RUL,26.258317947387695,28.0
99,Sensor_14,0.834231084605029,-12.232490935362875,decreases predicted RUL,26.258317947387695,28.0
99,Sensor_15,-1.164716877481492,4.914914847351611,increases predicted RUL,26.258317947387695,28.0
99,Sensor_17,0.23361539802476008,-2.253083282892476,decreases predicted RUL,26.258317947387695,28.0
99,Sensor_20,1.1329006966648367,3.3959740758291446,increases predicted RUL,26.258317947387695,28.0
99,Sensor_21,0.9692050883351316,2.008000686764717,increases predicted RUL,26.258317947387695,28.0
