Sample,Feature,Feature_Value,SHAP_Value,Influence,Prediction,Actual_RUL
0,Regime_ID,2.36,-8.03181468974799,decreases predicted RUL,38.35087203979492,22.0
0,Sensor_1,-0.08183146523605642,1.6557521305512637,increases predicted RUL,38.35087203979492,22.0
0,Sensor_2,-0.3756181954360591,-1.867219404084608,decreases predicted RUL,38.35087203979492,22.0
0,Sensor_3,-0.1246458086588838,0.7634494890226051,increases predicted RUL,38.35087203979492,22.0
0,Sensor_4,-0.11695001707778861,-0.3950312132947147,decreases predicted RUL,38.35087203979492,22.0
0,Sensor_5,0.05474547509812507,0.911464407981839,increases predicted RUL,38.35087203979492,22.0
0,Sensor_6,-2.3292555721409016,-10.210849937284365,decreases predicted RUL,38.35087203979492,22.0
0,Sensor_7,0.41030147365168135,-6.303949005203322,decreases predicted RUL,38.35087203979492,22.0
0,Sensor_8,0.3900580027123147,-5.565075273334514,decreases predicted RUL,38.35087203979492,22.0
0,Sensor_9,0.39438537095871645,-19.387716687226202,decreases predicted RUL,38.35087203979492,22.0
0,Sensor_10,0.2422929836265242,0.6123123955912888,increases predicted RUL,38.35087203979492,22.0
0,Sensor_11,-0.07661134355301537,-5.599588699173182,decreases predicted RUL,38.35087203979492,22.0
0,Sensor_12,0.44518215722554955,-4.819150474853814,decreases predicted RUL,38.35087203979492,22.0
0,Sensor_13,0.35142578141856895,-3.2106366697407793,decreases predicted RUL,38.35087203979492,22.0
0,Sensor_14,0.51855017163235,-7.921202672529034,decreases predicted RUL,38.35087203979492,22.0
0,Sensor_15,-1.1643876108202678,-8.25221953401342,decreases predicted RUL,38.35087203979492,22.0
0,Sensor_17,0.10559194763879992,-7.3230695956153795,decreases predicted RUL,38.35087203979492,22.0
0,Sensor_18,0.0,0.0,decreases predicted RUL,38.35087203979492,22.0
0,Sensor_19,-0.3625966037368238,0.24513138554175384,increases predicted RUL,38.35087203979492,22.0
0,Sensor_20,0.37469515845121193,-0.2116088950424455,decreases predicted RUL,38.35087203979492,22.0
0,Sensor_21,0.3254572962931272,0.4618174461647868,increases predicted RUL,38.35087203979492,22.0
0,Sensor_11_diff1,0.034720545274857226,0.8476540530100465,increases predicted RUL,38.35087203979492,22.0
0,Sensor_11_roll_mean5,-0.1334325711959857,-4.379568079370074,decreases predicted RUL,38.35087203979492,22.0
0,Sensor_11_roll_std5,0.7330774928286388,-3.269543890375644,decreases predicted RUL,38.35087203979492,22.0
0,Sensor_4_diff1,0.026605205919812747,-0.5967956646345556,decreases predicted RUL,38.35087203979492,22.0
0,Sensor_4_roll_mean5,-0.18135358736737892,2.814633980859071,increases predicted RUL,38.35087203979492,22.0
0,Sensor_4_roll_std5,-0.5088997353198598,-0.9519378504191991,decreases predicted RUL,38.35087203979492,22.0
0,Sensor_17_diff1,0.04657885836568587,-0.000583470449782908,decreases predicted RUL,38.35087203979492,22.0
0,Sensor_17_roll_mean5,0.061598098220697395,10.085831147735007,increases predicted RUL,38.35087203979492,22.0
0,Sensor_17_roll_std5,-0.10566209764623061,-0.3279413074051263,decreases predicted RUL,38.35087203979492,22.0
0,Sensor_8_diff1,0.020939574367971812,-2.1422480258625,decreases predicted RUL,38.35087203979492,22.0
0,Sensor_8_roll_mean5,0.3993627493100377,3.5866708639077842,increases predicted RUL,38.35087203979492,22.0
0,Sensor_8_roll_std5,-0.37200746357488024,-0.33034998911898583,decreases predicted RUL,38.35087203979492,22.0
0,Sensor_13_diff1,0.012332361684597764,-2.352385440841317,decreases predicted RUL,38.35087203979492,22.0
0,Sensor_13_roll_mean5,0.35343448078015255,9.259134885855019,increases predicted RUL,38.35087203979492,22.0
0,Sensor_13_roll_std5,-0.27623150944814595,1.5462861632695422,increases predicted RUL,38.35087203979492,22.0
0,Sensor_9_diff1,0.056112630612288675,-1.023746745660901,decreases predicted RUL,38.35087203979492,22.0
0,Sensor_9_roll_mean5,0.36855149257732356,9.670499368337914,increases predicted RUL,38.35087203979492,22.0
0,Sensor_9_roll_std5,0.23140719471447224,-2.2263570125214756,decreases predicted RUL,38.35087203979492,22.0
0,Regime_OneHot_0,-0.16173662177371273,2.213476893492043,increases predicted RUL,38.35087203979492,22.0
0,Regime_OneHot_1,-0.1401245517294491,-0.28282391712491517,decreases predicted RUL,38.35087203979492,22.0
0,Regime_OneHot_2,0.3625966037301022,-3.343315204954706,decreases predicted RUL,38.35087203979492,22.0
0,Regime_OneHot_3,0.03212413255847363,2.061574006178489,increases predicted RUL,38.35087203979492,22.0
0,Regime_OneHot_4,0.08326462625992036,4.34068302041851,increases predicted RUL,38.35087203979492,22.0
0,Regime_OneHot_5,-0.1417424627902738,3.6543301250057993,increases predicted RUL,38.35087203979492,22.0
1,Regime_ID,2.16,-5.9657849912764505,decreases predicted RUL,44.50096893310547,39.0
1,Sensor_1,-0.026309835652805154,0.934354298748076,increases predicted RUL,44.50096893310547,39.0
1,Sensor_2,0.6301228432504956,-2.78831257391721,decreases predicted RUL,44.50096893310547,39.0
1,Sensor_3,0.391765526676027,-1.7317626317963004,decreases predicted RUL,44.50096893310547,39.0
1,Sensor_4,0.5126903043395934,-9.043768116040155,decreases predicted RUL,44.50096893310547,39.0
1,Sensor_5,0.107549173356711,0.44258726239786483,increases predicted RUL,44.50096893310547,39.0
1,Sensor_6,0.684127075799616,-0.2607234362512827,decreases predicted RUL,44.50096893310547,39.0
1,Sensor_7,-0.3170954504810246,0.42816752078942955,increases predicted RUL,44.50096893310547,39.0
1,Sensor_8,-0.5293047255668237,2.5146707384847105,increases predicted RUL,44.50096893310547,39.0
1,Sensor_9,-0.5188127398874139,9.958968930644915,increases predicted RUL,44.50096893310547,39.0
1,Sensor_10,-0.13462150792471342,-1.2110013114433968,decreases predicted RUL,44.50096893310547,39.0
1,Sensor_11,0.5504669888842886,-16.21846111305058,decreases predicted RUL,44.50096893310547,39.0
1,Sensor_12,-0.33921083305101213,1.881158955162391,increases predicted RUL,44.50096893310547,39.0
1,Sensor_13,-0.4875237321894877,0.07821270212298259,increases predicted RUL,44.50096893310547,39.0
1,Sensor_14,-0.635351221805248,4.310227231821045,increases predicted RUL,44.50096893310547,39.0
1,Sensor_15,0.7616268613759501,-4.42632951005362,decreases predicted RUL,44.50096893310547,39.0
1,Sensor_17,0.3347383725082564,-6.685969139565714,decreases predicted RUL,44.50096893310547,39.0
1,Sensor_18,0.0,0.0,decreases predicted RUL,44.50096893310547,39.0
1,Sensor_19,-0.13879052403977235,-0.4930248123127967,decreases predicted RUL,44.50096893310547,39.0
1,Sensor_20,-0.3334475100087409,0.8419873802922666,increases predicted RUL,44.50096893310547,39.0
1,Sensor_21,-0.6086368181886526,-7.636431945022196,decreases predicted RUL,44.50096893310547,39.0
1,Sensor_11_diff1,0.023418364681031503,-1.163936136290431,decreases predicted RUL,44.50096893310547,39.0
1,Sensor_11_roll_mean5,0.5767529390589516,-2.095427726395428,decreases predicted RUL,44.50096893310547,39.0
1,Sensor_11_roll_std5,-0.26309372209142984,0.5022570636938326,increases predicted RUL,44.50096893310547,39.0
1,Sensor_4_diff1,0.023519959954144312,1.3795460926485248,increases predicted RUL,44.50096893310547,39.0
1,Sensor_4_roll_mean5,0.5553000588054187,-8.067449166439474,decreases predicted RUL,44.50096893310547,39.0
1,Sensor_4_roll_std5,0.20503286180195268,0.3641022271476686,increases predicted RUL,44.50096893310547,39.0
1,Sensor_17_diff1,0.004513662910031104,1.0543807848589495,increases predicted RUL,44.50096893310547,39.0
1,Sensor_17_roll_mean5,0.3819091259067309,1.1461814908543602,increases predicted RUL,44.50096893310547,39.0
1,Sensor_17_roll_std5,-0.20690022615335188,0.6025765012745978,increases predicted RUL,44.50096893310547,39.0
1,Sensor_8_diff1,-0.03130062369529187,3.213374876882881,increases predicted RUL,44.50096893310547,39.0
1,Sensor_8_roll_mean5,-0.5705597534069665,-5.972797100432217,decreases predicted RUL,44.50096893310547,39.0
1,Sensor_8_roll_std5,0.07219190874008646,1.2567855558154406,increases predicted RUL,44.50096893310547,39.0
1,Sensor_13_diff1,-0.039173892149968664,2.415023911977187,increases predicted RUL,44.50096893310547,39.0
1,Sensor_13_roll_mean5,-0.5116476044891605,-1.2622259110212326,decreases predicted RUL,44.50096893310547,39.0
1,Sensor_13_roll_std5,0.24337783829200013,-11.501506263623014,decreases predicted RUL,44.50096893310547,39.0
1,Sensor_9_diff1,-0.06808551446795814,1.4820118751376867,increases predicted RUL,44.50096893310547,39.0
1,Sensor_9_roll_mean5,-0.5071868141209434,-8.589933324605227,decreases predicted RUL,44.50096893310547,39.0
1,Sensor_9_roll_std5,-0.17292487424679714,0.026522983331233263,increases predicted RUL,44.50096893310547,39.0
1,Regime_OneHot_0,0.02300622463423001,2.899191857781261,increases predicted RUL,44.50096893310547,39.0
1,Regime_OneHot_1,-0.08411949123933347,-0.15678336075507104,decreases predicted RUL,44.50096893310547,39.0
1,Regime_OneHot_2,0.13879052403723244,0.422134943320998,increases predicted RUL,44.50096893310547,39.0
1,Regime_OneHot_3,0.03212413255847363,1.2534170566359535,increases predicted RUL,44.50096893310547,39.0
1,Regime_OneHot_4,-0.028681521480621374,0.6821115454658866,increases predicted RUL,44.50096893310547,39.0
1,Regime_OneHot_5,-0.08584010988034606,3.3450467414222658,increases predicted RUL,44.50096893310547,39.0
2,Regime_ID,2.56,1.7979811867699027,increases predicted RUL,102.56794738769531,107.0
2,Sensor_1,-0.026309835652805168,3.371653310023248,increases predicted RUL,102.56794738769531,107.0
2,Sensor_2,-0.4326355710930946,3.4428371731191874,increases predicted RUL,102.56794738769531,107.0
2,Sensor_3,-0.588697826659261,0.6480463403568137,increases predicted RUL,102.56794738769531,107.0
2,Sensor_4,-0.7543929128817772,9.397114905528724,increases predicted RUL,102.56794738769531,107.0
2,Sensor_5,-0.29727917995911496,-0.2781228630337864,decreases predicted RUL,102.56794738769531,107.0
2,Sensor_6,-1.2398178051027224,-8.193582478852477,decreases predicted RUL,102.56794738769531,107.0
2,Sensor_7,-0.04215036595327117,4.125240146764554,increases predicted RUL,102.56794738769531,107.0
2,Sensor_8,-0.2730098717346402,2.5306627323880093,increases predicted RUL,102.56794738769531,107.0
2,Sensor_9,-0.29778912587218465,15.634537612597342,increases predicted RUL,102.56794738769531,107.0
2,Sensor_10,-0.23881324517898597,-0.8123510354198515,decreases predicted RUL,102.56794738769531,107.0
2,Sensor_11,-0.8514524139196763,11.069678149186075,increases predicted RUL,102.56794738769531,107.0
2,Sensor_12,-0.04447810836137062,1.7284359051845968,increases predicted RUL,102.56794738769531,107.0
2,Sensor_13,-0.29005779181750696,1.9165265748742968,increases predicted RUL,102.56794738769531,107.0
2,Sensor_14,-0.14955863673542028,3.503366815217305,increases predicted RUL,102.56794738769531,107.0
2,Sensor_15,-0.43102697441399657,1.0791023993806448,increases predicted RUL,102.56794738769531,107.0
2,Sensor_17,-0.5250187137344952,8.853366070892662,increases predicted RUL,102.56794738769531,107.0
2,Sensor_18,0.0,0.0,decreases predicted RUL,102.56794738769531,107.0
2,Sensor_19,0.08501555565727888,-1.0365942243370228,decreases predicted RUL,102.56794738769531,107.0
2,Sensor_20,0.18882537894945867,0.8494553075870499,increases predicted RUL,102.56794738769531,107.0
2,Sensor_21,0.25617560927656485,0.6711398397383164,increases predicted RUL,102.56794738769531,107.0
2,Sensor_11_diff1,-0.017331062706598357,2.0336427558213472,increases predicted RUL,102.56794738769531,107.0
2,Sensor_11_roll_mean5,-0.9089462424228549,-1.8107430569943972,decreases predicted RUL,102.56794738769531,107.0
2,Sensor_11_roll_std5,-0.2628650999549221,-0.37942987687893037,decreases predicted RUL,102.56794738769531,107.0
2,Sensor_4_diff1,-0.008841941212287138,-0.21067929302807897,decreases predicted RUL,102.56794738769531,107.0
2,Sensor_4_roll_mean5,-0.8529594891595231,-2.0074302880093455,decreases predicted RUL,102.56794738769531,107.0
2,Sensor_4_roll_std5,-0.4045088091394533,-1.1180302481916442,decreases predicted RUL,102.56794738769531,107.0
2,Sensor_17_diff1,-0.0005042480516791958,-0.8964862022548914,decreases predicted RUL,102.56794738769531,107.0
2,Sensor_17_roll_mean5,-0.6504779090736441,-8.512743867380777,decreases predicted RUL,102.56794738769531,107.0
2,Sensor_17_roll_std5,-0.3150041638475231,-0.2575642831143341,decreases predicted RUL,102.56794738769531,107.0
2,Sensor_8_diff1,0.01635842070297464,0.6092077344655991,increases predicted RUL,102.56794738769531,107.0
2,Sensor_8_roll_mean5,-0.33002537653213365,-4.4660607990808785,decreases predicted RUL,102.56794738769531,107.0
2,Sensor_8_roll_std5,-0.373193202137616,-0.6906966025017027,decreases predicted RUL,102.56794738769531,107.0
2,Sensor_13_diff1,0.020720821321099737,0.49011956062167883,increases predicted RUL,102.56794738769531,107.0
2,Sensor_13_roll_mean5,-0.36795602751910933,-12.119977448741338,decreases predicted RUL,102.56794738769531,107.0
2,Sensor_13_roll_std5,-0.3311224468298487,2.0959553692955524,increases predicted RUL,102.56794738769531,107.0
2,Sensor_9_diff1,0.01245132968353423,0.01749393600039184,increases predicted RUL,102.56794738769531,107.0
2,Sensor_9_roll_mean5,-0.318123307499847,-11.194034623928019,decreases predicted RUL,102.56794738769531,107.0
2,Sensor_9_roll_std5,-0.036356656832472446,-0.4270017580129206,decreases predicted RUL,102.56794738769531,107.0
2,Regime_OneHot_0,-0.11555091017172721,-0.33511737477965653,decreases predicted RUL,102.56794738769531,107.0
2,Regime_OneHot_1,0.027890629740898055,-0.33908706542570144,decreases predicted RUL,102.56794738769531,107.0
2,Regime_OneHot_2,-0.08501555565563727,-1.6452923601609655,decreases predicted RUL,102.56794738769531,107.0
2,Regime_OneHot_3,-0.13657227576358325,0.28425391484051943,increases predicted RUL,102.56794738769531,107.0
2,Regime_OneHot_4,0.25118384787073317,-4.845914011821151,decreases predicted RUL,102.56794738769531,107.0
2,Regime_OneHot_5,0.08186694884943738,-1.8727780405897647,decreases predicted RUL,102.56794738769531,107.0
3,Regime_ID,2.24,-0.4274189621210098,decreases predicted RUL,111.57293701171875,75.0
3,Sensor_1,-0.070727139319406,-1.6233736975118518,decreases predicted RUL,111.57293701171875,75.0
3,Sensor_2,-0.7330395188781311,4.991362858098,increases predicted RUL,111.57293701171875,75.0
3,Sensor_3,-0.7895310808447888,-2.4755079494789243,decreases predicted RUL,111.57293701171875,75.0
3,Sensor_4,-1.059956822790841,7.142776748165488,increases predicted RUL,111.57293701171875,75.0
3,Sensor_5,-0.06846315417190883,-0.6080204937061353,decreases predicted RUL,111.57293701171875,75.0
3,Sensor_6,-1.3658494385873758,-8.021008790179621,decreases predicted RUL,111.57293701171875,75.0
3,Sensor_7,-0.4294050794875347,11.139774961629882,increases predicted RUL,111.57293701171875,75.0
3,Sensor_8,-0.5766122407105579,6.941319032339379,increases predicted RUL,111.57293701171875,75.0
3,Sensor_9,-0.5338439078394617,14.753058147616684,increases predicted RUL,111.57293701171875,75.0
3,Sensor_10,-0.24802786597074047,0.15314417582703754,increases predicted RUL,111.57293701171875,75.0
3,Sensor_11,-0.8074826151152612,5.317417510319501,increases predicted RUL,111.57293701171875,75.0
3,Sensor_12,-0.41662014670681236,7.778253004420549,increases predicted RUL,111.57293701171875,75.0
3,Sensor_13,-0.5613313676028504,2.363239216268994,increases predicted RUL,111.57293701171875,75.0
3,Sensor_14,-0.3947755804468279,4.411047435947694,increases predicted RUL,111.57293701171875,75.0
3,Sensor_15,-0.2649303952870758,2.8380615162022877,increases predicted RUL,111.57293701171875,75.0
3,Sensor_17,-0.8029517198681885,7.941290982416831,increases predicted RUL,111.57293701171875,75.0
3,Sensor_18,0.0,0.0,decreases predicted RUL,111.57293701171875,75.0
3,Sensor_19,0.085015555657279,0.027601091656833887,increases predicted RUL,111.57293701171875,75.0
3,Sensor_20,0.0314707461536152,2.4343664519838057,increases predicted RUL,111.57293701171875,75.0
3,Sensor_21,-0.030245303487647153,-1.5255158848594874,decreases predicted RUL,111.57293701171875,75.0
3,Sensor_11_diff1,-0.014562224828345105,0.4551869824063033,increases predicted RUL,111.57293701171875,75.0
3,Sensor_11_roll_mean5,-0.8823875797164785,-2.293143067508936,decreases predicted RUL,111.57293701171875,75.0
3,Sensor_11_roll_std5,0.8178624405579391,-0.2504404654027894,decreases predicted RUL,111.57293701171875,75.0
3,Sensor_4_diff1,-0.0070352657584849395,0.6011998030080576,increases predicted RUL,111.57293701171875,75.0
3,Sensor_4_roll_mean5,-1.2241811157763878,-5.674864270433318,decreases predicted RUL,111.57293701171875,75.0
3,Sensor_4_roll_std5,0.4080229213134972,0.004531476879492402,increases predicted RUL,111.57293701171875,75.0
3,Sensor_17_diff1,-0.014412299293035977,-0.7503725737915374,decreases predicted RUL,111.57293701171875,75.0
3,Sensor_17_roll_mean5,-0.9668412744613702,-10.336662138230167,decreases predicted RUL,111.57293701171875,75.0
3,Sensor_17_roll_std5,0.20352887983016676,-1.3297904168139212,decreases predicted RUL,111.57293701171875,75.0
3,Sensor_8_diff1,0.0006310501195414642,0.7150399265810847,increases predicted RUL,111.57293701171875,75.0
3,Sensor_8_roll_mean5,-0.6823262787143559,-4.115690677892417,decreases predicted RUL,111.57293701171875,75.0
3,Sensor_8_roll_std5,-0.07188039446278402,-1.0524659245566,decreases predicted RUL,111.57293701171875,75.0
3,Sensor_13_diff1,0.004264607567960165,1.5558578874915838,increases predicted RUL,111.57293701171875,75.0
3,Sensor_13_roll_mean5,-0.6686059928478297,-13.256340179010294,decreases predicted RUL,111.57293701171875,75.0
3,Sensor_13_roll_std5,-0.09543060051296778,-0.7724633555626497,decreases predicted RUL,111.57293701171875,75.0
3,Sensor_9_diff1,-0.020621147000237247,-0.7025952299591154,decreases predicted RUL,111.57293701171875,75.0
3,Sensor_9_roll_mean5,-0.5665684194394516,-12.478648103773594,decreases predicted RUL,111.57293701171875,75.0
3,Sensor_9_roll_std5,0.04246221414718911,0.49885976524092257,increases predicted RUL,111.57293701171875,75.0
3,Regime_OneHot_0,-0.06936519856974152,-0.796340118162334,decreases predicted RUL,111.57293701171875,75.0
3,Regime_OneHot_1,0.1399007507211294,-0.9494915679351834,decreases predicted RUL,111.57293701171875,75.0
3,Regime_OneHot_2,-0.08501555565563727,0.6199534155603033,increases predicted RUL,111.57293701171875,75.0
3,Regime_OneHot_3,0.03212413255847363,0.04578752303496003,increases predicted RUL,111.57293701171875,75.0
3,Regime_OneHot_4,0.08326462625992043,0.8979908348992467,increases predicted RUL,111.57293701171875,75.0
3,Regime_OneHot_5,-0.08584010988034604,2.6766402778448537,increases predicted RUL,111.57293701171875,75.0
4,Regime_ID,1.78,-6.53936133813113,decreases predicted RUL,119.3781967163086,149.0
4,Sensor_1,-0.28170933173576046,2.259542917832732,increases predicted RUL,119.3781967163086,149.0
4,Sensor_2,0.8941459737630361,-1.7902369531802833,decreases predicted RUL,119.3781967163086,149.0
4,Sensor_3,0.6882915770225597,0.859038178838091,increases predicted RUL,119.3781967163086,149.0
4,Sensor_4,0.7071301449671037,-4.703181242570281,decreases predicted RUL,119.3781967163086,149.0
4,Sensor_5,0.08994794060384907,0.7907125189158251,increases predicted RUL,119.3781967163086,149.0
4,Sensor_6,0.7895244645149111,3.3806713321246207,increases predicted RUL,119.3781967163086,149.0
4,Sensor_7,-0.4699421877555372,4.674579578451812,increases predicted RUL,119.3781967163086,149.0
4,Sensor_8,-0.1040057511795693,0.7582114738470409,increases predicted RUL,119.3781967163086,149.0
4,Sensor_9,-0.0825816114830013,5.889449181413511,increases predicted RUL,119.3781967163086,149.0
4,Sensor_10,-0.21322140877964302,-0.626424050424248,decreases predicted RUL,119.3781967163086,149.0
4,Sensor_11,0.8695972362408179,-4.252710415574256,decreases predicted RUL,119.3781967163086,149.0
4,Sensor_12,-0.4374191316821374,3.7351962130051106,increases predicted RUL,119.3781967163086,149.0
4,Sensor_13,-0.12475369915345773,1.7432543677277863,increases predicted RUL,119.3781967163086,149.0
4,Sensor_14,-0.30999625250038626,3.9083992438972928,increases predicted RUL,119.3781967163086,149.0
4,Sensor_15,0.9451877342729876,6.0306254755705595,increases predicted RUL,119.3781967163086,149.0
4,Sensor_17,0.4954617985955961,-1.0020680071320385,decreases predicted RUL,119.3781967163086,149.0
4,Sensor_18,0.0,0.0,decreases predicted RUL,119.3781967163086,149.0
4,Sensor_19,-0.08283900411550951,0.0022350929211825132,increases predicted RUL,119.3781967163086,149.0
4,Sensor_20,-0.5548422980341997,1.493940693908371,increases predicted RUL,119.3781967163086,149.0
4,Sensor_21,-0.48628082082954516,-6.381770891603082,decreases predicted RUL,119.3781967163086,149.0
4,Sensor_11_diff1,0.014237141193463594,-1.4489590413868427,decreases predicted RUL,119.3781967163086,149.0
4,Sensor_11_roll_mean5,0.964007177161006,4.600691832136363,increases predicted RUL,119.3781967163086,149.0
4,Sensor_11_roll_std5,-0.21244729418265826,0.3814524307381362,increases predicted RUL,119.3781967163086,149.0
4,Sensor_4_diff1,0.012764423241173339,0.9121293747448362,increases predicted RUL,119.3781967163086,149.0
4,Sensor_4_roll_mean5,0.8082066326765852,1.801286313595483,increases predicted RUL,119.3781967163086,149.0
4,Sensor_4_roll_std5,-0.05343617462708162,-0.22564091824460775,decreases predicted RUL,119.3781967163086,149.0
4,Sensor_17_diff1,-0.013640632116816109,0.2562579563818872,increases predicted RUL,119.3781967163086,149.0
4,Sensor_17_roll_mean5,0.6447865612374479,3.1043950950261205,increases predicted RUL,119.3781967163086,149.0
4,Sensor_17_roll_std5,-0.44501192163618375,0.3299646333907731,increases predicted RUL,119.3781967163086,149.0
4,Sensor_8_diff1,-0.00040379836549931937,0.661416738294065,increases predicted RUL,119.3781967163086,149.0
4,Sensor_8_roll_mean5,-0.10297424514532025,-2.876440341147827,decreases predicted RUL,119.3781967163086,149.0
4,Sensor_8_roll_std5,0.04621393057119232,1.1801133199696778,increases predicted RUL,119.3781967163086,149.0
4,Sensor_13_diff1,0.00013681671126766036,0.24552620243048295,increases predicted RUL,119.3781967163086,149.0
4,Sensor_13_roll_mean5,-0.13395280983494018,-2.213783962652087,decreases predicted RUL,119.3781967163086,149.0
4,Sensor_13_roll_std5,-0.02814950844537757,-0.3520240052603185,decreases predicted RUL,119.3781967163086,149.0
4,Sensor_9_diff1,-0.02224802779185884,0.05537463282234967,increases predicted RUL,119.3781967163086,149.0
4,Sensor_9_roll_mean5,-0.07236105626505987,-2.5561480097530875,decreases predicted RUL,119.3781967163086,149.0
4,Sensor_9_roll_std5,0.026777531802374327,0.22872222895966843,increases predicted RUL,119.3781967163086,149.0
4,Regime_OneHot_0,0.20774907104217316,1.1495943467889447,increases predicted RUL,119.3781967163086,149.0
4,Regime_OneHot_1,0.08389569023101374,0.4962199997389689,increases predicted RUL,119.3781967163086,149.0
4,Regime_OneHot_2,0.08283900411401507,0.8003064635558985,increases predicted RUL,119.3781967163086,149.0
4,Regime_OneHot_3,-0.24903654797828786,-0.6918021723686252,decreases predicted RUL,119.3781967163086,149.0
4,Regime_OneHot_4,-0.02868152148062143,1.4265744762960821,increases predicted RUL,119.3781967163086,149.0
4,Regime_OneHot_5,-0.1417424627902738,1.7328812279738486,increases predicted RUL,119.3781967163086,149.0
5,Regime_ID,1.82,0.9515925979940221,increases predicted RUL,118.01651763916016,78.0
5,Sensor_1,-0.2039790503192087,1.605095726903528,increases predicted RUL,118.01651763916016,78.0
5,Sensor_2,-0.638391232127352,2.0022307010367513,increases predicted RUL,118.01651763916016,78.0
5,Sensor_3,-0.5016432802098799,-0.017480562906712294,decreases predicted RUL,118.01651763916016,78.0
5,Sensor_4,-0.731838959228486,7.704786014743149,increases predicted RUL,118.01651763916016,78.0
5,Sensor_5,0.107549173356711,0.002113498980179429,increases predicted RUL,118.01651763916016,78.0
5,Sensor_6,-0.04873546354588137,2.773819121764973,increases predicted RUL,118.01651763916016,78.0
5,Sensor_7,0.026746859686370215,3.816913240472786,increases predicted RUL,118.01651763916016,78.0
5,Sensor_8,-0.2821374375192349,3.5426518686581403,increases predicted RUL,118.01651763916016,78.0
5,Sensor_9,-0.36673267875972415,12.171655007638037,increases predicted RUL,118.01651763916016,78.0
5,Sensor_10,-0.07236570716426458,-1.6414426560513675,decreases predicted RUL,118.01651763916016,78.0
5,Sensor_11,-0.831271084520716,7.658027640543878,increases predicted RUL,118.01651763916016,78.0
5,Sensor_12,0.02924467227395546,1.1700886227190495,increases predicted RUL,118.01651763916016,78.0
5,Sensor_13,-0.3242332685408263,2.47451282304246,increases predicted RUL,118.01651763916016,78.0
5,Sensor_14,-0.29961910918621415,2.326087396591902,increases predicted RUL,118.01651763916016,78.0
5,Sensor_15,-0.38956902734680726,3.132943273987621,increases predicted RUL,118.01651763916016,78.0
5,Sensor_17,-0.7132457868481015,9.648046437418088,increases predicted RUL,118.01651763916016,78.0
5,Sensor_18,0.0,0.0,decreases predicted RUL,118.01651763916016,78.0
5,Sensor_19,-0.026887484191246785,-0.2865120817441493,decreases predicted RUL,118.01651763916016,78.0
5,Sensor_20,0.44663500192803596,0.1588831655535614,increases predicted RUL,118.01651763916016,78.0
5,Sensor_21,0.39092242882303824,0.8121774680912495,increases predicted RUL,118.01651763916016,78.0
5,Sensor_11_diff1,0.0004477439111351789,-0.054131198674440384,decreases predicted RUL,118.01651763916016,78.0
5,Sensor_11_roll_mean5,-0.9083600303911106,-0.23497214971575886,decreases predicted RUL,118.01651763916016,78.0
5,Sensor_11_roll_std5,0.3268958103461728,-0.17561979226593394,decreases predicted RUL,118.01651763916016,78.0
5,Sensor_4_diff1,-0.001588374224622353,0.529088964452967,increases predicted RUL,118.01651763916016,78.0
5,Sensor_4_roll_mean5,-0.8210830705425484,-1.2665459369309247,decreases predicted RUL,118.01651763916016,78.0
5,Sensor_4_roll_std5,-0.3621633832938526,-0.5221198326762533,decreases predicted RUL,118.01651763916016,78.0
5,Sensor_17_diff1,0.019729560451905225,0.3639297182671726,increases predicted RUL,118.01651763916016,78.0
5,Sensor_17_roll_mean5,-0.9056596991439243,-7.297099023591727,decreases predicted RUL,118.01651763916016,78.0
5,Sensor_17_roll_std5,-0.1408238760093899,-0.2127974812829052,decreases predicted RUL,118.01651763916016,78.0
5,Sensor_8_diff1,0.009198956131427018,0.1781342214671895,increases predicted RUL,118.01651763916016,78.0
5,Sensor_8_roll_mean5,-0.3505726516098816,-0.7118620611727238,decreases predicted RUL,118.01651763916016,78.0
5,Sensor_8_roll_std5,-0.4687551243164364,-0.37466658451012336,decreases predicted RUL,118.01651763916016,78.0
5,Sensor_13_diff1,0.01054050690797691,0.28519045002758503,increases predicted RUL,118.01651763916016,78.0
5,Sensor_13_roll_mean5,-0.40206508798486107,-11.871167320758104,decreases predicted RUL,118.01651763916016,78.0
5,Sensor_13_roll_std5,-0.3872767836688753,2.777080949745141,increases predicted RUL,118.01651763916016,78.0
5,Sensor_9_diff1,0.0046048819788531365,-0.34277703662519343,decreases predicted RUL,118.01651763916016,78.0
5,Sensor_9_roll_mean5,-0.4020841182441035,-9.283928476274014,decreases predicted RUL,118.01651763916016,78.0
5,Sensor_9_roll_std5,-0.36693513367595737,1.5794960372149944,increases predicted RUL,118.01651763916016,78.0
5,Regime_OneHot_0,0.20774907104217333,0.5279363562585786,increases predicted RUL,118.01651763916016,78.0
5,Regime_OneHot_1,0.0838956902310139,-0.4623957993462682,decreases predicted RUL,118.01651763916016,78.0
5,Regime_OneHot_2,0.02688748419079748,0.2658625364128966,increases predicted RUL,118.01651763916016,78.0
5,Regime_OneHot_3,-0.19280441187093555,-0.05769971385598183,decreases predicted RUL,118.01651763916016,78.0
5,Regime_OneHot_4,-0.08465459535089243,-0.8310270106303506,decreases predicted RUL,118.01651763916016,78.0
5,Regime_OneHot_5,-0.08584010988034596,-1.3196668266318738,decreases predicted RUL,118.01651763916016,78.0
6,Regime_ID,2.7,2.9662334322929382,increases predicted RUL,114.94032287597656,94.0
6,Sensor_1,0.17356803084689915,-3.1170655633322895,decreases predicted RUL,114.94032287597656,94.0
6,Sensor_2,0.6829257331221814,-1.7124874248402193,decreases predicted RUL,114.94032287597656,94.0
6,Sensor_3,0.6800737315883952,0.6831430257298052,increases predicted RUL,114.94032287597656,94.0
6,Sensor_4,0.6587652316601497,-8.347384602064267,decreases predicted RUL,114.94032287597656,94.0
6,Sensor_5,-0.12126685243049487,0.5763081721961498,increases predicted RUL,114.94032287597656,94.0
6,Sensor_6,0.8274005618646412,2.167183312475572,increases predicted RUL,114.94032287597656,94.0
6,Sensor_7,-0.41759827882386624,4.228228611173108,increases predicted RUL,114.94032287597656,94.0
6,Sensor_8,-0.025385988425178082,0.40986079958383925,increases predicted RUL,114.94032287597656,94.0
6,Sensor_9,-0.10845731219065585,7.16291633201763,increases predicted RUL,114.94032287597656,94.0
6,Sensor_10,-0.294860963364651,-1.1407916060707066,decreases predicted RUL,114.94032287597656,94.0
6,Sensor_11,0.813554154604717,-5.0333652363333385,decreases predicted RUL,114.94032287597656,94.0
6,Sensor_12,-0.46090156006355815,5.697433129418641,increases predicted RUL,114.94032287597656,94.0
6,Sensor_13,-0.020974482297266825,0.2815570468083024,increases predicted RUL,114.94032287597656,94.0
6,Sensor_14,-0.22703992620643265,4.76996220491128,increases predicted RUL,114.94032287597656,94.0
6,Sensor_15,0.8975051805212957,5.615859484300017,increases predicted RUL,114.94032287597656,94.0
6,Sensor_17,0.5061342593927307,-2.7903271159157157,decreases predicted RUL,114.94032287597656,94.0
6,Sensor_18,0.0,0.0,decreases predicted RUL,114.94032287597656,94.0
6,Sensor_19,-0.02688748419124674,0.6597056806494948,increases predicted RUL,114.94032287597656,94.0
6,Sensor_20,-0.6500856142678089,1.1177645891148131,increases predicted RUL,114.94032287597656,94.0
6,Sensor_21,-0.6337042760810021,-10.216076942364452,decreases predicted RUL,114.94032287597656,94.0
6,Sensor_11_diff1,-0.02004464554031235,0.7152945715934038,increases predicted RUL,114.94032287597656,94.0
6,Sensor_11_roll_mean5,0.9228206906780284,7.6253513637930155,increases predicted RUL,114.94032287597656,94.0
6,Sensor_11_roll_std5,0.22388615818692312,-0.13208565185777843,decreases predicted RUL,114.94032287597656,94.0
6,Sensor_4_diff1,-0.013418721839035213,-0.2094578060787171,decreases predicted RUL,114.94032287597656,94.0
6,Sensor_4_roll_mean5,0.7653356751399315,4.286334534175694,increases predicted RUL,114.94032287597656,94.0
6,Sensor_4_roll_std5,0.45599449466012026,-0.09838935412699357,decreases predicted RUL,114.94032287597656,94.0
6,Sensor_17_diff1,0.010650844034095126,0.013552290394727606,increases predicted RUL,114.94032287597656,94.0
6,Sensor_17_roll_mean5,0.6477301687082485,3.339025622466579,increases predicted RUL,114.94032287597656,94.0
6,Sensor_17_roll_std5,-0.15942809100752464,0.3568586644832976,increases predicted RUL,114.94032287597656,94.0
6,Sensor_8_diff1,-0.0012011803278567258,0.12224950361996889,increases predicted RUL,114.94032287597656,94.0
6,Sensor_8_roll_mean5,-0.011698302058872852,-1.3912515165284276,decreases predicted RUL,114.94032287597656,94.0
6,Sensor_8_roll_std5,-0.44622792767299635,-0.8195290015719365,decreases predicted RUL,114.94032287597656,94.0
6,Sensor_13_diff1,-0.015601253168931075,0.5310872360551002,increases predicted RUL,114.94032287597656,94.0
6,Sensor_13_roll_mean5,0.00035227751780532777,-0.3058255184441805,decreases predicted RUL,114.94032287597656,94.0
6,Sensor_13_roll_std5,-0.41261060059060356,-0.16845575025945436,decreases predicted RUL,114.94032287597656,94.0
6,Sensor_9_diff1,-0.05816740595461059,1.1126084253191948,increases predicted RUL,114.94032287597656,94.0
6,Sensor_9_roll_mean5,-0.08375241720010272,-3.2325947914796416,decreases predicted RUL,114.94032287597656,94.0
6,Sensor_9_roll_std5,0.10102278210985792,-0.43572921928716823,decreases predicted RUL,114.94032287597656,94.0
6,Regime_OneHot_0,-0.20792233337569863,-1.2274782856693491,decreases predicted RUL,114.94032287597656,94.0
6,Regime_OneHot_1,-0.028114430749217753,-0.26182005208102055,decreases predicted RUL,114.94032287597656,94.0
6,Regime_OneHot_2,0.02688748419079766,1.2227502255700529,increases predicted RUL,114.94032287597656,94.0
6,Regime_OneHot_3,0.03212413255847358,-1.220509322360158,decreases predicted RUL,114.94032287597656,94.0
6,Regime_OneHot_4,-0.028681521480621433,-0.7789222318679094,decreases predicted RUL,114.94032287597656,94.0
6,Regime_OneHot_5,0.24957400757922052,-2.2963690927717835,decreases predicted RUL,114.94032287597656,94.0
7,Regime_ID,2.18,2.161799826193601,increases predicted RUL,13.020255088806152,14.0
7,Sensor_1,-0.03741416156945541,0.9860117145290133,increases predicted RUL,13.020255088806152,14.0
7,Sensor_2,1.3584339450791827,-4.945115709910169,decreases predicted RUL,13.020255088806152,14.0
7,Sensor_3,1.325674596425008,-5.012753919872921,decreases predicted RUL,13.020255088806152,14.0
7,Sensor_4,1.5201388476360123,-14.546601213514805,decreases predicted RUL,13.020255088806152,14.0
7,Sensor_5,0.01954300959240103,-0.3961684792302549,decreases predicted RUL,13.020255088806152,14.0
7,Sensor_6,1.0170747516937824,3.714398645563051,increases predicted RUL,13.020255088806152,14.0
7,Sensor_7,-0.659615091668622,1.1475832795113092,increases predicted RUL,13.020255088806152,14.0
7,Sensor_8,1.6200516454212914,-5.8775649048620835,decreases predicted RUL,13.020255088806152,14.0
7,Sensor_9,2.086133622435323,-24.627615040168166,decreases predicted RUL,13.020255088806152,14.0
7,Sensor_10,-0.29253354572698703,-1.5357419285282958,decreases predicted RUL,13.020255088806152,14.0
7,Sensor_11,1.6648151737344217,-18.37560077686794,decreases predicted RUL,13.020255088806152,14.0
7,Sensor_12,-0.6189947318436275,1.9807175429305062,increases predicted RUL,13.020255088806152,14.0
7,Sensor_13,1.5787491039374064,-3.5707669905386865,decreases predicted RUL,13.020255088806152,14.0
7,Sensor_14,1.8862733452545313,-19.408317817178613,decreases predicted RUL,13.020255088806152,14.0
7,Sensor_15,1.4487890093727005,2.722440793993883,increases predicted RUL,13.020255088806152,14.0
7,Sensor_17,1.4921087907607262,-11.358121281431522,decreases predicted RUL,13.020255088806152,14.0
7,Sensor_18,0.0,0.0,decreases predicted RUL,13.020255088806152,14.0
7,Sensor_19,0.08501555565727903,-0.3706211915341555,decreases predicted RUL,13.020255088806152,14.0
7,Sensor_20,-1.2041543140423538,1.5224179076903965,increases predicted RUL,13.020255088806152,14.0
7,Sensor_21,-0.9992619358499204,-6.73580898961518,decreases predicted RUL,13.020255088806152,14.0
7,Sensor_11_diff1,-0.0022043551522379816,-0.7576640201732516,decreases predicted RUL,13.020255088806152,14.0
7,Sensor_11_roll_mean5,1.8302891328830841,-1.5686469553038478,decreases predicted RUL,13.020255088806152,14.0
7,Sensor_11_roll_std5,-0.23994829453870462,-0.358224162919214,decreases predicted RUL,13.020255088806152,14.0
7,Sensor_4_diff1,0.025135160573827052,0.20948872901499271,increases predicted RUL,13.020255088806152,14.0
7,Sensor_4_roll_mean5,1.7204549963948341,1.0960907954722643,increases predicted RUL,13.020255088806152,14.0
7,Sensor_4_roll_std5,-0.02870527673547449,-0.27265141357202083,decreases predicted RUL,13.020255088806152,14.0
7,Sensor_17_diff1,0.017060331498142182,-0.2264033381943591,decreases predicted RUL,13.020255088806152,14.0
7,Sensor_17_roll_mean5,1.8337284463519024,3.564065345097333,increases predicted RUL,13.020255088806152,14.0
7,Sensor_17_roll_std5,-0.26074051181520597,0.7661678894655779,increases predicted RUL,13.020255088806152,14.0
7,Sensor_8_diff1,0.0801421533002105,0.7318742445204407,increases predicted RUL,13.020255088806152,14.0
7,Sensor_8_roll_mean5,1.824115392250211,10.040966778993607,increases predicted RUL,13.020255088806152,14.0
7,Sensor_8_roll_std5,0.6002964501949654,2.641556436279643,increases predicted RUL,13.020255088806152,14.0
7,Sensor_13_diff1,0.07638832488261796,1.3794464928796515,increases predicted RUL,13.020255088806152,14.0
7,Sensor_13_roll_mean5,1.7830899362383203,2.849111901829019,increases predicted RUL,13.020255088806152,14.0
7,Sensor_13_roll_std5,0.6840443244559264,-11.826555853767786,decreases predicted RUL,13.020255088806152,14.0
7,Sensor_9_diff1,0.11539880575426356,-2.0810018684715033,decreases predicted RUL,13.020255088806152,14.0
7,Sensor_9_roll_mean5,2.1291335497047315,14.467927075049374,increases predicted RUL,13.020255088806152,14.0
7,Sensor_9_roll_std5,0.427995369991233,-0.30896677606506273,decreases predicted RUL,13.020255088806152,14.0
7,Regime_OneHot_0,-0.06936519856974152,-0.7373506244912278,decreases predicted RUL,13.020255088806152,14.0
7,Regime_OneHot_1,0.13990075072112942,0.6243202521000057,increases predicted RUL,13.020255088806152,14.0
7,Regime_OneHot_2,-0.08501555565563722,0.06725281698163599,increases predicted RUL,13.020255088806152,14.0
7,Regime_OneHot_3,0.1445884047731782,-0.3721776386955753,decreases predicted RUL,13.020255088806152,14.0
7,Regime_OneHot_4,0.027291552389649566,0.2577871335670352,increases predicted RUL,13.020255088806152,14.0
7,Regime_OneHot_5,-0.14174246279027394,-1.1638188919168897,decreases predicted RUL,13.020255088806152,14.0
8,Regime_ID,2.76,7.0219430942088366,increases predicted RUL,84.26819610595703,99.0
8,Sensor_1,0.2401939863468005,-7.38941405294463,decreases predicted RUL,84.26819610595703,99.0
8,Sensor_2,-0.4445150501433373,3.9662693734280765,increases predicted RUL,84.26819610595703,99.0
8,Sensor_3,-0.34459431976630134,-2.0841704382328317,decreases predicted RUL,84.26819610595703,99.0
8,Sensor_4,-0.4382345497232113,5.458103867247701,increases predicted RUL,84.26819610595703,99.0
8,Sensor_5,-0.15646931793621888,-0.9667757716961205,decreases predicted RUL,84.26819610595703,99.0
8,Sensor_6,-0.738311454161481,-4.554049494443461,decreases predicted RUL,84.26819610595703,99.0
8,Sensor_7,0.38459872534850365,0.04164456343278289,increases predicted RUL,84.26819610595703,99.0
8,Sensor_8,-0.022118737801525023,0.05039766785921529,increases predicted RUL,84.26819610595703,99.0
8,Sensor_9,-0.05780002648487926,3.7805102332495153,increases predicted RUL,84.26819610595703,99.0
8,Sensor_10,0.1720769957912639,-0.9431681236892473,decreases predicted RUL,84.26819610595703,99.0
8,Sensor_11,-0.40849029369627,8.595884586480679,increases predicted RUL,84.26819610595703,99.0
8,Sensor_12,0.3354579289551773,-1.98624649643898,decreases predicted RUL,84.26819610595703,99.0
8,Sensor_13,-0.027970343369557202,1.5818129605904687,increases predicted RUL,84.26819610595703,99.0
8,Sensor_14,0.03988999293342968,-0.3740695499582216,decreases predicted RUL,84.26819610595703,99.0
8,Sensor_15,-0.6869484723810725,-1.690190065652132,decreases predicted RUL,84.26819610595703,99.0
8,Sensor_17,-0.4285187338653344,5.8162530940026045,increases predicted RUL,84.26819610595703,99.0
8,Sensor_18,0.0,0.0,decreases predicted RUL,84.26819610595703,99.0
8,Sensor_19,0.08501555565727884,-0.3006603885733057,decreases predicted RUL,84.26819610595703,99.0
8,Sensor_20,0.21077408428502079,1.4070534412749112,increases predicted RUL,84.26819610595703,99.0
8,Sensor_21,0.30209251302664,1.4354901201440953,increases predicted RUL,84.26819610595703,99.0
8,Sensor_11_diff1,-0.0300974653535134,5.130889791529626,increases predicted RUL,84.26819610595703,99.0
8,Sensor_11_roll_mean5,-0.4269360607576694,-0.9202217762358487,decreases predicted RUL,84.26819610595703,99.0
8,Sensor_11_roll_std5,-0.10883678685083478,-1.1909847526112571,decreases predicted RUL,84.26819610595703,99.0
8,Sensor_4_diff1,-0.006124613028086744,-2.800531694665551,decreases predicted RUL,84.26819610595703,99.0
8,Sensor_4_roll_mean5,-0.4817939850368429,-2.1789009507047012,decreases predicted RUL,84.26819610595703,99.0
8,Sensor_4_roll_std5,-0.05489908726368713,1.0787681284709834,increases predicted RUL,84.26819610595703,99.0
8,Sensor_17_diff1,0.018673560931505434,0.694954099599272,increases predicted RUL,84.26819610595703,99.0
8,Sensor_17_roll_mean5,-0.5335696940587529,-6.793071825406514,decreases predicted RUL,84.26819610595703,99.0
8,Sensor_17_roll_std5,-0.214501374472027,-0.7665376022996497,decreases predicted RUL,84.26819610595703,99.0
8,Sensor_8_diff1,0.013566818653330768,-1.5451299948617816,decreases predicted RUL,84.26819610595703,99.0
8,Sensor_8_roll_mean5,-0.05213327378288211,-2.6375106680206954,decreases predicted RUL,84.26819610595703,99.0
8,Sensor_8_roll_std5,-0.4762578654298542,-0.9133036668426939,decreases predicted RUL,84.26819610595703,99.0
8,Sensor_13_diff1,0.0015048504915404055,-0.21696836734190583,decreases predicted RUL,84.26819610595703,99.0
8,Sensor_13_roll_mean5,-0.044688334332532234,-7.2385624083690345,decreases predicted RUL,84.26819610595703,99.0
8,Sensor_13_roll_std5,-0.6024388716239524,3.0275727547705173,increases predicted RUL,84.26819610595703,99.0
8,Sensor_9_diff1,0.014236845378155212,-0.4485215913737193,decreases predicted RUL,84.26819610595703,99.0
8,Sensor_9_roll_mean5,-0.06936223093874311,-4.7063568097073585,decreases predicted RUL,84.26819610595703,99.0
8,Sensor_9_roll_std5,0.06796965992370468,-0.22679834067821503,decreases predicted RUL,84.26819610595703,99.0
8,Regime_OneHot_0,-0.20792233337569857,-0.6196810884866863,decreases predicted RUL,84.26819610595703,99.0
8,Regime_OneHot_1,0.02789062974089803,-0.14498288303730078,decreases predicted RUL,84.26819610595703,99.0
8,Regime_OneHot_2,-0.08501555565563741,-0.5521875942358747,decreases predicted RUL,84.26819610595703,99.0
8,Regime_OneHot_3,0.032124132558473614,-1.2899505123787094,decreases predicted RUL,84.26819610595703,99.0
8,Regime_OneHot_4,-0.08465459535089236,8.962804327486083,increases predicted RUL,84.26819610595703,99.0
8,Regime_OneHot_5,0.36137871339907635,-7.57027088990435,decreases predicted RUL,84.26819610595703,99.0
9,Regime_ID,1.06,-3.5041482248343527,decreases predicted RUL,121.7428970336914,162.0
9,Sensor_1,-0.03765782618490996,1.6220467721577734,increases predicted RUL,121.7428970336914,162.0
9,Sensor_2,-0.17228369328152407,1.0042141253361478,increases predicted RUL,121.7428970336914,162.0
9,Sensor_3,-0.04734937373783327,0.2502479584654793,increases predicted RUL,121.7428970336914,162.0
9,Sensor_4,-0.17273550881230734,3.056961418231367,increases predicted RUL,121.7428970336914,162.0
9,Sensor_5,-0.07481349526111435,0.12676023284438998,increases predicted RUL,121.7428970336914,162.0
9,Sensor_6,0.10652366859694616,4.2861379608511925,increases predicted RUL,121.7428970336914,162.0
9,Sensor_7,0.34476418438968637,2.5148733695968986,increases predicted RUL,121.7428970336914,162.0
9,Sensor_8,0.09012178576496681,1.6856500097201206,increases predicted RUL,121.7428970336914,162.0
9,Sensor_9,0.08234364545271176,8.008210411295295,increases predicted RUL,121.7428970336914,162.0
9,Sensor_10,0.2713017565248468,-0.9691062306519598,decreases predicted RUL,121.7428970336914,162.0
9,Sensor_11,-0.12389559899942082,3.67333047799184,increases predicted RUL,121.7428970336914,162.0
9,Sensor_12,0.3644088799024793,0.7798281398136169,increases predicted RUL,121.7428970336914,162.0
9,Sensor_13,0.10428542686090346,1.6333478400483727,increases predicted RUL,121.7428970336914,162.0
9,Sensor_14,0.13823061052830066,5.329052345303353,increases predicted RUL,121.7428970336914,162.0
9,Sensor_15,-0.4040760625924257,2.413158969779033,increases predicted RUL,121.7428970336914,162.0
9,Sensor_17,-0.08670844188584793,2.004230333957821,increases predicted RUL,121.7428970336914,162.0
9,Sensor_18,0.0,0.0,decreases predicted RUL,121.7428970336914,162.0
9,Sensor_19,0.08341052013821844,-0.6606555270263925,decreases predicted RUL,121.7428970336914,162.0
9,Sensor_20,0.3614713648375412,0.758500671130605,increases predicted RUL,121.7428970336914,162.0
9,Sensor_21,0.18882363550638026,-1.1768168871058151,decreases predicted RUL,121.7428970336914,162.0
9,Sensor_11_diff1,-0.03150284233358426,-0.2148963682120666,decreases predicted RUL,121.7428970336914,162.0
9,Sensor_11_roll_mean5,-0.115827894682594,1.8043042738572694,increases predicted RUL,121.7428970336914,162.0
9,Sensor_11_roll_std5,-1.544407245122636,2.5654098405502737,increases predicted RUL,121.7428970336914,162.0
9,Sensor_4_diff1,-0.04921059702945198,0.6643535047769547,increases predicted RUL,121.7428970336914,162.0
9,Sensor_4_roll_mean5,-0.1587759629132343,-0.5451235266809817,decreases predicted RUL,121.7428970336914,162.0
9,Sensor_4_roll_std5,-1.8407946386542693,-0.05874258480616845,decreases predicted RUL,121.7428970336914,162.0
9,Sensor_17_diff1,0.008421025248060772,-0.19148803659481928,decreases predicted RUL,121.7428970336914,162.0
9,Sensor_17_roll_mean5,-0.11259106129503481,-2.584527966217138,decreases predicted RUL,121.7428970336914,162.0
9,Sensor_17_roll_std5,-1.5954368288903396,0.8125642123923171,increases predicted RUL,121.7428970336914,162.0
9,Sensor_8_diff1,-0.016926536369770553,0.876213691328303,increases predicted RUL,121.7428970336914,162.0
9,Sensor_8_roll_mean5,0.14173361432891793,-1.025460523320362,decreases predicted RUL,121.7428970336914,162.0
9,Sensor_8_roll_std5,-0.9550235846438568,-0.8683968809200451,decreases predicted RUL,121.7428970336914,162.0
9,Sensor_13_diff1,-0.008012953739876361,0.05951409292174503,increases predicted RUL,121.7428970336914,162.0
9,Sensor_13_roll_mean5,0.13967242711767677,-4.179876131010246,decreases predicted RUL,121.7428970336914,162.0
9,Sensor_13_roll_std5,-1.01845330741209,1.0260642584762536,increases predicted RUL,121.7428970336914,162.0
9,Sensor_9_diff1,-0.026831126730069477,0.7545994987012818,increases predicted RUL,121.7428970336914,162.0
9,Sensor_9_roll_mean5,0.10711853602311319,-3.3886234260571655,decreases predicted RUL,121.7428970336914,162.0
9,Sensor_9_roll_std5,-1.7049168516539737,3.8944518382195383,increases predicted RUL,121.7428970336914,162.0
9,Regime_OneHot_0,-0.3464794681816557,-1.4107813069131225,decreases predicted RUL,121.7428970336914,162.0
9,Regime_OneHot_1,-0.0841194912393335,0.06063210834690835,increases predicted RUL,121.7428970336914,162.0
9,Regime_OneHot_2,-0.3088216353485069,2.0292798500158824,increases predicted RUL,121.7428970336914,162.0
9,Regime_OneHot_3,-0.3052686840856401,-1.518628005811479,decreases predicted RUL,121.7428970336914,162.0
9,Regime_OneHot_4,-0.2525738169617051,1.2199289739364758,increases predicted RUL,121.7428970336914,162.0
9,Regime_OneHot_5,-0.141742462790274,0.5125173332635313,increases predicted RUL,121.7428970336914,162.0
10,Regime_ID,2.56,-1.4901139615103602,decreases predicted RUL,120.52579498291016,143.0
10,Sensor_1,0.12915072718029824,1.4244561089435592,increases predicted RUL,120.52579498291016,143.0
10,Sensor_2,-0.5054559663251514,1.1358376885436883,increases predicted RUL,120.52579498291016,143.0
10,Sensor_3,-0.6193335171776809,0.3749257596209645,increases predicted RUL,120.52579498291016,143.0
10,Sensor_4,-0.6031549896486401,6.5892168851569295,increases predicted RUL,120.52579498291016,143.0
10,Sensor_5,-0.13886808518335683,0.2347083762579132,increases predicted RUL,120.52579498291016,143.0
10,Sensor_6,0.4663631985171569,2.984063339419663,increases predicted RUL,120.52579498291016,143.0
10,Sensor_7,0.4861530586370605,0.9236625710473163,increases predicted RUL,120.52579498291016,143.0
10,Sensor_8,-0.1455743755985528,1.782674068948836,increases predicted RUL,120.52579498291016,143.0
10,Sensor_9,-0.1933003681263835,9.645877205010038,increases predicted RUL,120.52579498291016,143.0
10,Sensor_10,0.38922290916651164,-1.5968413803784642,decreases predicted RUL,120.52579498291016,143.0
10,Sensor_11,-0.6320918726075236,6.336399322535726,increases predicted RUL,120.52579498291016,143.0
10,Sensor_12,0.5200740594358987,-0.6791443931870162,decreases predicted RUL,120.52579498291016,143.0
10,Sensor_13,-0.1470022003700346,2.1069676681945566,increases predicted RUL,120.52579498291016,143.0
10,Sensor_14,-0.08368219698113868,3.778124515200034,increases predicted RUL,120.52579498291016,143.0
10,Sensor_15,-0.6071720169979793,1.8046128153800964,increases predicted RUL,120.52579498291016,143.0
10,Sensor_17,-0.5075664567035925,4.533290087012574,increases predicted RUL,120.52579498291016,143.0
10,Sensor_18,0.0,0.0,decreases predicted RUL,120.52579498291016,143.0
10,Sensor_19,0.029064035733016108,-0.09061875724000856,decreases predicted RUL,120.52579498291016,143.0
10,Sensor_20,0.524451320009809,-0.17132808177757397,decreases predicted RUL,120.52579498291016,143.0
10,Sensor_21,0.5087447132153684,0.7763055893592536,increases predicted RUL,120.52579498291016,143.0
10,Sensor_11_diff1,0.02770071199139685,0.05271630990318954,increases predicted RUL,120.52579498291016,143.0
10,Sensor_11_roll_mean5,-0.6810120524717371,1.375166984507814,increases predicted RUL,120.52579498291016,143.0
10,Sensor_11_roll_std5,-0.26305774169118173,0.7029638555250131,increases predicted RUL,120.52579498291016,143.0
10,Sensor_4_diff1,-0.038643949816374513,0.6048375004902482,increases predicted RUL,120.52579498291016,143.0
10,Sensor_4_roll_mean5,-0.6408204239280342,-1.129846026226005,decreases predicted RUL,120.52579498291016,143.0
10,Sensor_4_roll_std5,-0.14379393761125747,0.44588229223154485,increases predicted RUL,120.52579498291016,143.0
10,Sensor_17_diff1,-0.029574138545827865,0.22052162187173963,increases predicted RUL,120.52579498291016,143.0
10,Sensor_17_roll_mean5,-0.6005505627100598,-2.1653270919341594,decreases predicted RUL,120.52579498291016,143.0
10,Sensor_17_roll_std5,-0.08173433867560556,0.38844153402897064,increases predicted RUL,120.52579498291016,143.0
10,Sensor_8_diff1,0.003475127682380078,0.03152910294011235,increases predicted RUL,120.52579498291016,143.0
10,Sensor_8_roll_mean5,-0.16042653594874007,-1.2929039234295487,decreases predicted RUL,120.52579498291016,143.0
10,Sensor_8_roll_std5,-0.6820562511461513,-0.7449980528326705,decreases predicted RUL,120.52579498291016,143.0
10,Sensor_13_diff1,-0.0012886315103783708,0.15066382783697918,increases predicted RUL,120.52579498291016,143.0
10,Sensor_13_roll_mean5,-0.1645503184766064,-7.1262175207957625,decreases predicted RUL,120.52579498291016,143.0
10,Sensor_13_roll_std5,-0.7430725170735089,2.659671872621402,increases predicted RUL,120.52579498291016,143.0
10,Sensor_9_diff1,-0.017728992899315926,1.4299582559615374,increases predicted RUL,120.52579498291016,143.0
10,Sensor_9_roll_mean5,-0.18353682228265172,-4.773533334955573,decreases predicted RUL,120.52579498291016,143.0
10,Sensor_9_roll_std5,0.16615041296169542,-0.7641372915823013,decreases predicted RUL,120.52579498291016,143.0
10,Regime_OneHot_0,-0.06936519856974152,0.15275161038152874,increases predicted RUL,120.52579498291016,143.0
10,Regime_OneHot_1,-0.1401245517294492,0.3840311363164801,increases predicted RUL,120.52579498291016,143.0
10,Regime_OneHot_2,-0.02906403573241992,1.0080597266351106,increases predicted RUL,120.52579498291016,143.0
10,Regime_OneHot_3,0.03212413255847364,0.8046762077137828,increases predicted RUL,120.52579498291016,143.0
10,Regime_OneHot_4,0.13923770013019132,-1.7691073854803108,decreases predicted RUL,120.52579498291016,143.0
10,Regime_OneHot_5,0.08186694884943753,0.4719744044396066,increases predicted RUL,120.52579498291016,143.0
11,Regime_ID,2.52,0.872972896322608,increases predicted RUL,10.194645881652832,7.0
11,Sensor_1,0.0625247716803967,-0.4598215345758945,decreases predicted RUL,10.194645881652832,7.0
11,Sensor_2,0.36912582152204615,-3.7648119700606912,decreases predicted RUL,10.194645881652832,7.0
11,Sensor_3,0.5156605377461438,0.044516225694678724,increases predicted RUL,10.194645881652832,7.0
11,Sensor_4,0.7203829551629641,-8.972888032745686,decreases predicted RUL,10.194645881652832,7.0
11,Sensor_5,-0.20927301619480487,-0.20389273203909397,decreases predicted RUL,10.194645881652832,7.0
11,Sensor_6,-1.8870740111918503,-3.6156881330534816,decreases predicted RUL,10.194645881652832,7.0
11,Sensor_7,1.7044602297045828,-17.7967919241637,decreases predicted RUL,10.194645881652832,7.0
11,Sensor_8,1.3897331599391682,-5.942915234598331,decreases predicted RUL,10.194645881652832,7.0
11,Sensor_9,1.441111615858891,-37.637219125404954,decreases predicted RUL,10.194645881652832,7.0
11,Sensor_10,1.3240469825051446,7.887433232855983,increases predicted RUL,10.194645881652832,7.0
11,Sensor_11,0.7841128981665745,-12.786145398276858,decreases predicted RUL,10.194645881652832,7.0
11,Sensor_12,1.731143888406922,-9.57987534685526,decreases predicted RUL,10.194645881652832,7.0
11,Sensor_13,1.3677906760940202,-11.021391072077677,decreases predicted RUL,10.194645881652832,7.0
11,Sensor_14,1.5825879334936799,-16.817087107803673,decreases predicted RUL,10.194645881652832,7.0
11,Sensor_15,-1.7977362705698376,-12.991790534928441,decreases predicted RUL,10.194645881652832,7.0
11,Sensor_17,0.6156098542723739,-12.964949905872345,decreases predicted RUL,10.194645881652832,7.0
11,Sensor_18,0.0,0.0,decreases predicted RUL,10.194645881652832,7.0
11,Sensor_19,0.02906403573301601,0.566351592715364,increases predicted RUL,10.194645881652832,7.0
11,Sensor_20,1.0425072811005416,-3.520305467391154,decreases predicted RUL,10.194645881652832,7.0
11,Sensor_21,0.9346042946617876,8.2621245670598,increases predicted RUL,10.194645881652832,7.0
11,Sensor_11_diff1,0.07600198383943245,-4.583140688948333,decreases predicted RUL,10.194645881652832,7.0
11,Sensor_11_roll_mean5,0.7787766964474261,-9.194266464095563,decreases predicted RUL,10.194645881652832,7.0
11,Sensor_11_roll_std5,0.028612079321703135,-1.2281606973920134,decreases predicted RUL,10.194645881652832,7.0
11,Sensor_4_diff1,0.04864550106117842,-0.584413445321843,decreases predicted RUL,10.194645881652832,7.0
11,Sensor_4_roll_mean5,0.7316632450554137,7.582873405641294,increases predicted RUL,10.194645881652832,7.0
11,Sensor_4_roll_std5,0.2122991101517956,-1.1481034778407775,decreases predicted RUL,10.194645881652832,7.0
11,Sensor_17_diff1,0.02835869344599413,-0.09734588547144085,decreases predicted RUL,10.194645881652832,7.0
11,Sensor_17_roll_mean5,0.7020825454371555,13.262936673127115,increases predicted RUL,10.194645881652832,7.0
11,Sensor_17_roll_std5,-0.3354821491271671,0.36219171346965595,increases predicted RUL,10.194645881652832,7.0
11,Sensor_8_diff1,0.054142825405608164,-2.044817034940934,decreases predicted RUL,10.194645881652832,7.0
11,Sensor_8_roll_mean5,1.559412315301925,12.603943825699389,increases predicted RUL,10.194645881652832,7.0
11,Sensor_8_roll_std5,-0.4776632737376241,-0.3805805930751376,decreases predicted RUL,10.194645881652832,7.0
11,Sensor_13_diff1,0.05204919996983866,-2.590838651318336,decreases predicted RUL,10.194645881652832,7.0
11,Sensor_13_roll_mean5,1.540668800749414,31.9549117423594,increases predicted RUL,10.194645881652832,7.0
11,Sensor_13_roll_std5,-0.43614731639946347,0.020459276536712423,increases predicted RUL,10.194645881652832,7.0
11,Sensor_9_diff1,0.10107096755448175,-4.00359595194459,decreases predicted RUL,10.194645881652832,7.0
11,Sensor_9_roll_mean5,1.4397386834995962,23.631440240889788,increases predicted RUL,10.194645881652832,7.0
11,Sensor_9_roll_std5,0.7115794874186112,-3.694950459903339,decreases predicted RUL,10.194645881652832,7.0
11,Regime_OneHot_0,0.02300622463423001,3.24367719842121,increases predicted RUL,10.194645881652832,7.0
11,Regime_OneHot_1,-0.14012455172944907,0.23990580149984453,increases predicted RUL,10.194645881652832,7.0
11,Regime_OneHot_2,-0.02906403573241996,0.1066235703183338,increases predicted RUL,10.194645881652832,7.0
11,Regime_OneHot_3,-0.19280441187093558,0.580981462073396,increases predicted RUL,10.194645881652832,7.0
11,Regime_OneHot_4,0.13923770013019132,-1.8469274539966136,decreases predicted RUL,10.194645881652832,7.0
11,Regime_OneHot_5,0.19367165466929293,-3.2185591044835746,decreases predicted RUL,10.194645881652832,7.0
12,Regime_ID,2.12,-5.189479639753699,decreases predicted RUL,94.2585678100586,71.0
12,Sensor_1,0.10694207534699769,0.1593322473927401,increases predicted RUL,94.2585678100586,71.0
12,Sensor_2,-0.37166783042010154,2.130810358794406,increases predicted RUL,94.2585678100586,71.0
12,Sensor_3,-0.04000824222103768,1.7705891280784272,increases predicted RUL,94.2585678100586,71.0
12,Sensor_4,-0.19832608743793054,4.98236102797091,increases predicted RUL,94.2585678100586,71.0
12,Sensor_5,0.283561500885331,-1.966448780054634,decreases predicted RUL,94.2585678100586,71.0
12,Sensor_6,-1.3646155981208483,-4.989712914917618,decreases predicted RUL,94.2585678100586,71.0
12,Sensor_7,0.6951537606061842,-4.8634632440516725,decreases predicted RUL,94.2585678100586,71.0
12,Sensor_8,0.3142704534459256,-2.3964949692308437,decreases predicted RUL,94.2585678100586,71.0
12,Sensor_9,0.4342196001558111,-9.966495770961046,decreases predicted RUL,94.2585678100586,71.0
12,Sensor_10,0.5771110339450378,-2.076758218347095,decreases predicted RUL,94.2585678100586,71.0
12,Sensor_11,-0.19625420392350867,4.2839924111031,increases predicted RUL,94.2585678100586,71.0
12,Sensor_12,0.6944721421548485,-5.011430972255766,decreases predicted RUL,94.2585678100586,71.0
12,Sensor_13,0.3736746288060521,-0.22513387430808507,decreases predicted RUL,94.2585678100586,71.0
12,Sensor_14,0.442722904292096,0.257972183637321,increases predicted RUL,94.2585678100586,71.0
12,Sensor_15,-0.9240308495035922,-3.8065858576155733,decreases predicted RUL,94.2585678100586,71.0
12,Sensor_17,-0.18480533235530117,0.824516057735309,increases predicted RUL,94.2585678100586,71.0
12,Sensor_18,0.0,0.0,decreases predicted RUL,94.2585678100586,71.0
12,Sensor_19,-0.1387905240397724,-0.7047923617064953,decreases predicted RUL,94.2585678100586,71.0
12,Sensor_20,0.5684798238630218,-0.22776075988076627,decreases predicted RUL,94.2585678100586,71.0
12,Sensor_21,0.6160621649418887,6.052181257633492,increases predicted RUL,94.2585678100586,71.0
12,Sensor_11_diff1,-0.004864620649510351,0.3988492332864553,increases predicted RUL,94.2585678100586,71.0
12,Sensor_11_roll_mean5,-0.20430810621125542,-1.768758723512292,decreases predicted RUL,94.2585678100586,71.0
12,Sensor_11_roll_std5,0.10151362727365805,-1.7353951879777014,decreases predicted RUL,94.2585678100586,71.0
12,Sensor_4_diff1,0.01422934874606378,0.10959416069090366,increases predicted RUL,94.2585678100586,71.0
12,Sensor_4_roll_mean5,-0.22157892942372837,-1.0020007973071188,decreases predicted RUL,94.2585678100586,71.0
12,Sensor_4_roll_std5,0.9234109294071097,2.7022675671469187,increases predicted RUL,94.2585678100586,71.0
12,Sensor_17_diff1,0.02936681371891173,0.6239236542023718,increases predicted RUL,94.2585678100586,71.0
12,Sensor_17_roll_mean5,-0.27516642419797277,-2.662130772136152,decreases predicted RUL,94.2585678100586,71.0
12,Sensor_17_roll_std5,-0.2803886735983758,-0.19077452924102545,decreases predicted RUL,94.2585678100586,71.0
12,Sensor_8_diff1,-0.0009309190436798106,0.2352880109101534,increases predicted RUL,94.2585678100586,71.0
12,Sensor_8_roll_mean5,0.3691937447124019,0.9017938952893019,increases predicted RUL,94.2585678100586,71.0
12,Sensor_8_roll_std5,-0.553172397592967,-0.44142067653592676,decreases predicted RUL,94.2585678100586,71.0
12,Sensor_13_diff1,-0.0015870985579719513,0.5051782428054139,increases predicted RUL,94.2585678100586,71.0
12,Sensor_13_roll_mean5,0.4373527357964406,4.6033397084102035,increases predicted RUL,94.2585678100586,71.0
12,Sensor_13_roll_std5,-0.6013339477582278,4.506611717864871,increases predicted RUL,94.2585678100586,71.0
12,Sensor_9_diff1,0.056216765641094055,-0.3765836777165532,decreases predicted RUL,94.2585678100586,71.0
12,Sensor_9_roll_mean5,0.44292850686128354,9.734354177489877,increases predicted RUL,94.2585678100586,71.0
12,Sensor_9_roll_std5,-0.20473736523839015,1.6702711272519082,increases predicted RUL,94.2585678100586,71.0
12,Regime_OneHot_0,0.02300622463423,1.748371664492879,increases predicted RUL,94.2585678100586,71.0
12,Regime_OneHot_1,-0.08411949123933347,-1.1436002821428701,decreases predicted RUL,94.2585678100586,71.0
12,Regime_OneHot_2,0.13879052403723244,-2.2981709609157406,decreases predicted RUL,94.2585678100586,71.0
12,Regime_OneHot_3,0.20082054088053056,-0.6963208105880767,decreases predicted RUL,94.2585678100586,71.0
12,Regime_OneHot_4,-0.25257381696170517,7.915616812184453,increases predicted RUL,94.2585678100586,71.0
12,Regime_OneHot_5,-0.02993775697041829,1.9627549489960074,increases predicted RUL,94.2585678100586,71.0
13,Regime_ID,2.2,-8.722983172163367,decreases predicted RUL,118.32444763183594,105.0
13,Sensor_1,0.1069420753469978,2.482073968742043,increases predicted RUL,118.32444763183594,105.0
13,Sensor_2,0.5327230766945366,2.8142297721933573,increases predicted RUL,118.32444763183594,105.0
13,Sensor_3,0.3061490235541523,1.9146646820008755,increases predicted RUL,118.32444763183594,105.0
13,Sensor_4,0.48493856459635265,1.5404287861892954,increases predicted RUL,118.32444763183594,105.0
13,Sensor_5,0.16035287161529702,-0.20300524006597698,decreases predicted RUL,118.32444763183594,105.0
13,Sensor_6,0.7670895008698093,9.2817312637344,increases predicted RUL,118.32444763183594,105.0
13,Sensor_7,-0.3412702509536634,9.609108877368271,increases predicted RUL,118.32444763183594,105.0
13,Sensor_8,-0.04095514113783412,0.7548296503955498,increases predicted RUL,118.32444763183594,105.0
13,Sensor_9,-0.058815551326785495,8.363082719733939,increases predicted RUL,118.32444763183594,105.0
13,Sensor_10,-0.10476329058334352,1.074423300102353,increases predicted RUL,118.32444763183594,105.0
13,Sensor_11,0.5069844205764621,1.2185678468376864,increases predicted RUL,118.32444763183594,105.0
13,Sensor_12,-0.30148115428170547,7.942571027204394,increases predicted RUL,118.32444763183594,105.0
13,Sensor_13,-0.038164332458210645,0.2713603329611942,increases predicted RUL,118.32444763183594,105.0
13,Sensor_14,-0.1176152898477622,6.545561262406409,increases predicted RUL,118.32444763183594,105.0
13,Sensor_15,0.6563687076853837,2.338876007706858,increases predicted RUL,118.32444763183594,105.0
13,Sensor_17,0.33437578398110546,-2.057812989456579,decreases predicted RUL,118.32444763183594,105.0
13,Sensor_18,0.0,0.0,decreases predicted RUL,118.32444763183594,105.0
13,Sensor_19,0.029064035733016018,0.4744282069732435,increases predicted RUL,118.32444763183594,105.0
13,Sensor_20,-0.42209435396313433,1.1115039969445206,increases predicted RUL,118.32444763183594,105.0
13,Sensor_21,-0.458934908231655,-3.3746468223071133,decreases predicted RUL,118.32444763183594,105.0
13,Sensor_11_diff1,0.011421076873258072,0.4495917297899723,increases predicted RUL,118.32444763183594,105.0
13,Sensor_11_roll_mean5,0.5453196776276056,11.836373381316662,increases predicted RUL,118.32444763183594,105.0
13,Sensor_11_roll_std5,0.25756744734881915,-0.9678400487246108,decreases predicted RUL,118.32444763183594,105.0
13,Sensor_4_diff1,-0.014567387063158355,0.22928197181317955,increases predicted RUL,118.32444763183594,105.0
13,Sensor_4_roll_mean5,0.5844610943607994,7.3370703756809235,increases predicted RUL,118.32444763183594,105.0
13,Sensor_4_roll_std5,-0.05929022880049649,-0.2190723599123885,decreases predicted RUL,118.32444763183594,105.0
13,Sensor_17_diff1,-0.0389359610838354,0.3246146608144045,increases predicted RUL,118.32444763183594,105.0
13,Sensor_17_roll_mean5,0.46901600459595466,8.251930327154696,increases predicted RUL,118.32444763183594,105.0
13,Sensor_17_roll_std5,-0.615705157893298,2.2865412951796316,increases predicted RUL,118.32444763183594,105.0
13,Sensor_8_diff1,-0.013745592784805964,-0.5869134785607457,decreases predicted RUL,118.32444763183594,105.0
13,Sensor_8_roll_mean5,-0.03766125284090014,-1.8085739931557328,decreases predicted RUL,118.32444763183594,105.0
13,Sensor_8_roll_std5,-0.656172894512926,-1.9328064727596939,decreases predicted RUL,118.32444763183594,105.0
13,Sensor_13_diff1,-0.0019862990746144626,-0.062296894495375454,decreases predicted RUL,118.32444763183594,105.0
13,Sensor_13_roll_mean5,-0.025459579339004352,-1.587402046076022,decreases predicted RUL,118.32444763183594,105.0
13,Sensor_13_roll_std5,-0.6248798066698892,4.811701763275778,increases predicted RUL,118.32444763183594,105.0
13,Sensor_9_diff1,-0.021958481232446894,0.94663623906672,increases predicted RUL,118.32444763183594,105.0
13,Sensor_9_roll_mean5,-0.0408970608697097,-3.7282187254168093,decreases predicted RUL,118.32444763183594,105.0
13,Sensor_9_roll_std5,-0.23639520514903173,1.3902220141608268,increases predicted RUL,118.32444763183594,105.0
13,Regime_OneHot_0,-0.023179486967755757,0.8145119030959904,increases predicted RUL,118.32444763183594,105.0
13,Regime_OneHot_1,0.0838956902310139,1.2992425586271565,increases predicted RUL,118.32444763183594,105.0
13,Regime_OneHot_2,-0.029064035732419943,1.8205667292349972,increases predicted RUL,118.32444763183594,105.0
13,Regime_OneHot_3,0.14458840477317822,3.441523585934192,increases predicted RUL,118.32444763183594,105.0
13,Regime_OneHot_4,-0.25257381696170517,6.871233947109431,increases predicted RUL,118.32444763183594,105.0
13,Regime_OneHot_5,0.08186694884943745,0.7689079400151968,increases predicted RUL,118.32444763183594,105.0
14,Regime_ID,2.12,-2.162505127489567,decreases predicted RUL,17.360511779785156,12.0
14,Sensor_1,0.04031611984709627,-0.6365501927211881,decreases predicted RUL,17.360511779785156,12.0
14,Sensor_2,0.24983564144115034,-3.636356000555679,decreases predicted RUL,17.360511779785156,12.0
14,Sensor_3,0.5036392855373655,1.1357206878892612,increases predicted RUL,17.360511779785156,12.0
14,Sensor_4,0.6463678751752825,-14.0446972604841,decreases predicted RUL,17.360511779785156,12.0
14,Sensor_5,0.14275163886243494,-0.09889258141629398,decreases predicted RUL,17.360511779785156,12.0
14,Sensor_6,0.03934102985322423,3.265926464111544,increases predicted RUL,17.360511779785156,12.0
14,Sensor_7,2.3519298579980217,-21.73293501138687,decreases predicted RUL,17.360511779785156,12.0
14,Sensor_8,1.3109648624647312,-7.508332648081705,decreases predicted RUL,17.360511779785156,12.0
14,Sensor_9,1.4673198415602657,-46.78973864763975,decreases predicted RUL,17.360511779785156,12.0
14,Sensor_10,1.7454169584741308,15.009062282275409,increases predicted RUL,17.360511779785156,12.0
14,Sensor_11,0.6772668931552984,-14.23109308630228,decreases predicted RUL,17.360511779785156,12.0
14,Sensor_12,2.317591527923355,-8.786008573661093,decreases predicted RUL,17.360511779785156,12.0
14,Sensor_13,1.29562607573271,-5.167284575058147,decreases predicted RUL,17.360511779785156,12.0
14,Sensor_14,1.5317537617156602,-21.627963160164654,decreases predicted RUL,17.360511779785156,12.0
14,Sensor_15,-1.9257682281109678,-15.525060506537557,decreases predicted RUL,17.360511779785156,12.0
14,Sensor_17,0.6163731524305688,-13.420104791410267,decreases predicted RUL,17.360511779785156,12.0
14,Sensor_18,0.0,0.0,decreases predicted RUL,17.360511779785156,12.0
14,Sensor_19,-0.08283900411550948,1.3369946780148894,increases predicted RUL,17.360511779785156,12.0
14,Sensor_20,1.1483672228182373,-5.767041785176843,decreases predicted RUL,17.360511779785156,12.0
14,Sensor_21,1.379150219314889,13.887998415157199,increases predicted RUL,17.360511779785156,12.0
14,Sensor_11_diff1,0.043300924421777964,-4.477156661450863,decreases predicted RUL,17.360511779785156,12.0
14,Sensor_11_roll_mean5,0.6753987405844102,-1.6076524136587977,decreases predicted RUL,17.360511779785156,12.0
14,Sensor_11_roll_std5,0.3141086368339571,-3.612680683610961,decreases predicted RUL,17.360511779785156,12.0
14,Sensor_4_diff1,0.03190943030300502,0.046213872730731964,increases predicted RUL,17.360511779785156,12.0
14,Sensor_4_roll_mean5,0.6759248533020198,10.187161981593817,increases predicted RUL,17.360511779785156,12.0
14,Sensor_4_roll_std5,-0.10350726707287419,-1.3842696930514649,decreases predicted RUL,17.360511779785156,12.0
14,Sensor_17_diff1,0.0056674161695962,0.036165098659694195,increases predicted RUL,17.360511779785156,12.0
14,Sensor_17_roll_mean5,0.730455031116744,16.329247820191085,increases predicted RUL,17.360511779785156,12.0
14,Sensor_17_roll_std5,-0.38497584368324994,0.3320735020097345,increases predicted RUL,17.360511779785156,12.0
14,Sensor_8_diff1,0.03269568787592702,-1.3172248061746359,decreases predicted RUL,17.360511779785156,12.0
14,Sensor_8_roll_mean5,1.4984106728506021,11.968430876731873,increases predicted RUL,17.360511779785156,12.0
14,Sensor_8_roll_std5,-0.48588376025841606,-0.8054017235845095,decreases predicted RUL,17.360511779785156,12.0
14,Sensor_13_diff1,0.03546589454742418,-1.9973570965230465,decreases predicted RUL,17.360511779785156,12.0
14,Sensor_13_roll_mean5,1.4739812765348776,36.98950871825218,increases predicted RUL,17.360511779785156,12.0
14,Sensor_13_roll_std5,-0.33981434385121245,-3.7647725136394,decreases predicted RUL,17.360511779785156,12.0
14,Sensor_9_diff1,0.07454861598450188,-4.646227015182376,decreases predicted RUL,17.360511779785156,12.0
14,Sensor_9_roll_mean5,1.4921532798120696,26.285388412768953,increases predicted RUL,17.360511779785156,12.0
14,Sensor_9_roll_std5,0.07879494632333606,-0.10900811990723014,decreases predicted RUL,17.360511779785156,12.0
14,Regime_OneHot_0,0.11537764783820155,1.9569477312325034,increases predicted RUL,17.360511779785156,12.0
14,Regime_OneHot_1,-0.14012455172944915,0.1331008163979277,increases predicted RUL,17.360511779785156,12.0
14,Regime_OneHot_2,0.08283900411401507,0.5643810488982126,increases predicted RUL,17.360511779785156,12.0
14,Regime_OneHot_3,0.03212413255847366,1.3097419550358609,increases predicted RUL,17.360511779785156,12.0
14,Regime_OneHot_4,-0.08465459535089241,-0.36851451778784394,decreases predicted RUL,17.360511779785156,12.0
14,Regime_OneHot_5,-0.029937756970418238,0.8599942610599101,increases predicted RUL,17.360511779785156,12.0
15,Regime_ID,2.7,12.042073431424797,increases predicted RUL,115.98895263671875,160.0
15,Sensor_1,0.1513593790135986,-3.3998436834663153,decreases predicted RUL,115.98895263671875,160.0
15,Sensor_2,-0.5163939191755224,0.5522047663107514,increases predicted RUL,115.98895263671875,160.0
15,Sensor_3,-0.3097992113420604,-0.09238284302409738,decreases predicted RUL,115.98895263671875,160.0
15,Sensor_4,-0.6137540210090884,8.872377068277274,increases predicted RUL,115.98895263671875,160.0
15,Sensor_5,0.019543009592401087,0.23576288972981274,increases predicted RUL,115.98895263671875,160.0
15,Sensor_6,-0.08911942907839332,4.152911365032196,increases predicted RUL,115.98895263671875,160.0
15,Sensor_7,0.35389917750762545,3.456293388735503,increases predicted RUL,115.98895263671875,160.0
15,Sensor_8,-0.21852033587389483,4.49747407722316,increases predicted RUL,115.98895263671875,160.0
15,Sensor_9,-0.2313202713861167,20.05217930302024,increases predicted RUL,115.98895263671875,160.0
15,Sensor_10,0.24474151432851657,-2.597093336225953,decreases predicted RUL,115.98895263671875,160.0
15,Sensor_11,-0.6373385039908654,9.28141082363436,increases predicted RUL,115.98895263671875,160.0
15,Sensor_12,0.36445625417383837,0.6504337738733739,increases predicted RUL,115.98895263671875,160.0
15,Sensor_13,-0.21708988901781923,3.1731620718492195,increases predicted RUL,115.98895263671875,160.0
15,Sensor_14,-0.1844342698865175,5.833259099163115,increases predicted RUL,115.98895263671875,160.0
15,Sensor_15,-0.5729299929974426,3.9277250611339696,increases predicted RUL,115.98895263671875,160.0
15,Sensor_17,-0.4780156426472358,8.278125270386226,increases predicted RUL,115.98895263671875,160.0
15,Sensor_18,0.0,0.0,decreases predicted RUL,115.98895263671875,160.0
15,Sensor_19,-0.306645083812561,-0.12705008895136416,decreases predicted RUL,115.98895263671875,160.0
15,Sensor_20,0.3922486377762088,0.5352277462370694,increases predicted RUL,115.98895263671875,160.0
15,Sensor_21,0.49158442903068433,-0.3175296615809202,decreases predicted RUL,115.98895263671875,160.0
15,Sensor_11_diff1,0.009894904274944575,0.16704177018254995,increases predicted RUL,115.98895263671875,160.0
15,Sensor_11_roll_mean5,-0.6996700335908308,0.7797619111370295,increases predicted RUL,115.98895263671875,160.0
15,Sensor_11_roll_std5,-0.3215161529990544,1.8942290862323716,increases predicted RUL,115.98895263671875,160.0
15,Sensor_4_diff1,-0.014926542224641223,0.35775965079665184,increases predicted RUL,115.98895263671875,160.0
15,Sensor_4_roll_mean5,-0.6720496801056107,-1.7691716325934976,decreases predicted RUL,115.98895263671875,160.0
15,Sensor_4_roll_std5,-0.5004345952144719,-0.2980334790190682,decreases predicted RUL,115.98895263671875,160.0
15,Sensor_17_diff1,-0.006461993571250906,-0.2579440250992775,decreases predicted RUL,115.98895263671875,160.0
15,Sensor_17_roll_mean5,-0.5671872519368886,-7.463456846773624,decreases predicted RUL,115.98895263671875,160.0
15,Sensor_17_roll_std5,-0.0227016614053279,-1.3131780339754187,decreases predicted RUL,115.98895263671875,160.0
15,Sensor_8_diff1,0.013385041980580744,0.1757007474079728,increases predicted RUL,115.98895263671875,160.0
15,Sensor_8_roll_mean5,-0.2687644486208293,-1.9144174891262082,decreases predicted RUL,115.98895263671875,160.0
15,Sensor_8_roll_std5,-0.4588480319659744,-0.3717037694295868,decreases predicted RUL,115.98895263671875,160.0
15,Sensor_13_diff1,0.001564795426101675,-0.025445135543122888,decreases predicted RUL,115.98895263671875,160.0
15,Sensor_13_roll_mean5,-0.2536967222636134,-15.708185615949333,decreases predicted RUL,115.98895263671875,160.0
15,Sensor_13_roll_std5,-0.48543300376439646,1.2584477104246616,increases predicted RUL,115.98895263671875,160.0
15,Sensor_9_diff1,-0.012809518280734112,1.8988018743693829,increases predicted RUL,115.98895263671875,160.0
15,Sensor_9_roll_mean5,-0.23205250960355917,-12.373817726969719,decreases predicted RUL,115.98895263671875,160.0
15,Sensor_9_roll_std5,-0.08782338106508462,0.5909660959732719,increases predicted RUL,115.98895263671875,160.0
15,Regime_OneHot_0,-0.3002937565796701,-5.0292733607348055,decreases predicted RUL,115.98895263671875,160.0
15,Regime_OneHot_1,-0.19612961221956485,0.2665739816147834,increases predicted RUL,115.98895263671875,160.0
15,Regime_OneHot_2,0.3066450838068848,0.06846045651764143,increases predicted RUL,115.98895263671875,160.0
15,Regime_OneHot_3,0.20082054088053047,1.1067976272897795,increases predicted RUL,115.98895263671875,160.0
15,Regime_OneHot_4,0.02729155238964952,-3.3569902535527945,decreases predicted RUL,115.98895263671875,160.0
15,Regime_OneHot_5,0.02596459593950951,-0.6946162101812661,decreases predicted RUL,115.98895263671875,160.0
16,Regime_ID,2.36,10.111206285655499,increases predicted RUL,115.0274658203125,162.0
16,Sensor_1,0.018107468013795782,-1.4082364093046635,decreases predicted RUL,115.0274658203125,162.0
16,Sensor_2,-0.2865547374285895,0.9658209114495548,increases predicted RUL,115.0274658203125,162.0
16,Sensor_3,-0.297947389172937,-2.401956449262798,decreases predicted RUL,115.0274658203125,162.0
16,Sensor_4,-0.34995686127109904,3.5802888586185873,increases predicted RUL,115.0274658203125,162.0
16,Sensor_5,-0.1388680851833569,-1.1310737295461877,decreases predicted RUL,115.0274658203125,162.0
16,Sensor_6,0.07823187720995131,0.5699658924713731,increases predicted RUL,115.0274658203125,162.0
16,Sensor_7,0.7030048088592367,-4.278645132668316,decreases predicted RUL,115.0274658203125,162.0
16,Sensor_8,0.08850955918975313,3.315269765618723,increases predicted RUL,115.0274658203125,162.0
16,Sensor_9,0.13038058259544585,3.469189806841314,increases predicted RUL,115.0274658203125,162.0
16,Sensor_10,0.40173563264772727,-4.063957143313019,decreases predicted RUL,115.0274658203125,162.0
16,Sensor_11,-0.4521938453457116,7.956730779595091,increases predicted RUL,115.0274658203125,162.0
16,Sensor_12,0.7428398027713534,-7.732966840267181,decreases predicted RUL,115.0274658203125,162.0
16,Sensor_13,0.13343429964186712,-0.8077258432749659,decreases predicted RUL,115.0274658203125,162.0
16,Sensor_14,0.2717700066167086,7.513965435791761,increases predicted RUL,115.0274658203125,162.0
16,Sensor_15,-0.6782248251640985,1.9106691796332598,increases predicted RUL,115.0274658203125,162.0
16,Sensor_17,-0.43951123345603976,9.440554958768189,increases predicted RUL,115.0274658203125,162.0
16,Sensor_18,0.0,0.0,decreases predicted RUL,115.0274658203125,162.0
16,Sensor_19,0.08501555565727889,-0.6310607768828049,decreases predicted RUL,115.0274658203125,162.0
16,Sensor_20,0.679730784679591,-0.2453523491276428,decreases predicted RUL,115.0274658203125,162.0
16,Sensor_21,0.6443249559182608,6.013077948009595,increases predicted RUL,115.0274658203125,162.0
16,Sensor_11_diff1,0.005320419774736924,-0.5142142046242952,decreases predicted RUL,115.0274658203125,162.0
16,Sensor_11_roll_mean5,-0.4952977532003285,-14.94433152442798,decreases predicted RUL,115.0274658203125,162.0
16,Sensor_11_roll_std5,-0.22976632999098145,0.282123681390658,increases predicted RUL,115.0274658203125,162.0
16,Sensor_4_diff1,-0.004826581916505055,-1.1335318312048912,decreases predicted RUL,115.0274658203125,162.0
16,Sensor_4_roll_mean5,-0.408661372466768,-6.393471177550964,decreases predicted RUL,115.0274658203125,162.0
16,Sensor_4_roll_std5,-0.036368160468002356,1.3845570252160542,increases predicted RUL,115.0274658203125,162.0
16,Sensor_17_diff1,0.0016180522316411488,0.30558675853535533,increases predicted RUL,115.0274658203125,162.0
16,Sensor_17_roll_mean5,-0.5453741961735783,-10.92477904446423,decreases predicted RUL,115.0274658203125,162.0
16,Sensor_17_roll_std5,0.21389376724821027,-0.796980376006104,decreases predicted RUL,115.0274658203125,162.0
16,Sensor_8_diff1,-0.013041945318470258,-0.38573015364818275,decreases predicted RUL,115.0274658203125,162.0
16,Sensor_8_roll_mean5,0.12003786087963546,1.9772688065422699,increases predicted RUL,115.0274658203125,162.0
16,Sensor_8_roll_std5,-0.5797527467694041,-1.4470777926035225,decreases predicted RUL,115.0274658203125,162.0
16,Sensor_13_diff1,-0.008102894686380467,-1.1838313399348408,decreases predicted RUL,115.0274658203125,162.0
16,Sensor_13_roll_mean5,0.1699453202352627,-3.1914452953787986,decreases predicted RUL,115.0274658203125,162.0
16,Sensor_13_roll_std5,-0.6765449220238011,5.9836195525713265,increases predicted RUL,115.0274658203125,162.0
16,Sensor_9_diff1,0.03083759642760727,0.045480284839868546,increases predicted RUL,115.0274658203125,162.0
16,Sensor_9_roll_mean5,0.13973201204944521,-0.13543143498827703,decreases predicted RUL,115.0274658203125,162.0
16,Sensor_9_roll_std5,-0.3967072724484773,3.0898991036228836,increases predicted RUL,115.0274658203125,162.0
16,Regime_OneHot_0,0.02300622463423,-2.2016755796503276,decreases predicted RUL,115.0274658203125,162.0
16,Regime_OneHot_1,-0.08411949123933345,0.022765611996874213,increases predicted RUL,115.0274658203125,162.0
16,Regime_OneHot_2,-0.08501555565563738,-0.009477684390731156,decreases predicted RUL,115.0274658203125,162.0
16,Regime_OneHot_3,-0.024108003548878668,-1.2233790633035824,decreases predicted RUL,115.0274658203125,162.0
16,Regime_OneHot_4,0.1952107740004623,-6.187273119110614,decreases predicted RUL,115.0274658203125,162.0
16,Regime_OneHot_5,-0.02993775697041813,-0.8318990815787402,decreases predicted RUL,115.0274658203125,162.0
17,Regime_ID,2.26,8.501300225034356,increases predicted RUL,108.17447662353516,104.0
17,Sensor_1,-0.12624876890265735,0.5474935488309711,increases predicted RUL,108.17447662353516,104.0
17,Sensor_2,-0.2876964441737202,0.7027955338417087,increases predicted RUL,108.17447662353516,104.0
17,Sensor_3,-0.21885655495769407,1.7496725777164102,increases predicted RUL,108.17447662353516,104.0
17,Sensor_4,-0.2113519758232463,6.7994853826239705,increases predicted RUL,108.17447662353516,104.0
17,Sensor_5,-0.015659455913322948,0.899578990181908,increases predicted RUL,108.17447662353516,104.0
17,Sensor_6,-0.40367196482516393,0.2968782256357372,increases predicted RUL,108.17447662353516,104.0
17,Sensor_7,0.9537361519205625,-7.901428074575961,decreases predicted RUL,108.17447662353516,104.0
17,Sensor_8,0.3334722830307414,-0.8386539077037014,decreases predicted RUL,108.17447662353516,104.0
17,Sensor_9,0.3331196512771249,-6.16022512037307,decreases predicted RUL,108.17447662353516,104.0
17,Sensor_10,0.5116069259769713,-2.7223816112382337,decreases predicted RUL,108.17447662353516,104.0
17,Sensor_11,-0.2393190288571938,9.192962471395731,increases predicted RUL,108.17447662353516,104.0
17,Sensor_12,0.9058838945194795,-2.5994821921922266,decreases predicted RUL,108.17447662353516,104.0
17,Sensor_13,0.3848379129790435,-0.17637173843104392,decreases predicted RUL,108.17447662353516,104.0
17,Sensor_14,0.4904427239274881,5.9497913285158575,increases predicted RUL,108.17447662353516,104.0
17,Sensor_15,-0.9898783547580571,1.8331650937907398,increases predicted RUL,108.17447662353516,104.0
17,Sensor_17,-0.06586217482637889,0.5450785108841956,increases predicted RUL,108.17447662353516,104.0
17,Sensor_18,0.0,0.0,decreases predicted RUL,108.17447662353516,104.0
17,Sensor_19,-0.30664508381256106,1.5717416681000032,increases predicted RUL,108.17447662353516,104.0
17,Sensor_20,0.6857317232764066,-3.971949319675332,decreases predicted RUL,108.17447662353516,104.0
17,Sensor_21,0.6528053829932889,12.012495594099164,increases predicted RUL,108.17447662353516,104.0
17,Sensor_11_diff1,-0.028123971920095178,0.2695035100914538,increases predicted RUL,108.17447662353516,104.0
17,Sensor_11_roll_mean5,-0.22766649489212942,-1.2373418933711946,decreases predicted RUL,108.17447662353516,104.0
17,Sensor_11_roll_std5,-0.42432136870641135,5.957439384772442,increases predicted RUL,108.17447662353516,104.0
17,Sensor_4_diff1,-0.007487810941467743,-0.9432218559086323,decreases predicted RUL,108.17447662353516,104.0
17,Sensor_4_roll_mean5,-0.23774509032836996,-1.9204641520045698,decreases predicted RUL,108.17447662353516,104.0
17,Sensor_4_roll_std5,0.0009082942533235094,0.7161180520197377,increases predicted RUL,108.17447662353516,104.0
17,Sensor_17_diff1,-0.01592729060749612,-0.9404298022272997,decreases predicted RUL,108.17447662353516,104.0
17,Sensor_17_roll_mean5,-0.07441626738481731,-1.1466925079002976,decreases predicted RUL,108.17447662353516,104.0
17,Sensor_17_roll_std5,0.2701096661508406,-0.1325971056794515,decreases predicted RUL,108.17447662353516,104.0
17,Sensor_8_diff1,0.0005272556495293601,-1.0345682762563229,decreases predicted RUL,108.17447662353516,104.0
17,Sensor_8_roll_mean5,0.3876980864628564,0.5611205291934311,increases predicted RUL,108.17447662353516,104.0
17,Sensor_8_roll_std5,-0.7742551587380365,-0.10476255606045015,decreases predicted RUL,108.17447662353516,104.0
17,Sensor_13_diff1,-0.0009096522357831871,-1.4300900278612971,decreases predicted RUL,108.17447662353516,104.0
17,Sensor_13_roll_mean5,0.45500547281754955,7.524911236250773,increases predicted RUL,108.17447662353516,104.0
17,Sensor_13_roll_std5,-0.7869951433721738,7.191804331960157,increases predicted RUL,108.17447662353516,104.0
17,Sensor_9_diff1,-0.025083610362004984,3.113071918487549,increases predicted RUL,108.17447662353516,104.0
17,Sensor_9_roll_mean5,0.3633934325955092,8.158453281619586,increases predicted RUL,108.17447662353516,104.0
17,Sensor_9_roll_std5,0.2569441180220347,-3.778248787042685,decreases predicted RUL,108.17447662353516,104.0
17,Regime_OneHot_0,0.02300622463423,-0.8798086285823956,decreases predicted RUL,108.17447662353516,104.0
17,Regime_OneHot_1,-0.25213467270968076,0.6178704570047557,increases predicted RUL,108.17447662353516,104.0
17,Regime_OneHot_2,0.3066450838068849,-3.9472925825975835,decreases predicted RUL,108.17447662353516,104.0
17,Regime_OneHot_3,-0.13657227576358327,-0.1269976645708084,decreases predicted RUL,108.17447662353516,104.0
17,Regime_OneHot_4,0.19521077400046236,-12.090986776631325,decreases predicted RUL,108.17447662353516,104.0
17,Regime_OneHot_5,-0.1417424627902738,0.8783582719042897,increases predicted RUL,108.17447662353516,104.0
18,Regime_ID,1.16,-3.835766904754564,decreases predicted RUL,123.52945709228516,194.0
18,Sensor_1,-0.04258405753247839,1.5749331462648115,increases predicted RUL,123.52945709228516,194.0
18,Sensor_2,-0.3846466273237699,3.0598447903430497,increases predicted RUL,123.52945709228516,194.0
18,Sensor_3,-0.1381235998232643,0.7631859187677037,increases predicted RUL,123.52945709228516,194.0
18,Sensor_4,-0.37165860936006084,5.501847532112151,increases predicted RUL,123.52945709228516,194.0
18,Sensor_5,-0.11173645547681536,-0.2695223893970251,decreases predicted RUL,123.52945709228516,194.0
18,Sensor_6,0.016780630765392754,4.811974320560694,increases predicted RUL,123.52945709228516,194.0
18,Sensor_7,-0.037808958978376224,5.46837130561471,increases predicted RUL,123.52945709228516,194.0
18,Sensor_8,-0.2419402592037811,2.382066276157275,increases predicted RUL,123.52945709228516,194.0
18,Sensor_9,-0.21739753469233822,12.840636594337411,increases predicted RUL,123.52945709228516,194.0
18,Sensor_10,-0.0405754883967393,-2.5882627447135746,decreases predicted RUL,123.52945709228516,194.0
18,Sensor_11,-0.45546131694314496,6.210156522603938,increases predicted RUL,123.52945709228516,194.0
18,Sensor_12,-0.05083274874397493,2.015237401737977,increases predicted RUL,123.52945709228516,194.0
18,Sensor_13,-0.20486741523191662,3.02633000863716,increases predicted RUL,123.52945709228516,194.0
18,Sensor_14,-0.1459316745426196,5.980445198889356,increases predicted RUL,123.52945709228516,194.0
18,Sensor_15,-0.05654079819287079,3.675475787720643,increases predicted RUL,123.52945709228516,194.0
18,Sensor_17,-0.48876612393198066,4.854337552445941,increases predicted RUL,123.52945709228516,194.0
18,Sensor_18,0.0,0.0,decreases predicted RUL,123.52945709228516,194.0
18,Sensor_19,0.035807560036774586,0.021515087923035026,increases predicted RUL,123.52945709228516,194.0
18,Sensor_20,0.20225216375774202,0.7718906819354743,increases predicted RUL,123.52945709228516,194.0
18,Sensor_21,0.17785986168649426,-0.638516623628675,decreases predicted RUL,123.52945709228516,194.0
18,Sensor_11_diff1,-0.008515386046720757,-0.7499529356136918,decreases predicted RUL,123.52945709228516,194.0
18,Sensor_11_roll_mean5,-0.48895752881257226,4.372241435106844,increases predicted RUL,123.52945709228516,194.0
18,Sensor_11_roll_std5,-1.7728711722163166,2.1598165678224177,increases predicted RUL,123.52945709228516,194.0
18,Sensor_4_diff1,-0.027057163756115315,1.0214367876760662,increases predicted RUL,123.52945709228516,194.0
18,Sensor_4_roll_mean5,-0.3986444590728413,-0.5124510647146963,decreases predicted RUL,123.52945709228516,194.0
18,Sensor_4_roll_std5,-1.3630590161371705,3.8678693992551416,increases predicted RUL,123.52945709228516,194.0
18,Sensor_17_diff1,0.025557290337706384,0.10753534472314641,increases predicted RUL,123.52945709228516,194.0
18,Sensor_17_roll_mean5,-0.6309813455444495,-5.05128968518693,decreases predicted RUL,123.52945709228516,194.0
18,Sensor_17_roll_std5,-1.231084720910252,1.6465054652653635,increases predicted RUL,123.52945709228516,194.0
18,Sensor_8_diff1,-0.00022849544398052425,0.5056451556738466,increases predicted RUL,123.52945709228516,194.0
18,Sensor_8_roll_mean5,-0.28429901040234357,-3.1962641309946775,decreases predicted RUL,123.52945709228516,194.0
18,Sensor_8_roll_std5,-0.879826868972454,0.2518134634010494,increases predicted RUL,123.52945709228516,194.0
18,Sensor_13_diff1,0.006990457967319495,0.5019025548826903,increases predicted RUL,123.52945709228516,194.0
18,Sensor_13_roll_mean5,-0.24053997941140032,-9.112676939708763,decreases predicted RUL,123.52945709228516,194.0
18,Sensor_13_roll_std5,-0.8520666680278896,-1.6368868318386376,decreases predicted RUL,123.52945709228516,194.0
18,Sensor_9_diff1,-0.03869437661843834,0.9278669548220932,increases predicted RUL,123.52945709228516,194.0
18,Sensor_9_roll_mean5,-0.20634264190230148,-7.110361664512311,decreases predicted RUL,123.52945709228516,194.0
18,Sensor_9_roll_std5,-1.4395833031556287,4.652115546836285,increases predicted RUL,123.52945709228516,194.0
18,Regime_OneHot_0,-0.3464794681816558,-1.3058821202866966,decreases predicted RUL,123.52945709228516,194.0
18,Regime_OneHot_1,-0.19612961221956507,0.24982235110292095,increases predicted RUL,123.52945709228516,194.0
18,Regime_OneHot_2,-0.2528701154252894,-0.24242833006428555,decreases predicted RUL,123.52945709228516,194.0
18,Regime_OneHot_3,-0.24903654797828786,-0.9399309739237651,decreases predicted RUL,123.52945709228516,194.0
18,Regime_OneHot_4,-0.08465459535089241,-2.1472760803299025,decreases predicted RUL,123.52945709228516,194.0
18,Regime_OneHot_5,-0.2535471686101297,1.450249098619679,increases predicted RUL,123.52945709228516,194.0
19,Regime_ID,2.04,-5.002547699492425,decreases predicted RUL,113.88774108886719,82.0
19,Sensor_1,-0.08183146523605636,-1.4777753537055105,decreases predicted RUL,113.88774108886719,82.0
19,Sensor_2,0.8547552377980605,-2.6443590582348406,decreases predicted RUL,113.88774108886719,82.0
19,Sensor_3,0.4875831459542197,1.3889158414385747,increases predicted RUL,113.88774108886719,82.0
19,Sensor_4,0.8683124265608871,-10.767344579100609,decreases predicted RUL,113.88774108886719,82.0
19,Sensor_5,0.07234670785098707,2.35193913243711,increases predicted RUL,113.88774108886719,82.0
19,Sensor_6,0.7988448474277609,4.722474687441718,increases predicted RUL,113.88774108886719,82.0
19,Sensor_7,-0.49403398422482936,7.211914583109319,increases predicted RUL,113.88774108886719,82.0
19,Sensor_8,-0.3887621607914202,0.6595108285546303,increases predicted RUL,113.88774108886719,82.0
19,Sensor_9,-0.6840018551769041,14.882791041542077,increases predicted RUL,113.88774108886719,82.0
19,Sensor_10,-0.27343151571780006,0.09547551160358125,increases predicted RUL,113.88774108886719,82.0
19,Sensor_11,0.7318396474953149,-3.3795449701719917,decreases predicted RUL,113.88774108886719,82.0
19,Sensor_12,-0.4285577693663427,7.348365840967745,increases predicted RUL,113.88774108886719,82.0
19,Sensor_13,-0.4310158041698251,3.057510308921337,increases predicted RUL,113.88774108886719,82.0
19,Sensor_14,-0.950129137014146,5.158512317575514,increases predicted RUL,113.88774108886719,82.0
19,Sensor_15,0.8881541917064899,6.989958439022303,increases predicted RUL,113.88774108886719,82.0
19,Sensor_17,0.7171159988109891,-6.442155938362703,decreases predicted RUL,113.88774108886719,82.0
19,Sensor_18,0.0,0.0,decreases predicted RUL,113.88774108886719,82.0
19,Sensor_19,0.14096707558154187,0.4457109377835877,increases predicted RUL,113.88774108886719,82.0
19,Sensor_20,-0.6499010035854446,-0.32388008694397286,decreases predicted RUL,113.88774108886719,82.0
19,Sensor_21,-0.7357003379086368,-8.951510540442541,decreases predicted RUL,113.88774108886719,82.0
19,Sensor_11_diff1,-0.010329357909969947,2.823362764902413,increases predicted RUL,113.88774108886719,82.0
19,Sensor_11_roll_mean5,0.8172430854037256,9.653373036999255,increases predicted RUL,113.88774108886719,82.0
19,Sensor_11_roll_std5,0.14009354240873176,-0.3896131226356374,decreases predicted RUL,113.88774108886719,82.0
19,Sensor_4_diff1,-0.01526168267001252,0.7584903950337321,increases predicted RUL,113.88774108886719,82.0
19,Sensor_4_roll_mean5,1.026665911349369,2.328361130435951,increases predicted RUL,113.88774108886719,82.0
19,Sensor_4_roll_std5,-0.008890625648637527,-0.10122937196865678,decreases predicted RUL,113.88774108886719,82.0
19,Sensor_17_diff1,0.009335435786289415,0.6155423242598772,increases predicted RUL,113.88774108886719,82.0
19,Sensor_17_roll_mean5,0.8964322271850496,6.437817535013892,increases predicted RUL,113.88774108886719,82.0
19,Sensor_17_roll_std5,-0.2571921435596609,0.2004481841577217,increases predicted RUL,113.88774108886719,82.0
19,Sensor_8_diff1,-0.016821761310051978,0.7051329715177417,increases predicted RUL,113.88774108886719,82.0
19,Sensor_8_roll_mean5,-0.4434449384251123,-5.738782265456393,decreases predicted RUL,113.88774108886719,82.0
19,Sensor_8_roll_std5,0.9345343727695912,7.8340511792339385,increases predicted RUL,113.88774108886719,82.0
19,Sensor_13_diff1,-0.014696317239222606,1.342801817925647,increases predicted RUL,113.88774108886719,82.0
19,Sensor_13_roll_mean5,-0.48960558634666773,-2.9121933761052787,decreases predicted RUL,113.88774108886719,82.0
19,Sensor_13_roll_std5,0.7144672730912808,-8.381708962842822,decreases predicted RUL,113.88774108886719,82.0
19,Sensor_9_diff1,-0.023230343958727646,0.734948601340875,increases predicted RUL,113.88774108886719,82.0
19,Sensor_9_roll_mean5,-0.7168119953324531,-9.11333591490984,decreases predicted RUL,113.88774108886719,82.0
19,Sensor_9_roll_std5,-0.09112678526841714,-1.2655474255152512,decreases predicted RUL,113.88774108886719,82.0
19,Regime_OneHot_0,-0.023179486967755753,-0.017390254186466336,decreases predicted RUL,113.88774108886719,82.0
19,Regime_OneHot_1,0.3639209926815923,-1.1097792743821628,decreases predicted RUL,113.88774108886719,82.0
19,Regime_OneHot_2,-0.14096707557885466,2.682942395331338,increases predicted RUL,113.88774108886719,82.0
19,Regime_OneHot_3,-0.024108003548878668,-2.6698018338065594,decreases predicted RUL,113.88774108886719,82.0
19,Regime_OneHot_4,-0.25257381696170517,4.676900708989706,increases predicted RUL,113.88774108886719,82.0
19,Regime_OneHot_5,0.0818669488494373,0.23196561678196304,increases predicted RUL,113.88774108886719,82.0
20,Regime_ID,2.08,0.32111822022125125,increases predicted RUL,100.53103637695312,91.0
20,Sensor_1,-0.09293579115270655,1.4604881757404655,increases predicted RUL,100.53103637695312,91.0
20,Sensor_2,-0.6218217441412915,5.601347641670145,increases predicted RUL,100.53103637695312,91.0
20,Sensor_3,-0.3579555471148224,-1.426669076201506,decreases predicted RUL,100.53103637695312,91.0
20,Sensor_4,-0.5014428673338215,8.473975092638284,increases predicted RUL,100.53103637695312,91.0
20,Sensor_5,0.019543009592401083,-1.1115567269735038,decreases predicted RUL,100.53103637695312,91.0
20,Sensor_6,-0.16032673224402116,3.6484206868335605,increases predicted RUL,100.53103637695312,91.0
20,Sensor_7,0.6150119482819862,-2.5770701318979263,decreases predicted RUL,100.53103637695312,91.0
20,Sensor_8,0.047744107553213254,0.2702303433907218,increases predicted RUL,100.53103637695312,91.0
20,Sensor_9,0.05365960141893573,1.8122893222607672,increases predicted RUL,100.53103637695312,91.0
20,Sensor_10,0.3092183519120091,-3.223753608413972,decreases predicted RUL,100.53103637695312,91.0
20,Sensor_11,-0.4282795990943423,6.335170517122606,increases predicted RUL,100.53103637695312,91.0
20,Sensor_12,0.5675421639416569,-4.910752612515353,decreases predicted RUL,100.53103637695312,91.0
20,Sensor_13,-0.01956884454775971,1.5181557582109235,increases predicted RUL,100.53103637695312,91.0
20,Sensor_14,0.13331278913409897,1.9354780208086595,increases predicted RUL,100.53103637695312,91.0
20,Sensor_15,-0.7722811577418992,-2.3954550008056685,decreases predicted RUL,100.53103637695312,91.0
20,Sensor_17,-0.37759967967568236,6.106434634362813,increases predicted RUL,100.53103637695312,91.0
20,Sensor_18,0.0,0.0,decreases predicted RUL,100.53103637695312,91.0
20,Sensor_19,0.02906403573301603,-1.7776125927921385,decreases predicted RUL,100.53103637695312,91.0
20,Sensor_20,0.6199681618478735,-2.3587505171308294,decreases predicted RUL,100.53103637695312,91.0
20,Sensor_21,0.5680548851396771,4.0955254579894245,increases predicted RUL,100.53103637695312,91.0
20,Sensor_11_diff1,0.01708354274040642,5.49318299908191,increases predicted RUL,100.53103637695312,91.0
20,Sensor_11_roll_mean5,-0.4658739174835061,-2.5758761800825596,decreases predicted RUL,100.53103637695312,91.0
20,Sensor_11_roll_std5,0.0595396227071072,-0.7061247902456671,decreases predicted RUL,100.53103637695312,91.0
20,Sensor_4_diff1,-0.03129435814791971,-1.1964931737165898,decreases predicted RUL,100.53103637695312,91.0
20,Sensor_4_roll_mean5,-0.5626592956116194,-1.5818509405944496,decreases predicted RUL,100.53103637695312,91.0
20,Sensor_4_roll_std5,-0.012293241256702019,-1.8511304056446534,decreases predicted RUL,100.53103637695312,91.0
20,Sensor_17_diff1,-0.02673941157655992,1.2122728524700506,increases predicted RUL,100.53103637695312,91.0
20,Sensor_17_roll_mean5,-0.44231740525741214,-6.91739516146481,decreases predicted RUL,100.53103637695312,91.0
20,Sensor_17_roll_std5,0.28882777409787397,0.5389872806263156,increases predicted RUL,100.53103637695312,91.0
20,Sensor_8_diff1,0.00013832103567012365,-0.4289150758413598,decreases predicted RUL,100.53103637695312,91.0
20,Sensor_8_roll_mean5,0.049418765717867255,-2.3317111706419382,decreases predicted RUL,100.53103637695312,91.0
20,Sensor_8_roll_std5,-0.5287961936732024,-0.023514642263762653,decreases predicted RUL,100.53103637695312,91.0
20,Sensor_13_diff1,-0.0072565634645226865,0.7906867435667664,increases predicted RUL,100.53103637695312,91.0
20,Sensor_13_roll_mean5,-0.011126169290752098,-5.5201466381549835,decreases predicted RUL,100.53103637695312,91.0
20,Sensor_13_roll_std5,-0.6384113735036846,3.7714293312164955,increases predicted RUL,100.53103637695312,91.0
20,Sensor_9_diff1,-0.014757110325188186,-0.19739871844649315,decreases predicted RUL,100.53103637695312,91.0
20,Sensor_9_roll_mean5,0.05822533202147115,-1.343273942999076,decreases predicted RUL,100.53103637695312,91.0
20,Sensor_9_roll_std5,-0.12968273467181746,-0.8530962767545134,decreases predicted RUL,100.53103637695312,91.0
20,Regime_OneHot_0,0.06919193623621578,2.067082304507494,increases predicted RUL,100.53103637695312,91.0
20,Regime_OneHot_1,0.0838956902310139,-0.9655015534954146,decreases predicted RUL,100.53103637695312,91.0
20,Regime_OneHot_2,-0.029064035732419953,2.5282467256765813,increases predicted RUL,100.53103637695312,91.0
20,Regime_OneHot_3,-0.08034013965623098,-0.289933989290148,decreases predicted RUL,100.53103637695312,91.0
20,Regime_OneHot_4,-0.028681521480621416,-2.40631300478708,decreases predicted RUL,100.53103637695312,91.0
20,Regime_OneHot_5,-0.029937756970418186,-0.08093684818595648,decreases predicted RUL,100.53103637695312,91.0
21,Regime_ID,2.04,-8.733397390227765,decreases predicted RUL,15.978106498718262,11.0
21,Sensor_1,0.08473342351369723,-0.030656505550723523,decreases predicted RUL,15.978106498718262,11.0
21,Sensor_2,1.5697410567068362,-2.7394485137192532,decreases predicted RUL,15.978106498718262,11.0
21,Sensor_3,1.038524574345988,-7.099517977563664,decreases predicted RUL,15.978106498718262,11.0
21,Sensor_4,1.361663976410352,-19.691102024633437,decreases predicted RUL,15.978106498718262,11.0
21,Sensor_5,0.08994794060384904,-1.3826749729923904,decreases predicted RUL,15.978106498718262,11.0
21,Sensor_6,0.9034117645849308,3.8634554014424793,increases predicted RUL,15.978106498718262,11.0
21,Sensor_7,-0.5841185275850028,2.905551988922525,increases predicted RUL,15.978106498718262,11.0
21,Sensor_8,1.1494762776681189,-6.998278511746321,decreases predicted RUL,15.978106498718262,11.0
21,Sensor_9,1.2085382631275916,-18.398689636960626,decreases predicted RUL,15.978106498718262,11.0
21,Sensor_10,-0.2779621149492569,-0.3444867611833615,decreases predicted RUL,15.978106498718262,11.0
21,Sensor_11,1.293895156394021,-15.972059885505587,decreases predicted RUL,15.978106498718262,11.0
21,Sensor_12,-0.43957696828676035,1.197281967732124,increases predicted RUL,15.978106498718262,11.0
21,Sensor_13,1.1006205008914174,-2.594257609860506,decreases predicted RUL,15.978106498718262,11.0
21,Sensor_14,1.08244609687058,-14.866277971646923,decreases predicted RUL,15.978106498718262,11.0
21,Sensor_15,1.2484700670867521,0.8970770938321948,increases predicted RUL,15.978106498718262,11.0
21,Sensor_17,1.2071970623736643,-12.140878837293712,decreases predicted RUL,15.978106498718262,11.0
21,Sensor_18,0.0,0.0,decreases predicted RUL,15.978106498718262,11.0
21,Sensor_19,0.25287011543006715,0.628383329603821,increases predicted RUL,15.978106498718262,11.0
21,Sensor_20,-0.9006099761788731,-0.18036136677255854,decreases predicted RUL,15.978106498718262,11.0
21,Sensor_21,-0.8287547082523747,-5.085974547080696,decreases predicted RUL,15.978106498718262,11.0
21,Sensor_11_diff1,0.0385200026561562,-2.2072483394294977,decreases predicted RUL,15.978106498718262,11.0
21,Sensor_11_roll_mean5,1.3866405820036027,3.048064162489027,increases predicted RUL,15.978106498718262,11.0
21,Sensor_11_roll_std5,-0.5088084135054545,-0.7305574214551598,decreases predicted RUL,15.978106498718262,11.0
21,Sensor_4_diff1,0.028474474149968967,-0.45858848420903087,decreases predicted RUL,15.978106498718262,11.0
21,Sensor_4_roll_mean5,1.5094452817378377,2.8476074293721467,increases predicted RUL,15.978106498718262,11.0
21,Sensor_4_roll_std5,0.3090342830760505,-0.8927599373273551,decreases predicted RUL,15.978106498718262,11.0
21,Sensor_17_diff1,0.04837718489684833,0.6443475657142699,increases predicted RUL,15.978106498718262,11.0
21,Sensor_17_roll_mean5,1.4626031389054268,2.220456102862954,increases predicted RUL,15.978106498718262,11.0
21,Sensor_17_roll_std5,-0.00022453138638656167,0.675035321386531,increases predicted RUL,15.978106498718262,11.0
21,Sensor_8_diff1,0.01356341548873722,-0.44049786450341344,decreases predicted RUL,15.978106498718262,11.0
21,Sensor_8_roll_mean5,1.2819926395859855,10.05873197875917,increases predicted RUL,15.978106498718262,11.0
21,Sensor_8_roll_std5,-0.2756051033326546,-0.2064443042036146,decreases predicted RUL,15.978106498718262,11.0
21,Sensor_13_diff1,0.004845013513113745,-1.3787096646847203,decreases predicted RUL,15.978106498718262,11.0
21,Sensor_13_roll_mean5,1.2306291016803679,-0.8472893028520048,decreases predicted RUL,15.978106498718262,11.0
21,Sensor_13_roll_std5,-0.18574845343904528,-2.340743510168977,decreases predicted RUL,15.978106498718262,11.0
21,Sensor_9_diff1,0.1244689899685783,-3.403529529226944,decreases predicted RUL,15.978106498718262,11.0
21,Sensor_9_roll_mean5,1.1658254556610739,12.994115516310558,increases predicted RUL,15.978106498718262,11.0
21,Sensor_9_roll_std5,0.20500886941590013,0.7325676446344005,increases predicted RUL,15.978106498718262,11.0
21,Regime_OneHot_0,0.16156335944018735,3.628293452085927,increases predicted RUL,15.978106498718262,11.0
21,Regime_OneHot_1,0.08389569023101394,0.029322618596779648,increases predicted RUL,15.978106498718262,11.0
21,Regime_OneHot_2,-0.25287011542528953,2.0273540225316538,increases predicted RUL,15.978106498718262,11.0
21,Regime_OneHot_3,0.08835626866582594,1.7764326240867376,increases predicted RUL,15.978106498718262,11.0
21,Regime_OneHot_4,-0.1406276692211633,3.554745168075897,increases predicted RUL,15.978106498718262,11.0
21,Regime_OneHot_5,0.02596459593950957,-0.5433287667692639,decreases predicted RUL,15.978106498718262,11.0
22,Regime_ID,2.54,4.4409511694684625,increases predicted RUL,30.628570556640625,26.0
22,Sensor_1,-0.015205509736154905,-0.2619208642281592,decreases predicted RUL,30.628570556640625,26.0
22,Sensor_2,0.8274210905882492,-6.942721863859333,decreases predicted RUL,30.628570556640625,26.0
22,Sensor_3,0.8229498408946461,-4.828180812299252,decreases predicted RUL,30.628570556640625,26.0
22,Sensor_4,0.9576250790117427,-16.62112701870501,decreases predicted RUL,30.628570556640625,26.0
22,Sensor_5,-0.19167178344194288,1.566293868003413,increases predicted RUL,30.628570556640625,26.0
22,Sensor_6,0.8595479896111483,1.128894973109709,increases predicted RUL,30.628570556640625,26.0
22,Sensor_7,-0.4294895051921269,1.2243105093948543,increases predicted RUL,30.628570556640625,26.0
22,Sensor_8,0.37294263480035483,0.2847989254514687,increases predicted RUL,30.628570556640625,26.0
22,Sensor_9,0.3510884347550893,-4.974921468645334,decreases predicted RUL,30.628570556640625,26.0
22,Sensor_10,-0.1174882397359353,-1.3365484860842116,decreases predicted RUL,30.628570556640625,26.0
22,Sensor_11,0.8856905457853124,-17.49883421557024,decreases predicted RUL,30.628570556640625,26.0
22,Sensor_12,-0.4622276118490502,1.298663822002709,increases predicted RUL,30.628570556640625,26.0
22,Sensor_13,0.3595932236742743,-0.6974113541655242,decreases predicted RUL,30.628570556640625,26.0
22,Sensor_14,0.2215193140162406,2.078355364734307,increases predicted RUL,30.628570556640625,26.0
22,Sensor_15,0.9303011982374904,-3.351558681111783,decreases predicted RUL,30.628570556640625,26.0
22,Sensor_17,0.6057626277338259,-11.755306991515681,decreases predicted RUL,30.628570556640625,26.0
22,Sensor_18,0.0,0.0,decreases predicted RUL,30.628570556640625,26.0
22,Sensor_19,0.08501555565727896,0.2707244670309592,increases predicted RUL,30.628570556640625,26.0
22,Sensor_20,-0.6759308424195446,-1.2702300828968873,decreases predicted RUL,30.628570556640625,26.0
22,Sensor_21,-0.6577943515756808,-11.154321309644729,decreases predicted RUL,30.628570556640625,26.0
22,Sensor_11_diff1,0.0050386536115276034,-0.7644194159656763,decreases predicted RUL,30.628570556640625,26.0
22,Sensor_11_roll_mean5,0.9499105020586959,1.264423843473196,increases predicted RUL,30.628570556640625,26.0
22,Sensor_11_roll_std5,0.17960145098589536,-1.3837498165958095,decreases predicted RUL,30.628570556640625,26.0
22,Sensor_4_diff1,0.041048762097331985,0.5504151806235313,increases predicted RUL,30.628570556640625,26.0
22,Sensor_4_roll_mean5,1.0573461226497125,-2.680020682280883,decreases predicted RUL,30.628570556640625,26.0
22,Sensor_4_roll_std5,-0.3740251582821961,-0.787315500783734,decreases predicted RUL,30.628570556640625,26.0
22,Sensor_17_diff1,0.014220392039963066,-0.024927029153332114,decreases predicted RUL,30.628570556640625,26.0
22,Sensor_17_roll_mean5,0.742177815889829,5.390157931018621,increases predicted RUL,30.628570556640625,26.0
22,Sensor_17_roll_std5,-0.09356962569598963,1.1610250020748936,increases predicted RUL,30.628570556640625,26.0
22,Sensor_8_diff1,0.008255393828619718,-0.1645883172750473,decreases predicted RUL,30.628570556640625,26.0
22,Sensor_8_roll_mean5,0.4376823048456411,4.9636199325323105,increases predicted RUL,30.628570556640625,26.0
22,Sensor_8_roll_std5,-0.6216198577030781,-1.8608954573282972,decreases predicted RUL,30.628570556640625,26.0
22,Sensor_13_diff1,0.00852746632222871,-0.07809033431112766,decreases predicted RUL,30.628570556640625,26.0
22,Sensor_13_roll_mean5,0.42153473113401946,-0.9119457195047289,decreases predicted RUL,30.628570556640625,26.0
22,Sensor_13_roll_std5,-0.7029943872733242,2.4815885750576854,increases predicted RUL,30.628570556640625,26.0
22,Sensor_9_diff1,-0.013084447818720472,0.8365136394277215,increases predicted RUL,30.628570556640625,26.0
22,Sensor_9_roll_mean5,0.3789748483483799,3.6907755569554865,increases predicted RUL,30.628570556640625,26.0
22,Sensor_9_roll_std5,-0.30367303225310766,0.6524076571222395,increases predicted RUL,30.628570556640625,26.0
22,Regime_OneHot_0,-0.2541080449776844,-4.152000744870747,decreases predicted RUL,30.628570556640625,26.0
22,Regime_OneHot_1,0.25191087170136106,1.4767405835737009,increases predicted RUL,30.628570556640625,26.0
22,Regime_OneHot_2,-0.0850155556556373,-0.021828543860465288,decreases predicted RUL,30.628570556640625,26.0
22,Regime_OneHot_3,-0.024108003548878668,0.6700011311331764,increases predicted RUL,30.628570556640625,26.0
22,Regime_OneHot_4,0.027291552389649504,0.8879704149439931,increases predicted RUL,30.628570556640625,26.0
22,Regime_OneHot_5,0.13776930175936514,-4.09437320753932,decreases predicted RUL,30.628570556640625,26.0
23,Regime_ID,2.22,-5.4750986935105175,decreases predicted RUL,99.17606353759766,142.0
23,Sensor_1,0.00700314209714556,0.2107793524628505,increases predicted RUL,99.17606353759766,142.0
23,Sensor_2,-0.27490682414577045,1.1887410003691912,increases predicted RUL,99.17606353759766,142.0
23,Sensor_3,-0.25919119704699056,-0.154936533421278,decreases predicted RUL,99.17606353759766,142.0
23,Sensor_4,-0.4098616737127893,7.743380253203213,increases predicted RUL,99.17606353759766,142.0
23,Sensor_5,0.08994794060384907,0.3284294350305572,increases predicted RUL,99.17606353759766,142.0
23,Sensor_6,-0.42400581614512156,-0.39263770764227957,decreases predicted RUL,99.17606353759766,142.0
23,Sensor_7,0.5321882145501653,-1.6219722963869572,decreases predicted RUL,99.17606353759766,142.0
23,Sensor_8,0.1326227285851117,-0.4597368474351242,decreases predicted RUL,99.17606353759766,142.0
23,Sensor_9,0.11029424763432762,1.8391555034322664,increases predicted RUL,99.17606353759766,142.0
23,Sensor_10,0.3797129538802423,-0.15359995770268142,decreases predicted RUL,99.17606353759766,142.0
23,Sensor_11,-0.39670342663317987,6.474564204778289,increases predicted RUL,99.17606353759766,142.0
23,Sensor_12,0.5522490247669224,-3.0493455049581826,decreases predicted RUL,99.17606353759766,142.0
23,Sensor_13,0.11300160059735093,1.5390176688088104,increases predicted RUL,99.17606353759766,142.0
23,Sensor_14,0.18156214267383916,2.2366473646834493,increases predicted RUL,99.17606353759766,142.0
23,Sensor_15,-0.8162288227245432,-0.6811108514666557,decreases predicted RUL,99.17606353759766,142.0
23,Sensor_17,-0.3238471497492772,3.9063201933604432,increases predicted RUL,99.17606353759766,142.0
23,Sensor_18,0.0,0.0,decreases predicted RUL,99.17606353759766,142.0
23,Sensor_19,-0.13879052403977243,0.7211009477905463,increases predicted RUL,99.17606353759766,142.0
23,Sensor_20,0.49276475533136366,0.12699643289670348,increases predicted RUL,99.17606353759766,142.0
23,Sensor_21,0.49936738255913665,2.219003929523751,increases predicted RUL,99.17606353759766,142.0
23,Sensor_11_diff1,-0.019238658635494642,2.3808776752557606,increases predicted RUL,99.17606353759766,142.0
23,Sensor_11_roll_mean5,-0.4090537588711534,-3.9552584383636713,decreases predicted RUL,99.17606353759766,142.0
23,Sensor_11_roll_std5,0.25445711057891485,-4.670279415557161,decreases predicted RUL,99.17606353759766,142.0
23,Sensor_4_diff1,-0.010819430042839018,-1.780280121602118,decreases predicted RUL,99.17606353759766,142.0
23,Sensor_4_roll_mean5,-0.4746734540620533,-2.417020672932267,decreases predicted RUL,99.17606353759766,142.0
23,Sensor_4_roll_std5,0.6473268388604797,-1.0188722326420248,decreases predicted RUL,99.17606353759766,142.0
23,Sensor_17_diff1,-0.00996954508792439,0.6641468182206154,increases predicted RUL,99.17606353759766,142.0
23,Sensor_17_roll_mean5,-0.3753058726334123,-2.894673730159411,decreases predicted RUL,99.17606353759766,142.0
23,Sensor_17_roll_std5,0.042450969538444044,-1.242892156005837,decreases predicted RUL,99.17606353759766,142.0
23,Sensor_8_diff1,-0.00872986966752427,-0.40507612377405167,decreases predicted RUL,99.17606353759766,142.0
23,Sensor_8_roll_mean5,0.16945031836923335,-1.0482745415647514,decreases predicted RUL,99.17606353759766,142.0
23,Sensor_8_roll_std5,-0.6252423958805572,-0.16041513634263538,decreases predicted RUL,99.17606353759766,142.0
23,Sensor_13_diff1,-0.011283197343439825,-0.5205261778319255,decreases predicted RUL,99.17606353759766,142.0
23,Sensor_13_roll_mean5,0.1372846862510855,-4.702969569771085,decreases predicted RUL,99.17606353759766,142.0
23,Sensor_13_roll_std5,-0.6702882580160906,3.860196382040158,increases predicted RUL,99.17606353759766,142.0
23,Sensor_9_diff1,0.010717434733436141,2.2631514333188534,increases predicted RUL,99.17606353759766,142.0
23,Sensor_9_roll_mean5,0.11187257546287746,-0.10446885761484737,decreases predicted RUL,99.17606353759766,142.0
23,Sensor_9_roll_std5,0.3237681438281897,-4.006903769914061,decreases predicted RUL,99.17606353759766,142.0
23,Regime_OneHot_0,0.02300622463423001,2.680974047165364,increases predicted RUL,99.17606353759766,142.0
23,Regime_OneHot_1,-0.08411949123933332,0.22932893616962247,increases predicted RUL,99.17606353759766,142.0
23,Regime_OneHot_2,0.1387905240372325,-0.542474145302549,decreases predicted RUL,99.17606353759766,142.0
23,Regime_OneHot_3,-0.02410800354887867,0.326537775923498,increases predicted RUL,99.17606353759766,142.0
23,Regime_OneHot_4,-0.08465459535089236,7.025525630218908,increases predicted RUL,99.17606353759766,142.0
23,Regime_OneHot_5,0.0259645959395095,-0.6107913153246045,decreases predicted RUL,99.17606353759766,142.0
24,Regime_ID,2.08,-9.514579080045223,decreases predicted RUL,21.85727310180664,39.0
24,Sensor_1,-0.1928747244025587,9.063708245987073,increases predicted RUL,21.85727310180664,39.0
24,Sensor_2,0.16403884053396808,-1.1637988314214454,decreases predicted RUL,21.85727310180664,39.0
24,Sensor_3,0.6545604732040509,-0.4578546783304773,decreases predicted RUL,21.85727310180664,39.0
24,Sensor_4,0.5915682690174848,-4.923544434946962,decreases predicted RUL,21.85727310180664,39.0
24,Sensor_5,-0.13886808518335683,-0.42328082025051117,decreases predicted RUL,21.85727310180664,39.0
24,Sensor_6,-4.507314328767327,-28.247781253419816,decreases predicted RUL,21.85727310180664,39.0
24,Sensor_7,0.9715466692158184,-9.32022632920416,decreases predicted RUL,21.85727310180664,39.0
24,Sensor_8,1.326216029067234,-7.452781566418707,decreases predicted RUL,21.85727310180664,39.0
24,Sensor_9,1.4001064237858043,-33.631629527546465,decreases predicted RUL,21.85727310180664,39.0
24,Sensor_10,0.8049019737205512,4.305546086048707,increases predicted RUL,21.85727310180664,39.0
24,Sensor_11,0.6872092849621003,-9.753343616146594,decreases predicted RUL,21.85727310180664,39.0
24,Sensor_12,0.9995992729897536,-5.288865891285241,decreases predicted RUL,21.85727310180664,39.0
24,Sensor_13,1.2618717064652814,-10.82734010182321,decreases predicted RUL,21.85727310180664,39.0
24,Sensor_14,1.4275976585465233,-12.30244551342912,decreases predicted RUL,21.85727310180664,39.0
24,Sensor_15,-1.816012023286827,-14.273362370207906,decreases predicted RUL,21.85727310180664,39.0
24,Sensor_17,0.5721201835349085,-12.853917101630941,decreases predicted RUL,21.85727310180664,39.0
24,Sensor_18,0.0,0.0,decreases predicted RUL,21.85727310180664,39.0
24,Sensor_19,0.14096707558154176,-0.3489075406687334,decreases predicted RUL,21.85727310180664,39.0
24,Sensor_20,0.5774787409479171,-1.2475567867513746,decreases predicted RUL,21.85727310180664,39.0
24,Sensor_21,0.47956319338162673,3.676764276344329,increases predicted RUL,21.85727310180664,39.0
24,Sensor_11_diff1,-0.031217856608203247,0.01657186821103096,increases predicted RUL,21.85727310180664,39.0
24,Sensor_11_roll_mean5,0.7598669609494547,-5.759888195898384,decreases predicted RUL,21.85727310180664,39.0
24,Sensor_11_roll_std5,0.418729342711815,-1.2619730585429352,decreases predicted RUL,21.85727310180664,39.0
24,Sensor_4_diff1,0.006764538522677446,1.1789824589213822,increases predicted RUL,21.85727310180664,39.0
24,Sensor_4_roll_mean5,0.6613209906672626,7.806225696112961,increases predicted RUL,21.85727310180664,39.0
24,Sensor_4_roll_std5,-0.2445446920553537,0.02478512638481334,increases predicted RUL,21.85727310180664,39.0
24,Sensor_17_diff1,0.0023575671955995527,0.6422770600765944,increases predicted RUL,21.85727310180664,39.0
24,Sensor_17_roll_mean5,0.7214718994944246,12.68273213878274,increases predicted RUL,21.85727310180664,39.0
24,Sensor_17_roll_std5,0.47147850102036526,1.4092926499542955,increases predicted RUL,21.85727310180664,39.0
24,Sensor_8_diff1,0.03188827199921014,-0.878484564833343,decreases predicted RUL,21.85727310180664,39.0
24,Sensor_8_roll_mean5,1.5328971356995194,11.365684822201729,increases predicted RUL,21.85727310180664,39.0
24,Sensor_8_roll_std5,-0.2720521789970436,-0.02518192665593233,decreases predicted RUL,21.85727310180664,39.0
24,Sensor_13_diff1,0.02033321650499946,-0.4531035702675581,decreases predicted RUL,21.85727310180664,39.0
24,Sensor_13_roll_mean5,1.4721461754661664,29.893863510340452,increases predicted RUL,21.85727310180664,39.0
24,Sensor_13_roll_std5,-0.189825208793695,-2.1174456395674497,decreases predicted RUL,21.85727310180664,39.0
24,Sensor_9_diff1,-0.0008149831035793031,-0.13543602405115962,decreases predicted RUL,21.85727310180664,39.0
24,Sensor_9_roll_mean5,1.4684363666122915,23.488475028425455,increases predicted RUL,21.85727310180664,39.0
24,Sensor_9_roll_std5,0.02029070551368691,-1.1561299064196646,decreases predicted RUL,21.85727310180664,39.0
24,Regime_OneHot_0,0.06919193623621578,0.004010435892269015,increases predicted RUL,21.85727310180664,39.0
24,Regime_OneHot_1,0.13990075072112954,-0.2812255323115096,decreases predicted RUL,21.85727310180664,39.0
24,Regime_OneHot_2,-0.14096707557885466,1.4004007118637674,increases predicted RUL,21.85727310180664,39.0
24,Regime_OneHot_3,-0.13657227576358325,0.9778129322221503,increases predicted RUL,21.85727310180664,39.0
24,Regime_OneHot_4,0.19521077400046227,-7.488582696765661,decreases predicted RUL,21.85727310180664,39.0
24,Regime_OneHot_5,-0.1417424627902738,7.180376840755343,increases predicted RUL,21.85727310180664,39.0
25,Regime_ID,2.12,6.082891907542944,increases predicted RUL,83.76945495605469,92.0
25,Sensor_1,-0.19287472440255876,0.39120553180691786,increases predicted RUL,83.76945495605469,92.0
25,Sensor_2,0.6630895404448991,-4.2840860276483,decreases predicted RUL,83.76945495605469,92.0
25,Sensor_3,0.062238420980874905,-1.461967125593219,decreases predicted RUL,83.76945495605469,92.0
25,Sensor_4,0.44264275781381845,-9.238710859790444,decreases predicted RUL,83.76945495605469,92.0
25,Sensor_5,-0.10366561967763287,-5.170500593842007,decreases predicted RUL,83.76945495605469,92.0
25,Sensor_6,0.7293979596340077,0.7864012129721232,increases predicted RUL,83.76945495605469,92.0
25,Sensor_7,-0.45745003510181903,4.078769158018986,increases predicted RUL,83.76945495605469,92.0
25,Sensor_8,-0.36035320542196997,1.6340286444610683,increases predicted RUL,83.76945495605469,92.0
25,Sensor_9,-0.5346171119414352,10.224922312627314,increases predicted RUL,83.76945495605469,92.0
25,Sensor_10,-0.1556714934525227,0.38673006452881964,increases predicted RUL,83.76945495605469,92.0
25,Sensor_11,0.550629438623046,-10.098277802113444,decreases predicted RUL,83.76945495605469,92.0
25,Sensor_12,-0.39053417503121746,4.789912382839248,increases predicted RUL,83.76945495605469,92.0
25,Sensor_13,-0.37438607086196507,5.874060384812765,increases predicted RUL,83.76945495605469,92.0
25,Sensor_14,-0.8002255586884951,2.5018897601403296,increases predicted RUL,83.76945495605469,92.0
25,Sensor_15,0.6189853548064265,1.23401159606874,increases predicted RUL,83.76945495605469,92.0
25,Sensor_17,0.3662409021611534,-5.317728732479736,decreases predicted RUL,83.76945495605469,92.0
25,Sensor_18,0.0,0.0,decreases predicted RUL,83.76945495605469,92.0
25,Sensor_19,-0.026887484191246803,0.6206538362894207,increases predicted RUL,83.76945495605469,92.0
25,Sensor_20,-0.5297003485285725,0.22486328799277544,increases predicted RUL,83.76945495605469,92.0
25,Sensor_21,-0.3613742350433546,-7.435996661428362,decreases predicted RUL,83.76945495605469,92.0
25,Sensor_11_diff1,-0.00016833761475619269,-0.2558907587081194,decreases predicted RUL,83.76945495605469,92.0
25,Sensor_11_roll_mean5,0.6043529176377486,5.797439580783248,increases predicted RUL,83.76945495605469,92.0
25,Sensor_11_roll_std5,-0.7315088446107518,-0.1952515418524854,decreases predicted RUL,83.76945495605469,92.0
25,Sensor_4_diff1,-0.009825311906390417,0.17411552974954247,increases predicted RUL,83.76945495605469,92.0
25,Sensor_4_roll_mean5,0.5245583717703424,2.45393981365487,increases predicted RUL,83.76945495605469,92.0
25,Sensor_4_roll_std5,0.03722690425464419,-0.572567293420434,decreases predicted RUL,83.76945495605469,92.0
25,Sensor_17_diff1,-0.01728098444438987,1.9481697854353115,increases predicted RUL,83.76945495605469,92.0
25,Sensor_17_roll_mean5,0.47581869898839296,1.3474646559916437,increases predicted RUL,83.76945495605469,92.0
25,Sensor_17_roll_std5,-0.6794265026530936,-0.0013242746936157346,decreases predicted RUL,83.76945495605469,92.0
25,Sensor_8_diff1,-0.021474320063862507,0.5498112086206675,increases predicted RUL,83.76945495605469,92.0
25,Sensor_8_roll_mean5,-0.4097855697852078,-8.130949651822448,decreases predicted RUL,83.76945495605469,92.0
25,Sensor_8_roll_std5,0.3327742117792481,6.521705451305024,increases predicted RUL,83.76945495605469,92.0
25,Sensor_13_diff1,-0.01180360628001708,2.276187769486569,increases predicted RUL,83.76945495605469,92.0
25,Sensor_13_roll_mean5,-0.4256191987959784,-1.9594361109193414,decreases predicted RUL,83.76945495605469,92.0
25,Sensor_13_roll_std5,0.514467935318497,-12.34744045813568,decreases predicted RUL,83.76945495605469,92.0
25,Sensor_9_diff1,-0.018413685597453263,1.3756547840312123,increases predicted RUL,83.76945495605469,92.0
25,Sensor_9_roll_mean5,-0.5540650757951096,-9.115820590872318,decreases predicted RUL,83.76945495605469,92.0
25,Sensor_9_roll_std5,-0.3930239423925485,1.5631007039919496,increases predicted RUL,83.76945495605469,92.0
25,Regime_OneHot_0,0.06919193623621578,-1.4697090173140168,decreases predicted RUL,83.76945495605469,92.0
25,Regime_OneHot_1,-0.028114430749217715,1.5762976754340343,increases predicted RUL,83.76945495605469,92.0
25,Regime_OneHot_2,0.02688748419079751,0.6828991426154971,increases predicted RUL,83.76945495605469,92.0
25,Regime_OneHot_3,-0.13657227576358325,-1.5912687104719225,decreases predicted RUL,83.76945495605469,92.0
25,Regime_OneHot_4,0.2511838478707332,-9.376845829188824,decreases predicted RUL,83.76945495605469,92.0
25,Regime_OneHot_5,-0.19764481570020173,3.736503137741238,increases predicted RUL,83.76945495605469,92.0
26,Regime_ID,1.72,-25.355249545536935,decreases predicted RUL,101.90716552734375,76.0
26,Sensor_1,-0.23729202806915958,5.983754568733275,increases predicted RUL,101.90716552734375,76.0
26,Sensor_2,0.8820264545243061,-2.036292164120823,decreases predicted RUL,101.90716552734375,76.0
26,Sensor_3,0.7184449130355364,0.1888648356543854,increases predicted RUL,101.90716552734375,76.0
26,Sensor_4,0.7900839919992478,-14.547544417902827,decreases predicted RUL,101.90716552734375,76.0
26,Sensor_5,0.14275163886243505,7.2101028030738235,increases predicted RUL,101.90716552734375,76.0
26,Sensor_6,0.7992443446095069,5.013582790852524,increases predicted RUL,101.90716552734375,76.0
26,Sensor_7,-0.5017180029160067,7.391448973910883,increases predicted RUL,101.90716552734375,76.0
26,Sensor_8,-0.07907808998818927,1.032081015611766,increases predicted RUL,101.90716552734375,76.0
26,Sensor_9,-0.06890526871661909,5.8714008324932365,increases predicted RUL,101.90716552734375,76.0
26,Sensor_10,-0.16919420939478103,0.4653758357744664,increases predicted RUL,101.90716552734375,76.0
26,Sensor_11,0.8731269512698774,-13.045531330630183,decreases predicted RUL,101.90716552734375,76.0
26,Sensor_12,-0.5031068918455853,8.689337217248976,increases predicted RUL,101.90716552734375,76.0
26,Sensor_13,-0.1025868787768731,0.9907555999234319,increases predicted RUL,101.90716552734375,76.0
26,Sensor_14,-0.2261482885934706,4.131573124264833,increases predicted RUL,101.90716552734375,76.0
26,Sensor_15,0.9821613252535244,8.209159718826413,increases predicted RUL,101.90716552734375,76.0
26,Sensor_17,0.6899877276806958,-12.627201549243182,decreases predicted RUL,101.90716552734375,76.0
26,Sensor_18,0.0,0.0,decreases predicted RUL,101.90716552734375,76.0
26,Sensor_19,-0.026887484191246775,1.5846669560996816,increases predicted RUL,101.90716552734375,76.0
26,Sensor_20,-0.6592274967966903,1.4649441787041724,increases predicted RUL,101.90716552734375,76.0
26,Sensor_21,-0.7023853589981672,-11.99091319181025,decreases predicted RUL,101.90716552734375,76.0
26,Sensor_11_diff1,-0.00724137082772219,-0.25016015071742004,decreases predicted RUL,101.90716552734375,76.0
26,Sensor_11_roll_mean5,0.9615293878059973,8.358992035966367,increases predicted RUL,101.90716552734375,76.0
26,Sensor_11_roll_std5,0.011494146217717782,0.7729113011737354,increases predicted RUL,101.90716552734375,76.0
26,Sensor_4_diff1,0.02027848361224608,0.21887609525583684,increases predicted RUL,101.90716552734375,76.0
26,Sensor_4_roll_mean5,0.8868674629132233,4.244483530521393,increases predicted RUL,101.90716552734375,76.0
26,Sensor_4_roll_std5,-0.33179718358395,0.0023272312246263027,increases predicted RUL,101.90716552734375,76.0
26,Sensor_17_diff1,-0.024452753085879894,1.5439447211101651,increases predicted RUL,101.90716552734375,76.0
26,Sensor_17_roll_mean5,0.8684711406888771,6.335295285098255,increases predicted RUL,101.90716552734375,76.0
26,Sensor_17_roll_std5,0.10887022396005483,0.1763932283502072,increases predicted RUL,101.90716552734375,76.0
26,Sensor_8_diff1,-0.004968077329534488,1.3429422255139798,increases predicted RUL,101.90716552734375,76.0
26,Sensor_8_roll_mean5,-0.07853892387241111,-3.231232953068684,decreases predicted RUL,101.90716552734375,76.0
26,Sensor_8_roll_std5,-0.14600736042969348,2.1625331873074174,increases predicted RUL,101.90716552734375,76.0
26,Sensor_13_diff1,-0.008958972776233495,1.202136634849012,increases predicted RUL,101.90716552734375,76.0
26,Sensor_13_roll_mean5,-0.10990211042491076,-1.5114241550909355,decreases predicted RUL,101.90716552734375,76.0
26,Sensor_13_roll_std5,-0.2024149448607962,-3.3110767803154886,decreases predicted RUL,101.90716552734375,76.0
26,Sensor_9_diff1,-0.01599754527305476,1.7744428277947009,increases predicted RUL,101.90716552734375,76.0
26,Sensor_9_roll_mean5,-0.06094231877660194,-3.4856049823283684,decreases predicted RUL,101.90716552734375,76.0
26,Sensor_9_roll_std5,0.14471752303633223,-0.18079601181671023,decreases predicted RUL,101.90716552734375,76.0
26,Regime_OneHot_0,0.253934782644159,5.146327494643629,increases predicted RUL,101.90716552734375,76.0
26,Regime_OneHot_1,0.08389569023101386,0.4212507574047777,increases predicted RUL,101.90716552734375,76.0
26,Regime_OneHot_2,0.026887484190797492,0.8254613070748746,increases predicted RUL,101.90716552734375,76.0
26,Regime_OneHot_3,-0.19280441187093558,-2.2895841253048275,decreases predicted RUL,101.90716552734375,76.0
26,Regime_OneHot_4,-0.08465459535089238,5.231858949176967,increases predicted RUL,101.90716552734375,76.0
26,Regime_OneHot_5,-0.14174246279027375,6.438901574496413,increases predicted RUL,101.90716552734375,76.0
27,Regime_ID,1.16,2.634632782661356,increases predicted RUL,121.04945373535156,124.0
27,Sensor_1,0.043746823357696855,-0.6533450521528721,decreases predicted RUL,121.04945373535156,124.0
27,Sensor_2,-0.023779121329750175,-0.3706106786921737,decreases predicted RUL,121.04945373535156,124.0
27,Sensor_3,-0.011631669666686311,0.6523950268565386,increases predicted RUL,121.04945373535156,124.0
27,Sensor_4,-0.10558928537412876,4.413898251776118,increases predicted RUL,121.04945373535156,124.0
27,Sensor_5,-0.2280631059069411,-0.02743972826283425,decreases predicted RUL,121.04945373535156,124.0
27,Sensor_6,0.30804748320278014,4.2241073527839035,increases predicted RUL,121.04945373535156,124.0
27,Sensor_7,-0.014306159517848561,5.661415961047169,increases predicted RUL,121.04945373535156,124.0
27,Sensor_8,-0.11323893870633767,3.1876221975544468,increases predicted RUL,121.04945373535156,124.0
27,Sensor_9,-0.2092057507253725,16.619750659912825,increases predicted RUL,121.04945373535156,124.0
27,Sensor_10,-0.05725270542718683,-1.0632328934734687,decreases predicted RUL,121.04945373535156,124.0
27,Sensor_11,-0.036302016365767756,4.51359739608597,increases predicted RUL,121.04945373535156,124.0
27,Sensor_12,-0.03811298827874476,2.1435903932724614,increases predicted RUL,121.04945373535156,124.0
27,Sensor_13,-0.13591487178943287,2.5630066211306257,increases predicted RUL,121.04945373535156,124.0
27,Sensor_14,-0.19024739448366712,5.2837967497325735,increases predicted RUL,121.04945373535156,124.0
27,Sensor_15,0.07149531035420303,3.242729615572898,increases predicted RUL,121.04945373535156,124.0
27,Sensor_17,-0.006347627177385929,2.7174484100250993,increases predicted RUL,121.04945373535156,124.0
27,Sensor_18,0.0,0.0,decreases predicted RUL,121.04945373535156,124.0
27,Sensor_19,0.11431636059402445,-0.07662710634758696,decreases predicted RUL,121.04945373535156,124.0
27,Sensor_20,-0.012810163599788987,1.9409751204075292,increases predicted RUL,121.04945373535156,124.0
27,Sensor_21,-0.023335527326980056,-3.1838819361437345,decreases predicted RUL,121.04945373535156,124.0
27,Sensor_11_diff1,-0.03376042844742245,-0.3854120667092502,decreases predicted RUL,121.04945373535156,124.0
27,Sensor_11_roll_mean5,-0.011348247552258446,0.7866577425738797,increases predicted RUL,121.04945373535156,124.0
27,Sensor_11_roll_std5,-1.704292261339806,0.972717611817643,increases predicted RUL,121.04945373535156,124.0
27,Sensor_4_diff1,-0.02437673182763759,0.8467924635042436,increases predicted RUL,121.04945373535156,124.0
27,Sensor_4_roll_mean5,-0.0904815190101871,0.23256366705754772,increases predicted RUL,121.04945373535156,124.0
27,Sensor_4_roll_std5,-1.9275039792099153,0.4796320223249495,increases predicted RUL,121.04945373535156,124.0
27,Sensor_17_diff1,-0.010495082161923826,0.15981219639070332,increases predicted RUL,121.04945373535156,124.0
27,Sensor_17_roll_mean5,0.004416478590372938,-1.434211344065261,decreases predicted RUL,121.04945373535156,124.0
27,Sensor_17_roll_std5,-1.6220257728835703,0.9596954819862731,increases predicted RUL,121.04945373535156,124.0
27,Sensor_8_diff1,-0.025305765354544096,0.8478298538830131,increases predicted RUL,121.04945373535156,124.0
27,Sensor_8_roll_mean5,-0.09214455667859804,-1.5916228850692278,decreases predicted RUL,121.04945373535156,124.0
27,Sensor_8_roll_std5,-1.0158127575414635,-0.7899626025464386,decreases predicted RUL,121.04945373535156,124.0
27,Sensor_13_diff1,-0.016882982422729634,0.16645533795235679,increases predicted RUL,121.04945373535156,124.0
27,Sensor_13_roll_mean5,-0.13029743353092435,-8.017880416475236,decreases predicted RUL,121.04945373535156,124.0
27,Sensor_13_roll_std5,-1.0425856134066975,1.6373677766969195,increases predicted RUL,121.04945373535156,124.0
27,Sensor_9_diff1,-0.0088617491189438,0.9366016439721534,increases predicted RUL,121.04945373535156,124.0
27,Sensor_9_roll_mean5,-0.2038471686977824,-9.07158115087077,decreases predicted RUL,121.04945373535156,124.0
27,Sensor_9_roll_std5,-1.3397802088183868,2.355538211762905,increases predicted RUL,121.04945373535156,124.0
27,Regime_OneHot_0,-0.3926651797836414,-2.487857213083771,decreases predicted RUL,121.04945373535156,124.0
27,Regime_OneHot_1,-0.30813973319979654,0.25131551770027727,increases predicted RUL,121.04945373535156,124.0
27,Regime_OneHot_2,-0.3647731552717246,1.4363369521452114,increases predicted RUL,121.04945373535156,124.0
27,Regime_OneHot_3,-0.3052686840856401,-0.3469947415724164,decreases predicted RUL,121.04945373535156,124.0
27,Regime_OneHot_4,-0.028681521480621464,-2.404426235021674,decreases predicted RUL,121.04945373535156,124.0
27,Regime_OneHot_5,-0.19764481570020181,-0.35260780301177874,decreases predicted RUL,121.04945373535156,124.0
28,Regime_ID,1.96,-8.819979818188585,decreases predicted RUL,98.55018615722656,64.0
28,Sensor_1,-0.04851848748610566,5.852183101429546,increases predicted RUL,98.55018615722656,64.0
28,Sensor_2,-0.7835210390771163,4.572889470611699,increases predicted RUL,98.55018615722656,64.0
28,Sensor_3,-0.565036205250001,0.644242956826929,increases predicted RUL,98.55018615722656,64.0
28,Sensor_4,-0.7012259898661646,11.18662885017693,increases predicted RUL,98.55018615722656,64.0
28,Sensor_5,0.05474547509812507,-1.4645390891237184,decreases predicted RUL,98.55018615722656,64.0
28,Sensor_6,-1.422291213747165,-8.527395197656006,decreases predicted RUL,98.55018615722656,64.0
28,Sensor_7,-0.23897201327658876,3.3494876695331186,increases predicted RUL,98.55018615722656,64.0
28,Sensor_8,-0.28033442505516704,1.983761850045994,increases predicted RUL,98.55018615722656,64.0
28,Sensor_9,-0.34549440076582677,6.396623956883559,increases predicted RUL,98.55018615722656,64.0
28,Sensor_10,-0.21768479383321537,-1.6305226812255569,decreases predicted RUL,98.55018615722656,64.0
28,Sensor_11,-0.7851525849852905,10.982916606764775,increases predicted RUL,98.55018615722656,64.0
28,Sensor_12,-0.25889952410843814,2.0337492596008815,increases predicted RUL,98.55018615722656,64.0
28,Sensor_13,-0.3041624155642514,3.3920560269616544,increases predicted RUL,98.55018615722656,64.0
28,Sensor_14,-0.20495890811543271,3.1536610960029066,increases predicted RUL,98.55018615722656,64.0
28,Sensor_15,-0.3833589666463644,0.20844494213815778,increases predicted RUL,98.55018615722656,64.0
28,Sensor_17,-0.47485501056882073,1.761236582417041,increases predicted RUL,98.55018615722656,64.0
28,Sensor_18,0.0,0.0,decreases predicted RUL,98.55018615722656,64.0
28,Sensor_19,0.19691859550580446,-1.4451538620050997,decreases predicted RUL,98.55018615722656,64.0
28,Sensor_20,0.22491744048306156,0.44081643130630255,increases predicted RUL,98.55018615722656,64.0
28,Sensor_21,0.03380993990937451,-0.7197724699508399,decreases predicted RUL,98.55018615722656,64.0
28,Sensor_11_diff1,-0.020250954565453973,3.3855240046977997,increases predicted RUL,98.55018615722656,64.0
28,Sensor_11_roll_mean5,-0.8527792940983256,0.4439381845295429,increases predicted RUL,98.55018615722656,64.0
28,Sensor_11_roll_std5,-0.04913202762921962,0.22342435497557744,increases predicted RUL,98.55018615722656,64.0
28,Sensor_4_diff1,0.006017200164110576,-2.1646138901487575,decreases predicted RUL,98.55018615722656,64.0
28,Sensor_4_roll_mean5,-0.8357914701963993,-1.865409049903974,decreases predicted RUL,98.55018615722656,64.0
28,Sensor_4_roll_std5,-0.18698596181281293,-0.3015529790427536,decreases predicted RUL,98.55018615722656,64.0
28,Sensor_17_diff1,-0.011975680408706358,-2.390968137420714,decreases predicted RUL,98.55018615722656,64.0
28,Sensor_17_roll_mean5,-0.5985634206989114,-0.5504764437791891,decreases predicted RUL,98.55018615722656,64.0
28,Sensor_17_roll_std5,-0.1218787274302044,3.4911631832364947,increases predicted RUL,98.55018615722656,64.0
28,Sensor_8_diff1,0.02933095436783459,1.1157239419408143,increases predicted RUL,98.55018615722656,64.0
28,Sensor_8_roll_mean5,-0.3660929904708434,-4.650384478503838,decreases predicted RUL,98.55018615722656,64.0
28,Sensor_8_roll_std5,-0.17635235432706636,-0.9983519052620977,decreases predicted RUL,98.55018615722656,64.0
28,Sensor_13_diff1,0.018992376720324902,4.481044518761337,increases predicted RUL,98.55018615722656,64.0
28,Sensor_13_roll_mean5,-0.3937687422655795,-10.620138559490442,decreases predicted RUL,98.55018615722656,64.0
28,Sensor_13_roll_std5,-0.04972034055939422,-2.4958869301481172,decreases predicted RUL,98.55018615722656,64.0
28,Sensor_9_diff1,0.019434308682775105,-2.072201962582767,decreases predicted RUL,98.55018615722656,64.0
28,Sensor_9_roll_mean5,-0.3828066593146555,-8.006528343539685,decreases predicted RUL,98.55018615722656,64.0
28,Sensor_9_roll_std5,-0.0556621838483883,1.2107187814544886,increases predicted RUL,98.55018615722656,64.0
28,Regime_OneHot_0,0.1615633594401874,2.518698339466937,increases predicted RUL,98.55018615722656,64.0
28,Regime_OneHot_1,0.13990075072112954,-1.3059666563640349,decreases predicted RUL,98.55018615722656,64.0
28,Regime_OneHot_2,-0.19691859550207214,2.6060667664423818,increases predicted RUL,98.55018615722656,64.0
28,Regime_OneHot_3,-0.0241080035488787,1.5283833694411442,increases predicted RUL,98.55018615722656,64.0
28,Regime_OneHot_4,-0.08465459535089241,1.1457744231447577,increases predicted RUL,98.55018615722656,64.0
28,Regime_OneHot_5,-0.029937756970418287,4.147304034442641,increases predicted RUL,98.55018615722656,64.0
29,Regime_ID,1.96,-10.382359242066741,decreases predicted RUL,115.2732162475586,118.0
29,Sensor_1,-0.159561746652608,6.101943824789487,increases predicted RUL,115.2732162475586,118.0
29,Sensor_2,-0.5583621345996287,2.5443544152658433,increases predicted RUL,115.2732162475586,118.0
29,Sensor_3,-0.6073488535617623,-0.6578200825606473,decreases predicted RUL,115.2732162475586,118.0
29,Sensor_4,-0.8978477211232473,9.372804623097181,increases predicted RUL,115.2732162475586,118.0
29,Sensor_5,-0.015659455913322903,0.3789346500125248,increases predicted RUL,115.2732162475586,118.0
29,Sensor_6,-0.6908925282478848,-0.4531250430736691,decreases predicted RUL,115.2732162475586,118.0
29,Sensor_7,-0.03180942140393524,4.768451238749549,increases predicted RUL,115.2732162475586,118.0
29,Sensor_8,-0.30604962335447317,4.683582052616202,increases predicted RUL,115.2732162475586,118.0
29,Sensor_9,-0.361093768586678,19.541353153064847,increases predicted RUL,115.2732162475586,118.0
29,Sensor_10,-0.16624588702679527,-2.7394781074253842,decreases predicted RUL,115.2732162475586,118.0
29,Sensor_11,-0.7290051618425639,7.455876798601821,increases predicted RUL,115.2732162475586,118.0
29,Sensor_12,-0.0535078615728148,2.5677913281833753,increases predicted RUL,115.2732162475586,118.0
29,Sensor_13,-0.27601590980830687,3.355661549605429,increases predicted RUL,115.2732162475586,118.0
29,Sensor_14,-0.22753145646137551,6.274045805606875,increases predicted RUL,115.2732162475586,118.0
29,Sensor_15,-0.44542412378919977,3.2495282443705946,increases predicted RUL,115.2732162475586,118.0
29,Sensor_17,-0.655902430576425,7.353150600101799,increases predicted RUL,115.2732162475586,118.0
29,Sensor_18,0.0,0.0,decreases predicted RUL,115.2732162475586,118.0
29,Sensor_19,0.08501555565727896,-0.7461650690529495,decreases predicted RUL,115.2732162475586,118.0
29,Sensor_20,0.24722240540414195,1.6832272152096266,increases predicted RUL,115.2732162475586,118.0
29,Sensor_21,0.291577360120008,-2.280195526429452,decreases predicted RUL,115.2732162475586,118.0
29,Sensor_11_diff1,-0.015891280750329223,1.1240110285580158,increases predicted RUL,115.2732162475586,118.0
29,Sensor_11_roll_mean5,-0.792179108556292,-1.1876793403644115,decreases predicted RUL,115.2732162475586,118.0
29,Sensor_11_roll_std5,-0.3375387695515372,0.29415654367767274,increases predicted RUL,115.2732162475586,118.0
29,Sensor_4_diff1,-0.0199616321713663,-0.22926853504031897,decreases predicted RUL,115.2732162475586,118.0
29,Sensor_4_roll_mean5,-1.0083658242373217,-4.852560149272904,decreases predicted RUL,115.2732162475586,118.0
29,Sensor_4_roll_std5,-0.17148474237937883,-0.22281435795594007,decreases predicted RUL,115.2732162475586,118.0
29,Sensor_17_diff1,0.03343729209935897,0.9140684558078647,increases predicted RUL,115.2732162475586,118.0
29,Sensor_17_roll_mean5,-0.8321582655094832,-7.648703687824309,decreases predicted RUL,115.2732162475586,118.0
29,Sensor_17_roll_std5,-0.042285904815524765,-0.781352381920442,decreases predicted RUL,115.2732162475586,118.0
29,Sensor_8_diff1,0.006208003477656552,1.059056747588329,increases predicted RUL,115.2732162475586,118.0
29,Sensor_8_roll_mean5,-0.35703968437300815,-3.3056803612271324,decreases predicted RUL,115.2732162475586,118.0
29,Sensor_8_roll_std5,-0.1736088633375221,-0.913260098099272,decreases predicted RUL,115.2732162475586,118.0
29,Sensor_13_diff1,0.011887905700905808,1.4527500013355166,increases predicted RUL,115.2732162475586,118.0
29,Sensor_13_roll_mean5,-0.3251706955410536,-13.467180144041777,decreases predicted RUL,115.2732162475586,118.0
29,Sensor_13_roll_std5,-0.2351081336157561,0.9594392021972453,increases predicted RUL,115.2732162475586,118.0
29,Sensor_9_diff1,-0.02752143866160909,1.5052487328648567,increases predicted RUL,115.2732162475586,118.0
29,Sensor_9_roll_mean5,-0.37504123374077075,-12.05114640807733,decreases predicted RUL,115.2732162475586,118.0
29,Sensor_9_roll_std5,0.049357474461650244,-1.0198163119348465,decreases predicted RUL,115.2732162475586,118.0
29,Regime_OneHot_0,0.1615633594401874,2.9007105906166544,increases predicted RUL,115.2732162475586,118.0
29,Regime_OneHot_1,0.027890629740898037,0.2549058379372582,increases predicted RUL,115.2732162475586,118.0
29,Regime_OneHot_2,-0.0850155556556373,0.49518765648826957,increases predicted RUL,115.2732162475586,118.0
29,Regime_OneHot_3,-0.08034013965623098,0.7514431595918722,increases predicted RUL,115.2732162475586,118.0
29,Regime_OneHot_4,0.1392377001301913,-2.2810884091304615,decreases predicted RUL,115.2732162475586,118.0
29,Regime_OneHot_5,-0.1976448157002016,3.9061381102073938,increases predicted RUL,115.2732162475586,118.0
30,Regime_ID,2.04,-3.52050015819259,decreases predicted RUL,9.259184837341309,6.0
30,Sensor_1,-0.03741416156945538,1.614624279551208,increases predicted RUL,9.259184837341309,6.0
30,Sensor_2,1.1100109194966528,-4.593594276258955,decreases predicted RUL,9.259184837341309,6.0
30,Sensor_3,1.0381371793375735,-4.997528981533833,decreases predicted RUL,9.259184837341309,6.0
30,Sensor_4,1.163564369540627,-14.013415393652394,decreases predicted RUL,9.259184837341309,6.0
30,Sensor_5,0.07234670785098704,-0.7323663751594722,decreases predicted RUL,9.259184837341309,6.0
30,Sensor_6,0.9047622161505227,1.5670765250688419,increases predicted RUL,9.259184837341309,6.0
30,Sensor_7,-0.49289893723577166,-1.0955377228674479,decreases predicted RUL,9.259184837341309,6.0
30,Sensor_8,0.14452349196344652,0.2594210781971924,increases predicted RUL,9.259184837341309,6.0
30,Sensor_9,0.1677985891064636,-0.61050734447781,decreases predicted RUL,9.259184837341309,6.0
30,Sensor_10,-0.18801266062755054,-0.8100977478316054,decreases predicted RUL,9.259184837341309,6.0
30,Sensor_11,1.2726334536094628,-16.094703995157033,decreases predicted RUL,9.259184837341309,6.0
30,Sensor_12,-0.4725395265543936,0.915620427345857,increases predicted RUL,9.259184837341309,6.0
30,Sensor_13,0.12762674537174848,0.6408908609300852,increases predicted RUL,9.259184837341309,6.0
30,Sensor_14,-0.05656349330959675,2.554532105801627,increases predicted RUL,9.259184837341309,6.0
30,Sensor_15,1.175589698028346,-5.546490026230458,decreases predicted RUL,9.259184837341309,6.0
30,Sensor_17,1.0502069514289412,-12.205582330934703,decreases predicted RUL,9.259184837341309,6.0
30,Sensor_18,0.0,0.0,decreases predicted RUL,9.259184837341309,6.0
30,Sensor_19,0.029064035733016035,1.3279713326337514,increases predicted RUL,9.259184837341309,6.0
30,Sensor_20,-1.053554044561401,-0.7138045374304056,decreases predicted RUL,9.259184837341309,6.0
30,Sensor_21,-0.6684785827123477,-5.624990688636899,decreases predicted RUL,9.259184837341309,6.0
30,Sensor_11_diff1,0.0385709972861373,-2.8494318667799234,decreases predicted RUL,9.259184837341309,6.0
30,Sensor_11_roll_mean5,1.3532464908762298,-2.239887176081538,decreases predicted RUL,9.259184837341309,6.0
30,Sensor_11_roll_std5,-0.5785400893998315,0.8189218821935356,increases predicted RUL,9.259184837341309,6.0
30,Sensor_4_diff1,0.042832183559028694,0.06400387967005372,increases predicted RUL,9.259184837341309,6.0
30,Sensor_4_roll_mean5,1.277374070869222,-5.274113817606121,decreases predicted RUL,9.259184837341309,6.0
30,Sensor_4_roll_std5,0.09019793238108187,0.00091926971799694,increases predicted RUL,9.259184837341309,6.0
30,Sensor_17_diff1,0.02442867986264761,0.18641653889790177,increases predicted RUL,9.259184837341309,6.0
30,Sensor_17_roll_mean5,1.2610050349884838,2.1794502567499876,increases predicted RUL,9.259184837341309,6.0
30,Sensor_17_roll_std5,-0.2432920301616908,0.5188942803069949,increases predicted RUL,9.259184837341309,6.0
30,Sensor_8_diff1,0.027812974634688584,0.01817476740689017,increases predicted RUL,9.259184837341309,6.0
30,Sensor_8_roll_mean5,0.16964022393403205,0.8137447073822841,increases predicted RUL,9.259184837341309,6.0
30,Sensor_8_roll_std5,-0.04568245649098592,-0.7356191508006305,decreases predicted RUL,9.259184837341309,6.0
30,Sensor_13_diff1,0.026656160591117466,0.41981914604548365,increases predicted RUL,9.259184837341309,6.0
30,Sensor_13_roll_mean5,0.15070185794044144,-1.2575457976781763,decreases predicted RUL,9.259184837341309,6.0
30,Sensor_13_roll_std5,-0.06393367199412035,-5.177011133637279,decreases predicted RUL,9.259184837341309,6.0
30,Sensor_9_diff1,-0.037357013929261634,0.43577736150473356,increases predicted RUL,9.259184837341309,6.0
30,Sensor_9_roll_mean5,0.1957926148263224,0.6150687094777822,increases predicted RUL,9.259184837341309,6.0
30,Sensor_9_roll_std5,-0.21712714470525363,-0.20947571762371808,decreases predicted RUL,9.259184837341309,6.0
30,Regime_OneHot_0,0.16156335944018743,-0.050764936313498765,decreases predicted RUL,9.259184837341309,6.0
30,Regime_OneHot_1,0.027890629740897982,1.1715658678440377,increases predicted RUL,9.259184837341309,6.0
30,Regime_OneHot_2,-0.029064035732419953,0.11549115421257738,increases predicted RUL,9.259184837341309,6.0
30,Regime_OneHot_3,-0.13657227576358325,-0.4982837061106693,decreases predicted RUL,9.259184837341309,6.0
30,Regime_OneHot_4,-0.14062766922116335,-2.041255363088567,decreases predicted RUL,9.259184837341309,6.0
30,Regime_OneHot_5,0.08186694884943747,2.82150161388563,increases predicted RUL,9.259184837341309,6.0
31,Regime_ID,2.28,-6.037340227514505,decreases predicted RUL,22.30419158935547,22.0
31,Sensor_1,0.17356803084689915,0.6648606662638485,increases predicted RUL,22.30419158935547,22.0
31,Sensor_2,1.32122803384911,3.208219368942082,increases predicted RUL,22.30419158935547,22.0
31,Sensor_3,0.9439843132134393,-7.095592122059315,decreases predicted RUL,22.30419158935547,22.0
31,Sensor_4,1.5363529422515798,-28.044861976988614,decreases predicted RUL,22.30419158935547,22.0
31,Sensor_5,0.07234670785098704,0.7579314939212054,increases predicted RUL,22.30419158935547,22.0
31,Sensor_6,0.8962046653037398,-2.1032922111917287,decreases predicted RUL,22.30419158935547,22.0
31,Sensor_7,-0.5996767317181463,0.23284590509865666,increases predicted RUL,22.30419158935547,22.0
31,Sensor_8,-0.37254940745879345,4.519242299553298,increases predicted RUL,22.30419158935547,22.0
31,Sensor_9,-0.729178764228234,8.689432013779879,increases predicted RUL,22.30419158935547,22.0
31,Sensor_10,-0.30866532080368975,-1.52795541100204,decreases predicted RUL,22.30419158935547,22.0
31,Sensor_11,1.5282303494511935,-29.04292953759432,decreases predicted RUL,22.30419158935547,22.0
31,Sensor_12,-0.6075953631222106,7.09479090757668,increases predicted RUL,22.30419158935547,22.0
31,Sensor_13,-0.3922522217567309,5.124013970606029,increases predicted RUL,22.30419158935547,22.0
31,Sensor_14,-1.0357832228313915,8.101435581687838,increases predicted RUL,22.30419158935547,22.0
31,Sensor_15,1.401288433699076,-3.132912116125226,decreases predicted RUL,22.30419158935547,22.0
31,Sensor_17,1.1423531526604054,-12.663437352981418,decreases predicted RUL,22.30419158935547,22.0
31,Sensor_18,0.0,0.0,decreases predicted RUL,22.30419158935547,22.0
31,Sensor_19,0.14096707558154178,-0.20144683349644765,decreases predicted RUL,22.30419158935547,22.0
31,Sensor_20,-1.093021807573123,-2.97453183028847,decreases predicted RUL,22.30419158935547,22.0
31,Sensor_21,-0.8330271803277376,-9.121952186804265,decreases predicted RUL,22.30419158935547,22.0
31,Sensor_11_diff1,0.02628053691916274,-3.164756903424859,decreases predicted RUL,22.30419158935547,22.0
31,Sensor_11_roll_mean5,1.6386632213193066,9.190881945192814,increases predicted RUL,22.30419158935547,22.0
31,Sensor_11_roll_std5,-0.40772951567904897,0.05987164564430714,increases predicted RUL,22.30419158935547,22.0
31,Sensor_4_diff1,0.0011825907422948984,1.0635820422321558,increases predicted RUL,22.30419158935547,22.0
31,Sensor_4_roll_mean5,1.7398391345686588,9.725373580120504,increases predicted RUL,22.30419158935547,22.0
31,Sensor_4_roll_std5,0.27312724695418983,-1.0864032785466406,decreases predicted RUL,22.30419158935547,22.0
31,Sensor_17_diff1,0.0031292343718193815,1.2592591065913439,increases predicted RUL,22.30419158935547,22.0
31,Sensor_17_roll_mean5,1.4203598130973993,2.4458169639110565,increases predicted RUL,22.30419158935547,22.0
31,Sensor_17_roll_std5,0.1088032289992095,0.6971859381301329,increases predicted RUL,22.30419158935547,22.0
31,Sensor_8_diff1,-0.0007532246147825905,5.996394776273519,increases predicted RUL,22.30419158935547,22.0
31,Sensor_8_roll_mean5,-0.469321746473353,-3.998287694528699,decreases predicted RUL,22.30419158935547,22.0
31,Sensor_8_roll_std5,1.598025318142954,8.387718998201308,increases predicted RUL,22.30419158935547,22.0
31,Sensor_13_diff1,-0.008653909638640852,1.7790184346958995,increases predicted RUL,22.30419158935547,22.0
31,Sensor_13_roll_mean5,-0.48977927898069956,-2.5274289669469,decreases predicted RUL,22.30419158935547,22.0
31,Sensor_13_roll_std5,1.4891704999678421,-23.33772311033681,decreases predicted RUL,22.30419158935547,22.0
31,Sensor_9_diff1,-0.03242541281100892,1.1353511773049831,increases predicted RUL,22.30419158935547,22.0
31,Sensor_9_roll_mean5,-0.7509399375923016,-9.426636280142702,decreases predicted RUL,22.30419158935547,22.0
31,Sensor_9_roll_std5,-0.32268702556648576,0.7273573817292345,increases predicted RUL,22.30419158935547,22.0
31,Regime_OneHot_0,0.023006224634230035,-5.524242707295343,decreases predicted RUL,22.30419158935547,22.0
31,Regime_OneHot_1,-0.028114430749217646,2.3251969553530216,increases predicted RUL,22.30419158935547,22.0
31,Regime_OneHot_2,-0.1409670755788546,0.9439935167320073,increases predicted RUL,22.30419158935547,22.0
31,Regime_OneHot_3,0.20082054088053047,-1.164782194653526,decreases predicted RUL,22.30419158935547,22.0
31,Regime_OneHot_4,-0.08465459535089234,3.4383060866966844,increases predicted RUL,22.30419158935547,22.0
31,Regime_OneHot_5,0.025964595939509564,5.500814667902887,increases predicted RUL,22.30419158935547,22.0
32,Regime_ID,1.9,-2.1972300943452865,decreases predicted RUL,123.32410430908203,147.0
32,Sensor_1,-0.21508337623585913,2.6386379600153305,increases predicted RUL,123.32410430908203,147.0
32,Sensor_2,-1.022333389401884,2.54816952731926,increases predicted RUL,123.32410430908203,147.0
32,Sensor_3,-1.0188724261614248,-0.1638650229870109,decreases predicted RUL,123.32410430908203,147.0
32,Sensor_4,-1.27339956413005,7.216344511136413,increases predicted RUL,123.32410430908203,147.0
32,Sensor_5,0.03714424234526308,0.13187736325198784,increases predicted RUL,123.32410430908203,147.0
32,Sensor_6,-0.7802072427945409,1.4156348329270259,increases predicted RUL,123.32410430908203,147.0
32,Sensor_7,-0.8731365015507905,5.669409247115254,increases predicted RUL,123.32410430908203,147.0
32,Sensor_8,-1.0040563635002986,5.084447358734906,increases predicted RUL,123.32410430908203,147.0
32,Sensor_9,-1.0999723589815806,14.759947966784239,increases predicted RUL,123.32410430908203,147.0
32,Sensor_10,-0.3900539180337638,-0.82870134463883,decreases predicted RUL,123.32410430908203,147.0
32,Sensor_11,-1.3319372512034884,7.645123045076616,increases predicted RUL,123.32410430908203,147.0
32,Sensor_12,-0.889698049766146,3.957031558442395,increases predicted RUL,123.32410430908203,147.0
32,Sensor_13,-0.9326318258926234,2.9628759131301194,increases predicted RUL,123.32410430908203,147.0
32,Sensor_14,-0.9509742594301723,3.270606241421774,increases predicted RUL,123.32410430908203,147.0
32,Sensor_15,0.0926257484712396,3.916942000214476,increases predicted RUL,123.32410430908203,147.0
32,Sensor_17,-1.054342817729848,7.124275694251992,increases predicted RUL,123.32410430908203,147.0
32,Sensor_18,0.0,0.0,decreases predicted RUL,123.32410430908203,147.0
32,Sensor_19,0.08501555565727895,-0.17266788764391094,decreases predicted RUL,123.32410430908203,147.0
32,Sensor_20,-0.3760017520817454,1.3418214925331995,increases predicted RUL,123.32410430908203,147.0
32,Sensor_21,-0.02611385904380048,-0.2151984866359271,decreases predicted RUL,123.32410430908203,147.0
32,Sensor_11_diff1,-0.0014500039328916613,-0.7368173453724012,decreases predicted RUL,123.32410430908203,147.0
32,Sensor_11_roll_mean5,-1.4487179479464427,-0.4490764494985342,decreases predicted RUL,123.32410430908203,147.0
32,Sensor_11_roll_std5,-0.02429572307659246,-0.028357300558127463,decreases predicted RUL,123.32410430908203,147.0
32,Sensor_4_diff1,-0.010094027954089464,0.6363239395432174,increases predicted RUL,123.32410430908203,147.0
32,Sensor_4_roll_mean5,-1.4634051637869254,-1.8229797561652958,decreases predicted RUL,123.32410430908203,147.0
32,Sensor_4_roll_std5,0.037642370199479656,-0.3806846735824365,decreases predicted RUL,123.32410430908203,147.0
32,Sensor_17_diff1,0.00706905498673983,0.46421113167889416,increases predicted RUL,123.32410430908203,147.0
32,Sensor_17_roll_mean5,-1.305791549738109,-5.967753991717473,decreases predicted RUL,123.32410430908203,147.0
32,Sensor_17_roll_std5,0.007054790902801505,-0.21850678836926818,decreases predicted RUL,123.32410430908203,147.0
32,Sensor_8_diff1,-0.019677312806270872,0.4117606447543949,increases predicted RUL,123.32410430908203,147.0
32,Sensor_8_roll_mean5,-1.211389726024337,-3.2600040559191257,decreases predicted RUL,123.32410430908203,147.0
32,Sensor_8_roll_std5,0.2769450481572369,-0.19487443275284022,decreases predicted RUL,123.32410430908203,147.0
32,Sensor_13_diff1,-0.012167570142965546,0.4896441972377943,increases predicted RUL,123.32410430908203,147.0
32,Sensor_13_roll_mean5,-1.1312423623132215,-10.549441280512838,decreases predicted RUL,123.32410430908203,147.0
32,Sensor_13_roll_std5,0.17108003785061382,-0.6864523807307705,decreases predicted RUL,123.32410430908203,147.0
32,Sensor_9_diff1,-0.019893411701932526,0.4195912480354309,increases predicted RUL,123.32410430908203,147.0
32,Sensor_9_roll_mean5,-1.1570280448952024,-11.17249446734786,decreases predicted RUL,123.32410430908203,147.0
32,Sensor_9_roll_std5,-0.03596183443865286,-0.059993096510879695,decreases predicted RUL,123.32410430908203,147.0
32,Regime_OneHot_0,0.06919193623621578,0.5886182839749381,increases predicted RUL,123.32410430908203,147.0
32,Regime_OneHot_1,0.2519108717013609,-0.47072801151080057,decreases predicted RUL,123.32410430908203,147.0
32,Regime_OneHot_2,-0.0850155556556373,1.2580028113152366,increases predicted RUL,123.32410430908203,147.0
32,Regime_OneHot_3,-0.08034013965623098,0.2414514216943644,increases predicted RUL,123.32410430908203,147.0
32,Regime_OneHot_4,-0.028681521480621478,-1.4280276257777587,decreases predicted RUL,123.32410430908203,147.0
32,Regime_OneHot_5,-0.1417424627902738,1.2649013710033614,increases predicted RUL,123.32410430908203,147.0
33,Regime_ID,2.54,-5.752564541995525,decreases predicted RUL,93.53296661376953,126.0
33,Sensor_1,0.1513593790135988,1.9508897345513105,increases predicted RUL,93.53296661376953,126.0
33,Sensor_2,-0.668068010336721,5.84066955302842,increases predicted RUL,93.53296661376953,126.0
33,Sensor_3,-0.7600652070666828,-2.9924787537311204,decreases predicted RUL,93.53296661376953,126.0
33,Sensor_4,-0.8556086236075494,8.451035119593143,increases predicted RUL,93.53296661376953,126.0
33,Sensor_5,-0.13886808518335683,0.7338601257652044,increases predicted RUL,93.53296661376953,126.0
33,Sensor_6,-2.4806564862544893,-35.47340949997306,decreases predicted RUL,93.53296661376953,126.0
33,Sensor_7,-0.691039262009911,32.567187547683716,increases predicted RUL,93.53296661376953,126.0
33,Sensor_8,-0.5198735217528623,10.141042788338382,increases predicted RUL,93.53296661376953,126.0
33,Sensor_9,-0.5618260667356259,26.271983036771417,increases predicted RUL,93.53296661376953,126.0
33,Sensor_10,-0.7142690188466865,-3.9252222003415227,decreases predicted RUL,93.53296661376953,126.0
33,Sensor_11,-0.803426567619245,8.448588659754023,increases predicted RUL,93.53296661376953,126.0
33,Sensor_12,-0.682413151006648,14.889125894755125,increases predicted RUL,93.53296661376953,126.0
33,Sensor_13,-0.5010680800670982,7.80750444624573,increases predicted RUL,93.53296661376953,126.0
33,Sensor_14,-0.4068105383359708,9.528754207771271,increases predicted RUL,93.53296661376953,126.0
33,Sensor_15,-0.3462958079641893,2.8482491360628046,increases predicted RUL,93.53296661376953,126.0
33,Sensor_17,-0.6533837953329578,9.850930077489465,increases predicted RUL,93.53296661376953,126.0
33,Sensor_18,0.0,0.0,decreases predicted RUL,93.53296661376953,126.0
33,Sensor_19,0.1409670755815418,1.3647602263372391,increases predicted RUL,93.53296661376953,126.0
33,Sensor_20,-0.061046221107214894,5.5541547710308805,increases predicted RUL,93.53296661376953,126.0
33,Sensor_21,-0.23347547910079655,-7.678411495406181,decreases predicted RUL,93.53296661376953,126.0
33,Sensor_11_diff1,0.012267916648425602,-0.05749683827161789,decreases predicted RUL,93.53296661376953,126.0
33,Sensor_11_roll_mean5,-0.8808342160004327,-1.560069584287703,decreases predicted RUL,93.53296661376953,126.0
33,Sensor_11_roll_std5,0.10121434472511366,0.7598990402184427,increases predicted RUL,93.53296661376953,126.0
33,Sensor_4_diff1,-0.018100340207227027,-1.2376527935266495,decreases predicted RUL,93.53296661376953,126.0
33,Sensor_4_roll_mean5,-0.9755470989258888,-10.028471977449954,decreases predicted RUL,93.53296661376953,126.0
33,Sensor_4_roll_std5,0.24497085118841103,-0.5079661181662232,decreases predicted RUL,93.53296661376953,126.0
33,Sensor_17_diff1,0.0032927698840376027,0.33153969910927117,increases predicted RUL,93.53296661376953,126.0
33,Sensor_17_roll_mean5,-0.8457397663104522,-14.205111195915379,decreases predicted RUL,93.53296661376953,126.0
33,Sensor_17_roll_std5,-0.15846689242423864,3.010084845358506,increases predicted RUL,93.53296661376953,126.0
33,Sensor_8_diff1,-0.01787081304707945,5.127362497150898,increases predicted RUL,93.53296661376953,126.0
33,Sensor_8_roll_mean5,-0.612693748999474,-10.939141295850277,decreases predicted RUL,93.53296661376953,126.0
33,Sensor_8_roll_std5,0.01712116577990248,-2.0107819358818233,decreases predicted RUL,93.53296661376953,126.0
33,Sensor_13_diff1,-0.018502572818924676,9.053563937544823,increases predicted RUL,93.53296661376953,126.0
33,Sensor_13_roll_mean5,-0.5914303605218201,-21.003271348774433,decreases predicted RUL,93.53296661376953,126.0
33,Sensor_13_roll_std5,0.16965131524743754,-11.4480016593443,decreases predicted RUL,93.53296661376953,126.0
33,Sensor_9_diff1,0.016254660737372636,3.6358536705374718,increases predicted RUL,93.53296661376953,126.0
33,Sensor_9_roll_mean5,-0.6082660647706765,-25.106508314609528,decreases predicted RUL,93.53296661376953,126.0
33,Sensor_9_roll_std5,0.5088833450837389,-8.879638081882149,decreases predicted RUL,93.53296661376953,126.0
33,Regime_OneHot_0,-0.06936519856974142,2.4480452220886946,increases predicted RUL,93.53296661376953,126.0
33,Regime_OneHot_1,0.027890629740898055,1.4025663321372122,increases predicted RUL,93.53296661376953,126.0
33,Regime_OneHot_2,-0.14096707557885468,3.4252986032224726,increases predicted RUL,93.53296661376953,126.0
33,Regime_OneHot_3,-0.024108003548878664,1.4369385943282396,increases predicted RUL,93.53296661376953,126.0
33,Regime_OneHot_4,-0.028681521480621367,1.9125109761953354,increases predicted RUL,93.53296661376953,126.0
33,Regime_OneHot_5,0.24957400757922069,-6.78954660333693,decreases predicted RUL,93.53296661376953,126.0
34,Regime_ID,2.52,-5.890023438842036,decreases predicted RUL,28.585603713989258,36.0
34,Sensor_1,0.15135937901359875,1.0448676901869476,increases predicted RUL,28.585603713989258,36.0
34,Sensor_2,0.9770901402946689,-3.566851763986051,decreases predicted RUL,28.585603713989258,36.0
34,Sensor_3,0.8311098335173922,-2.6233189509948716,decreases predicted RUL,28.585603713989258,36.0
34,Sensor_4,1.231957476365101,-13.867562239989638,decreases predicted RUL,28.585603713989258,36.0
34,Sensor_5,-0.10366561967763285,-0.5920961224474013,decreases predicted RUL,28.585603713989258,36.0
34,Sensor_6,0.9323478887697206,2.343587228562683,increases predicted RUL,28.585603713989258,36.0
34,Sensor_7,-0.4927526478911879,2.8081033902417403,increases predicted RUL,28.585603713989258,36.0
34,Sensor_8,1.5011961637027063,-2.0749085815623403,decreases predicted RUL,28.585603713989258,36.0
34,Sensor_9,1.9650270709617914,-23.821320849470794,decreases predicted RUL,28.585603713989258,36.0
34,Sensor_10,-0.14303562100431372,-1.1555463283475547,decreases predicted RUL,28.585603713989258,36.0
34,Sensor_11,1.0484465814329185,-16.45283511094749,decreases predicted RUL,28.585603713989258,36.0
34,Sensor_12,-0.4339825115032649,2.104294760953053,increases predicted RUL,28.585603713989258,36.0
34,Sensor_13,1.4961135581532026,-3.5907246491406113,decreases predicted RUL,28.585603713989258,36.0
34,Sensor_14,1.8773951933666948,-18.428341236663982,decreases predicted RUL,28.585603713989258,36.0
34,Sensor_15,1.0547330447005507,3.849216748960316,increases predicted RUL,28.585603713989258,36.0
34,Sensor_17,1.0082414345456627,-7.695879759237869,decreases predicted RUL,28.585603713989258,36.0
34,Sensor_18,0.0,0.0,decreases predicted RUL,28.585603713989258,36.0
34,Sensor_19,0.0850155556572789,-0.10232085431925952,decreases predicted RUL,28.585603713989258,36.0
34,Sensor_20,-0.5984027038062854,1.768669877492357,increases predicted RUL,28.585603713989258,36.0
34,Sensor_21,-0.8227150841240936,-9.409501428017393,decreases predicted RUL,28.585603713989258,36.0
34,Sensor_11_diff1,0.03244200171940896,-2.612215541303158,decreases predicted RUL,28.585603713989258,36.0
34,Sensor_11_roll_mean5,1.1073592708561528,1.1101049575954676,increases predicted RUL,28.585603713989258,36.0
34,Sensor_11_roll_std5,0.10321036659300745,-0.221741710905917,decreases predicted RUL,28.585603713989258,36.0
34,Sensor_4_diff1,-0.026885213805826213,0.04780950956046581,increases predicted RUL,28.585603713989258,36.0
34,Sensor_4_roll_mean5,1.4230857122442684,2.6571360242087394,increases predicted RUL,28.585603713989258,36.0
34,Sensor_4_roll_std5,0.2102476720723959,-0.12744993169326335,decreases predicted RUL,28.585603713989258,36.0
34,Sensor_17_diff1,0.008184749938922814,0.4492195062339306,increases predicted RUL,28.585603713989258,36.0
34,Sensor_17_roll_mean5,1.2480892451355334,5.201963882893324,increases predicted RUL,28.585603713989258,36.0
34,Sensor_17_roll_std5,-0.0016033946914312614,-0.03856409975560382,decreases predicted RUL,28.585603713989258,36.0
34,Sensor_8_diff1,0.019358902651233717,1.5738654806045815,increases predicted RUL,28.585603713989258,36.0
34,Sensor_8_roll_mean5,1.7663952902113451,11.65224090218544,increases predicted RUL,28.585603713989258,36.0
34,Sensor_8_roll_std5,1.294073702503288,3.5258165476843715,increases predicted RUL,28.585603713989258,36.0
34,Sensor_13_diff1,0.027756726161218125,1.0696689573815092,increases predicted RUL,28.585603713989258,36.0
34,Sensor_13_roll_mean5,1.7495461412247117,3.220226250588894,increases predicted RUL,28.585603713989258,36.0
34,Sensor_13_roll_std5,1.2890544446469636,-16.88437826751033,decreases predicted RUL,28.585603713989258,36.0
34,Sensor_9_diff1,0.040917923491102674,0.0612904685549438,increases predicted RUL,28.585603713989258,36.0
34,Sensor_9_roll_mean5,2.056012593319911,15.747257750947028,increases predicted RUL,28.585603713989258,36.0
34,Sensor_9_roll_std5,0.21180334846000742,0.049506250536069274,increases predicted RUL,28.585603713989258,36.0
34,Regime_OneHot_0,-0.06936519856974144,3.671206522383727,increases predicted RUL,28.585603713989258,36.0
34,Regime_OneHot_1,-0.08411949123933347,-0.021730065462179482,decreases predicted RUL,28.585603713989258,36.0
34,Regime_OneHot_2,-0.08501555565563734,0.3443467180477455,increases predicted RUL,28.585603713989258,36.0
34,Regime_OneHot_3,0.08835626866582595,1.3425522956822533,increases predicted RUL,28.585603713989258,36.0
34,Regime_OneHot_4,0.08326462625992043,-0.3430463233962655,decreases predicted RUL,28.585603713989258,36.0
34,Regime_OneHot_5,0.08186694884943742,0.798244661767967,increases predicted RUL,28.585603713989258,36.0
35,Regime_ID,2.44,6.258531577885151,increases predicted RUL,83.43695068359375,73.0
35,Sensor_1,0.12915072718029813,0.20198681205511093,increases predicted RUL,83.43695068359375,73.0
35,Sensor_2,-0.44499063461410493,2.8278798316896427,increases predicted RUL,83.43695068359375,73.0
35,Sensor_3,-0.17837686745518724,1.6072304714471102,increases predicted RUL,83.43695068359375,73.0
35,Sensor_4,-0.335893591653823,8.969718721229583,increases predicted RUL,83.43695068359375,73.0
35,Sensor_5,0.0019417768395390623,-0.04544113948941231,decreases predicted RUL,83.43695068359375,73.0
35,Sensor_6,-0.04938977730176971,3.3869520043954253,increases predicted RUL,83.43695068359375,73.0
35,Sensor_7,0.8681880273688747,-8.732080485671759,decreases predicted RUL,83.43695068359375,73.0
35,Sensor_8,0.2605466048212457,-3.0523208823869936,decreases predicted RUL,83.43695068359375,73.0
35,Sensor_9,0.270934690731512,-14.37660358659923,decreases predicted RUL,83.43695068359375,73.0
35,Sensor_10,0.44920603324564007,-1.4193890079586708,decreases predicted RUL,83.43695068359375,73.0
35,Sensor_11,-0.19613314970945603,4.062208377290517,increases predicted RUL,83.43695068359375,73.0
35,Sensor_12,0.8154943809066794,-8.110467612277716,decreases predicted RUL,83.43695068359375,73.0
35,Sensor_13,0.2743833561754116,1.2638255461351946,increases predicted RUL,83.43695068359375,73.0
35,Sensor_14,0.3635991287586547,-1.0953245728742331,decreases predicted RUL,83.43695068359375,73.0
35,Sensor_15,-0.8720332059920737,-1.5140683958306909,decreases predicted RUL,83.43695068359375,73.0
35,Sensor_17,0.07535053328063074,-6.162370553822257,decreases predicted RUL,83.43695068359375,73.0
35,Sensor_18,0.0,0.0,decreases predicted RUL,83.43695068359375,73.0
35,Sensor_19,-0.13879052403977227,-0.23407247196882963,decreases predicted RUL,83.43695068359375,73.0
35,Sensor_20,0.7879446007468717,-4.020845626480877,decreases predicted RUL,83.43695068359375,73.0
35,Sensor_21,0.5738748388987499,7.162146732443944,increases predicted RUL,83.43695068359375,73.0
35,Sensor_11_diff1,-0.020234326450826075,2.243427238892764,increases predicted RUL,83.43695068359375,73.0
35,Sensor_11_roll_mean5,-0.21500228156101703,-3.480917599052191,decreases predicted RUL,83.43695068359375,73.0
35,Sensor_11_roll_std5,0.03745512849302007,1.175758282537572,increases predicted RUL,83.43695068359375,73.0
35,Sensor_4_diff1,0.03063914282341045,0.5572595610283315,increases predicted RUL,83.43695068359375,73.0
35,Sensor_4_roll_mean5,-0.3936075612341971,-1.413586588576436,decreases predicted RUL,83.43695068359375,73.0
35,Sensor_4_roll_std5,0.351986409791882,0.2187810293980874,increases predicted RUL,83.43695068359375,73.0
35,Sensor_17_diff1,0.0019153890374609002,0.5108757092966698,increases predicted RUL,83.43695068359375,73.0
35,Sensor_17_roll_mean5,0.09866979239264152,7.462301308551105,increases predicted RUL,83.43695068359375,73.0
35,Sensor_17_roll_std5,0.11142492108267935,-2.5199138677708106,decreases predicted RUL,83.43695068359375,73.0
35,Sensor_8_diff1,0.014513766023413805,-1.5093696997500956,decreases predicted RUL,83.43695068359375,73.0
35,Sensor_8_roll_mean5,0.2932961520780427,-0.0778385846351739,decreases predicted RUL,83.43695068359375,73.0
35,Sensor_8_roll_std5,-0.7800181725118953,-0.18263081507757306,decreases predicted RUL,83.43695068359375,73.0
35,Sensor_13_diff1,0.006019280850950556,-1.3540922615211457,decreases predicted RUL,83.43695068359375,73.0
35,Sensor_13_roll_mean5,0.31787438159121917,3.9728224689606577,increases predicted RUL,83.43695068359375,73.0
35,Sensor_13_roll_std5,-0.7598265800339236,5.76892451045569,increases predicted RUL,83.43695068359375,73.0
35,Sensor_9_diff1,0.0024677456156251966,1.746429456397891,increases predicted RUL,83.43695068359375,73.0
35,Sensor_9_roll_mean5,0.2854421111144519,8.134071941545699,increases predicted RUL,83.43695068359375,73.0
35,Sensor_9_roll_std5,0.09399374921076592,-6.115965943783522,decreases predicted RUL,83.43695068359375,73.0
35,Regime_OneHot_0,0.023006224634229994,3.0853875149041414,increases predicted RUL,83.43695068359375,73.0
35,Regime_OneHot_1,-0.30813973319979654,-0.5915937088429928,decreases predicted RUL,83.43695068359375,73.0
35,Regime_OneHot_2,0.13879052403723255,-1.0816309216897935,decreases predicted RUL,83.43695068359375,73.0
35,Regime_OneHot_3,0.0321241325584736,-1.7909504445269704,decreases predicted RUL,83.43695068359375,73.0
35,Regime_OneHot_4,0.08326462625992043,-6.2282046796754,decreases predicted RUL,83.43695068359375,73.0
35,Regime_OneHot_5,0.0259645959395095,1.2173361484892666,increases predicted RUL,83.43695068359375,73.0
36,Regime_ID,2.46,1.357201165985316,increases predicted RUL,63.50414276123047,89.0
36,Sensor_1,-0.18177039848590837,7.599778650095686,increases predicted RUL,63.50414276123047,89.0
36,Sensor_2,-0.2666358326123042,-0.9429197926074266,decreases predicted RUL,63.50414276123047,89.0
36,Sensor_3,-0.11813402600775806,-0.17457963665947318,decreases predicted RUL,63.50414276123047,89.0
36,Sensor_4,-0.036389039494536514,-1.2937778681516647,decreases predicted RUL,63.50414276123047,89.0
36,Sensor_5,-0.2444754817005289,-2.0631026215851307,decreases predicted RUL,63.50414276123047,89.0
36,Sensor_6,-1.2812755562241074,-3.3098123986274004,decreases predicted RUL,63.50414276123047,89.0
36,Sensor_7,0.9313808737169044,-11.445802889764309,decreases predicted RUL,63.50414276123047,89.0
36,Sensor_8,0.4727548308909447,-3.888054931157967,decreases predicted RUL,63.50414276123047,89.0
36,Sensor_9,0.542119200089582,-26.957629428245127,decreases predicted RUL,63.50414276123047,89.0
36,Sensor_10,0.3629811181724786,-1.9025461236014962,decreases predicted RUL,63.50414276123047,89.0
36,Sensor_11,0.06845367864597757,-5.721441574729397,decreases predicted RUL,63.50414276123047,89.0
36,Sensor_12,0.9294558328081338,-2.4168565793079324,decreases predicted RUL,63.50414276123047,89.0
36,Sensor_13,0.4460741663826891,-3.353966305934591,decreases predicted RUL,63.50414276123047,89.0
36,Sensor_14,0.6187760447726176,-0.5836510956287384,decreases predicted RUL,63.50414276123047,89.0
36,Sensor_15,-1.0503451061144335,-3.987715497612953,decreases predicted RUL,63.50414276123047,89.0
36,Sensor_17,-0.10604541712395311,-6.175501541234553,decreases predicted RUL,63.50414276123047,89.0
36,Sensor_18,0.0,0.0,decreases predicted RUL,63.50414276123047,89.0
36,Sensor_19,-0.026887484191246775,-0.21845143241807818,decreases predicted RUL,63.50414276123047,89.0
36,Sensor_20,0.5175002735484918,-0.05127261346206069,decreases predicted RUL,63.50414276123047,89.0
36,Sensor_21,0.6166675051839942,8.016357167856768,increases predicted RUL,63.50414276123047,89.0
36,Sensor_11_diff1,0.01408714083054138,-0.6313280258327723,decreases predicted RUL,63.50414276123047,89.0
36,Sensor_11_roll_mean5,0.060535008648538294,-5.050949102034792,decreases predicted RUL,63.50414276123047,89.0
36,Sensor_11_roll_std5,-0.1292271982803239,-1.9017997470218688,decreases predicted RUL,63.50414276123047,89.0
36,Sensor_4_diff1,-0.023650273896185528,-0.5302361734211445,decreases predicted RUL,63.50414276123047,89.0
36,Sensor_4_roll_mean5,-0.011726008112039072,3.230206720996648,increases predicted RUL,63.50414276123047,89.0
36,Sensor_4_roll_std5,-0.2493558944554467,0.19749904214404523,increases predicted RUL,63.50414276123047,89.0
36,Sensor_17_diff1,-0.009969545087924412,0.07972241651441436,increases predicted RUL,63.50414276123047,89.0
36,Sensor_17_roll_mean5,-0.13059775954936975,6.739806670229882,increases predicted RUL,63.50414276123047,89.0
36,Sensor_17_roll_std5,-0.31379248834373213,-0.479284007372371,decreases predicted RUL,63.50414276123047,89.0
36,Sensor_8_diff1,-0.0012062849916017338,-0.9105387153103948,decreases predicted RUL,63.50414276123047,89.0
36,Sensor_8_roll_mean5,0.5652183449864633,5.439649229403585,increases predicted RUL,63.50414276123047,89.0
36,Sensor_8_roll_std5,-0.6148349088725565,1.1323121515888488,increases predicted RUL,63.50414276123047,89.0
36,Sensor_13_diff1,0.0015000377762214735,-1.2682554023340344,decreases predicted RUL,63.50414276123047,89.0
36,Sensor_13_roll_mean5,0.5203637594148098,19.39520087186247,increases predicted RUL,63.50414276123047,89.0
36,Sensor_13_roll_std5,-0.5709899194347978,3.3557034001059947,increases predicted RUL,63.50414276123047,89.0
36,Sensor_9_diff1,-0.008913082117126042,0.5157070886343718,increases predicted RUL,63.50414276123047,89.0
36,Sensor_9_roll_mean5,0.5738257932615759,21.16237697005272,increases predicted RUL,63.50414276123047,89.0
36,Sensor_9_roll_std5,0.4924198667998975,-3.668049834202975,decreases predicted RUL,63.50414276123047,89.0
36,Regime_OneHot_0,-0.25410804497768424,0.7271026788512245,increases predicted RUL,63.50414276123047,89.0
36,Regime_OneHot_1,0.19590581121124515,-1.1870931238518097,decreases predicted RUL,63.50414276123047,89.0
36,Regime_OneHot_2,0.026887484190797516,-0.5157290608622134,decreases predicted RUL,63.50414276123047,89.0
36,Regime_OneHot_3,-0.08034013965623096,-0.8513889385503717,decreases predicted RUL,63.50414276123047,89.0
36,Regime_OneHot_4,0.2511838478707332,-14.650937112048268,decreases predicted RUL,63.50414276123047,89.0
36,Regime_OneHot_5,-0.08584010988034602,6.944029137026519,increases predicted RUL,63.50414276123047,89.0
37,Regime_ID,2.52,-4.581939097028226,decreases predicted RUL,10.79935359954834,11.0
37,Sensor_1,0.16246370493024884,-1.024014204798732,decreases predicted RUL,10.79935359954834,11.0
37,Sensor_2,0.6929738314883055,-2.31238002050668,decreases predicted RUL,10.79935359954834,11.0
37,Sensor_3,0.7799949186832014,-4.441525014466606,decreases predicted RUL,10.79935359954834,11.0
37,Sensor_4,1.2441944166405658,-10.039442734676413,decreases predicted RUL,10.79935359954834,11.0
37,Sensor_5,0.0019417768395390911,1.1357159743783996,increases predicted RUL,10.79935359954834,11.0
37,Sensor_6,0.7668229339178053,-1.5204218788421713,decreases predicted RUL,10.79935359954834,11.0
37,Sensor_7,-0.5469547621692458,0.897583078709431,increases predicted RUL,10.79935359954834,11.0
37,Sensor_8,-1.3205876351739492,2.133088566828519,increases predicted RUL,10.79935359954834,11.0
37,Sensor_9,-1.2996336617502686,4.492585190106183,increases predicted RUL,10.79935359954834,11.0
37,Sensor_10,-0.29327256574658245,-2.4945248036965495,decreases predicted RUL,10.79935359954834,11.0
37,Sensor_11,1.129385390573509,-17.005562461912632,decreases predicted RUL,10.79935359954834,11.0
37,Sensor_12,-0.5058684262107074,1.3345949518261477,increases predicted RUL,10.79935359954834,11.0
37,Sensor_13,-1.3029558028742145,-3.487773562083021,decreases predicted RUL,10.79935359954834,11.0
37,Sensor_14,-1.6374802704114328,3.782863804837689,increases predicted RUL,10.79935359954834,11.0
37,Sensor_15,1.1764676220053458,-6.787658939138055,decreases predicted RUL,10.79935359954834,11.0
37,Sensor_17,0.7671420311288292,-5.722958425991237,decreases predicted RUL,10.79935359954834,11.0
37,Sensor_18,0.0,0.0,decreases predicted RUL,10.79935359954834,11.0
37,Sensor_19,-0.13879052403977235,-0.04685889721440617,decreases predicted RUL,10.79935359954834,11.0
37,Sensor_20,-0.8519651613863006,-3.017984654463362,decreases predicted RUL,10.79935359954834,11.0
37,Sensor_21,-0.7140644038630043,-7.054159497143701,decreases predicted RUL,10.79935359954834,11.0
37,Sensor_11_diff1,0.009355005643774164,-1.2408587126992643,decreases predicted RUL,10.79935359954834,11.0
37,Sensor_11_roll_mean5,1.2036588906959493,-8.4717813921161,decreases predicted RUL,10.79935359954834,11.0
37,Sensor_11_roll_std5,-0.577871202795766,-0.65254206903046,decreases predicted RUL,10.79935359954834,11.0
37,Sensor_4_diff1,0.0083638842527917,0.32938367663882673,increases predicted RUL,10.79935359954834,11.0
37,Sensor_4_roll_mean5,1.382665226592673,-3.303180665592663,decreases predicted RUL,10.79935359954834,11.0
37,Sensor_4_roll_std5,0.46799865548311265,0.7796975476667285,increases predicted RUL,10.79935359954834,11.0
37,Sensor_17_diff1,0.002257433077338151,-0.8264509602449834,decreases predicted RUL,10.79935359954834,11.0
37,Sensor_17_roll_mean5,0.9481883063911347,1.091959668789059,increases predicted RUL,10.79935359954834,11.0
37,Sensor_17_roll_std5,-0.3681303035677643,-0.9318475599284284,decreases predicted RUL,10.79935359954834,11.0
37,Sensor_8_diff1,-0.02439810285868562,5.717654140666127,increases predicted RUL,10.79935359954834,11.0
37,Sensor_8_roll_mean5,-1.4768153461373215,-6.522241007129196,decreases predicted RUL,10.79935359954834,11.0
37,Sensor_8_roll_std5,1.8446628904517997,6.879903960041702,increases predicted RUL,10.79935359954834,11.0
37,Sensor_13_diff1,-0.027946394656310544,4.778778508247342,increases predicted RUL,10.79935359954834,11.0
37,Sensor_13_roll_mean5,-1.452745361753432,2.243882461450994,increases predicted RUL,10.79935359954834,11.0
37,Sensor_13_roll_std5,1.7590392334945628,-21.80672508335556,decreases predicted RUL,10.79935359954834,11.0
37,Sensor_9_diff1,-0.08744619467459254,0.9978412790806033,increases predicted RUL,10.79935359954834,11.0
37,Sensor_9_roll_mean5,-1.3157571515908029,-10.610829062119592,decreases predicted RUL,10.79935359954834,11.0
37,Sensor_9_roll_std5,-0.3992255058171051,-0.0011145753087475896,decreases predicted RUL,10.79935359954834,11.0
37,Regime_OneHot_0,-0.023179486967755753,-0.0764280678704381,decreases predicted RUL,10.79935359954834,11.0
37,Regime_OneHot_1,-0.1401245517294491,-0.41091001324821264,decreases predicted RUL,10.79935359954834,11.0
37,Regime_OneHot_2,0.13879052403723247,-0.12850305918618687,decreases predicted RUL,10.79935359954834,11.0
37,Regime_OneHot_3,-0.13657227576358325,0.33463301876327023,increases predicted RUL,10.79935359954834,11.0
37,Regime_OneHot_4,-0.1966007430914343,2.373815154773183,increases predicted RUL,10.79935359954834,11.0
37,Regime_OneHot_5,0.36137871339907635,-2.0046197426272556,decreases predicted RUL,10.79935359954834,11.0
38,Regime_ID,1.9,-4.652341489680111,decreases predicted RUL,119.83147430419922,151.0
38,Sensor_1,-0.24839635398580984,5.373939090874046,increases predicted RUL,119.83147430419922,151.0
38,Sensor_2,-0.411375180023272,1.2977598728612065,increases predicted RUL,119.83147430419922,151.0
38,Sensor_3,-0.08335030276099213,1.1383181950077415,increases predicted RUL,119.83147430419922,151.0
38,Sensor_4,-0.18554146556225945,5.383855574764311,increases predicted RUL,119.83147430419922,151.0
38,Sensor_5,0.17795410436815895,0.7273926091147587,increases predicted RUL,119.83147430419922,151.0
38,Sensor_6,0.43520461334021954,5.517060606274754,increases predicted RUL,119.83147430419922,151.0
38,Sensor_7,1.1573463324508537,-5.771946149179712,decreases predicted RUL,119.83147430419922,151.0
38,Sensor_8,0.23739224698558226,-1.9185982307535596,decreases predicted RUL,119.83147430419922,151.0
38,Sensor_9,0.3117278172757938,-7.603350841789506,decreases predicted RUL,119.83147430419922,151.0
38,Sensor_10,0.47223728755030114,-1.5554741667583585,decreases predicted RUL,119.83147430419922,151.0
38,Sensor_11,-0.2989640994941799,6.661595021258108,increases predicted RUL,119.83147430419922,151.0
38,Sensor_12,1.0252403415205533,-4.970035587903112,decreases predicted RUL,119.83147430419922,151.0
38,Sensor_13,0.27499215519705844,-0.0068785183830186725,decreases predicted RUL,119.83147430419922,151.0
38,Sensor_14,0.4252352633304264,2.16377399652265,increases predicted RUL,119.83147430419922,151.0
38,Sensor_15,-0.8908362872516606,-2.0552628487930633,decreases predicted RUL,119.83147430419922,151.0
38,Sensor_17,-0.2049444893796773,3.259237821213901,increases predicted RUL,119.83147430419922,151.0
38,Sensor_18,0.0,0.0,decreases predicted RUL,119.83147430419922,151.0
38,Sensor_19,-0.2506935638882981,-0.4513007919304073,decreases predicted RUL,119.83147430419922,151.0
38,Sensor_20,0.7916795029180593,-1.3500299058214296,decreases predicted RUL,119.83147430419922,151.0
38,Sensor_21,1.0082414053213173,8.750770940561779,increases predicted RUL,119.83147430419922,151.0
38,Sensor_11_diff1,-0.006722507121391965,0.12842331919819117,increases predicted RUL,119.83147430419922,151.0
38,Sensor_11_roll_mean5,-0.3236713846627653,-3.5646411939524114,decreases predicted RUL,119.83147430419922,151.0
38,Sensor_11_roll_std5,-0.08013382833935295,0.7371414315421134,increases predicted RUL,119.83147430419922,151.0
38,Sensor_4_diff1,0.001392246647410522,1.6469944100826979,increases predicted RUL,119.83147430419922,151.0
38,Sensor_4_roll_mean5,-0.21231858821939334,0.40133311226963997,increases predicted RUL,119.83147430419922,151.0
38,Sensor_4_roll_std5,-0.47482063289466814,-1.589266694849357,decreases predicted RUL,119.83147430419922,151.0
38,Sensor_17_diff1,-0.028123840114771637,0.8816528143361211,increases predicted RUL,119.83147430419922,151.0
38,Sensor_17_roll_mean5,-0.22740374940337588,-2.317329634912312,decreases predicted RUL,119.83147430419922,151.0
38,Sensor_17_roll_std5,0.01918609428964598,0.13713062391616404,increases predicted RUL,119.83147430419922,151.0
38,Sensor_8_diff1,0.009808998364999268,-0.9596730838529766,decreases predicted RUL,119.83147430419922,151.0
38,Sensor_8_roll_mean5,0.2849862802796912,-0.25917327165370807,decreases predicted RUL,119.83147430419922,151.0
38,Sensor_8_roll_std5,-0.703927818884186,-0.9709232610184699,decreases predicted RUL,119.83147430419922,151.0
38,Sensor_13_diff1,0.0019378068049068931,-0.33709377667400986,decreases predicted RUL,119.83147430419922,151.0
38,Sensor_13_roll_mean5,0.3272483422640925,2.6436158982105553,increases predicted RUL,119.83147430419922,151.0
38,Sensor_13_roll_std5,-0.6430922257515824,4.346328029874712,increases predicted RUL,119.83147430419922,151.0
38,Sensor_9_diff1,0.006849320855736628,-1.0788052398711443,decreases predicted RUL,119.83147430419922,151.0
38,Sensor_9_roll_mean5,0.32499263932863814,5.800889550766442,increases predicted RUL,119.83147430419922,151.0
38,Sensor_9_roll_std5,-0.6019207545536474,2.4849436301738024,increases predicted RUL,119.83147430419922,151.0
38,Regime_OneHot_0,0.02300622463423,1.1086848319973797,increases predicted RUL,119.83147430419922,151.0
38,Regime_OneHot_1,0.08389569023101374,-0.19503275223542005,decreases predicted RUL,119.83147430419922,151.0
38,Regime_OneHot_2,0.2506935638836674,-1.135429807472974,decreases predicted RUL,119.83147430419922,151.0
38,Regime_OneHot_3,-0.08034013965623099,1.0187764818547294,increases predicted RUL,119.83147430419922,151.0
38,Regime_OneHot_4,-0.08465459535089238,0.5850054086185992,increases predicted RUL,119.83147430419922,151.0
38,Regime_OneHot_5,-0.19764481570020181,2.4599284948781133,increases predicted RUL,119.83147430419922,151.0
39,Regime_ID,2.04,-9.746224795468152,decreases predicted RUL,12.329943656921387,10.0
39,Sensor_1,-0.20397905031920893,4.485712319612503,increases predicted RUL,12.329943656921387,10.0
39,Sensor_2,0.41229066997188824,-4.199036869569682,decreases predicted RUL,12.329943656921387,10.0
39,Sensor_3,0.8604190818988144,-0.25985749741084874,decreases predicted RUL,12.329943656921387,10.0
39,Sensor_4,0.5959266213718862,-10.118788078892976,decreases predicted RUL,12.329943656921387,10.0
39,Sensor_5,-0.08606438692477089,-0.4925653278478421,decreases predicted RUL,12.329943656921387,10.0
39,Sensor_6,-0.6888283681441338,-1.1568560497835279,decreases predicted RUL,12.329943656921387,10.0
39,Sensor_7,2.1624836049911202,-23.108200892806053,decreases predicted RUL,12.329943656921387,10.0
39,Sensor_8,1.4005253621354947,-6.948724726447836,decreases predicted RUL,12.329943656921387,10.0
39,Sensor_9,1.5641365875082625,-43.56635235622525,decreases predicted RUL,12.329943656921387,10.0
39,Sensor_10,1.6348066449917504,9.893265660561156,increases predicted RUL,12.329943656921387,10.0
39,Sensor_11,0.7393061988104115,-14.949579268693924,decreases predicted RUL,12.329943656921387,10.0
39,Sensor_12,2.2049310651000282,-14.519904652726837,decreases predicted RUL,12.329943656921387,10.0
39,Sensor_13,1.3711542491263444,-9.319810888846405,decreases predicted RUL,12.329943656921387,10.0
39,Sensor_14,1.65695170221475,-23.54575662931893,decreases predicted RUL,12.329943656921387,10.0
39,Sensor_15,-1.8490489449107232,-17.257998526096344,decreases predicted RUL,12.329943656921387,10.0
39,Sensor_17,0.7158984982082487,-13.999285389028955,decreases predicted RUL,12.329943656921387,10.0
39,Sensor_18,0.0,0.0,decreases predicted RUL,12.329943656921387,10.0
39,Sensor_19,0.08501555565727897,-0.01372275990433991,decreases predicted RUL,12.329943656921387,10.0
39,Sensor_20,1.2552323689445908,-4.650934782344848,decreases predicted RUL,12.329943656921387,10.0
39,Sensor_21,1.28550477233036,12.613776290789247,increases predicted RUL,12.329943656921387,10.0
39,Sensor_11_diff1,0.08911431858356922,-3.98672067001462,decreases predicted RUL,12.329943656921387,10.0
39,Sensor_11_roll_mean5,0.7229678075916643,-4.550432162825018,decreases predicted RUL,12.329943656921387,10.0
39,Sensor_11_roll_std5,0.1455510876467539,-2.0568699969444424,decreases predicted RUL,12.329943656921387,10.0
39,Sensor_4_diff1,0.06282288682712811,-1.2161749457009137,decreases predicted RUL,12.329943656921387,10.0
39,Sensor_4_roll_mean5,0.5889530268132672,7.903079574578442,increases predicted RUL,12.329943656921387,10.0
39,Sensor_4_roll_std5,0.6416326163718551,0.6108569510979578,increases predicted RUL,12.329943656921387,10.0
39,Sensor_17_diff1,0.042023714463603895,0.022785215638577938,increases predicted RUL,12.329943656921387,10.0
39,Sensor_17_roll_mean5,0.7927641019045842,14.92704316880554,increases predicted RUL,12.329943656921387,10.0
39,Sensor_17_roll_std5,0.5157764038789263,0.07475129950034898,increases predicted RUL,12.329943656921387,10.0
39,Sensor_8_diff1,0.08001129340227972,-0.28727240208536386,decreases predicted RUL,12.329943656921387,10.0
39,Sensor_8_roll_mean5,1.569529675278578,14.168633613735437,increases predicted RUL,12.329943656921387,10.0
39,Sensor_8_roll_std5,-0.40235172459827095,-1.6127365471911617,decreases predicted RUL,12.329943656921387,10.0
39,Sensor_13_diff1,0.08146673646084192,-2.7436237623915076,decreases predicted RUL,12.329943656921387,10.0
39,Sensor_13_roll_mean5,1.5254355126594812,33.12615082785487,increases predicted RUL,12.329943656921387,10.0
39,Sensor_13_roll_std5,-0.4550515146784967,-1.5302582439035177,decreases predicted RUL,12.329943656921387,10.0
39,Sensor_9_diff1,0.08849842169874349,-3.633680881932378,decreases predicted RUL,12.329943656921387,10.0
39,Sensor_9_roll_mean5,1.5900626115835397,27.508734365925193,increases predicted RUL,12.329943656921387,10.0
39,Sensor_9_roll_std5,0.2269312088681468,-1.3786758799105883,decreases predicted RUL,12.329943656921387,10.0
39,Regime_OneHot_0,0.06919193623621578,2.643489610403776,increases predicted RUL,12.329943656921387,10.0
39,Regime_OneHot_1,0.1399007507211296,0.45485476695466787,increases predicted RUL,12.329943656921387,10.0
39,Regime_OneHot_2,-0.08501555565563727,2.60657563386485,increases predicted RUL,12.329943656921387,10.0
39,Regime_OneHot_3,-0.13657227576358325,1.1729746208293363,increases predicted RUL,12.329943656921387,10.0
39,Regime_OneHot_4,0.1392377001301913,0.4540698219789192,increases predicted RUL,12.329943656921387,10.0
39,Regime_OneHot_5,-0.1417424627902737,2.8145580417476594,increases predicted RUL,12.329943656921387,10.0
40,Regime_ID,2.38,7.77003499440616,increases predicted RUL,86.34480285644531,97.0
40,Sensor_1,-0.026309835652805168,4.887964880326763,increases predicted RUL,86.34480285644531,97.0
40,Sensor_2,-0.42320291428162415,0.25564118288457394,increases predicted RUL,86.34480285644531,97.0
40,Sensor_3,-0.4650461306270702,0.4056630051927641,increases predicted RUL,86.34480285644531,97.0
40,Sensor_4,-0.49068611671512463,4.95624426449649,increases predicted RUL,86.34480285644531,97.0
40,Sensor_5,-0.10366561967763285,-2.018699837150052,decreases predicted RUL,86.34480285644531,97.0
40,Sensor_6,-2.191189487745745,-13.292234690859914,decreases predicted RUL,86.34480285644531,97.0
40,Sensor_7,-0.11632556966410666,4.975832290016115,increases predicted RUL,86.34480285644531,97.0
40,Sensor_8,-0.184890031209049,0.7263843873515725,increases predicted RUL,86.34480285644531,97.0
40,Sensor_9,-0.17220815183737273,1.0620498552452773,increases predicted RUL,86.34480285644531,97.0
40,Sensor_10,-0.21166585352096526,-2.1106349792098626,decreases predicted RUL,86.34480285644531,97.0
40,Sensor_11,-0.6405709437830543,5.235131429042667,increases predicted RUL,86.34480285644531,97.0
40,Sensor_12,-0.0662988519128107,1.255353731539799,increases predicted RUL,86.34480285644531,97.0
40,Sensor_13,-0.19614832775014895,2.3717132688034326,increases predicted RUL,86.34480285644531,97.0
40,Sensor_14,0.0038008111186443165,1.6793823232874274,increases predicted RUL,86.34480285644531,97.0
40,Sensor_15,-0.6451136978052326,-0.3534639682620764,decreases predicted RUL,86.34480285644531,97.0
40,Sensor_17,-0.5664447792069516,7.377597782062367,increases predicted RUL,86.34480285644531,97.0
40,Sensor_18,0.0,0.0,decreases predicted RUL,86.34480285644531,97.0
40,Sensor_19,0.08501555565727893,1.5091514875821304,increases predicted RUL,86.34480285644531,97.0
40,Sensor_20,0.12434534958873744,1.6636603250954067,increases predicted RUL,86.34480285644531,97.0
40,Sensor_21,0.025630157039973733,-2.405318586359499,decreases predicted RUL,86.34480285644531,97.0
40,Sensor_11_diff1,0.029556426375417624,2.4427132301498204,increases predicted RUL,86.34480285644531,97.0
40,Sensor_11_roll_mean5,-0.72929793984301,-2.6301005790010095,decreases predicted RUL,86.34480285644531,97.0
40,Sensor_11_roll_std5,0.5531993730333853,-0.24536554247606546,decreases predicted RUL,86.34480285644531,97.0
40,Sensor_4_diff1,0.01844173978862483,0.2173302425071597,increases predicted RUL,86.34480285644531,97.0
40,Sensor_4_roll_mean5,-0.5823048327646143,-0.6068843350512907,decreases predicted RUL,86.34480285644531,97.0
40,Sensor_4_roll_std5,-0.12107785813895405,1.3797166296571959,increases predicted RUL,86.34480285644531,97.0
40,Sensor_17_diff1,0.000562052711241329,-0.9897256057738559,decreases predicted RUL,86.34480285644531,97.0
40,Sensor_17_roll_mean5,-0.7083275413408454,-5.871048710250761,decreases predicted RUL,86.34480285644531,97.0
40,Sensor_17_roll_std5,0.4186162752001517,-0.7342895340407267,decreases predicted RUL,86.34480285644531,97.0
40,Sensor_8_diff1,-0.02760488087270847,-0.6943753883242607,decreases predicted RUL,86.34480285644531,97.0
40,Sensor_8_roll_mean5,-0.21274306931477988,-2.670660453441087,decreases predicted RUL,86.34480285644531,97.0
40,Sensor_8_roll_std5,-0.18222516232896688,-1.1679093763232231,decreases predicted RUL,86.34480285644531,97.0
40,Sensor_13_diff1,-0.02793953998886421,0.7452244940213859,increases predicted RUL,86.34480285644531,97.0
40,Sensor_13_roll_mean5,-0.22125792751754697,-6.94125373265706,decreases predicted RUL,86.34480285644531,97.0
40,Sensor_13_roll_std5,-0.2080960009204792,0.6294841303024441,increases predicted RUL,86.34480285644531,97.0
40,Sensor_9_diff1,-0.013054346662109008,2.429863822180778,increases predicted RUL,86.34480285644531,97.0
40,Sensor_9_roll_mean5,-0.18491562537656145,-2.2490461427369155,decreases predicted RUL,86.34480285644531,97.0
40,Sensor_9_roll_std5,0.0391310856940548,-5.090358713874593,decreases predicted RUL,86.34480285644531,97.0
40,Regime_OneHot_0,-0.16173662177371306,-5.799845499685034,decreases predicted RUL,86.34480285644531,97.0
40,Regime_OneHot_1,0.19590581121124526,-2.2149665579781868,decreases predicted RUL,86.34480285644531,97.0
40,Regime_OneHot_2,-0.08501555565563733,2.394608146569226,increases predicted RUL,86.34480285644531,97.0
40,Regime_OneHot_3,0.03212413255847361,-0.5072353021241724,decreases predicted RUL,86.34480285644531,97.0
40,Regime_OneHot_4,0.027291552389649542,-0.13712605508044362,decreases predicted RUL,86.34480285644531,97.0
40,Regime_OneHot_5,0.025964595939509602,-2.0185193415964022,decreases predicted RUL,86.34480285644531,97.0
41,Regime_ID,2.3,4.728768829256296,increases predicted RUL,29.908964157104492,30.0
41,Sensor_1,-0.05962281340275586,3.617949237115681,increases predicted RUL,29.908964157104492,30.0
41,Sensor_2,1.2347818984681176,7.966033068252727,increases predicted RUL,29.908964157104492,30.0
41,Sensor_3,0.9561417826527518,-9.27863005164545,decreases predicted RUL,29.908964157104492,30.0
41,Sensor_4,1.4254038964871376,-31.05345093458891,decreases predicted RUL,29.908964157104492,30.0
41,Sensor_5,-0.13886808518335686,-2.8207167754881084,decreases predicted RUL,29.908964157104492,30.0
41,Sensor_6,0.9091316212741448,3.352766848402098,increases predicted RUL,29.908964157104492,30.0
41,Sensor_7,-0.6281433375470639,2.6347435909556225,increases predicted RUL,29.908964157104492,30.0
41,Sensor_8,-0.008160964147925514,3.1221434815088287,increases predicted RUL,29.908964157104492,30.0
41,Sensor_9,-0.1161425291771004,6.6163965125597315,increases predicted RUL,29.908964157104492,30.0
41,Sensor_10,-0.2326977995131521,0.746281883562915,increases predicted RUL,29.908964157104492,30.0
41,Sensor_11,1.5392251731539925,-27.330635933205485,decreases predicted RUL,29.908964157104492,30.0
41,Sensor_12,-0.636962356451798,2.711734958924353,increases predicted RUL,29.908964157104492,30.0
41,Sensor_13,-0.03217208204464869,-0.8328046891838312,decreases predicted RUL,29.908964157104492,30.0
41,Sensor_14,-0.528902887061006,5.182243545074016,increases predicted RUL,29.908964157104492,30.0
41,Sensor_15,1.4221386170897434,-0.6325094550848007,decreases predicted RUL,29.908964157104492,30.0
41,Sensor_17,1.116931785353481,-20.674330230802298,decreases predicted RUL,29.908964157104492,30.0
41,Sensor_18,0.0,0.0,decreases predicted RUL,29.908964157104492,30.0
41,Sensor_19,-0.026887484191246758,0.3872487598564476,increases predicted RUL,29.908964157104492,30.0
41,Sensor_20,-0.9945270942106353,-0.4654328105971217,decreases predicted RUL,29.908964157104492,30.0
41,Sensor_21,-0.9920735624694114,-10.91142443032004,decreases predicted RUL,29.908964157104492,30.0
41,Sensor_11_diff1,0.03720777871864464,-3.088580124080181,decreases predicted RUL,29.908964157104492,30.0
41,Sensor_11_roll_mean5,1.6566856088045148,12.672370869666338,increases predicted RUL,29.908964157104492,30.0
41,Sensor_11_roll_std5,-0.11254116961971052,0.15480397827923298,increases predicted RUL,29.908964157104492,30.0
41,Sensor_4_diff1,-0.016922776591593178,-3.3056718884035945,decreases predicted RUL,29.908964157104492,30.0
41,Sensor_4_roll_mean5,1.6386374340221042,5.374748069792986,increases predicted RUL,29.908964157104492,30.0
41,Sensor_4_roll_std5,-0.17128952125086283,0.39768381256180874,increases predicted RUL,29.908964157104492,30.0
41,Sensor_17_diff1,0.01920381990446195,1.53837603807915,increases predicted RUL,29.908964157104492,30.0
41,Sensor_17_roll_mean5,1.328993026606077,3.5644423202611506,increases predicted RUL,29.908964157104492,30.0
41,Sensor_17_roll_std5,0.18298940889324616,-0.07086837291717529,decreases predicted RUL,29.908964157104492,30.0
41,Sensor_8_diff1,0.000336137240809391,1.5250361780872481,increases predicted RUL,29.908964157104492,30.0
41,Sensor_8_roll_mean5,0.03910782750212785,2.1797424722462893,increases predicted RUL,29.908964157104492,30.0
41,Sensor_8_roll_std5,0.9832486836167227,8.607598757182132,increases predicted RUL,29.908964157104492,30.0
41,Sensor_13_diff1,0.012909118941427194,2.526955478824675,increases predicted RUL,29.908964157104492,30.0
41,Sensor_13_roll_mean5,0.0015275539205171307,0.8429713248624466,increases predicted RUL,29.908964157104492,30.0
41,Sensor_13_roll_std5,0.9079258652941306,-16.399684933014214,decreases predicted RUL,29.908964157104492,30.0
41,Sensor_9_diff1,-0.037239023762122674,2.9784788955003023,increases predicted RUL,29.908964157104492,30.0
41,Sensor_9_roll_mean5,-0.07911256369082631,-2.356269518379122,decreases predicted RUL,29.908964157104492,30.0
41,Sensor_9_roll_std5,0.14935523748411594,-1.3008678464684635,decreases predicted RUL,29.908964157104492,30.0
41,Regime_OneHot_0,0.06919193623621574,-3.335295047610998,decreases predicted RUL,29.908964157104492,30.0
41,Regime_OneHot_1,-0.19612961221956493,1.0735906665213406,increases predicted RUL,29.908964157104492,30.0
41,Regime_OneHot_2,0.0268874841907975,1.0565145397558808,increases predicted RUL,29.908964157104492,30.0
41,Regime_OneHot_3,-0.08034013965623099,1.7942522624507546,increases predicted RUL,29.908964157104492,30.0
41,Regime_OneHot_4,0.30715692174100423,-11.161601253785193,decreases predicted RUL,29.908964157104492,30.0
41,Regime_OneHot_5,-0.14174246279027364,2.3717969013378024,increases predicted RUL,29.908964157104492,30.0
42,Regime_ID,1.92,-8.984894709661603,decreases predicted RUL,62.115142822265625,42.0
42,Sensor_1,-0.13735309481930752,5.127757152542472,increases predicted RUL,62.115142822265625,42.0
42,Sensor_2,0.1744521383095623,-6.600002407329157,decreases predicted RUL,62.115142822265625,42.0
42,Sensor_3,0.11113254151927388,1.0308265681378543,increases predicted RUL,62.115142822265625,42.0
42,Sensor_4,0.11203624522063055,-3.45285385788884,decreases predicted RUL,62.115142822265625,42.0
42,Sensor_5,-0.05086192141904686,0.558124229311943,increases predicted RUL,62.115142822265625,42.0
42,Sensor_6,0.7055706452470936,-2.2743237531831255,decreases predicted RUL,62.115142822265625,42.0
42,Sensor_7,-0.3107866277937379,2.7186558940447867,increases predicted RUL,62.115142822265625,42.0
42,Sensor_8,-0.47824274497303665,1.371620831079781,increases predicted RUL,62.115142822265625,42.0
42,Sensor_9,-0.5796989557046265,7.846378875896335,increases predicted RUL,62.115142822265625,42.0
42,Sensor_10,-0.24304894981236833,-2.544402101833839,decreases predicted RUL,62.115142822265625,42.0
42,Sensor_11,0.21158423963272852,-6.5607568203122355,decreases predicted RUL,62.115142822265625,42.0
42,Sensor_12,-0.21671356379961157,2.5774694932624698,increases predicted RUL,62.115142822265625,42.0
42,Sensor_13,-0.4454052588830342,2.499334348598495,increases predicted RUL,62.115142822265625,42.0
42,Sensor_14,-0.7472040063123058,8.883368518625502,increases predicted RUL,62.115142822265625,42.0
42,Sensor_15,0.5471755675353931,-3.8911386467516422,decreases predicted RUL,62.115142822265625,42.0
42,Sensor_17,0.15951670223186454,-2.598284414038062,decreases predicted RUL,62.115142822265625,42.0
42,Sensor_18,0.0,0.0,decreases predicted RUL,62.115142822265625,42.0
42,Sensor_19,0.1969185955058046,1.972227975144051,increases predicted RUL,62.115142822265625,42.0
42,Sensor_20,-0.287098573508149,-0.5238632424734533,decreases predicted RUL,62.115142822265625,42.0
42,Sensor_21,-0.4598186715795381,-6.111706094816327,decreases predicted RUL,62.115142822265625,42.0
42,Sensor_11_diff1,-0.012111928434716375,0.19647058611735702,increases predicted RUL,62.115142822265625,42.0
42,Sensor_11_roll_mean5,0.23104781939031102,-2.832357647595927,decreases predicted RUL,62.115142822265625,42.0
42,Sensor_11_roll_std5,-0.037452107106485,-0.8160947242577095,decreases predicted RUL,62.115142822265625,42.0
42,Sensor_4_diff1,0.002168232868554005,1.7869030213914812,increases predicted RUL,62.115142822265625,42.0
42,Sensor_4_roll_mean5,0.09045391414425825,-8.021652662660927,decreases predicted RUL,62.115142822265625,42.0
42,Sensor_4_roll_std5,0.0637195075383001,2.225649773143232,increases predicted RUL,62.115142822265625,42.0
42,Sensor_17_diff1,0.02456246394823092,0.7733839978463948,increases predicted RUL,62.115142822265625,42.0
42,Sensor_17_roll_mean5,0.1551337941780324,1.0003418559208512,increases predicted RUL,62.115142822265625,42.0
42,Sensor_17_roll_std5,-0.32157942015465657,1.8004886128474027,increases predicted RUL,62.115142822265625,42.0
42,Sensor_8_diff1,-0.00917376567606825,1.1434081147890538,increases predicted RUL,62.115142822265625,42.0
42,Sensor_8_roll_mean5,-0.5769322496545172,-6.012347717769444,decreases predicted RUL,62.115142822265625,42.0
42,Sensor_8_roll_std5,-0.06864344874882043,-0.029580004629679024,decreases predicted RUL,62.115142822265625,42.0
42,Sensor_13_diff1,-0.002126679766084949,1.0309438675176352,increases predicted RUL,62.115142822265625,42.0
42,Sensor_13_roll_mean5,-0.5400729586314741,-2.805968157656025,decreases predicted RUL,62.115142822265625,42.0
42,Sensor_13_roll_std5,-0.04632346994096984,-7.442788713611662,decreases predicted RUL,62.115142822265625,42.0
42,Sensor_9_diff1,-0.01098051810642315,0.14955503365490586,increases predicted RUL,62.115142822265625,42.0
42,Sensor_9_roll_mean5,-0.5996608281630131,-7.383006171323359,decreases predicted RUL,62.115142822265625,42.0
42,Sensor_9_roll_std5,-0.26524711873556944,2.0187392171937972,increases predicted RUL,62.115142822265625,42.0
42,Regime_OneHot_0,0.25393478264415903,-0.7933143733534962,decreases predicted RUL,62.115142822265625,42.0
42,Regime_OneHot_1,0.027890629740897975,2.172598304809071,increases predicted RUL,62.115142822265625,42.0
42,Regime_OneHot_2,-0.19691859550207202,0.30857803544495255,increases predicted RUL,62.115142822265625,42.0
42,Regime_OneHot_3,-0.13657227576358327,0.6342142392531969,increases predicted RUL,62.115142822265625,42.0
42,Regime_OneHot_4,0.1392377001301913,2.006534267216921,increases predicted RUL,62.115142822265625,42.0
42,Regime_OneHot_5,-0.14174246279027364,2.970286085677799,increases predicted RUL,62.115142822265625,42.0
43,Regime_ID,2.04,-1.3169943469692953,decreases predicted RUL,30.75604248046875,60.0
43,Sensor_1,-0.13735309481930746,2.8197468952275813,increases predicted RUL,30.75604248046875,60.0
43,Sensor_2,0.26573764110812276,-1.8799758739769459,decreases predicted RUL,30.75604248046875,60.0
43,Sensor_3,0.5398647435915199,1.045161913469201,increases predicted RUL,30.75604248046875,60.0
43,Sensor_4,0.557510884114996,-8.183013433590531,decreases predicted RUL,30.75604248046875,60.0
43,Sensor_5,0.03714424234526307,-1.3329277720768005,decreases predicted RUL,30.75604248046875,60.0
43,Sensor_6,-0.5824678193437088,0.14075380961003248,increases predicted RUL,30.75604248046875,60.0
43,Sensor_7,1.9755576625349613,-18.827132910490036,decreases predicted RUL,30.75604248046875,60.0
43,Sensor_8,1.2643355058728158,-7.5243606573822035,decreases predicted RUL,30.75604248046875,60.0
43,Sensor_9,1.4631444596935492,-40.9735015463084,decreases predicted RUL,30.75604248046875,60.0
43,Sensor_10,1.4120347932183237,8.338634035084397,increases predicted RUL,30.75604248046875,60.0
43,Sensor_11,0.6384026632124802,-9.63761841878295,decreases predicted RUL,30.75604248046875,60.0
43,Sensor_12,2.024982328595108,-10.4533104673028,decreases predicted RUL,30.75604248046875,60.0
43,Sensor_13,1.2435722806756464,-4.425324072362855,decreases predicted RUL,30.75604248046875,60.0
43,Sensor_14,1.5218355946054622,-21.403408592334017,decreases predicted RUL,30.75604248046875,60.0
43,Sensor_15,-1.8238858998698233,-13.648172914981842,decreases predicted RUL,30.75604248046875,60.0
43,Sensor_17,0.5706943910803058,-10.105805322760716,decreases predicted RUL,30.75604248046875,60.0
43,Sensor_18,0.0,0.0,decreases predicted RUL,30.75604248046875,60.0
43,Sensor_19,-0.08283900411550953,2.210324862069683,increases predicted RUL,30.75604248046875,60.0
43,Sensor_20,1.365671547411609,-5.805187052115798,decreases predicted RUL,30.75604248046875,60.0
43,Sensor_21,1.2703929739021205,11.072289451025426,increases predicted RUL,30.75604248046875,60.0
43,Sensor_11_diff1,0.02360461974146042,-1.2478377148509026,decreases predicted RUL,30.75604248046875,60.0
43,Sensor_11_roll_mean5,0.6781955767897245,2.575127575546503,increases predicted RUL,30.75604248046875,60.0
43,Sensor_11_roll_std5,0.006641328118353239,-1.217758854618296,decreases predicted RUL,30.75604248046875,60.0
43,Sensor_4_diff1,-0.010968121922023176,0.731187691912055,increases predicted RUL,30.75604248046875,60.0
43,Sensor_4_roll_mean5,0.6487657001505744,8.65836164727807,increases predicted RUL,30.75604248046875,60.0
43,Sensor_4_roll_std5,-0.2922909058043923,-1.4702554185059853,decreases predicted RUL,30.75604248046875,60.0
43,Sensor_17_diff1,0.02904350374243056,0.12201950419694185,increases predicted RUL,30.75604248046875,60.0
43,Sensor_17_roll_mean5,0.7008570045132071,14.171562623232603,increases predicted RUL,30.75604248046875,60.0
43,Sensor_17_roll_std5,0.33271152108501467,0.7963585023535416,increases predicted RUL,30.75604248046875,60.0
43,Sensor_8_diff1,0.032605209413163555,-0.3981823609210551,decreases predicted RUL,30.75604248046875,60.0
43,Sensor_8_roll_mean5,1.4736141049737075,11.927225474268198,increases predicted RUL,30.75604248046875,60.0
43,Sensor_8_roll_std5,-0.60785466160177,-0.44480583438416943,decreases predicted RUL,30.75604248046875,60.0
43,Sensor_13_diff1,0.02528290671354735,-1.4223099583759904,decreases predicted RUL,30.75604248046875,60.0
43,Sensor_13_roll_mean5,1.4541818288641932,30.02689902484417,increases predicted RUL,30.75604248046875,60.0
43,Sensor_13_roll_std5,-0.5788999571826253,1.2761481716297567,increases predicted RUL,30.75604248046875,60.0
43,Sensor_9_diff1,0.03403431926300464,0.511219184845686,increases predicted RUL,30.75604248046875,60.0
43,Sensor_9_roll_mean5,1.5444967234067009,22.984659790992737,increases predicted RUL,30.75604248046875,60.0
43,Sensor_9_roll_std5,0.19755945490899418,-0.12597479303076398,decreases predicted RUL,30.75604248046875,60.0
43,Regime_OneHot_0,0.11537764783820155,1.5648803028743714,increases predicted RUL,30.75604248046875,60.0
43,Regime_OneHot_1,-0.028114430749217753,0.21328805258963257,increases predicted RUL,30.75604248046875,60.0
43,Regime_OneHot_2,0.082839004114015,0.21097936108708382,increases predicted RUL,30.75604248046875,60.0
43,Regime_OneHot_3,-0.13657227576358325,-0.2989747922401875,decreases predicted RUL,30.75604248046875,60.0
43,Regime_OneHot_4,0.027291552389649542,-2.2810559982899576,decreases predicted RUL,30.75604248046875,60.0
43,Regime_OneHot_5,-0.08584010988034603,1.816463333554566,increases predicted RUL,30.75604248046875,60.0
44,Regime_ID,2.4,-3.771995570510626,decreases predicted RUL,118.13223266601562,85.0
44,Sensor_1,0.1291507271802983,1.8758122939616442,increases predicted RUL,118.13223266601562,85.0
44,Sensor_2,-0.09227718108445103,-1.598786307265982,decreases predicted RUL,118.13223266601562,85.0
44,Sensor_3,-0.09437363780569626,0.8479720577597618,increases predicted RUL,118.13223266601562,85.0
44,Sensor_4,-0.29461875599531806,4.737571979407221,increases predicted RUL,118.13223266601562,85.0
44,Sensor_5,-0.10366561967763285,-0.9652600257431914,decreases predicted RUL,118.13223266601562,85.0
44,Sensor_6,0.7811680739959231,2.3387003073003143,increases predicted RUL,118.13223266601562,85.0
44,Sensor_7,-0.07313737979512319,1.8325601790784276,increases predicted RUL,118.13223266601562,85.0
44,Sensor_8,0.5115409199983727,-0.3788233969826251,decreases predicted RUL,118.13223266601562,85.0
44,Sensor_9,0.7117020265807745,-3.3597508933162317,decreases predicted RUL,118.13223266601562,85.0
44,Sensor_10,-0.15789658345852398,-1.7170255103847012,decreases predicted RUL,118.13223266601562,85.0
44,Sensor_11,-0.3181317358406189,5.52307239593938,increases predicted RUL,118.13223266601562,85.0
44,Sensor_12,-0.14745903352084164,3.882921997923404,increases predicted RUL,118.13223266601562,85.0
44,Sensor_13,0.4470065203850708,-0.38336311327293515,decreases predicted RUL,118.13223266601562,85.0
44,Sensor_14,0.7903579662500261,0.2562009668909013,increases predicted RUL,118.13223266601562,85.0
44,Sensor_15,0.28133189365746153,5.190562066156417,increases predicted RUL,118.13223266601562,85.0
44,Sensor_17,-0.12064626183004218,1.8429478160687722,increases predicted RUL,118.13223266601562,85.0
44,Sensor_18,0.0,0.0,decreases predicted RUL,118.13223266601562,85.0
44,Sensor_19,0.19691859550580454,0.9475415877968771,increases predicted RUL,118.13223266601562,85.0
44,Sensor_20,0.05129665947663277,-0.13873529073316604,decreases predicted RUL,118.13223266601562,85.0
44,Sensor_21,0.008745727598338327,-2.9491691564617213,decreases predicted RUL,118.13223266601562,85.0
44,Sensor_11_diff1,-0.02779060641646912,-0.1614021984860301,decreases predicted RUL,118.13223266601562,85.0
44,Sensor_11_roll_mean5,-0.3120269290102232,-2.4769534580409527,decreases predicted RUL,118.13223266601562,85.0
44,Sensor_11_roll_std5,0.11437362832421069,-0.19459192417525628,decreases predicted RUL,118.13223266601562,85.0
44,Sensor_4_diff1,0.0018023280616511566,-0.2896145951235667,decreases predicted RUL,118.13223266601562,85.0
44,Sensor_4_roll_mean5,-0.32573615885237045,-0.7162721696076915,decreases predicted RUL,118.13223266601562,85.0
44,Sensor_4_roll_std5,0.32934941464379747,-0.39783684752183035,decreases predicted RUL,118.13223266601562,85.0
44,Sensor_17_diff1,-0.019434842124169616,1.711785800755024,increases predicted RUL,118.13223266601562,85.0
44,Sensor_17_roll_mean5,-0.1493910597028098,-0.12680847715819255,decreases predicted RUL,118.13223266601562,85.0
44,Sensor_17_roll_std5,0.04073759928834687,-0.5288540695619304,decreases predicted RUL,118.13223266601562,85.0
44,Sensor_8_diff1,-0.029024412017976394,2.101549247629009,increases predicted RUL,118.13223266601562,85.0
44,Sensor_8_roll_mean5,0.6616758493943959,1.3030379698611796,increases predicted RUL,118.13223266601562,85.0
44,Sensor_8_roll_std5,0.44769850240142434,2.2218977629672736,increases predicted RUL,118.13223266601562,85.0
44,Sensor_13_diff1,-0.025806878745332332,3.1272654389904346,increases predicted RUL,118.13223266601562,85.0
44,Sensor_13_roll_mean5,0.5775861613024397,0.2853354629914975,increases predicted RUL,118.13223266601562,85.0
44,Sensor_13_roll_std5,0.5145155671365674,-9.249994708690792,decreases predicted RUL,118.13223266601562,85.0
44,Sensor_9_diff1,0.009336880526860006,0.3611638102447614,increases predicted RUL,118.13223266601562,85.0
44,Sensor_9_roll_mean5,0.7665696732995205,4.637893255800009,increases predicted RUL,118.13223266601562,85.0
44,Sensor_9_roll_std5,-0.2999192659940512,2.100195531907957,increases predicted RUL,118.13223266601562,85.0
44,Regime_OneHot_0,0.02300622463423001,2.381976248929277,increases predicted RUL,118.13223266601562,85.0
44,Regime_OneHot_1,0.027890629740898162,0.6111010643071495,increases predicted RUL,118.13223266601562,85.0
44,Regime_OneHot_2,-0.19691859550207216,1.6873954914335627,increases predicted RUL,118.13223266601562,85.0
44,Regime_OneHot_3,-0.0241080035488787,0.3080848116951529,increases predicted RUL,118.13223266601562,85.0
44,Regime_OneHot_4,-0.028681521480621388,0.8265842303371755,increases predicted RUL,118.13223266601562,85.0
44,Regime_OneHot_5,0.19367165466929268,-0.5388952667126432,decreases predicted RUL,118.13223266601562,85.0
45,Regime_ID,1.84,1.2492054905742407,increases predicted RUL,120.31485748291016,134.0
45,Sensor_1,0.11546145328213642,0.6851248340681195,increases predicted RUL,120.31485748291016,134.0
45,Sensor_2,0.24480299371345,-2.1386170799305546,decreases predicted RUL,120.31485748291016,134.0
45,Sensor_3,0.16697181528531455,1.3346822623861954,increases predicted RUL,120.31485748291016,134.0
45,Sensor_4,0.22138067922040372,0.6406312723411247,increases predicted RUL,120.31485748291016,134.0
45,Sensor_5,0.006706975316378813,0.22000947257038206,increases predicted RUL,120.31485748291016,134.0
45,Sensor_6,0.5618926870289972,1.3939921628916636,increases predicted RUL,120.31485748291016,134.0
45,Sensor_7,-0.09036924629788513,3.19121687929146,increases predicted RUL,120.31485748291016,134.0
45,Sensor_8,-0.02159366576817499,1.1910900981165469,increases predicted RUL,120.31485748291016,134.0
45,Sensor_9,0.004697412356273491,9.694416099460796,increases predicted RUL,120.31485748291016,134.0
45,Sensor_10,-0.10814770480039405,-1.417945897206664,decreases predicted RUL,120.31485748291016,134.0
45,Sensor_11,0.14518578058007964,2.225612844573334,increases predicted RUL,120.31485748291016,134.0
45,Sensor_12,-0.16109217853904606,2.257438000757247,increases predicted RUL,120.31485748291016,134.0
45,Sensor_13,-0.07175189287915958,2.403461157111451,increases predicted RUL,120.31485748291016,134.0
45,Sensor_14,-0.06864640264826231,5.395438423020096,increases predicted RUL,120.31485748291016,134.0
45,Sensor_15,0.41749301777298115,3.3241109896916896,increases predicted RUL,120.31485748291016,134.0
45,Sensor_17,0.09147613999735939,1.6481286545749754,increases predicted RUL,120.31485748291016,134.0
45,Sensor_18,0.0,0.0,decreases predicted RUL,120.31485748291016,134.0
45,Sensor_19,-0.07946724196363025,0.14063539466587827,increases predicted RUL,120.31485748291016,134.0
45,Sensor_20,-0.20472332481227767,1.580846240511164,increases predicted RUL,120.31485748291016,134.0
45,Sensor_21,-0.31360305852844494,-6.017952277645236,decreases predicted RUL,120.31485748291016,134.0
45,Sensor_11_diff1,0.02672546980285857,0.57206221006345,increases predicted RUL,120.31485748291016,134.0
45,Sensor_11_roll_mean5,0.16270844952701144,-0.31605017848778516,decreases predicted RUL,120.31485748291016,134.0
45,Sensor_11_roll_std5,-0.5985655591142205,-0.5201928220922127,decreases predicted RUL,120.31485748291016,134.0
45,Sensor_4_diff1,-0.020313804041915125,0.7504387266526464,increases predicted RUL,120.31485748291016,134.0
45,Sensor_4_roll_mean5,0.3016572409928882,-0.1086217305273749,decreases predicted RUL,120.31485748291016,134.0
45,Sensor_4_roll_std5,-0.6604959011340596,-0.632884937338531,decreases predicted RUL,120.31485748291016,134.0
45,Sensor_17_diff1,-0.027181589734698548,0.4834358085090571,increases predicted RUL,120.31485748291016,134.0
45,Sensor_17_roll_mean5,0.14389712536268384,-0.30345220406888984,decreases predicted RUL,120.31485748291016,134.0
45,Sensor_17_roll_std5,-0.8365840526171564,1.3865783931687474,increases predicted RUL,120.31485748291016,134.0
45,Sensor_8_diff1,-0.0024939941544130707,0.3834248113562353,increases predicted RUL,120.31485748291016,134.0
45,Sensor_8_roll_mean5,0.003444875078739012,-3.025931953685358,decreases predicted RUL,120.31485748291016,134.0
45,Sensor_8_roll_std5,-0.7872128658094577,-1.3558336657879408,decreases predicted RUL,120.31485748291016,134.0
45,Sensor_13_diff1,-0.014483098622371302,0.3369787727133371,increases predicted RUL,120.31485748291016,134.0
45,Sensor_13_roll_mean5,-0.05148701302747593,-3.0316093005239964,decreases predicted RUL,120.31485748291016,134.0
45,Sensor_13_roll_std5,-0.8348475207613238,1.7918940261006355,increases predicted RUL,120.31485748291016,134.0
45,Sensor_9_diff1,-0.030955311904715465,1.7089657784672454,increases predicted RUL,120.31485748291016,134.0
45,Sensor_9_roll_mean5,0.038763900673347826,-4.171461932128295,decreases predicted RUL,120.31485748291016,134.0
45,Sensor_9_roll_std5,-0.6908133875926136,2.1799236526712775,increases predicted RUL,120.31485748291016,134.0
45,Regime_OneHot_0,-0.16173662177371273,1.715467521455139,increases predicted RUL,120.31485748291016,134.0
45,Regime_OneHot_1,-0.19612961221956499,0.42498110834276304,increases predicted RUL,120.31485748291016,134.0
45,Regime_OneHot_2,-0.029064035732419936,1.491251652361825,increases predicted RUL,120.31485748291016,134.0
45,Regime_OneHot_3,-0.19280441187093558,-0.9360259311797563,decreases predicted RUL,120.31485748291016,134.0
45,Regime_OneHot_4,-0.2525738169617052,1.7922914685914293,increases predicted RUL,120.31485748291016,134.0
45,Regime_OneHot_5,0.13776930175936508,-0.6695340797932658,decreases predicted RUL,120.31485748291016,134.0
46,Regime_ID,2.14,9.195576444617473,increases predicted RUL,37.98299789428711,34.0
46,Sensor_1,0.12915072718029816,-5.100767402909696,decreases predicted RUL,37.98299789428711,34.0
46,Sensor_2,0.8135069002286324,-4.378395441570319,decreases predicted RUL,37.98299789428711,34.0
46,Sensor_3,0.7780894141868621,-4.56738842203049,decreases predicted RUL,37.98299789428711,34.0
46,Sensor_4,0.8860393799071187,-7.507491085445508,decreases predicted RUL,37.98299789428711,34.0
46,Sensor_5,0.17795410436815892,-3.661811283789575,decreases predicted RUL,37.98299789428711,34.0
46,Sensor_6,0.9070817766264296,1.8298910141456872,increases predicted RUL,37.98299789428711,34.0
46,Sensor_7,-0.44239751125587273,2.242921376368031,increases predicted RUL,37.98299789428711,34.0
46,Sensor_8,1.1783605110997957,0.934818549460033,increases predicted RUL,37.98299789428711,34.0
46,Sensor_9,1.6369198311790825,-23.112764057703316,decreases predicted RUL,37.98299789428711,34.0
46,Sensor_10,-0.29458856911699505,-0.30446913186460733,decreases predicted RUL,37.98299789428711,34.0
46,Sensor_11,0.9018057815418303,-12.990207056194777,decreases predicted RUL,37.98299789428711,34.0
46,Sensor_12,-0.3086708892811376,1.2724462927435525,increases predicted RUL,37.98299789428711,34.0
46,Sensor_13,1.2347368373335568,-2.0726857773552183,decreases predicted RUL,37.98299789428711,34.0
46,Sensor_14,1.5594904064895283,-12.84150835883338,decreases predicted RUL,37.98299789428711,34.0
46,Sensor_15,0.9834045660115163,-3.3905565068125725,decreases predicted RUL,37.98299789428711,34.0
46,Sensor_17,0.6319679899475296,-6.933910570805892,decreases predicted RUL,37.98299789428711,34.0
46,Sensor_18,0.0,0.0,decreases predicted RUL,37.98299789428711,34.0
46,Sensor_19,0.08501555565727888,0.8447057907469571,increases predicted RUL,37.98299789428711,34.0
46,Sensor_20,-0.6862502757959804,-0.3842430680342659,decreases predicted RUL,37.98299789428711,34.0
46,Sensor_21,-0.6723643608960388,-10.78051146492362,decreases predicted RUL,37.98299789428711,34.0
46,Sensor_11_diff1,0.036496714032998125,0.3635663278400898,increases predicted RUL,37.98299789428711,34.0
46,Sensor_11_roll_mean5,0.9711204021302621,-0.05523773282766342,decreases predicted RUL,37.98299789428711,34.0
46,Sensor_11_roll_std5,0.6089819160337614,0.6226248948078137,increases predicted RUL,37.98299789428711,34.0
46,Sensor_4_diff1,0.036640341467871096,1.4657093402929604,increases predicted RUL,37.98299789428711,34.0
46,Sensor_4_roll_mean5,1.006362021949243,-0.007419458590447903,decreases predicted RUL,37.98299789428711,34.0
46,Sensor_4_roll_std5,0.7191264583535651,-0.012032526079565287,decreases predicted RUL,37.98299789428711,34.0
46,Sensor_17_diff1,0.0063706982643685125,1.0353973996825516,increases predicted RUL,37.98299789428711,34.0
46,Sensor_17_roll_mean5,0.7741554819745263,4.263207275653258,increases predicted RUL,37.98299789428711,34.0
46,Sensor_17_roll_std5,0.1213778408178323,0.23500075499759987,increases predicted RUL,37.98299789428711,34.0
46,Sensor_8_diff1,0.016316213425567917,0.23376938281580806,increases predicted RUL,37.98299789428711,34.0
46,Sensor_8_roll_mean5,1.3943626157767361,11.098711021244526,increases predicted RUL,37.98299789428711,34.0
46,Sensor_8_roll_std5,0.5185158887094199,4.182720891665667,increases predicted RUL,37.98299789428711,34.0
46,Sensor_13_diff1,0.03092493163473219,0.901393414940685,increases predicted RUL,37.98299789428711,34.0
46,Sensor_13_roll_mean5,1.4514640239611973,0.7143015792244114,increases predicted RUL,37.98299789428711,34.0
46,Sensor_13_roll_std5,0.47479990443744735,-7.455630977841793,decreases predicted RUL,37.98299789428711,34.0
46,Sensor_9_diff1,0.014975115693532146,0.34268179861828685,increases predicted RUL,37.98299789428711,34.0
46,Sensor_9_roll_mean5,1.7246390326369843,13.71404604241252,increases predicted RUL,37.98299789428711,34.0
46,Sensor_9_roll_std5,0.21705975874920166,0.7842731901328079,increases predicted RUL,37.98299789428711,34.0
46,Regime_OneHot_0,0.02300622463423,-1.2800821659620851,decreases predicted RUL,37.98299789428711,34.0
46,Regime_OneHot_1,-0.02811443074921771,-0.07520810351707041,decreases predicted RUL,37.98299789428711,34.0
46,Regime_OneHot_2,-0.08501555565563738,1.0438099495368078,increases predicted RUL,37.98299789428711,34.0
46,Regime_OneHot_3,0.31328481309523504,-1.0297556716104737,decreases predicted RUL,37.98299789428711,34.0
46,Regime_OneHot_4,-0.0846545953508924,-1.9996482806745917,decreases predicted RUL,37.98299789428711,34.0
46,Regime_OneHot_5,-0.1417424627902739,-0.5279625803232193,decreases predicted RUL,37.98299789428711,34.0
47,Regime_ID,1.74,-15.660119561478496,decreases predicted RUL,42.590084075927734,45.0
47,Sensor_1,-0.3372309613190118,10.879063989967108,increases predicted RUL,42.590084075927734,45.0
47,Sensor_2,-0.3356209207447248,-1.6064947848208249,decreases predicted RUL,42.590084075927734,45.0
47,Sensor_3,-0.4056076471018421,0.0977454255335033,increases predicted RUL,42.590084075927734,45.0
47,Sensor_4,-0.44353511837217646,6.878884293138981,increases predicted RUL,42.590084075927734,45.0
47,Sensor_5,0.16035287161529704,0.23559499438852072,increases predicted RUL,42.590084075927734,45.0
47,Sensor_6,-1.4203225836251698,-12.47099667834118,decreases predicted RUL,42.590084075927734,45.0
47,Sensor_7,0.2493180385866674,-4.634299649856985,decreases predicted RUL,42.590084075927734,45.0
47,Sensor_8,-0.03334163690472443,-1.8709182204911485,decreases predicted RUL,42.590084075927734,45.0
47,Sensor_9,-0.08319286733269945,-7.329143818700686,decreases predicted RUL,42.590084075927734,45.0
47,Sensor_10,-0.04274579418626802,-0.9543692583683878,decreases predicted RUL,42.590084075927734,45.0
47,Sensor_11,-0.46440539391460606,3.954502825275995,increases predicted RUL,42.590084075927734,45.0
47,Sensor_12,0.13083060749464978,-2.257290064066183,decreases predicted RUL,42.590084075927734,45.0
47,Sensor_13,-0.13439489628617787,1.2751175612211227,increases predicted RUL,42.590084075927734,45.0
47,Sensor_14,0.032503690222106044,-2.7676278094004374,decreases predicted RUL,42.590084075927734,45.0
47,Sensor_15,-0.7303956334365048,-3.817177810706198,decreases predicted RUL,42.590084075927734,45.0
47,Sensor_17,-0.525179343945945,5.871117369737476,increases predicted RUL,42.590084075927734,45.0
47,Sensor_18,0.0,0.0,decreases predicted RUL,42.590084075927734,45.0
47,Sensor_19,-0.026887484191246775,1.370692857541144,increases predicted RUL,42.590084075927734,45.0
47,Sensor_20,0.3505274258386818,-2.444542590295896,decreases predicted RUL,42.590084075927734,45.0
47,Sensor_21,0.33552153645609933,1.554842233657837,increases predicted RUL,42.590084075927734,45.0
47,Sensor_11_diff1,0.018805703484558046,-4.440801535733044,decreases predicted RUL,42.590084075927734,45.0
47,Sensor_11_roll_mean5,-0.5393713523769843,-5.1725272526964545,decreases predicted RUL,42.590084075927734,45.0
47,Sensor_11_roll_std5,0.2006734472125253,-1.3725471473298967,decreases predicted RUL,42.590084075927734,45.0
47,Sensor_4_diff1,0.03974928662515819,-0.4923322447575629,decreases predicted RUL,42.590084075927734,45.0
47,Sensor_4_roll_mean5,-0.5620187227248513,-2.1005773949436843,decreases predicted RUL,42.590084075927734,45.0
47,Sensor_4_roll_std5,-0.14320273196298117,-2.1898209176724777,decreases predicted RUL,42.590084075927734,45.0
47,Sensor_17_diff1,0.02920515873067113,-0.8766107461415231,decreases predicted RUL,42.590084075927734,45.0
47,Sensor_17_roll_mean5,-0.6755606406494504,-4.621800808236003,decreases predicted RUL,42.590084075927734,45.0
47,Sensor_17_roll_std5,0.042132298205971044,-0.8020582931349054,decreases predicted RUL,42.590084075927734,45.0
47,Sensor_8_diff1,-0.00487490333274347,-1.3557467986829579,decreases predicted RUL,42.590084075927734,45.0
47,Sensor_8_roll_mean5,-0.05590530660495827,-1.517768666613847,decreases predicted RUL,42.590084075927734,45.0
47,Sensor_8_roll_std5,-0.35251456097875006,-0.681766590627376,decreases predicted RUL,42.590084075927734,45.0
47,Sensor_13_diff1,0.012099466924973051,-1.7757661518407986,decreases predicted RUL,42.590084075927734,45.0
47,Sensor_13_roll_mean5,-0.18188694658441107,-5.7045907117426395,decreases predicted RUL,42.590084075927734,45.0
47,Sensor_13_roll_std5,-0.2424086530217817,1.943095025839284,increases predicted RUL,42.590084075927734,45.0
47,Sensor_9_diff1,0.04006745827072028,-3.4844888895750046,decreases predicted RUL,42.590084075927734,45.0
47,Sensor_9_roll_mean5,-0.13492503341919795,-0.24267914541997015,decreases predicted RUL,42.590084075927734,45.0
47,Sensor_9_roll_std5,0.21637883191362803,-3.8733709714433644,decreases predicted RUL,42.590084075927734,45.0
47,Regime_OneHot_0,-0.023179486967755764,0.8193193695187801,increases predicted RUL,42.590084075927734,45.0
47,Regime_OneHot_1,0.41992605317170795,-2.0134349515428767,decreases predicted RUL,42.590084075927734,45.0
47,Regime_OneHot_2,0.0268874841907975,-1.5103206406347454,decreases predicted RUL,42.590084075927734,45.0
47,Regime_OneHot_3,-0.02410800354887865,-0.08485737722367048,decreases predicted RUL,42.590084075927734,45.0
47,Regime_OneHot_4,-0.14062766922116332,5.53311756439507,increases predicted RUL,42.590084075927734,45.0
47,Regime_OneHot_5,-0.25354716861012955,7.426139323040843,increases predicted RUL,42.590084075927734,45.0
48,Regime_ID,2.26,-5.97236692905426,decreases predicted RUL,30.620464324951172,24.0
48,Sensor_1,0.02921179393044601,2.1566307432949543,increases predicted RUL,30.620464324951172,24.0
48,Sensor_2,0.0635092869769745,-3.299534138292074,decreases predicted RUL,30.620464324951172,24.0
48,Sensor_3,0.47167195700815745,-0.025187834398820996,decreases predicted RUL,30.620464324951172,24.0
48,Sensor_4,0.3029697604320132,-8.420406862656819,decreases predicted RUL,30.620464324951172,24.0
48,Sensor_5,0.054745475098125065,-0.33835958410054445,decreases predicted RUL,30.620464324951172,24.0
48,Sensor_6,-0.7881667812543174,-1.3318810216151178,decreases predicted RUL,30.620464324951172,24.0
48,Sensor_7,1.632852051828278,-19.081996446475387,decreases predicted RUL,30.620464324951172,24.0
48,Sensor_8,1.0818838934392156,-6.469398366374662,decreases predicted RUL,30.620464324951172,24.0
48,Sensor_9,1.0402868952547513,-38.46507703792304,decreases predicted RUL,30.620464324951172,24.0
48,Sensor_10,1.3530034806664808,10.015161254676059,increases predicted RUL,30.620464324951172,24.0
48,Sensor_11,0.4764228205642397,-11.290550567035098,decreases predicted RUL,30.620464324951172,24.0
48,Sensor_12,1.6590382394178405,-9.886151288403198,decreases predicted RUL,30.620464324951172,24.0
48,Sensor_13,1.083682429342434,-9.36067409068346,decreases predicted RUL,30.620464324951172,24.0
48,Sensor_14,1.2034704355416348,-17.64394913893193,decreases predicted RUL,30.620464324951172,24.0
48,Sensor_15,-1.5336797046831407,-14.447597421705723,decreases predicted RUL,30.620464324951172,24.0
48,Sensor_17,0.5400219959683112,-14.457541747950017,decreases predicted RUL,30.620464324951172,24.0
48,Sensor_18,0.0,0.0,decreases predicted RUL,30.620464324951172,24.0
48,Sensor_19,-0.08283900411550954,1.1738056080648676,increases predicted RUL,30.620464324951172,24.0
48,Sensor_20,1.0260830764478646,-3.489145503146574,decreases predicted RUL,30.620464324951172,24.0
48,Sensor_21,0.9367005598806482,11.597245211303743,increases predicted RUL,30.620464324951172,24.0
48,Sensor_11_diff1,0.027728811845791883,-3.3201001845300198,decreases predicted RUL,30.620464324951172,24.0
48,Sensor_11_roll_mean5,0.4575148149172376,-3.2131828679703176,decreases predicted RUL,30.620464324951172,24.0
48,Sensor_11_roll_std5,0.270943832002161,-3.5630035779904574,decreases predicted RUL,30.620464324951172,24.0
48,Sensor_4_diff1,0.026523056008433486,0.06728011416271329,increases predicted RUL,30.620464324951172,24.0
48,Sensor_4_roll_mean5,0.28256398858245013,4.462762590454076,increases predicted RUL,30.620464324951172,24.0
48,Sensor_4_roll_std5,-0.3795318557703058,0.21695179515518248,increases predicted RUL,30.620464324951172,24.0
48,Sensor_17_diff1,0.007089583165572542,0.41391932079568505,increases predicted RUL,30.620464324951172,24.0
48,Sensor_17_roll_mean5,0.6312960208383067,15.110095098614693,increases predicted RUL,30.620464324951172,24.0
48,Sensor_17_roll_std5,0.05297630782366465,-0.9732331968843937,decreases predicted RUL,30.620464324951172,24.0
48,Sensor_8_diff1,0.02484204706823385,-1.881336275022477,decreases predicted RUL,30.620464324951172,24.0
48,Sensor_8_roll_mean5,1.224391609822077,12.210238572210073,increases predicted RUL,30.620464324951172,24.0
48,Sensor_8_roll_std5,-0.6263533041637571,-1.8266292882617563,decreases predicted RUL,30.620464324951172,24.0
48,Sensor_13_diff1,0.013716773090836614,-1.0921106962487102,decreases predicted RUL,30.620464324951172,24.0
48,Sensor_13_roll_mean5,1.229428167849119,32.57980302721262,increases predicted RUL,30.620464324951172,24.0
48,Sensor_13_roll_std5,-0.5285292399775698,-1.1963570415391587,decreases predicted RUL,30.620464324951172,24.0
48,Sensor_9_diff1,0.04737588424087295,-2.3768236730247736,decreases predicted RUL,30.620464324951172,24.0
48,Sensor_9_roll_mean5,1.0629475337571022,23.09609742462635,increases predicted RUL,30.620464324951172,24.0
48,Sensor_9_roll_std5,0.39619420200064703,-2.1279694683034904,decreases predicted RUL,30.620464324951172,24.0
48,Regime_OneHot_0,0.02300622463423,-0.045151624362915754,decreases predicted RUL,30.620464324951172,24.0
48,Regime_OneHot_1,-0.0281144307492176,1.474173757887911,increases predicted RUL,30.620464324951172,24.0
48,Regime_OneHot_2,0.082839004114015,1.4287026330130175,increases predicted RUL,30.620464324951172,24.0
48,Regime_OneHot_3,-0.08034013965623098,2.2665343617263716,increases predicted RUL,30.620464324951172,24.0
48,Regime_OneHot_4,-0.1406276692211633,7.253489075606922,increases predicted RUL,30.620464324951172,24.0
48,Regime_OneHot_5,0.13776930175936525,-1.5129791195504367,decreases predicted RUL,30.620464324951172,24.0
49,Regime_ID,2.02,-6.762626802432351,decreases predicted RUL,102.04829406738281,86.0
49,Sensor_1,-0.22618770215250927,3.4495394960977137,increases predicted RUL,102.04829406738281,86.0
49,Sensor_2,-0.60155515055696,0.771056764118839,increases predicted RUL,102.04829406738281,86.0
49,Sensor_3,-0.8317957757051131,-3.056018920382485,decreases predicted RUL,102.04829406738281,86.0
49,Sensor_4,-0.9075212293957056,9.360331733711064,increases predicted RUL,102.04829406738281,86.0
49,Sensor_5,0.03714424234526306,-0.30820372188463807,decreases predicted RUL,102.04829406738281,86.0
49,Sensor_6,-1.4589012639458832,-12.603415379766375,decreases predicted RUL,102.04829406738281,86.0
49,Sensor_7,-0.46833470965978236,9.514903237344697,increases predicted RUL,102.04829406738281,86.0
49,Sensor_8,-0.5079956627021704,5.761172091311892,increases predicted RUL,102.04829406738281,86.0
49,Sensor_9,-0.6572301911303038,19.50987589149736,increases predicted RUL,102.04829406738281,86.0
49,Sensor_10,-0.20914274184037304,0.05631697704666294,increases predicted RUL,102.04829406738281,86.0
49,Sensor_11,-0.9182159767239313,8.736911613843404,increases predicted RUL,102.04829406738281,86.0
49,Sensor_12,-0.49087649423142354,7.727922649122775,increases predicted RUL,102.04829406738281,86.0
49,Sensor_13,-0.5179779618308271,2.946394532438717,increases predicted RUL,102.04829406738281,86.0
49,Sensor_14,-0.5053938980847197,3.1084692515432835,increases predicted RUL,102.04829406738281,86.0
49,Sensor_15,-0.3152498167983483,3.3115696100285277,increases predicted RUL,102.04829406738281,86.0
49,Sensor_17,-0.7349475505752643,6.900824232958257,increases predicted RUL,102.04829406738281,86.0
49,Sensor_18,0.0,0.0,decreases predicted RUL,102.04829406738281,86.0
49,Sensor_19,-0.13879052403977235,-0.09136766642222938,decreases predicted RUL,102.04829406738281,86.0
49,Sensor_20,-0.012576903950630176,2.645588185521774,increases predicted RUL,102.04829406738281,86.0
49,Sensor_21,-0.06805525821166017,-1.6120445371780079,decreases predicted RUL,102.04829406738281,86.0
49,Sensor_11_diff1,-0.002717359062592033,-4.33953146787826,decreases predicted RUL,102.04829406738281,86.0
49,Sensor_11_roll_mean5,-1.0042180406069954,-2.4126221584156156,decreases predicted RUL,102.04829406738281,86.0
49,Sensor_11_roll_std5,-0.28669510879555116,0.027460737386718392,increases predicted RUL,102.04829406738281,86.0
49,Sensor_4_diff1,-0.006977001427441096,0.5375646091997623,increases predicted RUL,102.04829406738281,86.0
49,Sensor_4_roll_mean5,-1.0268579857204982,-2.9857764011248946,decreases predicted RUL,102.04829406738281,86.0
49,Sensor_4_roll_std5,-0.07418827623426263,-1.6795721632079221,decreases predicted RUL,102.04829406738281,86.0
49,Sensor_17_diff1,0.04385002171686726,0.16427289275452495,increases predicted RUL,102.04829406738281,86.0
49,Sensor_17_roll_mean5,-0.9649931872148554,-7.238463198300451,decreases predicted RUL,102.04829406738281,86.0
49,Sensor_17_roll_std5,0.32889145848882556,-1.330092416232219,decreases predicted RUL,102.04829406738281,86.0
49,Sensor_8_diff1,-0.020286456586784008,0.8303015702404082,increases predicted RUL,102.04829406738281,86.0
49,Sensor_8_roll_mean5,-0.5928596470159448,-3.086641193367541,decreases predicted RUL,102.04829406738281,86.0
49,Sensor_8_roll_std5,0.011460226797133634,-1.5423909638775513,decreases predicted RUL,102.04829406738281,86.0
49,Sensor_13_diff1,-0.02058109976447106,3.321396260522306,increases predicted RUL,102.04829406738281,86.0
49,Sensor_13_roll_mean5,-0.5995939317487636,-13.128521563485265,decreases predicted RUL,102.04829406738281,86.0
49,Sensor_13_roll_std5,0.014257763249040798,-2.2708390060579404,decreases predicted RUL,102.04829406738281,86.0
49,Sensor_9_diff1,0.006668694872639436,-0.8154356861487031,decreases predicted RUL,102.04829406738281,86.0
49,Sensor_9_roll_mean5,-0.6968283451451046,-15.971410620957613,decreases predicted RUL,102.04829406738281,86.0
49,Sensor_9_roll_std5,0.13013405142667728,-2.3112684600055218,decreases predicted RUL,102.04829406738281,86.0
49,Regime_OneHot_0,0.02300622463423,2.770404890179634,increases predicted RUL,102.04829406738281,86.0
49,Regime_OneHot_1,0.0838956902310138,-0.3070246928182314,decreases predicted RUL,102.04829406738281,86.0
49,Regime_OneHot_2,0.13879052403723255,-0.9684932389063761,decreases predicted RUL,102.04829406738281,86.0
49,Regime_OneHot_3,-0.1365722757635833,-0.644187674857676,decreases predicted RUL,102.04829406738281,86.0
49,Regime_OneHot_4,0.02729155238964947,3.4385057985782623,increases predicted RUL,102.04829406738281,86.0
49,Regime_OneHot_5,-0.1417424627902737,2.6793242255225778,increases predicted RUL,102.04829406738281,86.0
50,Regime_ID,2.3,-1.7115646584425122,decreases predicted RUL,121.64805603027344,119.0
50,Sensor_1,-0.00410118381950467,-0.040614043711684644,decreases predicted RUL,121.64805603027344,119.0
50,Sensor_2,-0.7909706496794584,1.671297712251544,increases predicted RUL,121.64805603027344,119.0
50,Sensor_3,-1.2444143872241953,-1.1003196869278327,decreases predicted RUL,121.64805603027344,119.0
50,Sensor_4,-1.2427081353183633,4.837062082719058,increases predicted RUL,121.64805603027344,119.0
50,Sensor_5,-0.06846315417190889,0.2231960705585152,increases predicted RUL,121.64805603027344,119.0
50,Sensor_6,-1.4755655091960147,-2.9208335399162024,decreases predicted RUL,121.64805603027344,119.0
50,Sensor_7,-1.2116184760260598,9.337476612185128,increases predicted RUL,121.64805603027344,119.0
50,Sensor_8,-1.5273953514807872,7.2234537455951795,increases predicted RUL,121.64805603027344,119.0
50,Sensor_9,-1.3161471921743757,15.234775366261601,increases predicted RUL,121.64805603027344,119.0
50,Sensor_10,-1.3014954929017761,-1.010383834480308,decreases predicted RUL,121.64805603027344,119.0
50,Sensor_11,-1.3825080361416329,6.501259098295122,increases predicted RUL,121.64805603027344,119.0
50,Sensor_12,-1.313781959044852,6.934618087398121,increases predicted RUL,121.64805603027344,119.0
50,Sensor_13,-1.4657839003489561,2.5649266542168334,increases predicted RUL,121.64805603027344,119.0
50,Sensor_14,-1.116887078905048,6.207045128394384,increases predicted RUL,121.64805603027344,119.0
50,Sensor_15,0.3165851562303038,4.637745557643939,increases predicted RUL,121.64805603027344,119.0
50,Sensor_17,-1.406673908196543,7.031782068777829,increases predicted RUL,121.64805603027344,119.0
50,Sensor_18,0.0,0.0,decreases predicted RUL,121.64805603027344,119.0
50,Sensor_19,0.02906403573301607,0.4293126870470587,increases predicted RUL,121.64805603027344,119.0
50,Sensor_20,-0.3392331134985805,1.4683701619433123,increases predicted RUL,121.64805603027344,119.0
50,Sensor_21,-0.3009228674367808,-1.777852744125994,decreases predicted RUL,121.64805603027344,119.0
50,Sensor_11_diff1,-0.019238658635495606,-0.8288753787055612,decreases predicted RUL,121.64805603027344,119.0
50,Sensor_11_roll_mean5,-1.4972520430115543,-1.5431155883707106,decreases predicted RUL,121.64805603027344,119.0
50,Sensor_11_roll_std5,0.2296855582827469,0.044193538022227585,increases predicted RUL,121.64805603027344,119.0
50,Sensor_4_diff1,-0.0066662884797820034,0.49453422240912914,increases predicted RUL,121.64805603027344,119.0
50,Sensor_4_roll_mean5,-1.4202422961433185,-3.8995503350161016,decreases predicted RUL,121.64805603027344,119.0
50,Sensor_4_roll_std5,-0.013638929635118112,-0.3580733839189634,decreases predicted RUL,121.64805603027344,119.0
50,Sensor_17_diff1,-0.053419169081790924,0.7381531901628477,increases predicted RUL,121.64805603027344,119.0
50,Sensor_17_roll_mean5,-1.7014427550295252,-8.46511357370764,decreases predicted RUL,121.64805603027344,119.0
50,Sensor_17_roll_std5,-0.034779236680938116,0.11177342789596878,increases predicted RUL,121.64805603027344,119.0
50,Sensor_8_diff1,-0.001206284991601747,0.008850027807056904,increases predicted RUL,121.64805603027344,119.0
50,Sensor_8_roll_mean5,-1.812500062860239,-4.5009613912552595,decreases predicted RUL,121.64805603027344,119.0
50,Sensor_8_roll_std5,1.9960769766815174,0.332240343617741,increases predicted RUL,121.64805603027344,119.0
50,Sensor_13_diff1,-0.001986299074561635,3.423936852486804,increases predicted RUL,121.64805603027344,119.0
50,Sensor_13_roll_mean5,-1.733411513158864,-13.08496412448585,decreases predicted RUL,121.64805603027344,119.0
50,Sensor_13_roll_std5,1.9885031952745251,-6.839268612442538,decreases predicted RUL,121.64805603027344,119.0
50,Sensor_9_diff1,0.020891597679834666,0.219235566444695,increases predicted RUL,121.64805603027344,119.0
50,Sensor_9_roll_mean5,-1.4041606547420826,-12.292607858777046,decreases predicted RUL,121.64805603027344,119.0
50,Sensor_9_roll_std5,0.07350836770972248,0.16471690649632365,increases predicted RUL,121.64805603027344,119.0
50,Regime_OneHot_0,0.02300622463423001,1.9450356483575888,increases predicted RUL,121.64805603027344,119.0
50,Regime_OneHot_1,0.027890629740897975,-0.1788182491727639,decreases predicted RUL,121.64805603027344,119.0
50,Regime_OneHot_2,-0.029064035732419925,0.7940009429003112,increases predicted RUL,121.64805603027344,119.0
50,Regime_OneHot_3,-0.13657227576358325,0.353683143039234,increases predicted RUL,121.64805603027344,119.0
50,Regime_OneHot_4,-0.02868152148062144,1.6802630625898018,increases predicted RUL,121.64805603027344,119.0
50,Regime_OneHot_5,0.1377693017593651,-1.1732305016339524,decreases predicted RUL,121.64805603027344,119.0
51,Regime_ID,2.36,2.157710201572627,increases predicted RUL,120.34588623046875,151.0
51,Sensor_1,0.018107468013795824,-0.20818608673289418,decreases predicted RUL,120.34588623046875,151.0
51,Sensor_2,-1.2182704508009632,3.35419342392197,increases predicted RUL,120.34588623046875,151.0
51,Sensor_3,-1.6419166487606187,-3.2121948008425534,decreases predicted RUL,120.34588623046875,151.0
51,Sensor_4,-1.6105112936059496,6.388275486184284,increases predicted RUL,120.34588623046875,151.0
51,Sensor_5,-0.13886808518335683,-0.3648755340836942,decreases predicted RUL,120.34588623046875,151.0
51,Sensor_6,-1.9518577128806975,-5.319766840199009,decreases predicted RUL,120.34588623046875,151.0
51,Sensor_7,-1.790484801825395,13.380321627482772,increases predicted RUL,120.34588623046875,151.0
51,Sensor_8,-1.474254115364289,9.01357886614278,increases predicted RUL,120.34588623046875,151.0
51,Sensor_9,-1.6647032014185796,21.799579612910748,increases predicted RUL,120.34588623046875,151.0
51,Sensor_10,-2.1432672848047987,-1.1279936102218926,decreases predicted RUL,120.34588623046875,151.0
51,Sensor_11,-1.8955290223064063,8.099675400648266,increases predicted RUL,120.34588623046875,151.0
51,Sensor_12,-1.847727739481988,11.75559701398015,increases predicted RUL,120.34588623046875,151.0
51,Sensor_13,-1.4330228697115976,3.977266874862835,increases predicted RUL,120.34588623046875,151.0
51,Sensor_14,-1.5026566102945373,8.089008151553571,increases predicted RUL,120.34588623046875,151.0
51,Sensor_15,0.535144887153118,5.968541834386997,increases predicted RUL,120.34588623046875,151.0
51,Sensor_17,-1.6711528767370527,8.98357930855127,increases predicted RUL,120.34588623046875,151.0
51,Sensor_18,0.0,0.0,decreases predicted RUL,120.34588623046875,151.0
51,Sensor_19,0.19691859550580434,0.23004362409119494,increases predicted RUL,120.34588623046875,151.0
51,Sensor_20,-0.6601849199896423,2.204143555718474,increases predicted RUL,120.34588623046875,151.0
51,Sensor_21,-0.6338229709247014,-1.7594998409040272,decreases predicted RUL,120.34588623046875,151.0
51,Sensor_11_diff1,-0.024610628380578876,-0.007970968261361122,decreases predicted RUL,120.34588623046875,151.0
51,Sensor_11_roll_mean5,-2.0450846898405173,-2.4903998884838074,decreases predicted RUL,120.34588623046875,151.0
51,Sensor_11_roll_std5,-0.38382647659905195,-0.19426631176611409,decreases predicted RUL,120.34588623046875,151.0
51,Sensor_4_diff1,0.0059905234904178185,0.1933169171679765,increases predicted RUL,120.34588623046875,151.0
51,Sensor_4_roll_mean5,-1.8460297941240364,-6.648116817697883,decreases predicted RUL,120.34588623046875,151.0
51,Sensor_4_roll_std5,-0.23253406647819333,-0.5099779550801031,decreases predicted RUL,120.34588623046875,151.0
51,Sensor_17_diff1,-0.016872307366547535,0.6554088499106001,increases predicted RUL,120.34588623046875,151.0
51,Sensor_17_roll_mean5,-2.0528128950024556,-12.109332932159305,decreases predicted RUL,120.34588623046875,151.0
51,Sensor_17_roll_std5,0.1633229052684017,-0.3362988111912273,decreases predicted RUL,120.34588623046875,151.0
51,Sensor_8_diff1,0.02150352326782336,0.6018311062362045,increases predicted RUL,120.34588623046875,151.0
51,Sensor_8_roll_mean5,-1.7594737253217714,-4.134952177992091,decreases predicted RUL,120.34588623046875,151.0
51,Sensor_8_roll_std5,0.7662715146218675,-0.40391878836089745,decreases predicted RUL,120.34588623046875,151.0
51,Sensor_13_diff1,0.01385497847385521,2.3302080808207393,increases predicted RUL,120.34588623046875,151.0
51,Sensor_13_roll_mean5,-1.7049728295702695,-13.044824630022049,decreases predicted RUL,120.34588623046875,151.0
51,Sensor_13_roll_std5,0.6478199891917288,-2.1167784443125583,decreases predicted RUL,120.34588623046875,151.0
51,Sensor_9_diff1,-0.05004865224141958,0.6678267295937985,increases predicted RUL,120.34588623046875,151.0
51,Sensor_9_roll_mean5,-1.7347886652975402,-16.0517930239439,decreases predicted RUL,120.34588623046875,151.0
51,Sensor_9_roll_std5,-0.08316361201195802,0.35596805647946894,increases predicted RUL,120.34588623046875,151.0
51,Regime_OneHot_0,-0.06936519856974153,-2.0454768514755415,decreases predicted RUL,120.34588623046875,151.0
51,Regime_OneHot_1,0.1399007507211295,-0.26011575205484405,decreases predicted RUL,120.34588623046875,151.0
51,Regime_OneHot_2,-0.19691859550207205,0.8772335119429044,increases predicted RUL,120.34588623046875,151.0
51,Regime_OneHot_3,0.0321241325584736,-0.04097261243441608,decreases predicted RUL,120.34588623046875,151.0
51,Regime_OneHot_4,0.08326462625992041,0.59498968324624,increases predicted RUL,120.34588623046875,151.0
51,Regime_OneHot_5,0.025964595939509526,-0.09626763686537743,decreases predicted RUL,120.34588623046875,151.0
52,Regime_ID,2.38,-1.1948242562357336,decreases predicted RUL,122.66021728515625,142.0
52,Sensor_1,0.2401939863468005,-1.4262373117380776,decreases predicted RUL,122.66021728515625,142.0
52,Sensor_2,-0.07309128411875632,-0.5102491909055971,decreases predicted RUL,122.66021728515625,142.0
52,Sensor_3,-0.10028015694990419,0.7556913416774478,increases predicted RUL,122.66021728515625,142.0
52,Sensor_4,-0.2180429341430318,4.054318407084793,increases predicted RUL,122.66021728515625,142.0
52,Sensor_5,0.12515040610957306,0.19071713405719493,increases predicted RUL,122.66021728515625,142.0
52,Sensor_6,0.7662596081236142,2.6309122908860445,increases predicted RUL,122.66021728515625,142.0
52,Sensor_7,-0.05099674154758213,2.8631609114818275,increases predicted RUL,122.66021728515625,142.0
52,Sensor_8,0.008575363407102236,0.8770255928393453,increases predicted RUL,122.66021728515625,142.0
52,Sensor_9,0.06910631143140064,7.160483596846461,increases predicted RUL,122.66021728515625,142.0
52,Sensor_10,-0.13973537724530039,-1.8354754284664523,decreases predicted RUL,122.66021728515625,142.0
52,Sensor_11,-0.18833282636143264,4.262215536800795,increases predicted RUL,122.66021728515625,142.0
52,Sensor_12,-0.21751526839489949,1.8341917919460684,increases predicted RUL,122.66021728515625,142.0
52,Sensor_13,0.02856966570124095,1.7054306318750605,increases predicted RUL,122.66021728515625,142.0
52,Sensor_14,0.110091321951634,4.927694793586852,increases predicted RUL,122.66021728515625,142.0
52,Sensor_15,0.2780218678350804,5.039334854693152,increases predicted RUL,122.66021728515625,142.0
52,Sensor_17,-0.08228083300090525,1.7464014684665017,increases predicted RUL,122.66021728515625,142.0
52,Sensor_18,0.0,0.0,decreases predicted RUL,122.66021728515625,142.0
52,Sensor_19,0.14096707558154173,-0.33328268988407217,decreases predicted RUL,122.66021728515625,142.0
52,Sensor_20,0.0936517235683522,0.9620355509832734,increases predicted RUL,122.66021728515625,142.0
52,Sensor_21,0.013729834270297827,-2.8405437719775364,decreases predicted RUL,122.66021728515625,142.0
52,Sensor_11_diff1,-0.05402353090393436,-0.003570686560124159,decreases predicted RUL,122.66021728515625,142.0
52,Sensor_11_roll_mean5,-0.16028634056777363,0.2518806854786817,increases predicted RUL,122.66021728515625,142.0
52,Sensor_11_roll_std5,0.5884986153975187,-0.3116171474684961,decreases predicted RUL,122.66021728515625,142.0
52,Sensor_4_diff1,-0.02088085773955922,1.191996089881286,increases predicted RUL,122.66021728515625,142.0
52,Sensor_4_roll_mean5,-0.23607069697010616,-0.8242903313366696,decreases predicted RUL,122.66021728515625,142.0
52,Sensor_4_roll_std5,-0.30073019667073114,0.08826883370056748,increases predicted RUL,122.66021728515625,142.0
52,Sensor_17_diff1,0.001541652158619576,0.7132843104191124,increases predicted RUL,122.66021728515625,142.0
52,Sensor_17_roll_mean5,-0.11754761454890578,-0.7768539597163908,decreases predicted RUL,122.66021728515625,142.0
52,Sensor_17_roll_std5,0.14429852621301276,0.3734465229063062,increases predicted RUL,122.66021728515625,142.0
52,Sensor_8_diff1,-0.021489870707082016,0.45050116241873184,increases predicted RUL,122.66021728515625,142.0
52,Sensor_8_roll_mean5,0.04315714541876085,-2.5159439602248312,decreases predicted RUL,122.66021728515625,142.0
52,Sensor_8_roll_std5,-0.5367082012692592,-0.34561848107841797,decreases predicted RUL,122.66021728515625,142.0
52,Sensor_13_diff1,-0.012452343799590777,0.19641605718061328,increases predicted RUL,122.66021728515625,142.0
52,Sensor_13_roll_mean5,0.05559320160235767,-4.032876545097679,decreases predicted RUL,122.66021728515625,142.0
52,Sensor_13_roll_std5,-0.5173524422194627,1.4747342785121873,increases predicted RUL,122.66021728515625,142.0
52,Sensor_9_diff1,-0.019602688841260783,0.9162451345473528,increases predicted RUL,122.66021728515625,142.0
52,Sensor_9_roll_mean5,0.09457690308337766,-2.9447886631824076,decreases predicted RUL,122.66021728515625,142.0
52,Sensor_9_roll_std5,-0.12298648760652348,0.4882776818558341,increases predicted RUL,122.66021728515625,142.0
52,Regime_OneHot_0,-0.11555091017172722,-0.3018816975527443,decreases predicted RUL,122.66021728515625,142.0
52,Regime_OneHot_1,0.13990075072112965,0.06546234484994784,increases predicted RUL,122.66021728515625,142.0
52,Regime_OneHot_2,-0.14096707557885474,1.2715756841935217,increases predicted RUL,122.66021728515625,142.0
52,Regime_OneHot_3,0.25705267698788276,0.6534557426348329,increases predicted RUL,122.66021728515625,142.0
52,Regime_OneHot_4,-0.3085468908319762,3.284224768733111,increases predicted RUL,122.66021728515625,142.0
52,Regime_OneHot_5,0.19367165466929281,-0.3403934364177985,decreases predicted RUL,122.66021728515625,142.0
53,Regime_ID,2.54,5.629731386899948,increases predicted RUL,105.27802276611328,176.0
53,Sensor_1,0.07362909759704697,-1.5682236964348704,decreases predicted RUL,105.27802276611328,176.0
53,Sensor_2,0.46604391101982473,-1.041706500807777,decreases predicted RUL,105.27802276611328,176.0
53,Sensor_3,0.3813733468273108,1.7000833954662085,increases predicted RUL,105.27802276611328,176.0
53,Sensor_4,0.7093533646380742,-9.285020398907363,decreases predicted RUL,105.27802276611328,176.0
53,Sensor_5,-0.1388680851833569,-2.9074909891933203,decreases predicted RUL,105.27802276611328,176.0
53,Sensor_6,0.8183519765848749,5.712112191715278,increases predicted RUL,105.27802276611328,176.0
53,Sensor_7,-0.2870211163654358,6.785003570403205,increases predicted RUL,105.27802276611328,176.0
53,Sensor_8,-0.21440239753887583,0.9501388747012243,increases predicted RUL,105.27802276611328,176.0
53,Sensor_9,-0.2401958045564852,10.392087591579184,increases predicted RUL,105.27802276611328,176.0
53,Sensor_10,-0.2340090274703939,0.4318532074976247,increases predicted RUL,105.27802276611328,176.0
53,Sensor_11,0.6086653688609343,-6.952730190125294,decreases predicted RUL,105.27802276611328,176.0
53,Sensor_12,-0.36216857783359574,6.120664916932583,increases predicted RUL,105.27802276611328,176.0
53,Sensor_13,-0.19386119998316903,1.9860824285788112,increases predicted RUL,105.27802276611328,176.0
53,Sensor_14,-0.4130969820546315,5.329461375775281,increases predicted RUL,105.27802276611328,176.0
53,Sensor_15,0.7933015430535483,5.133762213867158,increases predicted RUL,105.27802276611328,176.0
53,Sensor_17,0.565637706439682,-6.809579027583823,decreases predicted RUL,105.27802276611328,176.0
53,Sensor_18,0.0,0.0,decreases predicted RUL,105.27802276611328,176.0
53,Sensor_19,-0.08283900411550961,0.678251686040312,increases predicted RUL,105.27802276611328,176.0
53,Sensor_20,-0.5820729451950853,0.757749944110401,increases predicted RUL,105.27802276611328,176.0
53,Sensor_21,-0.5410545837666597,-9.677004291726917,decreases predicted RUL,105.27802276611328,176.0
53,Sensor_11_diff1,-0.02443450880987512,2.2081903895596042,increases predicted RUL,105.27802276611328,176.0
53,Sensor_11_roll_mean5,0.6919308506135543,6.310347590013407,increases predicted RUL,105.27802276611328,176.0
53,Sensor_11_roll_std5,0.08280678703681241,-0.4760275614389684,decreases predicted RUL,105.27802276611328,176.0
53,Sensor_4_diff1,0.028662498594572185,1.320111259818077,increases predicted RUL,105.27802276611328,176.0
53,Sensor_4_roll_mean5,0.7896920161846533,5.677963597001508,increases predicted RUL,105.27802276611328,176.0
53,Sensor_4_roll_std5,0.3038629005419958,-2.373021475272253,decreases predicted RUL,105.27802276611328,176.0
53,Sensor_17_diff1,0.057532058438380516,2.877282388973981,increases predicted RUL,105.27802276611328,176.0
53,Sensor_17_roll_mean5,0.6689646490804969,5.2718780636787415,increases predicted RUL,105.27802276611328,176.0
53,Sensor_17_roll_std5,0.10020160710940035,-0.20045640546595678,decreases predicted RUL,105.27802276611328,176.0
53,Sensor_8_diff1,-0.03551873660667984,1.0318137309513986,increases predicted RUL,105.27802276611328,176.0
53,Sensor_8_roll_mean5,-0.21634656969560287,-3.608280864660628,decreases predicted RUL,105.27802276611328,176.0
53,Sensor_8_roll_std5,-0.07072548921356728,1.8727764641516842,increases predicted RUL,105.27802276611328,176.0
53,Sensor_13_diff1,-0.03574994422511024,1.6133498870767653,increases predicted RUL,105.27802276611328,176.0
53,Sensor_13_roll_mean5,-0.19591900830664966,-1.4097352242097259,decreases predicted RUL,105.27802276611328,176.0
53,Sensor_13_roll_std5,-0.03932993215622369,-2.499276640737662,decreases predicted RUL,105.27802276611328,176.0
53,Sensor_9_diff1,-0.009567865833642032,0.5480368565768003,increases predicted RUL,105.27802276611328,176.0
53,Sensor_9_roll_mean5,-0.24600835365009224,-5.379905726760626,decreases predicted RUL,105.27802276611328,176.0
53,Sensor_9_roll_std5,-0.1753290955235273,0.3714432269334793,increases predicted RUL,105.27802276611328,176.0
53,Regime_OneHot_0,-0.023179486967755757,-0.09300986747257411,decreases predicted RUL,105.27802276611328,176.0
53,Regime_OneHot_1,-0.1401245517294491,0.07562602420875919,increases predicted RUL,105.27802276611328,176.0
53,Regime_OneHot_2,0.08283900411401497,0.5947079454781488,increases predicted RUL,105.27802276611328,176.0
53,Regime_OneHot_3,-0.19280441187093555,-1.6205478052143008,decreases predicted RUL,105.27802276611328,176.0
53,Regime_OneHot_4,0.02729155238964956,-2.773246471071616,decreases predicted RUL,105.27802276611328,176.0
53,Regime_OneHot_5,0.24957400757922066,-6.575965976604493,decreases predicted RUL,105.27802276611328,176.0
54,Regime_ID,2.06,-7.490978555986658,decreases predicted RUL,118.95927429199219,157.0
54,Sensor_1,0.02921179393044601,1.171368831768632,increases predicted RUL,118.95927429199219,157.0
54,Sensor_2,-0.4849601940659417,2.221083044540137,increases predicted RUL,118.95927429199219,157.0
54,Sensor_3,-0.3918634245749063,-1.058907677885145,decreases predicted RUL,118.95927429199219,157.0
54,Sensor_4,-0.3284727427195849,3.7143652845115867,increases predicted RUL,118.95927429199219,157.0
54,Sensor_5,0.08994794060384903,0.4035356361710001,increases predicted RUL,118.95927429199219,157.0
54,Sensor_6,0.21042671841029364,2.472062985645607,increases predicted RUL,118.95927429199219,157.0
54,Sensor_7,0.6625315141490198,-0.503322085365653,decreases predicted RUL,118.95927429199219,157.0
54,Sensor_8,4.6266038140417854e-05,1.1849251483508851,increases predicted RUL,118.95927429199219,157.0
54,Sensor_9,0.0010969940738640672,7.411122436402366,increases predicted RUL,118.95927429199219,157.0
54,Sensor_10,0.5759660838878544,-2.265245182905346,decreases predicted RUL,118.95927429199219,157.0
54,Sensor_11,-0.4716795004680905,4.231797770131379,increases predicted RUL,118.95927429199219,157.0
54,Sensor_12,0.6293741770829556,-1.9805789007805288,decreases predicted RUL,118.95927429199219,157.0
54,Sensor_13,-0.004484709475686907,1.972092885436723,increases predicted RUL,118.95927429199219,157.0
54,Sensor_14,0.1458033448243695,3.7114386010653106,increases predicted RUL,118.95927429199219,157.0
54,Sensor_15,-0.6715646968418322,2.4735372757422738,increases predicted RUL,118.95927429199219,157.0
54,Sensor_17,-0.40331407530966695,4.3446093001402915,increases predicted RUL,118.95927429199219,157.0
54,Sensor_18,0.0,0.0,decreases predicted RUL,118.95927429199219,157.0
54,Sensor_19,0.14096707558154165,-0.42163432139204815,decreases predicted RUL,118.95927429199219,157.0
54,Sensor_20,0.5302335039462275,0.3619576388737187,increases predicted RUL,118.95927429199219,157.0
54,Sensor_21,0.5174252392130166,-0.30209087871480733,decreases predicted RUL,118.95927429199219,157.0
54,Sensor_11_diff1,-0.03380979456469921,0.8117074081674218,increases predicted RUL,118.95927429199219,157.0
54,Sensor_11_roll_mean5,-0.4900277019075295,-3.303130915854126,decreases predicted RUL,118.95927429199219,157.0
54,Sensor_11_roll_std5,0.5553918724283892,-1.0082662108252407,decreases predicted RUL,118.95927429199219,157.0
54,Sensor_4_diff1,-0.01251626140333054,0.8826512391678989,increases predicted RUL,118.95927429199219,157.0
54,Sensor_4_roll_mean5,-0.37951930995732786,-2.783140036975965,decreases predicted RUL,118.95927429199219,157.0
54,Sensor_4_roll_std5,0.35887699801251016,-0.23063376487698406,decreases predicted RUL,118.95927429199219,157.0
54,Sensor_17_diff1,0.04034005437798214,0.2541297385469079,increases predicted RUL,118.95927429199219,157.0
54,Sensor_17_roll_mean5,-0.5165558606710404,-5.278028786182404,decreases predicted RUL,118.95927429199219,157.0
54,Sensor_17_roll_std5,-0.3556283465041573,-0.029479059390723705,decreases predicted RUL,118.95927429199219,157.0
54,Sensor_8_diff1,-0.0027056920297886876,0.3197319562314078,increases predicted RUL,118.95927429199219,157.0
54,Sensor_8_roll_mean5,0.004242443593201566,-1.4442574997083284,decreases predicted RUL,118.95927429199219,157.0
54,Sensor_8_roll_std5,-0.8048745634035677,-0.16602889279602095,decreases predicted RUL,118.95927429199219,157.0
54,Sensor_13_diff1,-0.022020887687218813,0.5221359618008137,increases predicted RUL,118.95927429199219,157.0
54,Sensor_13_roll_mean5,0.022105874196322938,-6.566818825434893,decreases predicted RUL,118.95927429199219,157.0
54,Sensor_13_roll_std5,-0.7464197608345076,1.589456903631799,increases predicted RUL,118.95927429199219,157.0
54,Sensor_9_diff1,-0.008796739779951919,1.0917179645039141,increases predicted RUL,118.95927429199219,157.0
54,Sensor_9_roll_mean5,0.0084335680523342,-3.7197636365890503,decreases predicted RUL,118.95927429199219,157.0
54,Sensor_9_roll_std5,-0.29266584110292504,-0.08452196244616061,decreases predicted RUL,118.95927429199219,157.0
54,Regime_OneHot_0,0.11537764783820155,1.8457209498155862,increases predicted RUL,118.95927429199219,157.0
54,Regime_OneHot_1,0.08389569023101379,-0.05302765278611332,decreases predicted RUL,118.95927429199219,157.0
54,Regime_OneHot_2,-0.14096707557885468,1.4288489022292197,increases predicted RUL,118.95927429199219,157.0
54,Regime_OneHot_3,0.03212413255847359,0.7368827946193051,increases predicted RUL,118.95927429199219,157.0
54,Regime_OneHot_4,-0.14062766922116335,2.7301590251736343,increases predicted RUL,118.95927429199219,157.0
54,Regime_OneHot_5,0.02596459593950968,2.1232159687019987,increases predicted RUL,118.95927429199219,157.0
55,Regime_ID,2.08,-8.09174576587975,decreases predicted RUL,114.27395629882812,67.0
55,Sensor_1,0.11804640126364788,-1.443398539442569,decreases predicted RUL,114.27395629882812,67.0
55,Sensor_2,-0.6707249016819067,2.381275322753936,increases predicted RUL,114.27395629882812,67.0
55,Sensor_3,-0.6635977500309396,-0.2431139054824598,decreases predicted RUL,114.27395629882812,67.0
55,Sensor_4,-0.7589802413158107,6.338074778672308,increases predicted RUL,114.27395629882812,67.0
55,Sensor_5,0.28356150088533094,-0.28764016802426795,decreases predicted RUL,114.27395629882812,67.0
55,Sensor_6,-0.8899836168307967,-1.2124829056774615,decreases predicted RUL,114.27395629882812,67.0
55,Sensor_7,-0.2126392461229532,6.072364883963019,increases predicted RUL,114.27395629882812,67.0
55,Sensor_8,-0.353500913911877,3.5949074061354622,increases predicted RUL,114.27395629882812,67.0
55,Sensor_9,-0.3849604998706168,12.123296336445492,increases predicted RUL,114.27395629882812,67.0
55,Sensor_10,-0.1820204388314994,-1.7758963038795628,decreases predicted RUL,114.27395629882812,67.0
55,Sensor_11,-0.8168297192256604,7.485686746542342,increases predicted RUL,114.27395629882812,67.0
55,Sensor_12,-0.18162410649050567,2.8961367282026913,increases predicted RUL,114.27395629882812,67.0
55,Sensor_13,-0.3285484847804142,2.865434269508114,increases predicted RUL,114.27395629882812,67.0
55,Sensor_14,-0.25929814650523736,5.060503559187055,increases predicted RUL,114.27395629882812,67.0
55,Sensor_15,-0.35449398112221564,2.1903996290639043,increases predicted RUL,114.27395629882812,67.0
55,Sensor_17,-0.5440900178517105,6.835573557007592,increases predicted RUL,114.27395629882812,67.0
55,Sensor_18,0.0,0.0,decreases predicted RUL,114.27395629882812,67.0
55,Sensor_19,-0.08283900411550951,0.45298109063878655,increases predicted RUL,114.27395629882812,67.0
55,Sensor_20,0.32275646150912457,-0.2523985209700186,decreases predicted RUL,114.27395629882812,67.0
55,Sensor_21,0.28146001946439897,1.3275259481742978,increases predicted RUL,114.27395629882812,67.0
55,Sensor_11_diff1,-0.009436911040398269,1.36392178387905,increases predicted RUL,114.27395629882812,67.0
55,Sensor_11_roll_mean5,-0.8918582109313508,-2.220108546054689,decreases predicted RUL,114.27395629882812,67.0
55,Sensor_11_roll_std5,0.09448587448748504,-1.6963749886490405,decreases predicted RUL,114.27395629882812,67.0
55,Sensor_4_diff1,0.03609913510140558,0.6686240364797413,increases predicted RUL,114.27395629882812,67.0
55,Sensor_4_roll_mean5,-0.9224699423625445,-3.8439256675628712,decreases predicted RUL,114.27395629882812,67.0
55,Sensor_4_roll_std5,-0.2344277954603288,-0.35259081539697945,decreases predicted RUL,114.27395629882812,67.0
55,Sensor_17_diff1,-0.014987456049634695,0.8214686592109501,increases predicted RUL,114.27395629882812,67.0
55,Sensor_17_roll_mean5,-0.6567338499483857,-5.342806361615658,decreases predicted RUL,114.27395629882812,67.0
55,Sensor_17_roll_std5,-0.5211525379407789,0.7228483447106555,increases predicted RUL,114.27395629882812,67.0
55,Sensor_8_diff1,0.022173101823597424,0.009025397710502148,increases predicted RUL,114.27395629882812,67.0
55,Sensor_8_roll_mean5,-0.44033473079200225,-3.2077568030217662,decreases predicted RUL,114.27395629882812,67.0
55,Sensor_8_roll_std5,-0.3779699186424589,-0.4856275884085335,decreases predicted RUL,114.27395629882812,67.0
55,Sensor_13_diff1,0.020840154886807502,1.2007056856527925,increases predicted RUL,114.27395629882812,67.0
55,Sensor_13_roll_mean5,-0.40996264658248327,-8.281172551214695,decreases predicted RUL,114.27395629882812,67.0
55,Sensor_13_roll_std5,-0.23683103349462786,1.2775615003192797,increases predicted RUL,114.27395629882812,67.0
55,Sensor_9_diff1,0.03757110155673727,-0.7931124045862816,decreases predicted RUL,114.27395629882812,67.0
55,Sensor_9_roll_mean5,-0.4278869168484489,-9.95338175445795,decreases predicted RUL,114.27395629882812,67.0
55,Sensor_9_roll_std5,0.012408170252651557,-0.7840460504230577,decreases predicted RUL,114.27395629882812,67.0
55,Regime_OneHot_0,0.0691919362362158,3.728472202317789,increases predicted RUL,114.27395629882812,67.0
55,Regime_OneHot_1,-0.08411949123933338,-0.1990504240966402,decreases predicted RUL,114.27395629882812,67.0
55,Regime_OneHot_2,0.08283900411401504,-0.973001406295225,decreases predicted RUL,114.27395629882812,67.0
55,Regime_OneHot_3,0.20082054088053047,-0.605241384357214,decreases predicted RUL,114.27395629882812,67.0
55,Regime_OneHot_4,-0.2525738169617052,6.223790823423769,increases predicted RUL,114.27395629882812,67.0
55,Regime_OneHot_5,-0.029937756970418256,2.798733536270447,increases predicted RUL,114.27395629882812,67.0
56,Regime_ID,2.28,0.21532296249642968,increases predicted RUL,118.9924087524414,97.0
56,Sensor_1,0.0847334235136972,1.0847459182841703,increases predicted RUL,118.9924087524414,97.0
56,Sensor_2,-0.6845548289277968,2.428639283796656,increases predicted RUL,118.9924087524414,97.0
56,Sensor_3,-0.8613323501537928,-1.4690587800141657,decreases predicted RUL,118.9924087524414,97.0
56,Sensor_4,-1.0571986930354313,8.334621138870716,increases predicted RUL,118.9924087524414,97.0
56,Sensor_5,-0.015659455913322906,0.5781699515646324,increases predicted RUL,118.9924087524414,97.0
56,Sensor_6,-0.42511016119608236,1.9004418277181685,increases predicted RUL,118.9924087524414,97.0
56,Sensor_7,-0.27038701541873866,7.138553716125898,increases predicted RUL,118.9924087524414,97.0
56,Sensor_8,-0.6153341776805784,5.606433911249042,increases predicted RUL,118.9924087524414,97.0
56,Sensor_9,-0.6931042273272544,21.479384316131473,increases predicted RUL,118.9924087524414,97.0
56,Sensor_10,-0.30599909102381473,-2.7180209173238836,decreases predicted RUL,118.9924087524414,97.0
56,Sensor_11,-0.9640191414477063,6.121815600665286,increases predicted RUL,118.9924087524414,97.0
56,Sensor_12,-0.33130027540472523,3.6620754064642824,increases predicted RUL,118.9924087524414,97.0
56,Sensor_13,-0.6364786582943591,3.7855313578620553,increases predicted RUL,118.9924087524414,97.0
56,Sensor_14,-0.4546793173695518,5.115376596339047,increases predicted RUL,118.9924087524414,97.0
56,Sensor_15,-0.32155974228843826,4.067848971317289,increases predicted RUL,118.9924087524414,97.0
56,Sensor_17,-0.9968095484164866,10.017839564010501,increases predicted RUL,118.9924087524414,97.0
56,Sensor_18,0.0,0.0,decreases predicted RUL,118.9924087524414,97.0
56,Sensor_19,0.19691859550580457,-0.06071865517878905,decreases predicted RUL,118.9924087524414,97.0
56,Sensor_20,0.23897675722243455,0.928709977917606,increases predicted RUL,118.9924087524414,97.0
56,Sensor_21,0.16892301965200712,-2.380627320148051,decreases predicted RUL,118.9924087524414,97.0
56,Sensor_11_diff1,-0.007815934777977257,-0.0691295051947236,decreases predicted RUL,118.9924087524414,97.0
56,Sensor_11_roll_mean5,-1.0488408470795476,-0.3556534769013524,decreases predicted RUL,118.9924087524414,97.0
56,Sensor_11_roll_std5,-0.3698335369243454,0.08226526348153129,increases predicted RUL,118.9924087524414,97.0
56,Sensor_4_diff1,0.012911446299429691,1.1086624045856297,increases predicted RUL,118.9924087524414,97.0
56,Sensor_4_roll_mean5,-1.213875125104578,-6.088976627681404,decreases predicted RUL,118.9924087524414,97.0
56,Sensor_4_roll_std5,-0.3365399196911373,0.051647068350575864,increases predicted RUL,118.9924087524414,97.0
56,Sensor_17_diff1,-0.01943484212416963,0.532477464992553,increases predicted RUL,118.9924087524414,97.0
56,Sensor_17_roll_mean5,-1.1792461050851406,-10.497817976371152,decreases predicted RUL,118.9924087524414,97.0
56,Sensor_17_roll_std5,0.2858322288812635,-0.35443526366725564,decreases predicted RUL,118.9924087524414,97.0
56,Sensor_8_diff1,-0.02429718035375692,0.8773213220993057,increases predicted RUL,118.9924087524414,97.0
56,Sensor_8_roll_mean5,-0.7153574287020357,-1.9997717728838325,decreases predicted RUL,118.9924087524414,97.0
56,Sensor_8_roll_std5,-0.24000880819225798,-0.3981909891590476,decreases predicted RUL,118.9924087524414,97.0
56,Sensor_13_diff1,-0.0195942615338741,1.8475300967693329,increases predicted RUL,118.9924087524414,97.0
56,Sensor_13_roll_mean5,-0.7476455077673094,-18.474631745368242,decreases predicted RUL,118.9924087524414,97.0
56,Sensor_13_roll_std5,-0.13500984962263826,-0.059900733875110745,decreases predicted RUL,118.9924087524414,97.0
56,Sensor_9_diff1,0.025419440629197362,0.07549104001373053,increases predicted RUL,118.9924087524414,97.0
56,Sensor_9_roll_mean5,-0.7513534678076386,-15.312203608453274,decreases predicted RUL,118.9924087524414,97.0
56,Sensor_9_roll_std5,-0.08163077312830669,0.5721051003783941,increases predicted RUL,118.9924087524414,97.0
56,Regime_OneHot_0,-0.023179486967755764,-1.2010190206347033,decreases predicted RUL,118.9924087524414,97.0
56,Regime_OneHot_1,0.1399007507211295,-0.4261771421151934,decreases predicted RUL,118.9924087524414,97.0
56,Regime_OneHot_2,-0.19691859550207205,1.6485039297258481,increases predicted RUL,118.9924087524414,97.0
56,Regime_OneHot_3,0.0883562686658259,1.1541085933567956,increases predicted RUL,118.9924087524414,97.0
56,Regime_OneHot_4,-0.08465459535089236,0.706579118850641,increases predicted RUL,118.9924087524414,97.0
56,Regime_OneHot_5,0.08186694884943732,-0.17663375823758543,decreases predicted RUL,118.9924087524414,97.0
57,Regime_ID,2.36,-0.4685277622193098,decreases predicted RUL,9.464638710021973,8.0
57,Sensor_1,-0.059622813402755846,3.737212473526597,increases predicted RUL,9.464638710021973,8.0
57,Sensor_2,1.2415183212222682,-5.867660312447697,decreases predicted RUL,9.464638710021973,8.0
57,Sensor_3,1.0592121804773154,-7.36404878567555,decreases predicted RUL,9.464638710021973,8.0
57,Sensor_4,1.2849603646544665,-19.086245166370645,decreases predicted RUL,9.464638710021973,8.0
57,Sensor_5,-0.0684631541719089,-1.1138279046863317,decreases predicted RUL,9.464638710021973,8.0
57,Sensor_6,0.8719347488322087,-0.7313617765903473,decreases predicted RUL,9.464638710021973,8.0
57,Sensor_7,-0.631664785648792,-1.1649230299517512,decreases predicted RUL,9.464638710021973,8.0
57,Sensor_8,-0.04772502884359271,0.7207576023647562,increases predicted RUL,9.464638710021973,8.0
57,Sensor_9,-0.6090659106625477,4.802761590399314,increases predicted RUL,9.464638710021973,8.0
57,Sensor_10,-0.27863905735913524,-1.2288816081709228,decreases predicted RUL,9.464638710021973,8.0
57,Sensor_11,1.5657088837017303,-26.061894464306533,decreases predicted RUL,9.464638710021973,8.0
57,Sensor_12,-0.638043521181052,1.6931132462341338,increases predicted RUL,9.464638710021973,8.0
57,Sensor_13,-0.13107657301191636,2.2935493253171444,increases predicted RUL,9.464638710021973,8.0
57,Sensor_14,-1.0092159231914666,6.785319740418345,increases predicted RUL,9.464638710021973,8.0
57,Sensor_15,1.43118416970967,-6.09409374371171,decreases predicted RUL,9.464638710021973,8.0
57,Sensor_17,1.1862355690214812,-15.319410599709954,decreases predicted RUL,9.464638710021973,8.0
57,Sensor_18,0.0,0.0,decreases predicted RUL,9.464638710021973,8.0
57,Sensor_19,-0.08283900411550947,1.1309668505564332,increases predicted RUL,9.464638710021973,8.0
57,Sensor_20,-1.157356133727033,-2.573794125317363,decreases predicted RUL,9.464638710021973,8.0
57,Sensor_21,-0.9834697012453505,-7.623485230375081,decreases predicted RUL,9.464638710021973,8.0
57,Sensor_11_diff1,0.051249456066726644,-3.2989810948783997,decreases predicted RUL,9.464638710021973,8.0
57,Sensor_11_roll_mean5,1.6506842242284687,-2.766927368938923,decreases predicted RUL,9.464638710021973,8.0
57,Sensor_11_roll_std5,-0.08891027140422231,-1.556979007087648,decreases predicted RUL,9.464638710021973,8.0
57,Sensor_4_diff1,0.028457429219910166,-0.9118388264323585,decreases predicted RUL,9.464638710021973,8.0
57,Sensor_4_roll_mean5,1.432165858217245,-4.453175248927437,decreases predicted RUL,9.464638710021973,8.0
57,Sensor_4_roll_std5,-0.05210013769265214,-0.4347622914101521,decreases predicted RUL,9.464638710021973,8.0
57,Sensor_17_diff1,0.02928812825607248,-0.08468533027917147,decreases predicted RUL,9.464638710021973,8.0
57,Sensor_17_roll_mean5,1.419158248555218,1.0694818552583456,increases predicted RUL,9.464638710021973,8.0
57,Sensor_17_roll_std5,0.01584696179359741,1.1928612844785675,increases predicted RUL,9.464638710021973,8.0
57,Sensor_8_diff1,0.06628926070159405,2.147288294043392,increases predicted RUL,9.464638710021973,8.0
57,Sensor_8_roll_mean5,-0.112989465392192,0.31764898041728884,increases predicted RUL,9.464638710021973,8.0
57,Sensor_8_roll_std5,1.396483673799531,5.400807928759605,increases predicted RUL,9.464638710021973,8.0
57,Sensor_13_diff1,0.05172343017358718,4.210129929473624,increases predicted RUL,9.464638710021973,8.0
57,Sensor_13_roll_mean5,-0.2030623246051251,-1.8773789190454409,decreases predicted RUL,9.464638710021973,8.0
57,Sensor_13_roll_std5,1.2700793366616143,-17.35795220104046,decreases predicted RUL,9.464638710021973,8.0
57,Sensor_9_diff1,-0.02718732247691924,1.0700735934078693,increases predicted RUL,9.464638710021973,8.0
57,Sensor_9_roll_mean5,-0.6232407343979864,-5.025518794427626,decreases predicted RUL,9.464638710021973,8.0
57,Sensor_9_roll_std5,0.4072698036823907,0.7048756883013994,increases predicted RUL,9.464638710021973,8.0
57,Regime_OneHot_0,-0.11555091017172732,-4.505334376590326,decreases predicted RUL,9.464638710021973,8.0
57,Regime_OneHot_1,0.027890629740898003,1.1418591576220933,increases predicted RUL,9.464638710021973,8.0
57,Regime_OneHot_2,0.08283900411401507,-0.3521048816619441,decreases predicted RUL,9.464638710021973,8.0
57,Regime_OneHot_3,-0.02410800354887868,1.7061584557668539,increases predicted RUL,9.464638710021973,8.0
57,Regime_OneHot_4,0.08326462625992045,-5.647652654675767,decreases predicted RUL,9.464638710021973,8.0
57,Regime_OneHot_5,-0.029937756970418148,3.0748954955488443,increases predicted RUL,9.464638710021973,8.0
58,Regime_ID,1.34,1.1680823035421781,increases predicted RUL,120.62820434570312,154.0
58,Sensor_1,-0.1843553464674199,1.2734066062839702,increases predicted RUL,120.62820434570312,154.0
58,Sensor_2,-0.017697206553618294,-0.5910966542869573,decreases predicted RUL,120.62820434570312,154.0
58,Sensor_3,-0.01640504490665319,1.0264990176947322,increases predicted RUL,120.62820434570312,154.0
58,Sensor_4,-0.07140091332883042,3.9036280763102695,increases predicted RUL,120.62820434570312,154.0
58,Sensor_5,-0.028495490189345177,0.13158197606935573,increases predicted RUL,120.62820434570312,154.0
58,Sensor_6,0.4350147648261201,1.357193135394482,increases predicted RUL,120.62820434570312,154.0
58,Sensor_7,-0.25128546231889737,2.3961693525779992,increases predicted RUL,120.62820434570312,154.0
58,Sensor_8,-0.580168885240747,2.6031482636753935,increases predicted RUL,120.62820434570312,154.0
58,Sensor_9,-0.7601564539126856,13.44794050953351,increases predicted RUL,120.62820434570312,154.0
58,Sensor_10,-0.1643696256647014,-1.1511823385953903,decreases predicted RUL,120.62820434570312,154.0
58,Sensor_11,0.06354223564613318,2.707202738558408,increases predicted RUL,120.62820434570312,154.0
58,Sensor_12,-0.17404460864423338,0.6884937367285602,increases predicted RUL,120.62820434570312,154.0
58,Sensor_13,-0.6082738109456315,2.645592693472281,increases predicted RUL,120.62820434570312,154.0
58,Sensor_14,-0.8864071364904472,2.412594512657961,increases predicted RUL,120.62820434570312,154.0
58,Sensor_15,0.2474941370414502,2.4675215422175825,increases predicted RUL,120.62820434570312,154.0
58,Sensor_17,-0.14818061026557822,2.939436857937835,increases predicted RUL,120.62820434570312,154.0
58,Sensor_18,0.0,0.0,decreases predicted RUL,120.62820434570312,154.0
58,Sensor_19,0.08838731780915818,0.1980181356339017,increases predicted RUL,120.62820434570312,154.0
58,Sensor_20,-0.1387718564247839,1.2289893882116303,increases predicted RUL,120.62820434570312,154.0
58,Sensor_21,-0.038015076971779534,-0.9819961339235306,decreases predicted RUL,120.62820434570312,154.0
58,Sensor_11_diff1,0.010555453577810871,-0.09430623601656407,decreases predicted RUL,120.62820434570312,154.0
58,Sensor_11_roll_mean5,0.06518101850598164,0.34034947131294757,increases predicted RUL,120.62820434570312,154.0
58,Sensor_11_roll_std5,-1.059306063099015,-0.10704605339560658,decreases predicted RUL,120.62820434570312,154.0
58,Sensor_4_diff1,-0.03269575988362483,0.5187903366750106,increases predicted RUL,120.62820434570312,154.0
58,Sensor_4_roll_mean5,-0.03915765420043147,0.3710385565645993,increases predicted RUL,120.62820434570312,154.0
58,Sensor_4_roll_std5,-1.0424683799685086,-0.1397828246699646,decreases predicted RUL,120.62820434570312,154.0
58,Sensor_17_diff1,0.011186823766124041,0.021889334778506964,increases predicted RUL,120.62820434570312,154.0
58,Sensor_17_roll_mean5,-0.18164546775924048,-0.2635597081243759,decreases predicted RUL,120.62820434570312,154.0
58,Sensor_17_roll_std5,-1.2801657755955644,1.2770008871448226,increases predicted RUL,120.62820434570312,154.0
58,Sensor_8_diff1,-0.0381034406582111,0.995310858474113,increases predicted RUL,120.62820434570312,154.0
58,Sensor_8_roll_mean5,-0.6688565575488954,-3.8484376706182957,decreases predicted RUL,120.62820434570312,154.0
58,Sensor_8_roll_std5,0.2918006514136496,-0.030034678056836128,decreases predicted RUL,120.62820434570312,154.0
58,Sensor_13_diff1,-0.042788469076071374,2.8356793720304267,increases predicted RUL,120.62820434570312,154.0
58,Sensor_13_roll_mean5,-0.689682815573259,-5.79435166346957,decreases predicted RUL,120.62820434570312,154.0
58,Sensor_13_roll_std5,0.13583038481272935,-2.1995356777115376,decreases predicted RUL,120.62820434570312,154.0
58,Sensor_9_diff1,-0.009262393471204606,0.009531559189781547,increases predicted RUL,120.62820434570312,154.0
58,Sensor_9_roll_mean5,-0.7997872074136743,-7.45435437746346,decreases predicted RUL,120.62820434570312,154.0
58,Sensor_9_roll_std5,-0.7334361009706817,1.0756020760163665,increases predicted RUL,120.62820434570312,154.0
58,Regime_OneHot_0,0.06919193623621579,0.522929552505957,increases predicted RUL,120.62820434570312,154.0
58,Regime_OneHot_1,-0.028114430749217628,0.2660636941509438,increases predicted RUL,120.62820434570312,154.0
58,Regime_OneHot_2,-0.19691859550207202,-0.16035552631365135,decreases predicted RUL,120.62820434570312,154.0
58,Regime_OneHot_3,-0.36150082019299246,-1.0085606593056582,decreases predicted RUL,120.62820434570312,154.0
58,Regime_OneHot_4,-0.08465459535089241,0.8807810100261122,increases predicted RUL,120.62820434570312,154.0
58,Regime_OneHot_5,-0.1417424627902739,-0.5467326682701241,decreases predicted RUL,120.62820434570312,154.0
59,Regime_ID,2.3,-4.850470290053636,decreases predicted RUL,120.51695251464844,139.0
59,Sensor_1,0.17356803084689926,0.45508278522174805,increases predicted RUL,120.51695251464844,139.0
59,Sensor_2,-0.3392612802737407,2.013266568421386,increases predicted RUL,120.51695251464844,139.0
59,Sensor_3,-0.12806315452995018,0.9942123890505172,increases predicted RUL,120.51695251464844,139.0
59,Sensor_4,-0.13548707190237896,5.9009182781446725,increases predicted RUL,120.51695251464844,139.0
59,Sensor_5,-0.05086192141904686,0.6188917990657501,increases predicted RUL,120.51695251464844,139.0
59,Sensor_6,0.22018953091857504,2.4191602701321244,increases predicted RUL,120.51695251464844,139.0
59,Sensor_7,1.0625597279940653,-1.8218357022851706,decreases predicted RUL,120.51695251464844,139.0
59,Sensor_8,0.29827323013577794,0.06130621182092,increases predicted RUL,120.51695251464844,139.0
59,Sensor_9,0.39126230243941557,0.39638086649938487,increases predicted RUL,120.51695251464844,139.0
59,Sensor_10,0.5521187921277435,-0.858446454454679,decreases predicted RUL,120.51695251464844,139.0
59,Sensor_11,-0.1904483543048969,6.378353942418471,increases predicted RUL,120.51695251464844,139.0
59,Sensor_12,1.0613948727052185,-3.2759651492815465,decreases predicted RUL,120.51695251464844,139.0
59,Sensor_13,0.3184254238302815,0.2469955081178341,increases predicted RUL,120.51695251464844,139.0
59,Sensor_14,0.49454048030307524,5.423051653429866,increases predicted RUL,120.51695251464844,139.0
59,Sensor_15,-1.0073648020832913,-1.638598226942122,decreases predicted RUL,120.51695251464844,139.0
59,Sensor_17,-0.13871089105917536,1.989095102995634,increases predicted RUL,120.51695251464844,139.0
59,Sensor_18,0.0,0.0,decreases predicted RUL,120.51695251464844,139.0
59,Sensor_19,0.30882163535433005,-0.24375311768380925,decreases predicted RUL,120.51695251464844,139.0
59,Sensor_20,0.7980716990406319,0.329926005913876,increases predicted RUL,120.51695251464844,139.0
59,Sensor_21,0.8233045716701348,6.9579837042838335,increases predicted RUL,120.51695251464844,139.0
59,Sensor_11_diff1,0.0010594557601724874,-0.12445362657308578,decreases predicted RUL,120.51695251464844,139.0
59,Sensor_11_roll_mean5,-0.20451603666317225,-3.2352573918760754,decreases predicted RUL,120.51695251464844,139.0
59,Sensor_11_roll_std5,-0.14548041369736928,0.8086140200030059,increases predicted RUL,120.51695251464844,139.0
59,Sensor_4_diff1,-0.010713497218278077,0.4352383897639811,increases predicted RUL,120.51695251464844,139.0
59,Sensor_4_roll_mean5,-0.127495697889622,-0.8855367205105722,decreases predicted RUL,120.51695251464844,139.0
59,Sensor_4_roll_std5,0.26880015750302466,0.33065368817187846,increases predicted RUL,120.51695251464844,139.0
59,Sensor_17_diff1,0.03299511394122035,0.19570676633156836,increases predicted RUL,120.51695251464844,139.0
59,Sensor_17_roll_mean5,-0.18829626986545883,-1.5897476805839688,decreases predicted RUL,120.51695251464844,139.0
59,Sensor_17_roll_std5,-0.2888837154726318,-0.11603496558382176,decreases predicted RUL,120.51695251464844,139.0
59,Sensor_8_diff1,-0.008319548887404797,0.3570881860505324,increases predicted RUL,120.51695251464844,139.0
59,Sensor_8_roll_mean5,0.3727796095003923,-0.8461994987155776,decreases predicted RUL,120.51695251464844,139.0
59,Sensor_8_roll_std5,-0.8165675920584354,-1.8612347848247737,decreases predicted RUL,120.51695251464844,139.0
59,Sensor_13_diff1,-0.009862303139581826,0.5503632738254964,increases predicted RUL,120.51695251464844,139.0
59,Sensor_13_roll_mean5,0.39854998992667307,0.33252688782522455,increases predicted RUL,120.51695251464844,139.0
59,Sensor_13_roll_std5,-0.7541955630610575,4.913176609668881,increases predicted RUL,120.51695251464844,139.0
59,Sensor_9_diff1,-0.013703733166237147,0.9625528198666871,increases predicted RUL,120.51695251464844,139.0
59,Sensor_9_roll_mean5,0.42341016929488445,2.192301108269021,increases predicted RUL,120.51695251464844,139.0
59,Sensor_9_roll_std5,-0.9799809147628683,2.6596238962374628,increases predicted RUL,120.51695251464844,139.0
59,Regime_OneHot_0,0.06919193623621578,1.5807116505457088,increases predicted RUL,120.51695251464844,139.0
59,Regime_OneHot_1,-0.028114430749217604,-0.07212164526572451,decreases predicted RUL,120.51695251464844,139.0
59,Regime_OneHot_2,-0.30882163534850693,1.4591687331267167,increases predicted RUL,120.51695251464844,139.0
59,Regime_OneHot_3,0.20082054088053047,-0.6521895691985264,decreases predicted RUL,120.51695251464844,139.0
59,Regime_OneHot_4,0.08326462625992043,-0.39852366759441793,decreases predicted RUL,120.51695251464844,139.0
59,Regime_OneHot_5,-0.02993775697041817,2.6242119806993287,increases predicted RUL,120.51695251464844,139.0
60,Regime_ID,2.24,4.568749241530895,increases predicted RUL,31.21465301513672,51.0
60,Sensor_1,0.10694207534699782,0.7644117304589599,increases predicted RUL,31.21465301513672,51.0
60,Sensor_2,0.282881314569926,-2.891986040165648,decreases predicted RUL,31.21465301513672,51.0
60,Sensor_3,0.831301837373805,1.930986088949794,increases predicted RUL,31.21465301513672,51.0
60,Sensor_4,0.7492368195607242,-15.094013893976808,decreases predicted RUL,31.21465301513672,51.0
60,Sensor_5,-0.10366561967763287,-0.10402106773108244,decreases predicted RUL,31.21465301513672,51.0
60,Sensor_6,-0.2536259244846864,-0.4793635463238388,decreases predicted RUL,31.21465301513672,51.0
60,Sensor_7,2.3831368639187667,-19.51856142655015,decreases predicted RUL,31.21465301513672,51.0
60,Sensor_8,1.5129958015140474,-5.271333837823477,decreases predicted RUL,31.21465301513672,51.0
60,Sensor_9,1.6706141628538984,-55.05622864887118,decreases predicted RUL,31.21465301513672,51.0
60,Sensor_10,2.3220166287160624,21.111570606008172,increases predicted RUL,31.21465301513672,51.0
60,Sensor_11,0.9758189709002238,-10.968054979341105,decreases predicted RUL,31.21465301513672,51.0
60,Sensor_12,2.4621861337552287,-10.950917784124613,decreases predicted RUL,31.21465301513672,51.0
60,Sensor_13,1.528223034561687,-10.771391795948148,decreases predicted RUL,31.21465301513672,51.0
60,Sensor_14,1.769924356373305,-39.79832362104207,decreases predicted RUL,31.21465301513672,51.0
60,Sensor_15,-1.9906567281401064,-22.626610226929188,decreases predicted RUL,31.21465301513672,51.0
60,Sensor_17,0.8371832366469699,-7.6392945549450815,decreases predicted RUL,31.21465301513672,51.0
60,Sensor_18,0.0,0.0,decreases predicted RUL,31.21465301513672,51.0
60,Sensor_19,0.25287011543006715,-0.5894067445187829,decreases predicted RUL,31.21465301513672,51.0
60,Sensor_20,1.4612469180850014,-7.6232475870638154,decreases predicted RUL,31.21465301513672,51.0
60,Sensor_21,1.2685798181714818,12.982185683678836,increases predicted RUL,31.21465301513672,51.0
60,Sensor_11_diff1,-0.007517232123446274,-2.4672834994271398,decreases predicted RUL,31.21465301513672,51.0
60,Sensor_11_roll_mean5,1.0541911777951454,11.346079470822588,increases predicted RUL,31.21465301513672,51.0
60,Sensor_11_roll_std5,-0.887570080715373,3.8932313671102747,increases predicted RUL,31.21465301513672,51.0
60,Sensor_4_diff1,-0.019237373982227305,0.1203859644010663,increases predicted RUL,31.21465301513672,51.0
60,Sensor_4_roll_mean5,0.8634271367871507,12.255825858563185,increases predicted RUL,31.21465301513672,51.0
60,Sensor_4_roll_std5,-0.19476807914339575,-2.167288249707781,decreases predicted RUL,31.21465301513672,51.0
60,Sensor_17_diff1,-0.011906084497768818,0.5470488145947456,increases predicted RUL,31.21465301513672,51.0
60,Sensor_17_roll_mean5,1.067265992189811,15.446845423430204,increases predicted RUL,31.21465301513672,51.0
60,Sensor_17_roll_std5,0.16980507000583123,-0.9829201591201127,decreases predicted RUL,31.21465301513672,51.0
60,Sensor_8_diff1,0.011440726439528164,1.0919278282672167,increases predicted RUL,31.21465301513672,51.0
60,Sensor_8_roll_mean5,1.778641256845902,19.164621755480766,increases predicted RUL,31.21465301513672,51.0
60,Sensor_8_roll_std5,-0.3799587788482728,-1.2624566283047898,decreases predicted RUL,31.21465301513672,51.0
60,Sensor_13_diff1,0.00926399328523812,0.45313025638461113,increases predicted RUL,31.21465301513672,51.0
60,Sensor_13_roll_mean5,1.7987022554057117,38.315435737371445,increases predicted RUL,31.21465301513672,51.0
60,Sensor_13_roll_std5,-0.40833701601595246,-0.5510850588325411,decreases predicted RUL,31.21465301513672,51.0
60,Sensor_9_diff1,0.02127044308846869,-0.5745050609111786,decreases predicted RUL,31.21465301513672,51.0
60,Sensor_9_roll_mean5,1.762081555659273,17.298695465549827,increases predicted RUL,31.21465301513672,51.0
60,Sensor_9_roll_std5,0.13388037323799717,0.9057834582054056,increases predicted RUL,31.21465301513672,51.0
60,Regime_OneHot_0,0.20774907104217313,4.128419468645006,increases predicted RUL,31.21465301513672,51.0
60,Regime_OneHot_1,-0.14012455172944913,0.3737410967005417,increases predicted RUL,31.21465301513672,51.0
60,Regime_OneHot_2,-0.2528701154252895,1.8429529906134121,increases predicted RUL,31.21465301513672,51.0
60,Regime_OneHot_3,-0.024108003548878664,1.4623225345276296,increases predicted RUL,31.21465301513672,51.0
60,Regime_OneHot_4,0.13923770013019132,-6.940977926366031,decreases predicted RUL,31.21465301513672,51.0
60,Regime_OneHot_5,0.0259645959395096,-2.264837173745036,decreases predicted RUL,31.21465301513672,51.0
61,Regime_ID,2.24,-8.882544972002506,decreases predicted RUL,38.73891067504883,33.0
61,Sensor_1,-0.22618770215250933,9.079220656305552,increases predicted RUL,38.73891067504883,33.0
61,Sensor_2,-0.11788226444619795,-4.055748353246599,decreases predicted RUL,38.73891067504883,33.0
61,Sensor_3,0.06608452971919472,-0.07567130762618035,decreases predicted RUL,38.73891067504883,33.0
61,Sensor_4,-0.1909082498481695,0.17346764635294676,increases predicted RUL,38.73891067504883,33.0
61,Sensor_5,-0.12126685243049483,0.24474958144128323,increases predicted RUL,38.73891067504883,33.0
61,Sensor_6,-1.1817078086798325,-4.532209442928433,decreases predicted RUL,38.73891067504883,33.0
61,Sensor_7,0.8279427091202805,-14.737617216072977,decreases predicted RUL,38.73891067504883,33.0
61,Sensor_8,0.5074608806519776,-5.655645595281385,decreases predicted RUL,38.73891067504883,33.0
61,Sensor_9,0.4895433317626455,-29.29007057333365,decreases predicted RUL,38.73891067504883,33.0
61,Sensor_10,0.43662392489246477,2.7764949309639633,increases predicted RUL,38.73891067504883,33.0
61,Sensor_11,0.0094378808580406,-4.617419146001339,decreases predicted RUL,38.73891067504883,33.0
61,Sensor_12,1.001147246246181,-10.644577110928367,decreases predicted RUL,38.73891067504883,33.0
61,Sensor_13,0.518747563878385,-6.448491950053722,decreases predicted RUL,38.73891067504883,33.0
61,Sensor_14,0.6697364850958938,-10.307464456047455,decreases predicted RUL,38.73891067504883,33.0
61,Sensor_15,-1.1057190041479077,-9.757988970261067,decreases predicted RUL,38.73891067504883,33.0
61,Sensor_17,0.13208127287491572,-8.262730989110423,decreases predicted RUL,38.73891067504883,33.0
61,Sensor_18,0.0,0.0,decreases predicted RUL,38.73891067504883,33.0
61,Sensor_19,-0.08283900411550947,0.050823671161197126,increases predicted RUL,38.73891067504883,33.0
61,Sensor_20,0.5423730638761672,-0.7733630854636431,decreases predicted RUL,38.73891067504883,33.0
61,Sensor_21,0.6834646634073732,8.662371716229245,increases predicted RUL,38.73891067504883,33.0
61,Sensor_11_diff1,0.0244156530383044,-0.10199061781167984,decreases predicted RUL,38.73891067504883,33.0
61,Sensor_11_roll_mean5,-0.025216304320922974,-4.4379071212606505,decreases predicted RUL,38.73891067504883,33.0
61,Sensor_11_roll_std5,0.25199467086242794,-5.572334342286922,decreases predicted RUL,38.73891067504883,33.0
61,Sensor_4_diff1,-0.0035458565722643466,0.89258973300457,increases predicted RUL,38.73891067504883,33.0
61,Sensor_4_roll_mean5,-0.22349351048260527,1.9554866505786777,increases predicted RUL,38.73891067504883,33.0
61,Sensor_4_roll_std5,-0.48531571910306437,-1.2779448888031766,decreases predicted RUL,38.73891067504883,33.0
61,Sensor_17_diff1,0.05208081795760435,1.4416480475920253,increases predicted RUL,38.73891067504883,33.0
61,Sensor_17_roll_mean5,0.08766793603701446,11.511971971252933,increases predicted RUL,38.73891067504883,33.0
61,Sensor_17_roll_std5,0.31669088073121954,-1.667682715691626,decreases predicted RUL,38.73891067504883,33.0
61,Sensor_8_diff1,0.01872942875833784,-2.4261359740048647,decreases predicted RUL,38.73891067504883,33.0
61,Sensor_8_roll_mean5,0.5635688994721919,5.4936899619642645,increases predicted RUL,38.73891067504883,33.0
61,Sensor_8_roll_std5,-0.6176928438889913,-1.1917864646529779,decreases predicted RUL,38.73891067504883,33.0
61,Sensor_13_diff1,0.01918405097167265,-1.657944779843092,decreases predicted RUL,38.73891067504883,33.0
61,Sensor_13_roll_mean5,0.5796246938491655,19.284977566218004,increases predicted RUL,38.73891067504883,33.0
61,Sensor_13_roll_std5,-0.547488392357058,2.187330361281056,increases predicted RUL,38.73891067504883,33.0
61,Sensor_9_diff1,0.060480634603682935,-3.6857234723865986,decreases predicted RUL,38.73891067504883,33.0
61,Sensor_9_roll_mean5,0.4709666242762911,15.776949502527714,increases predicted RUL,38.73891067504883,33.0
61,Sensor_9_roll_std5,0.09527300995754721,-1.9306674529798329,decreases predicted RUL,38.73891067504883,33.0
61,Regime_OneHot_0,-0.1155509101717272,1.45596045255661,increases predicted RUL,38.73891067504883,33.0
61,Regime_OneHot_1,0.19590581121124517,-0.2605758982244879,decreases predicted RUL,38.73891067504883,33.0
61,Regime_OneHot_2,0.08283900411401507,2.14288523606956,increases predicted RUL,38.73891067504883,33.0
61,Regime_OneHot_3,-0.1928044118709355,0.2692985078901984,increases predicted RUL,38.73891067504883,33.0
61,Regime_OneHot_4,0.08326462625992039,1.502677008509636,increases predicted RUL,38.73891067504883,33.0
61,Regime_OneHot_5,-0.029937756970418287,1.434716552728787,increases predicted RUL,38.73891067504883,33.0
62,Regime_ID,2.06,-4.799981664866209,decreases predicted RUL,106.60804748535156,184.0
62,Sensor_1,0.00700314209714556,2.7118357457220554,increases predicted RUL,106.60804748535156,184.0
62,Sensor_2,-0.22653566687687138,1.9164324549492449,increases predicted RUL,106.60804748535156,184.0
62,Sensor_3,-0.14232043483054874,1.037026896927273,increases predicted RUL,106.60804748535156,184.0
62,Sensor_4,-0.30034993051208847,10.237498973496258,increases predicted RUL,106.60804748535156,184.0
62,Sensor_5,0.08994794060384907,-1.4379072419833392,decreases predicted RUL,106.60804748535156,184.0
62,Sensor_6,0.6849560439650135,3.3196312403306365,increases predicted RUL,106.60804748535156,184.0
62,Sensor_7,-0.030305445545072897,0.6068501913978253,increases predicted RUL,106.60804748535156,184.0
62,Sensor_8,0.05149661204451245,0.5615939218841959,increases predicted RUL,106.60804748535156,184.0
62,Sensor_9,0.21225172358775357,2.2967066299170256,increases predicted RUL,106.60804748535156,184.0
62,Sensor_10,-0.11100697138011452,-2.269038248923607,decreases predicted RUL,106.60804748535156,184.0
62,Sensor_11,-0.39815673937747337,12.235977235483006,increases predicted RUL,106.60804748535156,184.0
62,Sensor_12,-0.08446099369909531,-0.4164399681612849,decreases predicted RUL,106.60804748535156,184.0
62,Sensor_13,0.09136004764733326,0.9739389825263061,increases predicted RUL,106.60804748535156,184.0
62,Sensor_14,0.2141937081428258,3.5260306927375495,increases predicted RUL,106.60804748535156,184.0
62,Sensor_15,0.09388473796854514,0.4719353150576353,increases predicted RUL,106.60804748535156,184.0
62,Sensor_17,-0.2658617020575039,3.575303301215172,increases predicted RUL,106.60804748535156,184.0
62,Sensor_18,0.0,0.0,decreases predicted RUL,106.60804748535156,184.0
62,Sensor_19,0.0850155556572789,-0.5443594091921113,decreases predicted RUL,106.60804748535156,184.0
62,Sensor_20,-0.06254185615714737,1.1904483906691894,increases predicted RUL,106.60804748535156,184.0
62,Sensor_21,0.0020637457417610884,-2.0827597361057997,decreases predicted RUL,106.60804748535156,184.0
62,Sensor_11_diff1,0.002852488996928631,1.4602428004145622,increases predicted RUL,106.60804748535156,184.0
62,Sensor_11_roll_mean5,-0.429069666095475,-4.882875107228756,decreases predicted RUL,106.60804748535156,184.0
62,Sensor_11_roll_std5,-0.4631022371338689,0.6648639746708795,increases predicted RUL,106.60804748535156,184.0
62,Sensor_4_diff1,-0.008320895504421335,-1.3578473600791767,decreases predicted RUL,106.60804748535156,184.0
62,Sensor_4_roll_mean5,-0.33710451419310977,-1.5356950445566326,decreases predicted RUL,106.60804748535156,184.0
62,Sensor_4_roll_std5,-0.10169406868622334,-0.4805354572017677,decreases predicted RUL,106.60804748535156,184.0
62,Sensor_17_diff1,-0.009969545087924407,1.221537686418742,increases predicted RUL,106.60804748535156,184.0
62,Sensor_17_roll_mean5,-0.30844735007112944,-1.832605175091885,decreases predicted RUL,106.60804748535156,184.0
62,Sensor_17_roll_std5,0.4738391343069892,-3.9276888453168795,decreases predicted RUL,106.60804748535156,184.0
62,Sensor_8_diff1,-0.011237731226165108,0.41841230273712426,increases predicted RUL,106.60804748535156,184.0
62,Sensor_8_roll_mean5,0.056841004679808516,-1.4389060948124097,decreases predicted RUL,106.60804748535156,184.0
62,Sensor_8_roll_std5,-0.025126693999535203,-0.11378290894208476,decreases predicted RUL,106.60804748535156,184.0
62,Sensor_13_diff1,-0.02136332724745357,1.8589279484003782,increases predicted RUL,106.60804748535156,184.0
62,Sensor_13_roll_mean5,0.12141851524730651,-3.6960792294121347,decreases predicted RUL,106.60804748535156,184.0
62,Sensor_13_roll_std5,-0.030822459857207222,-6.191728019854054,decreases predicted RUL,106.60804748535156,184.0
62,Sensor_9_diff1,0.010528118005194905,2.7355767702683806,increases predicted RUL,106.60804748535156,184.0
62,Sensor_9_roll_mean5,0.229428973049405,1.1811277861706913,increases predicted RUL,106.60804748535156,184.0
62,Sensor_9_roll_std5,0.44608564120008454,-5.828576123341918,decreases predicted RUL,106.60804748535156,184.0
62,Regime_OneHot_0,0.11537764783820155,4.1192466341890395,increases predicted RUL,106.60804748535156,184.0
62,Regime_OneHot_1,0.027890629740898055,-0.17841261328430846,decreases predicted RUL,106.60804748535156,184.0
62,Regime_OneHot_2,-0.08501555565563734,1.8507370806764811,increases predicted RUL,106.60804748535156,184.0
62,Regime_OneHot_3,0.03212413255847366,-0.13225834956392646,decreases predicted RUL,106.60804748535156,184.0
62,Regime_OneHot_4,-0.08465459535089241,-2.291198320512194,decreases predicted RUL,106.60804748535156,184.0
62,Regime_OneHot_5,-0.029937756970418297,1.828722053905949,increases predicted RUL,106.60804748535156,184.0
63,Regime_ID,2.5,13.93672549072653,increases predicted RUL,69.34989929199219,46.0
63,Sensor_1,0.06252477168039673,-1.2261026659980416,decreases predicted RUL,69.34989929199219,46.0
63,Sensor_2,-0.08265372743260245,-1.1147070552688092,decreases predicted RUL,69.34989929199219,46.0
63,Sensor_3,0.43231837807728885,0.403199137741467,increases predicted RUL,69.34989929199219,46.0
63,Sensor_4,0.2284464423391695,-4.810485742753372,decreases predicted RUL,69.34989929199219,46.0
63,Sensor_5,-0.03326068866618493,-1.12203255482018,decreases predicted RUL,69.34989929199219,46.0
63,Sensor_6,0.12562065252235072,6.902795931790024,increases predicted RUL,69.34989929199219,46.0
63,Sensor_7,1.8790987398430892,-27.557363227009773,decreases predicted RUL,69.34989929199219,46.0
63,Sensor_8,1.034084966291626,-9.31733241956681,decreases predicted RUL,69.34989929199219,46.0
63,Sensor_9,1.0428952746650608,-42.17215111479163,decreases predicted RUL,69.34989929199219,46.0
63,Sensor_10,1.1822865396248854,13.340187206398696,increases predicted RUL,69.34989929199219,46.0
63,Sensor_11,0.4323767032867248,-5.962314685573801,decreases predicted RUL,69.34989929199219,46.0
63,Sensor_12,1.8488146246977706,-13.99210615735501,decreases predicted RUL,69.34989929199219,46.0
63,Sensor_13,1.0326082934683878,-8.536107111722231,decreases predicted RUL,69.34989929199219,46.0
63,Sensor_14,1.1126363832445572,-16.876722616143525,decreases predicted RUL,69.34989929199219,46.0
63,Sensor_15,-1.5199930583619001,-12.170409671962261,decreases predicted RUL,69.34989929199219,46.0
63,Sensor_17,0.20492893270237364,-5.022785324603319,decreases predicted RUL,69.34989929199219,46.0
63,Sensor_18,0.0,0.0,decreases predicted RUL,69.34989929199219,46.0
63,Sensor_19,-0.026887484191246792,-1.0333172071259469,decreases predicted RUL,69.34989929199219,46.0
63,Sensor_20,1.270721435783752,-6.86142487055622,decreases predicted RUL,69.34989929199219,46.0
63,Sensor_21,1.196449388313043,17.643264501472004,increases predicted RUL,69.34989929199219,46.0
63,Sensor_11_diff1,-0.030626557130220552,-1.45915587246418,decreases predicted RUL,69.34989929199219,46.0
63,Sensor_11_roll_mean5,0.4746828969452869,0.02626442539622076,increases predicted RUL,69.34989929199219,46.0
63,Sensor_11_roll_std5,-0.19174191709807262,-0.20326251909136772,decreases predicted RUL,69.34989929199219,46.0
63,Sensor_4_diff1,0.009332847958851831,-0.11568129807710648,decreases predicted RUL,69.34989929199219,46.0
63,Sensor_4_roll_mean5,0.2611089727090529,6.04859070997918,increases predicted RUL,69.34989929199219,46.0
63,Sensor_4_roll_std5,-0.06742435882729653,-0.3574395925970748,decreases predicted RUL,69.34989929199219,46.0
63,Sensor_17_diff1,-0.021048676067444073,-0.13616182195255533,decreases predicted RUL,69.34989929199219,46.0
63,Sensor_17_roll_mean5,0.29472345669778555,12.569908094126731,increases predicted RUL,69.34989929199219,46.0
63,Sensor_17_roll_std5,0.07068325937486519,0.22049182388582267,increases predicted RUL,69.34989929199219,46.0
63,Sensor_8_diff1,-0.002850478494785198,1.3501222408376634,increases predicted RUL,69.34989929199219,46.0
63,Sensor_8_roll_mean5,1.2206698199023096,12.21706441603601,increases predicted RUL,69.34989929199219,46.0
63,Sensor_8_roll_std5,-0.6164850109976915,-0.9462114932248369,decreases predicted RUL,69.34989929199219,46.0
63,Sensor_13_diff1,0.008503111001943637,1.1489242520183325,increases predicted RUL,69.34989929199219,46.0
63,Sensor_13_roll_mean5,1.2068376915486323,32.81125199049711,increases predicted RUL,69.34989929199219,46.0
63,Sensor_13_roll_std5,-0.5635397566094964,0.6968312262324616,increases predicted RUL,69.34989929199219,46.0
63,Sensor_9_diff1,-0.005980085916065656,-0.4549383446574211,decreases predicted RUL,69.34989929199219,46.0
63,Sensor_9_roll_mean5,1.0831944622299399,27.181470461189747,increases predicted RUL,69.34989929199219,46.0
63,Sensor_9_roll_std5,0.7297593815385841,0.07319191773422062,increases predicted RUL,69.34989929199219,46.0
63,Regime_OneHot_0,-0.2541080449776844,-4.88951101899147,decreases predicted RUL,69.34989929199219,46.0
63,Regime_OneHot_1,0.08389569023101381,-0.33667693205643445,decreases predicted RUL,69.34989929199219,46.0
63,Regime_OneHot_2,0.02688748419079765,-0.8605124523164704,decreases predicted RUL,69.34989929199219,46.0
63,Regime_OneHot_3,0.20082054088053047,1.489799385657534,increases predicted RUL,69.34989929199219,46.0
63,Regime_OneHot_4,0.02729155238964955,-4.6432023560628295,decreases predicted RUL,69.34989929199219,46.0
63,Regime_OneHot_5,-0.02993775697041828,0.6637441143393517,increases predicted RUL,69.34989929199219,46.0
64,Regime_ID,1.96,-0.4162530144676566,decreases predicted RUL,18.297138214111328,12.0
64,Sensor_1,-0.17066607256925803,0.5070485901087523,increases predicted RUL,18.297138214111328,12.0
64,Sensor_2,-0.17079614497228582,-1.7992744441144168,decreases predicted RUL,18.297138214111328,12.0
64,Sensor_3,0.16944840776614212,0.7258034908445552,increases predicted RUL,18.297138214111328,12.0
64,Sensor_4,-0.01356664863004661,-2.199993227928644,decreases predicted RUL,18.297138214111328,12.0
64,Sensor_5,-0.10366561967763292,-1.490719183551846,decreases predicted RUL,18.297138214111328,12.0
64,Sensor_6,-1.80112304295985,-4.010810668580234,decreases predicted RUL,18.297138214111328,12.0
64,Sensor_7,0.8342815109730403,-10.753844165476039,decreases predicted RUL,18.297138214111328,12.0
64,Sensor_8,0.5251649846177224,-3.361606211430626,decreases predicted RUL,18.297138214111328,12.0
64,Sensor_9,0.5514631204428799,-21.376524178718682,decreases predicted RUL,18.297138214111328,12.0
64,Sensor_10,0.4157541498935597,4.926378336560447,increases predicted RUL,18.297138214111328,12.0
64,Sensor_11,-0.0162927326028314,-6.85320076579228,decreases predicted RUL,18.297138214111328,12.0
64,Sensor_12,0.8453797048441387,-5.9919923366978765,decreases predicted RUL,18.297138214111328,12.0
64,Sensor_13,0.5333702451869828,-4.086854512104765,decreases predicted RUL,18.297138214111328,12.0
64,Sensor_14,0.7305634243936197,-10.115950541745406,decreases predicted RUL,18.297138214111328,12.0
64,Sensor_15,-1.1796474227869913,-7.626286117359996,decreases predicted RUL,18.297138214111328,12.0
64,Sensor_17,0.1159596935265676,-6.073746318696067,decreases predicted RUL,18.297138214111328,12.0
64,Sensor_18,0.0,0.0,decreases predicted RUL,18.297138214111328,12.0
64,Sensor_19,0.2528701154300672,-0.07021549827913987,decreases predicted RUL,18.297138214111328,12.0
64,Sensor_20,0.3588474424235799,-0.295160781708546,decreases predicted RUL,18.297138214111328,12.0
64,Sensor_21,0.5940004751063609,4.564735929481685,increases predicted RUL,18.297138214111328,12.0
64,Sensor_11_diff1,0.07989459756044683,-4.482890627346933,decreases predicted RUL,18.297138214111328,12.0
64,Sensor_11_roll_mean5,-0.10467627444771843,-7.847906738519669,decreases predicted RUL,18.297138214111328,12.0
64,Sensor_11_roll_std5,-0.09796812229948453,-0.010243456810712814,decreases predicted RUL,18.297138214111328,12.0
64,Sensor_4_diff1,0.06593400688269449,-0.5556484069675207,decreases predicted RUL,18.297138214111328,12.0
64,Sensor_4_roll_mean5,-0.13883106345326848,1.443619699217379,increases predicted RUL,18.297138214111328,12.0
64,Sensor_4_roll_std5,0.17667417724531823,0.47340015571171534,increases predicted RUL,18.297138214111328,12.0
64,Sensor_17_diff1,0.04352671174038605,-0.05841177114052698,decreases predicted RUL,18.297138214111328,12.0
64,Sensor_17_roll_mean5,0.05172562073497502,5.59873159811832,increases predicted RUL,18.297138214111328,12.0
64,Sensor_17_roll_std5,-0.31035378013357556,-0.25731442260803306,decreases predicted RUL,18.297138214111328,12.0
64,Sensor_8_diff1,0.04639844798565968,-1.6354519926244393,decreases predicted RUL,18.297138214111328,12.0
64,Sensor_8_roll_mean5,0.5221376628738046,3.1657870449562324,increases predicted RUL,18.297138214111328,12.0
64,Sensor_8_roll_std5,-0.29140540243159324,-0.7052269529085606,decreases predicted RUL,18.297138214111328,12.0
64,Sensor_13_diff1,0.04232882444485893,-2.908116450649686,decreases predicted RUL,18.297138214111328,12.0
64,Sensor_13_roll_mean5,0.527780048802867,10.776044697500765,increases predicted RUL,18.297138214111328,12.0
64,Sensor_13_roll_std5,-0.2726728266718795,0.5982922316761687,increases predicted RUL,18.297138214111328,12.0
64,Sensor_9_diff1,0.11007522208725773,-4.858102757541928,decreases predicted RUL,18.297138214111328,12.0
64,Sensor_9_roll_mean5,0.4883174475483923,10.282577671809122,increases predicted RUL,18.297138214111328,12.0
64,Sensor_9_roll_std5,0.27799187838921546,-1.3682650398041005,decreases predicted RUL,18.297138214111328,12.0
64,Regime_OneHot_0,0.1615633594401874,2.0045507261529565,increases predicted RUL,18.297138214111328,12.0
64,Regime_OneHot_1,0.1399007507211295,-0.43877688789507374,decreases predicted RUL,18.297138214111328,12.0
64,Regime_OneHot_2,-0.25287011542528953,3.3476529594045132,increases predicted RUL,18.297138214111328,12.0
64,Regime_OneHot_3,-0.08034013965623096,-0.2307302427943796,decreases predicted RUL,18.297138214111328,12.0
64,Regime_OneHot_4,0.19521077400046227,-4.989072220341768,decreases predicted RUL,18.297138214111328,12.0
64,Regime_OneHot_5,-0.1976448157002019,2.245219778866158,increases predicted RUL,18.297138214111328,12.0
65,Regime_ID,2.32,7.1401003282517195,increases predicted RUL,112.81920623779297,133.0
65,Sensor_1,-0.11514444298600704,-0.10425059054978192,decreases predicted RUL,112.81920623779297,133.0
65,Sensor_2,0.5537842304990245,-1.6288133260677569,decreases predicted RUL,112.81920623779297,133.0
65,Sensor_3,0.396133210520847,3.1259936329443008,increases predicted RUL,112.81920623779297,133.0
65,Sensor_4,0.38521611629423474,-3.9894859241321683,decreases predicted RUL,112.81920623779297,133.0
65,Sensor_5,0.01954300959240111,-2.798869371879846,decreases predicted RUL,112.81920623779297,133.0
65,Sensor_6,0.7646284612609751,3.3718424402177334,increases predicted RUL,112.81920623779297,133.0
65,Sensor_7,-0.39484424759020753,3.9203027836047113,increases predicted RUL,112.81920623779297,133.0
65,Sensor_8,-0.41916000223807964,2.063855108048301,increases predicted RUL,112.81920623779297,133.0
65,Sensor_9,-0.5746053795933771,10.849051817669533,increases predicted RUL,112.81920623779297,133.0
65,Sensor_10,-0.1507756666572447,-0.2810724076698534,decreases predicted RUL,112.81920623779297,133.0
65,Sensor_11,0.37761069494845756,-0.21124448181217303,decreases predicted RUL,112.81920623779297,133.0
65,Sensor_12,-0.3133969945912331,4.128835283452645,increases predicted RUL,112.81920623779297,133.0
65,Sensor_13,-0.4299514751585317,4.958461254602298,increases predicted RUL,112.81920623779297,133.0
65,Sensor_14,-0.7016943119804049,4.400017560226843,increases predicted RUL,112.81920623779297,133.0
65,Sensor_15,0.548579078302745,2.9283846439793706,increases predicted RUL,112.81920623779297,133.0
65,Sensor_17,0.2087760543742258,-0.08690251081134193,decreases predicted RUL,112.81920623779297,133.0
65,Sensor_18,0.0,0.0,decreases predicted RUL,112.81920623779297,133.0
65,Sensor_19,-0.3066450838125612,1.4579983084113337,increases predicted RUL,112.81920623779297,133.0
65,Sensor_20,-0.25825233273260034,0.9102137097506784,increases predicted RUL,112.81920623779297,133.0
65,Sensor_21,-0.41667634374483115,-6.044660530984402,decreases predicted RUL,112.81920623779297,133.0
65,Sensor_11_diff1,0.013184320381397377,0.12640865379944444,increases predicted RUL,112.81920623779297,133.0
65,Sensor_11_roll_mean5,0.42369437811968713,3.984328055754304,increases predicted RUL,112.81920623779297,133.0
65,Sensor_11_roll_std5,-0.20508529952764232,-0.1390397868817672,decreases predicted RUL,112.81920623779297,133.0
65,Sensor_4_diff1,-0.027034419417004657,-0.18027047684881836,decreases predicted RUL,112.81920623779297,133.0
65,Sensor_4_roll_mean5,0.4658135463225426,0.4368381928652525,increases predicted RUL,112.81920623779297,133.0
65,Sensor_4_roll_std5,-0.0462558857827384,-0.29613644938217476,decreases predicted RUL,112.81920623779297,133.0
65,Sensor_17_diff1,0.027220816042799897,0.21315462340135127,increases predicted RUL,112.81920623779297,133.0
65,Sensor_17_roll_mean5,0.27192589431144115,2.047971812724427,increases predicted RUL,112.81920623779297,133.0
65,Sensor_17_roll_std5,-0.2542178013820648,0.15144684250481077,increases predicted RUL,112.81920623779297,133.0
65,Sensor_8_diff1,0.003317598094277878,0.059668383561074734,increases predicted RUL,112.81920623779297,133.0
65,Sensor_8_roll_mean5,-0.4847574686605146,-5.7571276389062405,decreases predicted RUL,112.81920623779297,133.0
65,Sensor_8_roll_std5,-0.09000103763567749,0.4500106720952317,increases predicted RUL,112.81920623779297,133.0
65,Sensor_13_diff1,0.015166056302745616,0.5805177402216941,increases predicted RUL,112.81920623779297,133.0
65,Sensor_13_roll_mean5,-0.5103087292124475,-3.006671607727185,decreases predicted RUL,112.81920623779297,133.0
65,Sensor_13_roll_std5,0.048797249161949365,-2.3571958084357902,decreases predicted RUL,112.81920623779297,133.0
65,Sensor_9_diff1,-0.004850636211153545,-0.6550047900527716,decreases predicted RUL,112.81920623779297,133.0
65,Sensor_9_roll_mean5,-0.6212304015459447,-7.994982041651383,decreases predicted RUL,112.81920623779297,133.0
65,Sensor_9_roll_std5,-0.07732288817169988,-0.1832034820690751,decreases predicted RUL,112.81920623779297,133.0
65,Regime_OneHot_0,-0.1155509101717273,-3.613351561361924,decreases predicted RUL,112.81920623779297,133.0
65,Regime_OneHot_1,-0.028114430749217708,0.9484444817062467,increases predicted RUL,112.81920623779297,133.0
65,Regime_OneHot_2,0.30664508380688493,1.2355043035931885,increases predicted RUL,112.81920623779297,133.0
65,Regime_OneHot_3,-0.13657227576358325,-0.14139146800152957,decreases predicted RUL,112.81920623779297,133.0
65,Regime_OneHot_4,-0.028681521480621464,-1.5502891058422392,decreases predicted RUL,112.81920623779297,133.0
65,Regime_OneHot_5,0.0259645959395096,-0.8032433625776321,decreases predicted RUL,112.81920623779297,133.0
66,Regime_ID,2.52,5.837771345395595,increases predicted RUL,41.83225631713867,46.0
66,Sensor_1,0.25129831226345084,-7.572450586594641,decreases predicted RUL,41.83225631713867,46.0
66,Sensor_2,1.24965976713558,2.299573974683881,increases predicted RUL,41.83225631713867,46.0
66,Sensor_3,0.822761890499921,-3.507632785709575,decreases predicted RUL,41.83225631713867,46.0
66,Sensor_4,1.2032171878321638,-24.499815694522113,decreases predicted RUL,41.83225631713867,46.0
66,Sensor_5,0.019543009592401083,1.034597191028297,increases predicted RUL,41.83225631713867,46.0
66,Sensor_6,0.7458134449778465,0.4330818559974432,increases predicted RUL,41.83225631713867,46.0
66,Sensor_7,-0.4829092880497937,-0.5791138818021864,decreases predicted RUL,41.83225631713867,46.0
66,Sensor_8,-0.6394480472845046,5.704528902191669,increases predicted RUL,41.83225631713867,46.0
66,Sensor_9,-1.0386144744992434,18.173543562181294,increases predicted RUL,41.83225631713867,46.0
66,Sensor_10,-0.23887095720817064,-1.2444270499108825,decreases predicted RUL,41.83225631713867,46.0
66,Sensor_11,1.2899458889885103,-22.809492699801922,decreases predicted RUL,41.83225631713867,46.0
66,Sensor_12,-0.48531186034973234,5.686506543890573,increases predicted RUL,41.83225631713867,46.0
66,Sensor_13,-0.694368201728254,1.5678129796870053,increases predicted RUL,41.83225631713867,46.0
66,Sensor_14,-1.385146566953959,9.743135600787355,increases predicted RUL,41.83225631713867,46.0
66,Sensor_15,1.1698902768284523,-2.688548520207405,decreases predicted RUL,41.83225631713867,46.0
66,Sensor_17,0.9413866762120242,-15.180571333919943,decreases predicted RUL,41.83225631713867,46.0
66,Sensor_18,0.0,0.0,decreases predicted RUL,41.83225631713867,46.0
66,Sensor_19,0.029064035733016063,1.0337727314399672,increases predicted RUL,41.83225631713867,46.0
66,Sensor_20,-0.7693763840741803,-0.2645690164063126,decreases predicted RUL,41.83225631713867,46.0
66,Sensor_21,-0.7668187521959399,-6.371344400104135,decreases predicted RUL,41.83225631713867,46.0
66,Sensor_11_diff1,0.0016835816634021977,-1.399021901190281,decreases predicted RUL,41.83225631713867,46.0
66,Sensor_11_roll_mean5,1.4146616329837687,12.32412753161043,increases predicted RUL,41.83225631713867,46.0
66,Sensor_11_roll_std5,-0.22604021316876546,-1.1136324780527502,decreases predicted RUL,41.83225631713867,46.0
66,Sensor_4_diff1,0.017499280333350117,1.5404170099645853,increases predicted RUL,41.83225631713867,46.0
66,Sensor_4_roll_mean5,1.3712016536510478,10.850232921540737,increases predicted RUL,41.83225631713867,46.0
66,Sensor_4_roll_std5,0.28957332985711987,-2.2049122218595585,decreases predicted RUL,41.83225631713867,46.0
66,Sensor_17_diff1,0.005162898548810615,0.825010210974142,increases predicted RUL,41.83225631713867,46.0
66,Sensor_17_roll_mean5,1.1933186528548958,4.233590115793049,increases predicted RUL,41.83225631713867,46.0
66,Sensor_17_roll_std5,0.41582141448640575,-0.24539708832162432,decreases predicted RUL,41.83225631713867,46.0
66,Sensor_8_diff1,-0.056203727581753286,3.3750339103862643,increases predicted RUL,41.83225631713867,46.0
66,Sensor_8_roll_mean5,-0.7271164720907507,-4.045676431618631,decreases predicted RUL,41.83225631713867,46.0
66,Sensor_8_roll_std5,1.6224060326233392,5.19381423201412,increases predicted RUL,41.83225631713867,46.0
66,Sensor_13_diff1,-0.06112629295181813,1.3786038272082806,increases predicted RUL,41.83225631713867,46.0
66,Sensor_13_roll_mean5,-0.7804219903088936,-7.078951651696116,decreases predicted RUL,41.83225631713867,46.0
66,Sensor_13_roll_std5,1.691538720569081,-25.211562995740678,decreases predicted RUL,41.83225631713867,46.0
66,Sensor_9_diff1,-0.014389226379074577,0.560338618914102,increases predicted RUL,41.83225631713867,46.0
66,Sensor_9_roll_mean5,-1.0913742457786804,-15.830129779875278,decreases predicted RUL,41.83225631713867,46.0
66,Sensor_9_roll_std5,-0.18835985267296443,0.9813233274035156,increases predicted RUL,41.83225631713867,46.0
66,Regime_OneHot_0,-0.06936519856974152,-0.6283729877322912,decreases predicted RUL,41.83225631713867,46.0
66,Regime_OneHot_1,-0.19612961221956493,-1.8565254705026746,decreases predicted RUL,41.83225631713867,46.0
66,Regime_OneHot_2,-0.029064035732419943,-0.1723771272227168,decreases predicted RUL,41.83225631713867,46.0
66,Regime_OneHot_3,0.2570526769878827,2.7925951867364347,increases predicted RUL,41.83225631713867,46.0
66,Regime_OneHot_4,0.02729155238964953,-1.92381852096878,decreases predicted RUL,41.83225631713867,46.0
66,Regime_OneHot_5,0.02596459593950954,-1.5604329900816083,decreases predicted RUL,41.83225631713867,46.0
67,Regime_ID,2.48,9.90337760001421,increases predicted RUL,35.7886848449707,46.0
67,Sensor_1,0.18467235676354932,-3.847083537373692,decreases predicted RUL,35.7886848449707,46.0
67,Sensor_2,0.5095718799776698,-3.9757772953016683,decreases predicted RUL,35.7886848449707,46.0
67,Sensor_3,0.4725830005060319,-1.5075668587815017,decreases predicted RUL,35.7886848449707,46.0
67,Sensor_4,0.27245945645808656,-5.961392649449408,decreases predicted RUL,35.7886848449707,46.0
67,Sensor_5,0.0723467078509871,-1.779326903517358,decreases predicted RUL,35.7886848449707,46.0
67,Sensor_6,0.8611243050229201,3.860402521007927,increases predicted RUL,35.7886848449707,46.0
67,Sensor_7,-0.25607450119681635,1.7531133573502302,increases predicted RUL,35.7886848449707,46.0
67,Sensor_8,1.860335714922381,-0.34936559408379253,decreases predicted RUL,35.7886848449707,46.0
67,Sensor_9,2.377637921461123,-33.4258309872821,decreases predicted RUL,35.7886848449707,46.0
67,Sensor_10,-0.10894831284102159,-1.1645697856438346,decreases predicted RUL,35.7886848449707,46.0
67,Sensor_11,0.17042955302211624,-2.4537933082319796,decreases predicted RUL,35.7886848449707,46.0
67,Sensor_12,-0.2490696578189118,2.771054195938632,increases predicted RUL,35.7886848449707,46.0
67,Sensor_13,1.847458558434013,-3.40963793611445,decreases predicted RUL,35.7886848449707,46.0
67,Sensor_14,2.5247671002234124,-28.6632755077444,decreases predicted RUL,35.7886848449707,46.0
67,Sensor_15,0.5683479532302385,4.03188711097755,increases predicted RUL,35.7886848449707,46.0
67,Sensor_17,0.24242453794177457,-2.8822291316464543,decreases predicted RUL,35.7886848449707,46.0
67,Sensor_18,0.0,0.0,decreases predicted RUL,35.7886848449707,46.0
67,Sensor_19,-0.08283900411550942,-0.32536620341124944,decreases predicted RUL,35.7886848449707,46.0
67,Sensor_20,-0.1904056352120972,1.46780627676344,increases predicted RUL,35.7886848449707,46.0
67,Sensor_21,-0.17279355822955567,-5.44587739277631,decreases predicted RUL,35.7886848449707,46.0
67,Sensor_11_diff1,0.009264052681967914,-0.649336141301319,decreases predicted RUL,35.7886848449707,46.0
67,Sensor_11_roll_mean5,0.19698542478527425,2.9997886163182557,increases predicted RUL,35.7886848449707,46.0
67,Sensor_11_roll_std5,-0.6804326589287503,-0.011795805854490027,decreases predicted RUL,35.7886848449707,46.0
67,Sensor_4_diff1,0.011011519607806788,-0.21677589253522456,decreases predicted RUL,35.7886848449707,46.0
67,Sensor_4_roll_mean5,0.2805762293811043,-1.016120182001032,decreases predicted RUL,35.7886848449707,46.0
67,Sensor_4_roll_std5,-0.3411539909535462,-0.2025420165155083,decreases predicted RUL,35.7886848449707,46.0
67,Sensor_17_diff1,0.019306706537752617,0.42530560404702555,increases predicted RUL,35.7886848449707,46.0
67,Sensor_17_roll_mean5,0.3065770786183308,3.6364995473995805,increases predicted RUL,35.7886848449707,46.0
67,Sensor_17_roll_std5,-0.5328875682762899,0.43002583645284176,increases predicted RUL,35.7886848449707,46.0
67,Sensor_8_diff1,-0.0494216087475516,6.774888578802347,increases predicted RUL,35.7886848449707,46.0
67,Sensor_8_roll_mean5,2.213115904827219,13.469019448384643,increases predicted RUL,35.7886848449707,46.0
67,Sensor_8_roll_std5,2.3029085971760095,8.36584822461009,increases predicted RUL,35.7886848449707,46.0
67,Sensor_13_diff1,-0.06376526990951963,7.356275222497061,increases predicted RUL,35.7886848449707,46.0
67,Sensor_13_roll_mean5,2.2165259565739492,3.6454016529023647,increases predicted RUL,35.7886848449707,46.0
67,Sensor_13_roll_std5,2.3846794786639087,-31.036327839887235,decreases predicted RUL,35.7886848449707,46.0
67,Sensor_9_diff1,0.06315725818502863,-2.236055182875134,decreases predicted RUL,35.7886848449707,46.0
67,Sensor_9_roll_mean5,2.4595894114724395,18.733840458095074,increases predicted RUL,35.7886848449707,46.0
67,Sensor_9_roll_std5,-0.5343867892834865,0.5456979663576931,increases predicted RUL,35.7886848449707,46.0
67,Regime_OneHot_0,-0.1155509101717273,-1.8776475240010768,decreases predicted RUL,35.7886848449707,46.0
67,Regime_OneHot_1,-0.08411949123933349,-0.15598457329906523,decreases predicted RUL,35.7886848449707,46.0
67,Regime_OneHot_2,0.08283900411401511,-0.9250398801814299,decreases predicted RUL,35.7886848449707,46.0
67,Regime_OneHot_3,0.1445884047731782,-0.9658952555328142,decreases predicted RUL,35.7886848449707,46.0
67,Regime_OneHot_4,-0.14062766922116335,-3.044940376188606,decreases predicted RUL,35.7886848449707,46.0
67,Regime_OneHot_5,0.13776930175936522,-1.2863561837002635,decreases predicted RUL,35.7886848449707,46.0
68,Regime_ID,2.32,4.478249722160399,increases predicted RUL,15.16413402557373,12.0
68,Sensor_1,-0.11514444298600707,0.8149071866646409,increases predicted RUL,15.16413402557373,12.0
68,Sensor_2,0.8491208304314576,-7.001255673545529,decreases predicted RUL,15.16413402557373,12.0
68,Sensor_3,0.798177624571355,-3.918162408983335,decreases predicted RUL,15.16413402557373,12.0
68,Sensor_4,1.0126995561502627,-12.227315707830712,decreases predicted RUL,15.16413402557373,12.0
68,Sensor_5,-0.13886808518335683,-0.08019295633130241,decreases predicted RUL,15.16413402557373,12.0
68,Sensor_6,0.9669807992592232,0.7326863208218128,increases predicted RUL,15.16413402557373,12.0
68,Sensor_7,-0.5713194885780678,-0.27285012311767787,decreases predicted RUL,15.16413402557373,12.0
68,Sensor_8,0.9342532767113814,0.9140337905846536,increases predicted RUL,15.16413402557373,12.0
68,Sensor_9,1.3268853750475802,-15.8357383562834,decreases predicted RUL,15.16413402557373,12.0
68,Sensor_10,-0.22300879859180195,-0.9838832756649936,decreases predicted RUL,15.16413402557373,12.0
68,Sensor_11,1.049785913143532,-14.90801464766264,decreases predicted RUL,15.16413402557373,12.0
68,Sensor_12,-0.4571632788935868,0.4879373784351628,increases predicted RUL,15.16413402557373,12.0
68,Sensor_13,0.943886683767296,-1.397090352140367,decreases predicted RUL,15.16413402557373,12.0
68,Sensor_14,1.2452046080209254,-6.21463155298261,decreases predicted RUL,15.16413402557373,12.0
68,Sensor_15,0.9497890765900863,0.3792749718995765,increases predicted RUL,15.16413402557373,12.0
68,Sensor_17,1.0220593029371408,-10.315704411594197,decreases predicted RUL,15.16413402557373,12.0
68,Sensor_18,0.0,0.0,decreases predicted RUL,15.16413402557373,12.0
68,Sensor_19,-0.026887484191246775,0.3718216971028596,increases predicted RUL,15.16413402557373,12.0
68,Sensor_20,-0.5501730223225273,1.6688630180433393,increases predicted RUL,15.16413402557373,12.0
68,Sensor_21,-0.7489389409185037,-6.53876539571138,decreases predicted RUL,15.16413402557373,12.0
68,Sensor_11_diff1,0.052982199328803034,-2.574864400550723,decreases predicted RUL,15.16413402557373,12.0
68,Sensor_11_roll_mean5,1.0824314995946562,-5.698279728949274,decreases predicted RUL,15.16413402557373,12.0
68,Sensor_11_roll_std5,-0.15179507529643618,0.536676816875115,increases predicted RUL,15.16413402557373,12.0
68,Sensor_4_diff1,0.0236142245111909,-0.6105171097442508,decreases predicted RUL,15.16413402557373,12.0
68,Sensor_4_roll_mean5,1.1139807549861194,-4.133214601781219,decreases predicted RUL,15.16413402557373,12.0
68,Sensor_4_roll_std5,-0.4650729183094391,-0.5218603154062293,decreases predicted RUL,15.16413402557373,12.0
68,Sensor_17_diff1,0.01713621600001652,0.6755860222037882,increases predicted RUL,15.16413402557373,12.0
68,Sensor_17_roll_mean5,1.2369362400485837,2.4921391042880714,increases predicted RUL,15.16413402557373,12.0
68,Sensor_17_roll_std5,0.1785167479582046,0.0009359092218801379,increases predicted RUL,15.16413402557373,12.0
68,Sensor_8_diff1,0.014988786719135323,0.5961059323744848,increases predicted RUL,15.16413402557373,12.0
68,Sensor_8_roll_mean5,1.0962031725944719,7.923301729373634,increases predicted RUL,15.16413402557373,12.0
68,Sensor_8_roll_std5,0.25021181364426404,1.59080909518525,increases predicted RUL,15.16413402557373,12.0
68,Sensor_13_diff1,0.016004654336017082,0.44730939937289804,increases predicted RUL,15.16413402557373,12.0
68,Sensor_13_roll_mean5,1.1034272308098396,1.4973232643678784,increases predicted RUL,15.16413402557373,12.0
68,Sensor_13_roll_std5,0.2920768324029752,-7.05904741899576,decreases predicted RUL,15.16413402557373,12.0
68,Sensor_9_diff1,0.05867160488954687,-0.7604213417507708,decreases predicted RUL,15.16413402557373,12.0
68,Sensor_9_roll_mean5,1.36090138298094,10.640549480449408,increases predicted RUL,15.16413402557373,12.0
68,Sensor_9_roll_std5,0.24865028325152452,-0.8040066955145448,decreases predicted RUL,15.16413402557373,12.0
68,Regime_OneHot_0,-0.06936519856974152,-0.7621792384888977,decreases predicted RUL,15.16413402557373,12.0
68,Regime_OneHot_1,0.02789062974089802,1.196372356818756,increases predicted RUL,15.16413402557373,12.0
68,Regime_OneHot_2,0.02688748419079759,-0.5413269678829238,decreases predicted RUL,15.16413402557373,12.0
68,Regime_OneHot_3,-0.08034013965623098,-0.5065832569962367,decreases predicted RUL,15.16413402557373,12.0
68,Regime_OneHot_4,0.19521077400046224,-5.561587784672156,decreases predicted RUL,15.16413402557373,12.0
68,Regime_OneHot_5,-0.08584010988034603,0.14670394454151392,increases predicted RUL,15.16413402557373,12.0
69,Regime_ID,2.62,11.789450274780393,increases predicted RUL,40.03174591064453,33.0
69,Sensor_1,0.07362909759704697,-0.32576945796608925,decreases predicted RUL,40.03174591064453,33.0
69,Sensor_2,0.018203829962535337,-3.884019546210766,decreases predicted RUL,40.03174591064453,33.0
69,Sensor_3,0.217752802640358,1.4009611729416065,increases predicted RUL,40.03174591064453,33.0
69,Sensor_4,0.16820540189335162,-8.51199066452682,decreases predicted RUL,40.03174591064453,33.0
69,Sensor_5,-0.15646931793621882,-0.6114962582942098,decreases predicted RUL,40.03174591064453,33.0
69,Sensor_6,-0.5068206700884167,-0.3497791870904621,decreases predicted RUL,40.03174591064453,33.0
69,Sensor_7,1.6576766357215325,-25.205122865736485,decreases predicted RUL,40.03174591064453,33.0
69,Sensor_8,0.9361240981792931,-9.110775204841048,decreases predicted RUL,40.03174591064453,33.0
69,Sensor_9,0.920635034083649,-46.09364465996623,decreases predicted RUL,40.03174591064453,33.0
69,Sensor_10,1.0514379056814078,7.673296315188054,increases predicted RUL,40.03174591064453,33.0
69,Sensor_11,0.29661243294692813,-10.110772260697559,decreases predicted RUL,40.03174591064453,33.0
69,Sensor_12,1.5520434813473465,-9.40146407019347,decreases predicted RUL,40.03174591064453,33.0
69,Sensor_13,0.942788322187063,-6.839629142079502,decreases predicted RUL,40.03174591064453,33.0
69,Sensor_14,1.0002251281349355,-18.399856353295036,decreases predicted RUL,40.03174591064453,33.0
69,Sensor_15,-1.5936020089512433,-15.45686737075448,decreases predicted RUL,40.03174591064453,33.0
69,Sensor_17,0.39436444784450436,-13.170738193206489,decreases predicted RUL,40.03174591064453,33.0
69,Sensor_18,0.0,0.0,decreases predicted RUL,40.03174591064453,33.0
69,Sensor_19,-0.08283900411550943,1.2699313274933957,increases predicted RUL,40.03174591064453,33.0
69,Sensor_20,0.9124333516202161,-5.701594455167651,decreases predicted RUL,40.03174591064453,33.0
69,Sensor_21,1.0954542404405279,14.174938216805458,increases predicted RUL,40.03174591064453,33.0
69,Sensor_11_diff1,0.004206351301976405,-1.6735702864825726,decreases predicted RUL,40.03174591064453,33.0
69,Sensor_11_roll_mean5,0.30590642591051936,-0.6255338763003238,decreases predicted RUL,40.03174591064453,33.0
69,Sensor_11_roll_std5,-0.08287423238662067,-0.8293180617620237,decreases predicted RUL,40.03174591064453,33.0
69,Sensor_4_diff1,0.0038782081807712063,-0.5928577650338411,decreases predicted RUL,40.03174591064453,33.0
69,Sensor_4_roll_mean5,0.19545225834767532,7.555593694327399,increases predicted RUL,40.03174591064453,33.0
69,Sensor_4_roll_std5,0.4578431135845987,-1.58125332579948,decreases predicted RUL,40.03174591064453,33.0
69,Sensor_17_diff1,0.0022574330773381477,0.43652127776294947,increases predicted RUL,40.03174591064453,33.0
69,Sensor_17_roll_mean5,0.47829903388850065,19.37064661178738,increases predicted RUL,40.03174591064453,33.0
69,Sensor_17_roll_std5,0.19546292213889527,0.8561907506082207,increases predicted RUL,40.03174591064453,33.0
69,Sensor_8_diff1,0.014703567686965756,-1.5950482529588044,decreases predicted RUL,40.03174591064453,33.0
69,Sensor_8_roll_mean5,1.084721844981681,10.601618265733123,increases predicted RUL,40.03174591064453,33.0
69,Sensor_8_roll_std5,-0.6162359617986394,-0.2590475030010566,decreases predicted RUL,40.03174591064453,33.0
69,Sensor_13_diff1,0.016526245271667295,-2.9294380582869053,decreases predicted RUL,40.03174591064453,33.0
69,Sensor_13_roll_mean5,1.0952458600381076,39.76921181380749,increases predicted RUL,40.03174591064453,33.0
69,Sensor_13_roll_std5,-0.5757892253191998,1.6356676273098856,increases predicted RUL,40.03174591064453,33.0
69,Sensor_9_diff1,0.039686006259587375,-2.185522336512804,decreases predicted RUL,40.03174591064453,33.0
69,Sensor_9_roll_mean5,0.9471968779286409,28.083579525351524,increases predicted RUL,40.03174591064453,33.0
69,Sensor_9_roll_std5,0.13290449828763376,-3.3291897168383002,decreases predicted RUL,40.03174591064453,33.0
69,Regime_OneHot_0,-0.16173662177371298,-2.914461518637836,decreases predicted RUL,40.03174591064453,33.0
69,Regime_OneHot_1,-0.14012455172944918,1.8108879276551306,increases predicted RUL,40.03174591064453,33.0
69,Regime_OneHot_2,0.08283900411401515,0.10817660251632333,increases predicted RUL,40.03174591064453,33.0
69,Regime_OneHot_3,0.03212413255847363,1.4674629347864538,increases predicted RUL,40.03174591064453,33.0
69,Regime_OneHot_4,0.19521077400046227,-5.450688057113439,decreases predicted RUL,40.03174591064453,33.0
69,Regime_OneHot_5,0.0259645959395095,-3.183183030690998,decreases predicted RUL,40.03174591064453,33.0
70,Regime_ID,2.26,-1.4537943303585052,decreases predicted RUL,17.239824295043945,15.0
70,Sensor_1,0.2068810085968499,-2.689496678765863,decreases predicted RUL,17.239824295043945,15.0
70,Sensor_2,0.36811429769514653,-4.88446626579389,decreases predicted RUL,17.239824295043945,15.0
70,Sensor_3,0.7774719324277187,-0.47788943437626585,decreases predicted RUL,17.239824295043945,15.0
70,Sensor_4,0.5433473644564033,-10.312396671622992,decreases predicted RUL,17.239824295043945,15.0
70,Sensor_5,0.2659602681324689,-1.8104351869551465,decreases predicted RUL,17.239824295043945,15.0
70,Sensor_6,-0.9903941826462414,-4.052580289877369,decreases predicted RUL,17.239824295043945,15.0
70,Sensor_7,1.9839747390840634,-24.959212586283684,decreases predicted RUL,17.239824295043945,15.0
70,Sensor_8,1.3933816796765899,-8.02098079258576,decreases predicted RUL,17.239824295043945,15.0
70,Sensor_9,1.5319556706160895,-49.62399578280747,decreases predicted RUL,17.239824295043945,15.0
70,Sensor_10,1.4877303004502496,9.602711956074927,increases predicted RUL,17.239824295043945,15.0
70,Sensor_11,0.7772016379396814,-16.908513706177473,decreases predicted RUL,17.239824295043945,15.0
70,Sensor_12,2.094588962219996,-12.012784454738721,decreases predicted RUL,17.239824295043945,15.0
70,Sensor_13,1.4077966054166915,-10.166135009378195,decreases predicted RUL,17.239824295043945,15.0
70,Sensor_14,1.5680590572664592,-23.52734046522528,decreases predicted RUL,17.239824295043945,15.0
70,Sensor_15,-1.8618830912342474,-18.646722542122006,decreases predicted RUL,17.239824295043945,15.0
70,Sensor_17,0.7686091233492697,-15.17779684253037,decreases predicted RUL,17.239824295043945,15.0
70,Sensor_18,0.0,0.0,decreases predicted RUL,17.239824295043945,15.0
70,Sensor_19,-0.08283900411550958,0.9457605470670387,increases predicted RUL,17.239824295043945,15.0
70,Sensor_20,1.2102023350998576,-5.350293489464093,decreases predicted RUL,17.239824295043945,15.0
70,Sensor_21,1.0326533907584752,11.911871847696602,increases predicted RUL,17.239824295043945,15.0
70,Sensor_11_diff1,0.02929620152443938,-4.1437702141702175,decreases predicted RUL,17.239824295043945,15.0
70,Sensor_11_roll_mean5,0.810557236633393,-3.2135914259124547,decreases predicted RUL,17.239824295043945,15.0
70,Sensor_11_roll_std5,-0.21599258321491713,-2.0310020176693797,decreases predicted RUL,17.239824295043945,15.0
70,Sensor_4_diff1,0.029621082232566254,-0.5148191023617983,decreases predicted RUL,17.239824295043945,15.0
70,Sensor_4_roll_mean5,0.5869448842801434,9.06243335828185,increases predicted RUL,17.239824295043945,15.0
70,Sensor_4_roll_std5,0.36078265695526995,-2.23619387880899,decreases predicted RUL,17.239824295043945,15.0
70,Sensor_17_diff1,0.05115217534704592,-0.6378221232444048,decreases predicted RUL,17.239824295043945,15.0
70,Sensor_17_roll_mean5,0.9005301667906296,18.213739186525345,increases predicted RUL,17.239824295043945,15.0
70,Sensor_17_roll_std5,0.00042752835205094595,0.5864221525844187,increases predicted RUL,17.239824295043945,15.0
70,Sensor_8_diff1,0.017682009290237475,-2.3353204280138016,decreases predicted RUL,17.239824295043945,15.0
70,Sensor_8_roll_mean5,1.5989341782202573,15.715997248888016,increases predicted RUL,17.239824295043945,15.0
70,Sensor_8_roll_std5,-0.579415818265305,-1.760532938875258,decreases predicted RUL,17.239824295043945,15.0
70,Sensor_13_diff1,0.013151338504033563,-1.2437653234228492,decreases predicted RUL,17.239824295043945,15.0
70,Sensor_13_roll_mean5,1.6122834809321354,40.216824039816856,increases predicted RUL,17.239824295043945,15.0
70,Sensor_13_roll_std5,-0.463385079471719,-0.16944906720891595,decreases predicted RUL,17.239824295043945,15.0
70,Sensor_9_diff1,0.07232636838399671,-2.5771490819752216,decreases predicted RUL,17.239824295043945,15.0
70,Sensor_9_roll_mean5,1.5855716298866926,30.406170785427094,increases predicted RUL,17.239824295043945,15.0
70,Sensor_9_roll_std5,0.033416642871202364,-2.733869664836675,decreases predicted RUL,17.239824295043945,15.0
70,Regime_OneHot_0,-0.06936519856974152,0.19657860975712538,increases predicted RUL,17.239824295043945,15.0
70,Regime_OneHot_1,-0.1401245517294491,-0.8072260499466211,decreases predicted RUL,17.239824295043945,15.0
70,Regime_OneHot_2,0.08283900411401493,-0.8516194369876757,decreases predicted RUL,17.239824295043945,15.0
70,Regime_OneHot_3,0.4257490853099395,1.7928657301090425,increases predicted RUL,17.239824295043945,15.0
70,Regime_OneHot_4,-0.14062766922116335,3.2836761083453894,increases predicted RUL,17.239824295043945,15.0
70,Regime_OneHot_5,-0.14174246279027378,6.671360431122594,increases predicted RUL,17.239824295043945,15.0
71,Regime_ID,2.0,-2.8689366733888164,decreases predicted RUL,121.98776245117188,176.0
71,Sensor_1,-0.14845742073595777,2.1445167041383684,increases predicted RUL,121.98776245117188,176.0
71,Sensor_2,-0.9244460601475711,2.565914190519834,increases predicted RUL,121.98776245117188,176.0
71,Sensor_3,-1.0416005112963258,-1.1642056703858543,decreases predicted RUL,121.98776245117188,176.0
71,Sensor_4,-1.1214925269940668,5.960865464992821,increases predicted RUL,121.98776245117188,176.0
71,Sensor_5,0.10754917335671108,-0.06080392864532769,decreases predicted RUL,121.98776245117188,176.0
71,Sensor_6,-0.7433101707605738,0.4199322776403278,increases predicted RUL,121.98776245117188,176.0
71,Sensor_7,-0.7675175934562438,7.823446457623504,increases predicted RUL,121.98776245117188,176.0
71,Sensor_8,-0.9336945043462963,6.657164793694392,increases predicted RUL,121.98776245117188,176.0
71,Sensor_9,-0.99673677866699,20.6334985406138,increases predicted RUL,121.98776245117188,176.0
71,Sensor_10,-0.41768419771754295,-1.7443550504976884,decreases predicted RUL,121.98776245117188,176.0
71,Sensor_11,-1.3173416230165977,5.749836868199054,increases predicted RUL,121.98776245117188,176.0
71,Sensor_12,-0.7407069237130319,5.226471921894699,increases predicted RUL,121.98776245117188,176.0
71,Sensor_13,-0.8903906770768423,2.69870790746063,increases predicted RUL,121.98776245117188,176.0
71,Sensor_14,-0.8137686402417864,5.118646670365706,increases predicted RUL,121.98776245117188,176.0
71,Sensor_15,-0.018040951426616478,4.947688701795414,increases predicted RUL,121.98776245117188,176.0
71,Sensor_17,-1.1880347722965015,9.49289653415326,increases predicted RUL,121.98776245117188,176.0
71,Sensor_18,0.0,0.0,decreases predicted RUL,121.98776245117188,176.0
71,Sensor_19,-0.026887484191246785,0.22036821968504228,increases predicted RUL,121.98776245117188,176.0
71,Sensor_20,-0.08617692217411993,1.6758153929840773,increases predicted RUL,121.98776245117188,176.0
71,Sensor_21,-0.010581539540044925,-2.1352351459208876,decreases predicted RUL,121.98776245117188,176.0
71,Sensor_11_diff1,-0.013004139907536101,1.3141828293446451,increases predicted RUL,121.98776245117188,176.0
71,Sensor_11_roll_mean5,-1.4107153160731085,0.08552041789516807,increases predicted RUL,121.98776245117188,176.0
71,Sensor_11_roll_std5,0.15277654283288872,-0.4168136581647559,decreases predicted RUL,121.98776245117188,176.0
71,Sensor_4_diff1,0.013395024944639476,0.6964668747968972,increases predicted RUL,121.98776245117188,176.0
71,Sensor_4_roll_mean5,-1.274152555556859,-4.247110520489514,decreases predicted RUL,121.98776245117188,176.0
71,Sensor_4_roll_std5,-0.033209584975608185,-0.2653145201038569,decreases predicted RUL,121.98776245117188,176.0
71,Sensor_17_diff1,0.02101687111761346,0.5244701766059734,increases predicted RUL,121.98776245117188,176.0
71,Sensor_17_roll_mean5,-1.4951616248645232,-10.668788028415293,decreases predicted RUL,121.98776245117188,176.0
71,Sensor_17_roll_std5,0.3773073836201708,0.15185125963762403,increases predicted RUL,121.98776245117188,176.0
71,Sensor_8_diff1,-0.006606789698686022,0.6235873769037426,increases predicted RUL,121.98776245117188,176.0
71,Sensor_8_roll_mean5,-1.0973800728465428,-1.9675518705043942,decreases predicted RUL,121.98776245117188,176.0
71,Sensor_8_roll_std5,0.08424423347209274,-0.46754002856323496,decreases predicted RUL,121.98776245117188,176.0
71,Sensor_13_diff1,-0.006282901644594125,0.8820625133521389,increases predicted RUL,121.98776245117188,176.0
71,Sensor_13_roll_mean5,-1.050177044057879,-15.820085495593958,decreases predicted RUL,121.98776245117188,176.0
71,Sensor_13_roll_std5,-0.057278971104823426,-0.6436048385221511,decreases predicted RUL,121.98776245117188,176.0
71,Sensor_9_diff1,-0.012641418223439343,0.6752503328025341,increases predicted RUL,121.98776245117188,176.0
71,Sensor_9_roll_mean5,-1.0566921392311672,-14.774215444922447,decreases predicted RUL,121.98776245117188,176.0
71,Sensor_9_roll_std5,0.2431517264717838,-0.19037803416722454,decreases predicted RUL,121.98776245117188,176.0
71,Regime_OneHot_0,-0.023179486967755753,1.0410487578774337,increases predicted RUL,121.98776245117188,176.0
71,Regime_OneHot_1,0.19590581121124526,-0.6240221942425705,decreases predicted RUL,121.98776245117188,176.0
71,Regime_OneHot_2,0.02688748419079751,0.9893996054306626,increases predicted RUL,121.98776245117188,176.0
71,Regime_OneHot_3,0.03212413255847363,0.5754737025126815,increases predicted RUL,121.98776245117188,176.0
71,Regime_OneHot_4,-0.08465459535089236,0.9542033820180222,increases predicted RUL,121.98776245117188,176.0
71,Regime_OneHot_5,-0.14174246279027375,1.2019229234429076,increases predicted RUL,121.98776245117188,176.0
72,Regime_ID,2.06,-4.865330554312095,decreases predicted RUL,33.45565414428711,23.0
72,Sensor_1,0.007003142097145543,1.5766971204429865,increases predicted RUL,33.45565414428711,23.0
72,Sensor_2,0.8803895745910403,-2.6778920120559633,decreases predicted RUL,33.45565414428711,23.0
72,Sensor_3,0.7384441164432782,-2.7687411804326985,decreases predicted RUL,33.45565414428711,23.0
72,Sensor_4,1.0598237964922015,-19.281085200607777,decreases predicted RUL,33.45565414428711,23.0
72,Sensor_5,0.21315656987388298,-1.6431442971806973,decreases predicted RUL,33.45565414428711,23.0
72,Sensor_6,0.9023684513390894,3.802821807214059,increases predicted RUL,33.45565414428711,23.0
72,Sensor_7,-0.45115700728711955,2.9785660342895426,increases predicted RUL,33.45565414428711,23.0
72,Sensor_8,0.7858629552319292,-2.790907328861067,decreases predicted RUL,33.45565414428711,23.0
72,Sensor_9,0.8709821697308953,-23.447061731945723,decreases predicted RUL,33.45565414428711,23.0
72,Sensor_10,-0.19866693399607704,-0.8386043546779547,decreases predicted RUL,33.45565414428711,23.0
72,Sensor_11,1.0352794412779418,-17.6419908227399,decreases predicted RUL,33.45565414428711,23.0
72,Sensor_12,-0.43927453337472455,2.0844113945495337,increases predicted RUL,33.45565414428711,23.0
72,Sensor_13,0.7921134939016352,-2.667786422651261,decreases predicted RUL,33.45565414428711,23.0
72,Sensor_14,0.7192405394953344,-8.777632214216283,decreases predicted RUL,33.45565414428711,23.0
72,Sensor_15,1.1512181161065442,2.5732067404314876,increases predicted RUL,33.45565414428711,23.0
72,Sensor_17,0.9067864059897524,-12.022281900477537,decreases predicted RUL,33.45565414428711,23.0
72,Sensor_18,0.0,0.0,decreases predicted RUL,33.45565414428711,23.0
72,Sensor_19,-0.1387905240397724,-0.30328724833452725,decreases predicted RUL,33.45565414428711,23.0
72,Sensor_20,-0.7478345036658278,0.5219096826622263,increases predicted RUL,33.45565414428711,23.0
72,Sensor_21,-0.6231130994977684,-8.249694711674238,decreases predicted RUL,33.45565414428711,23.0
72,Sensor_11_diff1,-0.03562038542785599,-0.8280738218454644,decreases predicted RUL,33.45565414428711,23.0
72,Sensor_11_roll_mean5,1.1394417895132884,4.855883728712797,increases predicted RUL,33.45565414428711,23.0
72,Sensor_11_roll_std5,0.4640738987547195,-0.7814527382142842,decreases predicted RUL,33.45565414428711,23.0
72,Sensor_4_diff1,0.02784639812636895,-0.36030682642012835,decreases predicted RUL,33.45565414428711,23.0
72,Sensor_4_roll_mean5,1.1903867030884692,-1.5120667312294245,decreases predicted RUL,33.45565414428711,23.0
72,Sensor_4_roll_std5,-0.03945379700962626,-0.3905076743103564,decreases predicted RUL,33.45565414428711,23.0
72,Sensor_17_diff1,0.046346437916901684,0.1045207642018795,increases predicted RUL,33.45565414428711,23.0
72,Sensor_17_roll_mean5,1.0750401805949727,6.780843375963741,increases predicted RUL,33.45565414428711,23.0
72,Sensor_17_roll_std5,0.01539634792510458,0.6899735713377595,increases predicted RUL,33.45565414428711,23.0
72,Sensor_8_diff1,0.06017188486699931,-1.1559239064808935,decreases predicted RUL,33.45565414428711,23.0
72,Sensor_8_roll_mean5,0.8412712278387238,7.844513185322285,increases predicted RUL,33.45565414428711,23.0
72,Sensor_8_roll_std5,-0.36944158121207893,-0.8210975363763282,decreases predicted RUL,33.45565414428711,23.0
72,Sensor_13_diff1,0.059528198909409726,-1.779138175304979,decreases predicted RUL,33.45565414428711,23.0
72,Sensor_13_roll_mean5,0.8410513614842161,-1.3912504273466766,decreases predicted RUL,33.45565414428711,23.0
72,Sensor_13_roll_std5,-0.5116974976488475,1.5242942112963647,increases predicted RUL,33.45565414428711,23.0
72,Sensor_9_diff1,0.053779318687777404,-2.395899422466755,decreases predicted RUL,33.45565414428711,23.0
72,Sensor_9_roll_mean5,0.8715371442652152,12.340130414348096,increases predicted RUL,33.45565414428711,23.0
72,Sensor_9_roll_std5,0.2642004626734216,-0.4558676849119365,decreases predicted RUL,33.45565414428711,23.0
72,Regime_OneHot_0,0.06919193623621579,1.0774258219171315,increases predicted RUL,33.45565414428711,23.0
72,Regime_OneHot_1,-0.08411949123933336,-0.252804339164868,decreases predicted RUL,33.45565414428711,23.0
72,Regime_OneHot_2,0.13879052403723244,0.20198733173310757,increases predicted RUL,33.45565414428711,23.0
72,Regime_OneHot_3,0.08835626866582594,1.696250114524446,increases predicted RUL,33.45565414428711,23.0
72,Regime_OneHot_4,-0.1406276692211633,5.7534040765604,increases predicted RUL,33.45565414428711,23.0
72,Regime_OneHot_5,-0.08584010988034585,-2.0365489656687714,decreases predicted RUL,33.45565414428711,23.0
73,Regime_ID,1.88,-5.335991105996072,decreases predicted RUL,119.11385345458984,89.0
73,Sensor_1,-0.12624876890265727,3.280467068630969,increases predicted RUL,119.11385345458984,89.0
73,Sensor_2,-0.9697474622910499,2.425105201313272,increases predicted RUL,119.11385345458984,89.0
73,Sensor_3,-0.9562131384755712,-1.790896828752011,decreases predicted RUL,119.11385345458984,89.0
73,Sensor_4,-1.1905107917963875,5.535683148307726,increases predicted RUL,119.11385345458984,89.0
73,Sensor_5,0.2307578026267449,-0.07624750770628452,decreases predicted RUL,119.11385345458984,89.0
73,Sensor_6,-1.6480460346968007,-3.435595569309953,decreases predicted RUL,119.11385345458984,89.0
73,Sensor_7,-0.9153919172484294,7.522277534008026,increases predicted RUL,119.11385345458984,89.0
73,Sensor_8,-0.8914835907915054,5.198931197344791,increases predicted RUL,119.11385345458984,89.0
73,Sensor_9,-0.8346497399733528,11.816652855370194,increases predicted RUL,119.11385345458984,89.0
73,Sensor_10,-1.0874787353714621,-1.126810630201362,decreases predicted RUL,119.11385345458984,89.0
73,Sensor_11,-1.1812070104984422,4.718585770926438,increases predicted RUL,119.11385345458984,89.0
73,Sensor_12,-0.8928315172631529,5.634519679297227,increases predicted RUL,119.11385345458984,89.0
73,Sensor_13,-0.9325247450084683,1.917424384970218,increases predicted RUL,119.11385345458984,89.0
73,Sensor_14,-0.6569628750410672,4.831046718987636,increases predicted RUL,119.11385345458984,89.0
73,Sensor_15,-0.16474035103947382,2.672686780890217,increases predicted RUL,119.11385345458984,89.0
73,Sensor_17,-0.9726546524414877,5.816333588096313,increases predicted RUL,119.11385345458984,89.0
73,Sensor_18,0.0,0.0,decreases predicted RUL,119.11385345458984,89.0
73,Sensor_19,0.02906403573301615,-0.22010630974546075,decreases predicted RUL,119.11385345458984,89.0
73,Sensor_20,-0.21837220556380182,1.5052701488311868,increases predicted RUL,119.11385345458984,89.0
73,Sensor_21,-0.20332012261254578,-1.7698270930632134,decreases predicted RUL,119.11385345458984,89.0
73,Sensor_11_diff1,0.014812075869669568,-0.05286458332557231,decreases predicted RUL,119.11385345458984,89.0
73,Sensor_11_roll_mean5,-1.2895642412300135,-1.9262626683339477,decreases predicted RUL,119.11385345458984,89.0
73,Sensor_11_roll_std5,0.376178413031434,-0.41477957654569764,decreases predicted RUL,119.11385345458984,89.0
73,Sensor_4_diff1,-0.031095683657721803,0.3707232908345759,increases predicted RUL,119.11385345458984,89.0
73,Sensor_4_roll_mean5,-1.3349113103830803,-3.395574268186465,decreases predicted RUL,119.11385345458984,89.0
73,Sensor_4_roll_std5,-0.14041635166684557,-0.14265456089924555,decreases predicted RUL,119.11385345458984,89.0
73,Sensor_17_diff1,-0.004190728763990688,0.12784526986069977,increases predicted RUL,119.11385345458984,89.0
73,Sensor_17_roll_mean5,-1.2231149914358845,-6.338805252686143,decreases predicted RUL,119.11385345458984,89.0
73,Sensor_17_roll_std5,-0.2628957600838798,0.30844077524670865,increases predicted RUL,119.11385345458984,89.0
73,Sensor_8_diff1,-0.0017501578341490886,0.7848514961078763,increases predicted RUL,119.11385345458984,89.0
73,Sensor_8_roll_mean5,-1.0701444148266481,-2.2697131698951125,decreases predicted RUL,119.11385345458984,89.0
73,Sensor_8_roll_std5,0.3229967003552914,-0.3360332446609391,decreases predicted RUL,119.11385345458984,89.0
73,Sensor_13_diff1,0.017021438647284805,1.4808715672697872,increases predicted RUL,119.11385345458984,89.0
73,Sensor_13_roll_mean5,-1.1285157190301587,-10.30374663323164,decreases predicted RUL,119.11385345458984,89.0
73,Sensor_13_roll_std5,0.2341916068363984,-0.7732070520432899,decreases predicted RUL,119.11385345458984,89.0
73,Sensor_9_diff1,-0.006202630307274379,0.9638391118496656,increases predicted RUL,119.11385345458984,89.0
73,Sensor_9_roll_mean5,-0.8832418274044123,-9.283737324178219,decreases predicted RUL,119.11385345458984,89.0
73,Sensor_9_roll_std5,-0.1253081350399153,1.2435498659033328,increases predicted RUL,119.11385345458984,89.0
73,Regime_OneHot_0,-0.06936519856974149,-0.24972015141975135,decreases predicted RUL,119.11385345458984,89.0
73,Regime_OneHot_1,0.251910871701361,-0.1838097171857953,decreases predicted RUL,119.11385345458984,89.0
73,Regime_OneHot_2,-0.02906403573241984,0.3792301723406126,increases predicted RUL,119.11385345458984,89.0
73,Regime_OneHot_3,0.313284813095235,0.6137497935269494,increases predicted RUL,119.11385345458984,89.0
73,Regime_OneHot_4,-0.08465459535089238,1.4505304360063747,increases predicted RUL,119.11385345458984,89.0
73,Regime_OneHot_5,-0.3653518744299851,3.030260879717389,increases predicted RUL,119.11385345458984,89.0
74,Regime_ID,2.2,-3.869524424895644,decreases predicted RUL,121.39756774902344,124.0
74,Sensor_1,-0.026309835652805143,1.603543310193345,increases predicted RUL,121.39756774902344,124.0
74,Sensor_2,-0.37030935392529335,1.8901121498201974,increases predicted RUL,121.39756774902344,124.0
74,Sensor_3,-0.4064282836320913,0.03559853398473933,increases predicted RUL,121.39756774902344,124.0
74,Sensor_4,-0.335774647596308,7.532581077888608,increases predicted RUL,121.39756774902344,124.0
74,Sensor_5,-0.10366561967763284,0.1069044063333422,increases predicted RUL,121.39756774902344,124.0
74,Sensor_6,0.2327439539578534,3.350026956759393,increases predicted RUL,121.39756774902344,124.0
74,Sensor_7,0.734935670678857,1.3773249780351762,increases predicted RUL,121.39756774902344,124.0
74,Sensor_8,0.1660819100718801,1.3075834805786144,increases predicted RUL,121.39756774902344,124.0
74,Sensor_9,0.09827413102783429,9.259296959266067,increases predicted RUL,121.39756774902344,124.0
74,Sensor_10,0.47486050642198563,-2.0821911747552804,decreases predicted RUL,121.39756774902344,124.0
74,Sensor_11,-0.41836023447274134,5.638885497581214,increases predicted RUL,121.39756774902344,124.0
74,Sensor_12,0.7218025335453535,0.19070131075568497,increases predicted RUL,121.39756774902344,124.0
74,Sensor_13,0.12940645556777997,0.6591351412353106,increases predicted RUL,121.39756774902344,124.0
74,Sensor_14,0.2558573661913001,7.90941131580621,increases predicted RUL,121.39756774902344,124.0
74,Sensor_15,-0.7518290474796211,1.50167647638591,increases predicted RUL,121.39756774902344,124.0
74,Sensor_17,-0.32493589327689953,4.75719037570525,increases predicted RUL,121.39756774902344,124.0
74,Sensor_18,0.0,0.0,decreases predicted RUL,121.39756774902344,124.0
74,Sensor_19,0.14096707558154173,-0.8823220855556428,decreases predicted RUL,121.39756774902344,124.0
74,Sensor_20,0.7184061434646289,-0.6941099220566684,decreases predicted RUL,121.39756774902344,124.0
74,Sensor_21,0.8408287955087491,4.903339803684503,increases predicted RUL,121.39756774902344,124.0
74,Sensor_11_diff1,-0.018872566530188584,-0.17277930676937103,decreases predicted RUL,121.39756774902344,124.0
74,Sensor_11_roll_mean5,-0.4416556396786666,-3.9000499565154314,decreases predicted RUL,121.39756774902344,124.0
74,Sensor_11_roll_std5,-0.4218405103042716,2.7621518152882345,increases predicted RUL,121.39756774902344,124.0
74,Sensor_4_diff1,-0.014035719486125933,0.15060634817928076,increases predicted RUL,121.39756774902344,124.0
74,Sensor_4_roll_mean5,-0.3778496871702628,-2.669033876620233,decreases predicted RUL,121.39756774902344,124.0
74,Sensor_4_roll_std5,-0.6752494608238373,-0.011236243532039225,decreases predicted RUL,121.39756774902344,124.0
74,Sensor_17_diff1,0.007089583165572538,0.23228373972233385,increases predicted RUL,121.39756774902344,124.0
74,Sensor_17_roll_mean5,-0.40512038686570895,-5.323658972047269,decreases predicted RUL,121.39756774902344,124.0
74,Sensor_17_roll_std5,-0.26420967612149754,-0.6278860055099358,decreases predicted RUL,121.39756774902344,124.0
74,Sensor_8_diff1,-0.004837227176992218,0.5356292044743896,increases predicted RUL,121.39756774902344,124.0
74,Sensor_8_roll_mean5,0.20553374129568713,-2.2502765424433164,decreases predicted RUL,121.39756774902344,124.0
74,Sensor_8_roll_std5,-0.6834549304084487,-0.3593411343754269,decreases predicted RUL,121.39756774902344,124.0
74,Sensor_13_diff1,0.00013719768790521392,-0.3065807163948193,decreases predicted RUL,121.39756774902344,124.0
74,Sensor_13_roll_mean5,0.1612245556926586,-5.446272313594818,decreases predicted RUL,121.39756774902344,124.0
74,Sensor_13_roll_std5,-0.7109868494932587,2.901741889771074,increases predicted RUL,121.39756774902344,124.0
74,Sensor_9_diff1,-0.028119789388021753,0.35960236843675375,increases predicted RUL,121.39756774902344,124.0
74,Sensor_9_roll_mean5,0.1147666149005492,-3.9479137228336185,decreases predicted RUL,121.39756774902344,124.0
74,Sensor_9_roll_std5,-0.6201671187256663,1.6764932747464627,increases predicted RUL,121.39756774902344,124.0
74,Regime_OneHot_0,0.11537764783820155,2.4286845460446784,increases predicted RUL,121.39756774902344,124.0
74,Regime_OneHot_1,-0.02811443074921769,0.4878651457838714,increases predicted RUL,121.39756774902344,124.0
74,Regime_OneHot_2,-0.14096707557885477,1.6413781176961493,increases predicted RUL,121.39756774902344,124.0
74,Regime_OneHot_3,-0.08034013965623099,0.023201305884867907,increases predicted RUL,121.39756774902344,124.0
74,Regime_OneHot_4,0.13923770013019132,-1.9616879404056817,decreases predicted RUL,121.39756774902344,124.0
74,Regime_OneHot_5,-0.029937756970418308,1.0404426694149151,increases predicted RUL,121.39756774902344,124.0
75,Regime_ID,2.32,4.109148227144033,increases predicted RUL,120.4266357421875,163.0
75,Sensor_1,-0.04977035070761897,0.35110807325690985,increases predicted RUL,120.4266357421875,163.0
75,Sensor_2,-0.38354331073854453,1.0934609531032038,increases predicted RUL,120.4266357421875,163.0
75,Sensor_3,-0.7351364129201469,0.7445929069072008,increases predicted RUL,120.4266357421875,163.0
75,Sensor_4,-0.6763974475711492,6.8509913720190525,increases predicted RUL,120.4266357421875,163.0
75,Sensor_5,-0.13542709576340276,-0.836993977194652,decreases predicted RUL,120.4266357421875,163.0
75,Sensor_6,0.5664586491104453,3.340001329779625,increases predicted RUL,120.4266357421875,163.0
75,Sensor_7,-0.020101334317547997,3.2891745946835726,increases predicted RUL,120.4266357421875,163.0
75,Sensor_8,-0.4929403837034809,3.270655372500187,increases predicted RUL,120.4266357421875,163.0
75,Sensor_9,-0.6145145835356409,19.101363765075803,increases predicted RUL,120.4266357421875,163.0
75,Sensor_10,-0.09978640698622929,-2.3369394966284744,decreases predicted RUL,120.4266357421875,163.0
75,Sensor_11,-0.8120922275595519,7.461434974335134,increases predicted RUL,120.4266357421875,163.0
75,Sensor_12,-0.0036831980984940293,0.17258805222809315,increases predicted RUL,120.4266357421875,163.0
75,Sensor_13,-0.5196872729612194,3.743240515308571,increases predicted RUL,120.4266357421875,163.0
75,Sensor_14,-0.4786684992299963,3.285180321894586,increases predicted RUL,120.4266357421875,163.0
75,Sensor_15,-0.054828273117114044,3.9130168348783627,increases predicted RUL,120.4266357421875,163.0
75,Sensor_17,-0.7435188344270617,7.952250258531421,increases predicted RUL,120.4266357421875,163.0
75,Sensor_18,0.0,0.0,decreases predicted RUL,120.4266357421875,163.0
75,Sensor_19,-0.04358460383688454,-0.13716874319288763,decreases predicted RUL,120.4266357421875,163.0
75,Sensor_20,0.2697350384746779,0.5999019949231297,increases predicted RUL,120.4266357421875,163.0
75,Sensor_21,0.3400785852220372,-0.8862609578645788,decreases predicted RUL,120.4266357421875,163.0
75,Sensor_11_diff1,-0.006195470258536458,0.025069798342883587,increases predicted RUL,120.4266357421875,163.0
75,Sensor_11_roll_mean5,-0.8915203747772574,1.6751948908204213,increases predicted RUL,120.4266357421875,163.0
75,Sensor_11_roll_std5,-0.1932415781572728,0.47676174105436075,increases predicted RUL,120.4266357421875,163.0
75,Sensor_4_diff1,-0.0035815128401799966,0.8550981786102057,increases predicted RUL,120.4266357421875,163.0
75,Sensor_4_roll_mean5,-0.7571780744541715,-1.0631282308604568,decreases predicted RUL,120.4266357421875,163.0
75,Sensor_4_roll_std5,-0.6216445008649548,-0.17936316394479945,decreases predicted RUL,120.4266357421875,163.0
75,Sensor_17_diff1,-0.020662797875330714,0.8206884727114812,increases predicted RUL,120.4266357421875,163.0
75,Sensor_17_roll_mean5,-0.8758654333803507,-4.928932210430503,decreases predicted RUL,120.4266357421875,163.0
75,Sensor_17_roll_std5,0.0716193383573957,0.7878120527311694,increases predicted RUL,120.4266357421875,163.0
75,Sensor_8_diff1,0.001960138813572531,0.3975675774272531,increases predicted RUL,120.4266357421875,163.0
75,Sensor_8_roll_mean5,-0.5858077128981658,-2.4147781464271247,decreases predicted RUL,120.4266357421875,163.0
75,Sensor_8_roll_std5,-0.7165867161727855,-0.26610593128134497,decreases predicted RUL,120.4266357421875,163.0
75,Sensor_13_diff1,-0.009602517067018316,0.03025123488623649,increases predicted RUL,120.4266357421875,163.0
75,Sensor_13_roll_mean5,-0.6070173565243738,-13.502650368958712,decreases predicted RUL,120.4266357421875,163.0
75,Sensor_13_roll_std5,-0.6872837141343182,1.4353957248385996,increases predicted RUL,120.4266357421875,163.0
75,Sensor_9_diff1,-0.010358174963834763,1.1925164198037237,increases predicted RUL,120.4266357421875,163.0
75,Sensor_9_roll_mean5,-0.6390729041150877,-11.232634461834095,decreases predicted RUL,120.4266357421875,163.0
75,Sensor_9_roll_std5,-0.02122779848625816,-1.220411894377321,decreases predicted RUL,120.4266357421875,163.0
75,Regime_OneHot_0,-0.11555091017172725,-0.630675591644831,decreases predicted RUL,120.4266357421875,163.0
75,Regime_OneHot_1,-0.028114430749217753,-0.1946793734387029,decreases predicted RUL,120.4266357421875,163.0
75,Regime_OneHot_2,0.02688748419079766,0.716828060161788,increases predicted RUL,120.4266357421875,163.0
75,Regime_OneHot_3,-0.08034013965623098,0.48597429849905893,increases predicted RUL,120.4266357421875,163.0
75,Regime_OneHot_4,0.13923770013019132,-4.875515781342983,decreases predicted RUL,120.4266357421875,163.0
75,Regime_OneHot_5,-0.029937756970418263,0.653725276235491,increases predicted RUL,120.4266357421875,163.0
76,Regime_ID,2.3,1.1347551494836807,increases predicted RUL,29.342540740966797,25.0
76,Sensor_1,-0.07072713931940611,-0.1135855817119591,decreases predicted RUL,29.342540740966797,25.0
76,Sensor_2,0.4714854666721024,-1.4707248547347263,decreases predicted RUL,29.342540740966797,25.0
76,Sensor_3,0.24918774353897433,0.7750509323668666,increases predicted RUL,29.342540740966797,25.0
76,Sensor_4,0.4605657693110555,-4.761831030191388,decreases predicted RUL,29.342540740966797,25.0
76,Sensor_5,-0.13886808518335683,1.0941919625620358,increases predicted RUL,29.342540740966797,25.0
76,Sensor_6,0.7212119510988608,1.4339965477120131,increases predicted RUL,29.342540740966797,25.0
76,Sensor_7,-0.44214181339506076,0.6186710181646049,increases predicted RUL,29.342540740966797,25.0
76,Sensor_8,-0.49158582484115626,2.8573046792298555,increases predicted RUL,29.342540740966797,25.0
76,Sensor_9,-0.5778163133414016,6.433323713048594,increases predicted RUL,29.342540740966797,25.0
76,Sensor_10,-0.2772547296699826,-1.008126068074489,decreases predicted RUL,29.342540740966797,25.0
76,Sensor_11,0.43612744613557747,-8.604165937402286,decreases predicted RUL,29.342540740966797,25.0
76,Sensor_12,-0.3255929890303741,-1.2262152459006757,decreases predicted RUL,29.342540740966797,25.0
76,Sensor_13,-0.48345183311024664,-0.6205603133421391,decreases predicted RUL,29.342540740966797,25.0
76,Sensor_14,-0.7519031355403909,3.946112524950877,increases predicted RUL,29.342540740966797,25.0
76,Sensor_15,0.7545929822103927,-6.928457634756342,decreases predicted RUL,29.342540740966797,25.0
76,Sensor_17,0.26177539629865576,-6.123302433872595,decreases predicted RUL,29.342540740966797,25.0
76,Sensor_18,0.0,0.0,decreases predicted RUL,29.342540740966797,25.0
76,Sensor_19,0.029064035733016063,1.824957114244171,increases predicted RUL,29.342540740966797,25.0
76,Sensor_20,-0.47082830915437685,0.2645973594626412,increases predicted RUL,29.342540740966797,25.0
76,Sensor_21,-0.44089754068883186,-6.69662799697835,decreases predicted RUL,29.342540740966797,25.0
76,Sensor_11_diff1,-0.025466096126898874,0.48945619326150336,increases predicted RUL,29.342540740966797,25.0
76,Sensor_11_roll_mean5,0.4893571023574042,3.417995539610274,increases predicted RUL,29.342540740966797,25.0
76,Sensor_11_roll_std5,-0.2992881496350896,0.036735944071551785,increases predicted RUL,29.342540740966797,25.0
76,Sensor_4_diff1,0.04796012254399708,0.39796573016792536,increases predicted RUL,29.342540740966797,25.0
76,Sensor_4_roll_mean5,0.4830919498290926,-5.9251499101519585,decreases predicted RUL,29.342540740966797,25.0
76,Sensor_4_roll_std5,-0.22950717578854063,0.0747112084645778,increases predicted RUL,29.342540740966797,25.0
76,Sensor_17_diff1,0.02495461642755833,0.8554686189163476,increases predicted RUL,29.342540740966797,25.0
76,Sensor_17_roll_mean5,0.26814048191333495,0.5136800250038505,increases predicted RUL,29.342540740966797,25.0
76,Sensor_17_roll_std5,-0.2528514912799067,0.6603838439332321,increases predicted RUL,29.342540740966797,25.0
76,Sensor_8_diff1,-0.04756383168557185,3.9418518640159164,increases predicted RUL,29.342540740966797,25.0
76,Sensor_8_roll_mean5,-0.5285404259677001,-4.8476883682888,decreases predicted RUL,29.342540740966797,25.0
76,Sensor_8_roll_std5,0.459150568939585,0.25822626280603345,increases predicted RUL,29.342540740966797,25.0
76,Sensor_13_diff1,-0.030460736810007164,3.509681550785899,increases predicted RUL,29.342540740966797,25.0
76,Sensor_13_roll_mean5,-0.5286233615791498,-0.5406482461839914,decreases predicted RUL,29.342540740966797,25.0
76,Sensor_13_roll_std5,0.5458770297382083,-13.110760045412462,decreases predicted RUL,29.342540740966797,25.0
76,Sensor_9_diff1,-0.034173743669957526,0.9747928371652961,increases predicted RUL,29.342540740966797,25.0
76,Sensor_9_roll_mean5,-0.5767387663838943,-6.745311015518382,decreases predicted RUL,29.342540740966797,25.0
76,Sensor_9_roll_std5,0.2537529783090939,-1.9101055362261832,decreases predicted RUL,29.342540740966797,25.0
76,Regime_OneHot_0,0.02300622463423001,2.1232141387299635,increases predicted RUL,29.342540740966797,25.0
76,Regime_OneHot_1,0.027890629740897996,0.7774112904735375,increases predicted RUL,29.342540740966797,25.0
76,Regime_OneHot_2,-0.029064035732419936,0.6281618265784346,increases predicted RUL,29.342540740966797,25.0
76,Regime_OneHot_3,-0.19280441187093558,0.5041335157839058,increases predicted RUL,29.342540740966797,25.0
76,Regime_OneHot_4,0.08326462625992043,-2.503380490001291,decreases predicted RUL,29.342540740966797,25.0
76,Regime_OneHot_5,0.0818669488494373,-2.8148135780356824,decreases predicted RUL,29.342540740966797,25.0
77,Regime_ID,2.34,3.069413224235177,increases predicted RUL,90.63626861572266,74.0
77,Sensor_1,0.073629097597047,-1.2851321503985673,decreases predicted RUL,90.63626861572266,74.0
77,Sensor_2,0.09560942240925208,-2.738784621236846,decreases predicted RUL,90.63626861572266,74.0
77,Sensor_3,-0.11061665695469544,0.32964000245556235,increases predicted RUL,90.63626861572266,74.0
77,Sensor_4,0.03223321000663443,2.634487614966929,increases predicted RUL,90.63626861572266,74.0
77,Sensor_5,0.03714424234526306,-1.2504524495452642,decreases predicted RUL,90.63626861572266,74.0
77,Sensor_6,0.605889699587756,2.9756678816156636,increases predicted RUL,90.63626861572266,74.0
77,Sensor_7,-0.2866546186254726,0.09445165246143006,increases predicted RUL,90.63626861572266,74.0
77,Sensor_8,-0.6395749887658336,5.30384734319523,increases predicted RUL,90.63626861572266,74.0
77,Sensor_9,-0.7436450983635386,18.412907279329374,increases predicted RUL,90.63626861572266,74.0
77,Sensor_10,-0.1010011891060394,-0.7057728368672542,decreases predicted RUL,90.63626861572266,74.0
77,Sensor_11,0.0475275178991536,0.33051621448248625,increases predicted RUL,90.63626861572266,74.0
77,Sensor_12,-0.1923688602187951,0.6473716050968505,increases predicted RUL,90.63626861572266,74.0
77,Sensor_13,-0.5916036346367892,5.374590521212667,increases predicted RUL,90.63626861572266,74.0
77,Sensor_14,-0.9311937466735702,-0.2548444583080709,decreases predicted RUL,90.63626861572266,74.0
77,Sensor_15,0.33916736009941495,-3.704162181355059,decreases predicted RUL,90.63626861572266,74.0
77,Sensor_17,-0.011168262856407742,0.6604300648905337,increases predicted RUL,90.63626861572266,74.0
77,Sensor_18,0.0,0.0,decreases predicted RUL,90.63626861572266,74.0
77,Sensor_19,0.029064035733016018,0.7837101875338703,increases predicted RUL,90.63626861572266,74.0
77,Sensor_20,-0.20898367642409524,-1.7100217099650763,decreases predicted RUL,90.63626861572266,74.0
77,Sensor_21,-0.16068713926306863,-6.065777014940977,decreases predicted RUL,90.63626861572266,74.0
77,Sensor_11_diff1,-0.002681159293585981,2.4020574055612087,increases predicted RUL,90.63626861572266,74.0
77,Sensor_11_roll_mean5,0.0654000827457088,-4.389145877561532,decreases predicted RUL,90.63626861572266,74.0
77,Sensor_11_roll_std5,0.05538103712243588,-0.29197223849769216,decreases predicted RUL,90.63626861572266,74.0
77,Sensor_4_diff1,0.01918036282511796,-0.9468020116910338,decreases predicted RUL,90.63626861572266,74.0
77,Sensor_4_roll_mean5,0.015470292012902807,-1.3373710187152028,decreases predicted RUL,90.63626861572266,74.0
77,Sensor_4_roll_std5,0.038744885835108114,0.33198425208684057,increases predicted RUL,90.63626861572266,74.0
77,Sensor_17_diff1,0.044506311187764346,1.735296426457353,increases predicted RUL,90.63626861572266,74.0
77,Sensor_17_roll_mean5,-0.03135656416987802,0.20558277680538595,increases predicted RUL,90.63626861572266,74.0
77,Sensor_17_roll_std5,0.04073976237499036,0.17906198068521917,increases predicted RUL,90.63626861572266,74.0
77,Sensor_8_diff1,-0.03517935280357002,-0.015962431207299232,decreases predicted RUL,90.63626861572266,74.0
77,Sensor_8_roll_mean5,-0.7160160053696281,-5.04085279814899,decreases predicted RUL,90.63626861572266,74.0
77,Sensor_8_roll_std5,-0.03992175216967392,0.10088864667341113,increases predicted RUL,90.63626861572266,74.0
77,Sensor_13_diff1,-0.02239860322685504,1.7099817097187042,increases predicted RUL,90.63626861572266,74.0
77,Sensor_13_roll_mean5,-0.6624983134439196,-4.3803272526711226,decreases predicted RUL,90.63626861572266,74.0
77,Sensor_13_roll_std5,0.27037421320480126,-6.400097475328948,decreases predicted RUL,90.63626861572266,74.0
77,Sensor_9_diff1,-0.01656490405543438,2.4135823333635926,increases predicted RUL,90.63626861572266,74.0
77,Sensor_9_roll_mean5,-0.7802250769228464,-14.484188944101334,decreases predicted RUL,90.63626861572266,74.0
77,Sensor_9_roll_std5,0.09371683202685333,-3.0291504352353513,decreases predicted RUL,90.63626861572266,74.0
77,Regime_OneHot_0,-0.1155509101717273,-3.6735246784519404,decreases predicted RUL,90.63626861572266,74.0
77,Regime_OneHot_1,0.08389569023101374,1.0488759155196021,increases predicted RUL,90.63626861572266,74.0
77,Regime_OneHot_2,-0.029064035732419953,0.5160581623204052,increases predicted RUL,90.63626861572266,74.0
77,Regime_OneHot_3,0.14458840477317822,0.8827898170566186,increases predicted RUL,90.63626861572266,74.0
77,Regime_OneHot_4,-0.0846545953508924,2.9401615485548973,increases predicted RUL,90.63626861572266,74.0
77,Regime_OneHot_5,0.025964595939509554,0.06529773713555187,increases predicted RUL,90.63626861572266,74.0
78,Regime_ID,1.94,-22.25507615506649,decreases predicted RUL,106.35751342773438,78.0
78,Sensor_1,-0.22618770215250933,12.426858300575987,increases predicted RUL,106.35751342773438,78.0
78,Sensor_2,-0.5532550338910953,4.5823027948245,increases predicted RUL,106.35751342773438,78.0
78,Sensor_3,-0.1488001311604077,1.314520554151386,increases predicted RUL,106.35751342773438,78.0
78,Sensor_4,-0.5140649746042958,11.552408792660572,increases predicted RUL,106.35751342773438,78.0
78,Sensor_5,0.08994794060384903,-0.008381611667573452,decreases predicted RUL,106.35751342773438,78.0
78,Sensor_6,-0.041283947708483815,5.79815266445803,increases predicted RUL,106.35751342773438,78.0
78,Sensor_7,0.7091011255309952,-2.50400583143346,decreases predicted RUL,106.35751342773438,78.0
78,Sensor_8,0.14769368180289127,-0.820985842437949,decreases predicted RUL,106.35751342773438,78.0
78,Sensor_9,0.06553970818855688,6.485337953083217,increases predicted RUL,106.35751342773438,78.0
78,Sensor_10,0.3642074345628681,-1.74204350146465,decreases predicted RUL,106.35751342773438,78.0
78,Sensor_11,-0.3956780336084028,8.606676831142977,increases predicted RUL,106.35751342773438,78.0
78,Sensor_12,0.6003792959370268,-4.226893234997988,decreases predicted RUL,106.35751342773438,78.0
78,Sensor_13,0.10267092639706359,2.6135485425475053,increases predicted RUL,106.35751342773438,78.0
78,Sensor_14,0.22409367987083256,0.48341743159107864,increases predicted RUL,106.35751342773438,78.0
78,Sensor_15,-0.800616009206124,-0.7073595193214715,decreases predicted RUL,106.35751342773438,78.0
78,Sensor_17,-0.23805908707510487,5.022110630758107,increases predicted RUL,106.35751342773438,78.0
78,Sensor_18,0.0,0.0,decreases predicted RUL,106.35751342773438,78.0
78,Sensor_19,-0.13879052403977243,-1.5229553254321218,decreases predicted RUL,106.35751342773438,78.0
78,Sensor_20,0.6129495746233863,-0.22085232380777597,decreases predicted RUL,106.35751342773438,78.0
78,Sensor_21,0.4574058506505645,0.9682474546134472,increases predicted RUL,106.35751342773438,78.0
78,Sensor_11_diff1,-0.028332453425645346,4.991416905075312,increases predicted RUL,106.35751342773438,78.0
78,Sensor_11_roll_mean5,-0.41556647708898387,-0.2870657049352303,decreases predicted RUL,106.35751342773438,78.0
78,Sensor_11_roll_std5,-0.10964159928273556,-2.4034554730169475,decreases predicted RUL,106.35751342773438,78.0
78,Sensor_4_diff1,-0.046048821963929995,0.5032070516608655,increases predicted RUL,106.35751342773438,78.0
78,Sensor_4_roll_mean5,-0.5552076379220175,-1.8353993603086565,decreases predicted RUL,106.35751342773438,78.0
78,Sensor_4_roll_std5,-0.33440904274130934,-0.1238737687090179,decreases predicted RUL,106.35751342773438,78.0
78,Sensor_17_diff1,-0.014412299293035976,-1.5772002367302775,decreases predicted RUL,106.35751342773438,78.0
78,Sensor_17_roll_mean5,-0.30321127134790227,-3.7933747863862664,decreases predicted RUL,106.35751342773438,78.0
78,Sensor_17_roll_std5,0.17400809334483294,0.022677597240544856,increases predicted RUL,106.35751342773438,78.0
78,Sensor_8_diff1,0.006551590365845559,-1.0024146637879312,decreases predicted RUL,106.35751342773438,78.0
78,Sensor_8_roll_mean5,0.15666133356000095,-1.755279271514155,decreases predicted RUL,106.35751342773438,78.0
78,Sensor_8_roll_std5,-0.700825520072942,-0.06888427777448669,decreases predicted RUL,106.35751342773438,78.0
78,Sensor_13_diff1,0.002906142027008218,0.5921019880333915,increases predicted RUL,106.35751342773438,78.0
78,Sensor_13_roll_mean5,0.11883166386969478,-8.839194388128817,decreases predicted RUL,106.35751342773438,78.0
78,Sensor_13_roll_std5,-0.6785022411900765,4.567051584017463,increases predicted RUL,106.35751342773438,78.0
78,Sensor_9_diff1,0.016386638439326136,3.451599763240665,increases predicted RUL,106.35751342773438,78.0
78,Sensor_9_roll_mean5,0.062023301017502294,-4.842977334279567,decreases predicted RUL,106.35751342773438,78.0
78,Sensor_9_roll_std5,-0.00043469820508036384,-2.1386325027560815,decreases predicted RUL,106.35751342773438,78.0
78,Regime_OneHot_0,0.06919193623621578,6.225028897169977,increases predicted RUL,106.35751342773438,78.0
78,Regime_OneHot_1,0.08389569023101379,-1.3368078248167876,decreases predicted RUL,106.35751342773438,78.0
78,Regime_OneHot_2,0.13879052403723263,-0.3735892977565527,decreases predicted RUL,106.35751342773438,78.0
78,Regime_OneHot_3,-0.13657227576358325,-0.04256864869967103,decreases predicted RUL,106.35751342773438,78.0
78,Regime_OneHot_4,-0.028681521480621402,0.4674458932131529,increases predicted RUL,106.35751342773438,78.0
78,Regime_OneHot_5,-0.14174246279027383,6.516851167660207,increases predicted RUL,106.35751342773438,78.0
79,Regime_ID,2.8,16.452537992969155,increases predicted RUL,100.89260864257812,114.0
79,Sensor_1,0.029211793930446022,-1.151915923692286,decreases predicted RUL,100.89260864257812,114.0
79,Sensor_2,0.4423095294848736,-0.9168689674697816,decreases predicted RUL,100.89260864257812,114.0
79,Sensor_3,0.4308930109093576,-3.051617714110762,decreases predicted RUL,100.89260864257812,114.0
79,Sensor_4,0.46741045089139743,-5.194316299632192,decreases predicted RUL,100.89260864257812,114.0
79,Sensor_5,-0.24447548170052888,-5.3636924317106605,decreases predicted RUL,100.89260864257812,114.0
79,Sensor_6,0.7670918707709379,7.876235784962773,increases predicted RUL,100.89260864257812,114.0
79,Sensor_7,-0.4235908458458741,9.56094588409178,increases predicted RUL,100.89260864257812,114.0
79,Sensor_8,0.3068048552018414,-1.1890194246079773,decreases predicted RUL,100.89260864257812,114.0
79,Sensor_9,0.49234949671237416,-8.75832790108143,decreases predicted RUL,100.89260864257812,114.0
79,Sensor_10,-0.12797700155759428,1.3482097670203075,increases predicted RUL,100.89260864257812,114.0
79,Sensor_11,0.4724248698212509,-4.020916807553931,decreases predicted RUL,100.89260864257812,114.0
79,Sensor_12,-0.32949934863180164,2.8320775628089905,increases predicted RUL,100.89260864257812,114.0
79,Sensor_13,0.32661619375177514,-2.040092092938721,decreases predicted RUL,100.89260864257812,114.0
79,Sensor_14,0.3911615736641423,0.43938469840213656,increases predicted RUL,100.89260864257812,114.0
79,Sensor_15,0.6142170490705587,5.331547862588195,increases predicted RUL,100.89260864257812,114.0
79,Sensor_17,0.4692401226422957,-11.394691109191626,decreases predicted RUL,100.89260864257812,114.0
79,Sensor_18,0.0,0.0,decreases predicted RUL,100.89260864257812,114.0
79,Sensor_19,-0.1947420439640353,0.6428850770462304,increases predicted RUL,100.89260864257812,114.0
79,Sensor_20,-0.31394333747181913,0.7845109608024359,increases predicted RUL,100.89260864257812,114.0
79,Sensor_21,-0.11940295889700302,-5.178166460245848,decreases predicted RUL,100.89260864257812,114.0
79,Sensor_11_diff1,-0.04820370791655113,-0.18563834950327873,decreases predicted RUL,100.89260864257812,114.0
79,Sensor_11_roll_mean5,0.5459468310092528,11.108880523126572,increases predicted RUL,100.89260864257812,114.0
79,Sensor_11_roll_std5,-0.4062707906443441,0.8195536474231631,increases predicted RUL,100.89260864257812,114.0
79,Sensor_4_diff1,-0.050634090541973674,2.468084862921387,increases predicted RUL,100.89260864257812,114.0
79,Sensor_4_roll_mean5,0.5807055481366612,3.688105963403359,increases predicted RUL,100.89260864257812,114.0
79,Sensor_4_roll_std5,-0.06875863912052672,-3.6371702652832028,decreases predicted RUL,100.89260864257812,114.0
79,Sensor_17_diff1,-0.02367727673537815,0.7286141291260719,increases predicted RUL,100.89260864257812,114.0
79,Sensor_17_roll_mean5,0.608450395338729,9.452694217674434,increases predicted RUL,100.89260864257812,114.0
79,Sensor_17_roll_std5,-0.06384185054872751,-2.322745597921312,decreases predicted RUL,100.89260864257812,114.0
79,Sensor_8_diff1,-0.004826413910872908,0.983575290068984,increases predicted RUL,100.89260864257812,114.0
79,Sensor_8_roll_mean5,0.37246744707282675,4.648391390219331,increases predicted RUL,100.89260864257812,114.0
79,Sensor_8_roll_std5,-0.5020601531046013,-1.531130663366639,decreases predicted RUL,100.89260864257812,114.0
79,Sensor_13_diff1,-0.006028991319577614,0.0860464102588594,increases predicted RUL,100.89260864257812,114.0
79,Sensor_13_roll_mean5,0.40606591713845924,1.2137385541573167,increases predicted RUL,100.89260864257812,114.0
79,Sensor_13_roll_std5,-0.49688880835461696,0.6594122762326151,increases predicted RUL,100.89260864257812,114.0
79,Sensor_9_diff1,-0.0182129801757804,1.356178847141564,increases predicted RUL,100.89260864257812,114.0
79,Sensor_9_roll_mean5,0.5372235060422903,6.5075399205088615,increases predicted RUL,100.89260864257812,114.0
79,Sensor_9_roll_std5,-0.6266312806322637,1.310890123480931,increases predicted RUL,100.89260864257812,114.0
79,Regime_OneHot_0,-0.30029375657967017,-5.385568806203082,decreases predicted RUL,100.89260864257812,114.0
79,Regime_OneHot_1,-0.08411949123933345,0.32299832603894174,increases predicted RUL,100.89260864257812,114.0
79,Regime_OneHot_2,0.19474204396045006,0.9044161115598399,increases predicted RUL,100.89260864257812,114.0
79,Regime_OneHot_3,-0.08034013965623096,-0.3030170239508152,decreases predicted RUL,100.89260864257812,114.0
79,Regime_OneHot_4,0.1952107740004623,-7.570283399894834,decreases predicted RUL,100.89260864257812,114.0
79,Regime_OneHot_5,0.1377693017593652,-5.669922371394932,decreases predicted RUL,100.89260864257812,114.0
80,Regime_ID,2.08,-0.41013279370963573,decreases predicted RUL,122.69654846191406,96.0
80,Sensor_1,0.09583774943034744,0.5945041828381363,increases predicted RUL,122.69654846191406,96.0
80,Sensor_2,-0.21259575563071426,0.6820969220716506,increases predicted RUL,122.69654846191406,96.0
80,Sensor_3,-0.14095982291485543,1.0121307887602597,increases predicted RUL,122.69654846191406,96.0
80,Sensor_4,-0.34747944390825714,5.680683604674414,increases predicted RUL,122.69654846191406,96.0
80,Sensor_5,0.01954300959240109,-0.7622092170640826,decreases predicted RUL,122.69654846191406,96.0
80,Sensor_6,0.637871332688516,1.2790762088261545,increases predicted RUL,122.69654846191406,96.0
80,Sensor_7,-0.08752025953900439,1.5451499261544086,increases predicted RUL,122.69654846191406,96.0
80,Sensor_8,0.4943218922472004,0.2797260271036066,increases predicted RUL,122.69654846191406,96.0
80,Sensor_9,0.5158177847437274,1.9183905584504828,increases predicted RUL,122.69654846191406,96.0
80,Sensor_10,-0.17717231141197295,-1.8481973138768808,decreases predicted RUL,122.69654846191406,96.0
80,Sensor_11,-0.37785003311159665,6.041288130916655,increases predicted RUL,122.69654846191406,96.0
80,Sensor_12,-0.055452750903155545,1.7286032644333318,increases predicted RUL,122.69654846191406,96.0
80,Sensor_13,0.380924053396649,0.09516732138581574,increases predicted RUL,122.69654846191406,96.0
80,Sensor_14,0.6190689336074333,3.454915386158973,increases predicted RUL,122.69654846191406,96.0
80,Sensor_15,0.22159731063982385,2.8407373741501942,increases predicted RUL,122.69654846191406,96.0
80,Sensor_17,-0.22447527626067362,2.079840976792184,increases predicted RUL,122.69654846191406,96.0
80,Sensor_18,0.0,0.0,decreases predicted RUL,122.69654846191406,96.0
80,Sensor_19,0.19691859550580448,0.9229394389694789,increases predicted RUL,122.69654846191406,96.0
80,Sensor_20,0.04917343828013895,0.44238659158872906,increases predicted RUL,122.69654846191406,96.0
80,Sensor_21,0.048620541266476754,-2.9642746898462065,decreases predicted RUL,122.69654846191406,96.0
80,Sensor_11_diff1,-0.04250893237188051,0.6278471207842813,increases predicted RUL,122.69654846191406,96.0
80,Sensor_11_roll_mean5,-0.3675278043676611,-2.450666402000934,decreases predicted RUL,122.69654846191406,96.0
80,Sensor_11_roll_std5,-0.12585011682807315,-0.2182077685065451,decreases predicted RUL,122.69654846191406,96.0
80,Sensor_4_diff1,0.006541290915097786,1.0023458320647478,increases predicted RUL,122.69654846191406,96.0
80,Sensor_4_roll_mean5,-0.39314135372642617,-0.5327000822871923,decreases predicted RUL,122.69654846191406,96.0
80,Sensor_4_roll_std5,0.7561719117912211,0.22710305602595326,increases predicted RUL,122.69654846191406,96.0
80,Sensor_17_diff1,-0.022536741854868224,1.704534387739841,increases predicted RUL,122.69654846191406,96.0
80,Sensor_17_roll_mean5,-0.2421184363354021,-0.9303108342501218,decreases predicted RUL,122.69654846191406,96.0
80,Sensor_17_roll_std5,0.038712729124422224,-0.2099566648248583,decreases predicted RUL,122.69654846191406,96.0
80,Sensor_8_diff1,-0.038767913357293675,1.1667795270914212,increases predicted RUL,122.69654846191406,96.0
80,Sensor_8_roll_mean5,0.6479483082632903,1.2847006870433688,increases predicted RUL,122.69654846191406,96.0
80,Sensor_8_roll_std5,0.2477345457388618,0.6920827027788619,increases predicted RUL,122.69654846191406,96.0
80,Sensor_13_diff1,-0.03357999285029776,1.2658178242272697,increases predicted RUL,122.69654846191406,96.0
80,Sensor_13_roll_mean5,0.5053104188492111,1.1687228722730651,increases predicted RUL,122.69654846191406,96.0
80,Sensor_13_roll_std5,0.29902995051012765,-3.0526998192071915,decreases predicted RUL,122.69654846191406,96.0
80,Sensor_9_diff1,-0.021620070607048302,0.9588743695057929,increases predicted RUL,122.69654846191406,96.0
80,Sensor_9_roll_mean5,0.5714848265318553,2.1813704808737384,increases predicted RUL,122.69654846191406,96.0
80,Sensor_9_roll_std5,-0.08490611411681544,-0.02820090966997668,decreases predicted RUL,122.69654846191406,96.0
80,Regime_OneHot_0,0.3001204942461449,0.9866400207101833,increases predicted RUL,122.69654846191406,96.0
80,Regime_OneHot_1,-0.1401245517294491,0.23505808210393297,increases predicted RUL,122.69654846191406,96.0
80,Regime_OneHot_2,-0.19691859550207205,1.019092912087217,increases predicted RUL,122.69654846191406,96.0
80,Regime_OneHot_3,-0.08034013965623096,-0.2195011886069551,decreases predicted RUL,122.69654846191406,96.0
80,Regime_OneHot_4,-0.028681521480621405,-0.3344312604458537,decreases predicted RUL,122.69654846191406,96.0
80,Regime_OneHot_5,0.08186694884943733,-0.9595650881528854,decreases predicted RUL,122.69654846191406,96.0
81,Regime_ID,1.92,-1.5872220052406192,decreases predicted RUL,16.21666145324707,10.0
81,Sensor_1,-0.23729202806915958,1.0571379475513822,increases predicted RUL,16.21666145324707,10.0
81,Sensor_2,1.0700127001605662,-5.292319665662944,decreases predicted RUL,16.21666145324707,10.0
81,Sensor_3,0.7957138798779763,-6.033028080906661,decreases predicted RUL,16.21666145324707,10.0
81,Sensor_4,1.2396687759816212,-18.39254709519446,decreases predicted RUL,16.21666145324707,10.0
81,Sensor_5,0.08994794060384907,-1.6018470312119462,decreases predicted RUL,16.21666145324707,10.0
81,Sensor_6,0.972366141519637,0.5551154837012291,increases predicted RUL,16.21666145324707,10.0
81,Sensor_7,-0.5203401473736959,-0.05777701083570719,decreases predicted RUL,16.21666145324707,10.0
81,Sensor_8,0.3888055501906323,1.1721979848807678,increases predicted RUL,16.21666145324707,10.0
81,Sensor_9,0.47260526837814126,-1.7330826045945287,decreases predicted RUL,16.21666145324707,10.0
81,Sensor_10,-0.2247562159178695,-1.520861393888481,decreases predicted RUL,16.21666145324707,10.0
81,Sensor_11,1.215474258085887,-18.269523989059962,decreases predicted RUL,16.21666145324707,10.0
81,Sensor_12,-0.5711950248923023,1.7936373313423246,increases predicted RUL,16.21666145324707,10.0
81,Sensor_13,0.32558519732202257,-0.6055973852053285,decreases predicted RUL,16.21666145324707,10.0
81,Sensor_14,0.1717789623858187,4.0948496968158,increases predicted RUL,16.21666145324707,10.0
81,Sensor_15,1.1877697864446184,-3.7880205247784033,decreases predicted RUL,16.21666145324707,10.0
81,Sensor_17,1.0583710180902217,-13.609745530411601,decreases predicted RUL,16.21666145324707,10.0
81,Sensor_18,0.0,0.0,decreases predicted RUL,16.21666145324707,10.0
81,Sensor_19,-0.08283900411550954,0.051403846591711044,increases predicted RUL,16.21666145324707,10.0
81,Sensor_20,-0.7158746905841508,0.4118468593223952,increases predicted RUL,16.21666145324707,10.0
81,Sensor_21,-0.8459216627809244,-8.401434110419359,decreases predicted RUL,16.21666145324707,10.0
81,Sensor_11_diff1,0.015865235725300166,-1.4162986950250342,decreases predicted RUL,16.21666145324707,10.0
81,Sensor_11_roll_mean5,1.2979283847205039,-2.081290939822793,decreases predicted RUL,16.21666145324707,10.0
81,Sensor_11_roll_std5,0.07440621177379382,-1.1499330131337047,decreases predicted RUL,16.21666145324707,10.0
81,Sensor_4_diff1,0.030450337444604018,-0.18701707141008228,decreases predicted RUL,16.21666145324707,10.0
81,Sensor_4_roll_mean5,1.3685716787968059,-2.1903774067759514,decreases predicted RUL,16.21666145324707,10.0
81,Sensor_4_roll_std5,-0.07559345527574522,-1.3310022066580132,decreases predicted RUL,16.21666145324707,10.0
81,Sensor_17_diff1,0.026460679526405833,-0.15548389920968475,decreases predicted RUL,16.21666145324707,10.0
81,Sensor_17_roll_mean5,1.241956592427969,2.8954165084287524,increases predicted RUL,16.21666145324707,10.0
81,Sensor_17_roll_std5,0.05934277400945776,-0.07612818572670221,decreases predicted RUL,16.21666145324707,10.0
81,Sensor_8_diff1,-0.02297381990994664,-0.9343125056475401,decreases predicted RUL,16.21666145324707,10.0
81,Sensor_8_roll_mean5,0.476305723068738,3.881373105570674,increases predicted RUL,16.21666145324707,10.0
81,Sensor_8_roll_std5,-0.3874354602627354,-0.7097248471109197,decreases predicted RUL,16.21666145324707,10.0
81,Sensor_13_diff1,-0.008240661886344121,-1.018964623392094,decreases predicted RUL,16.21666145324707,10.0
81,Sensor_13_roll_mean5,0.3933072929620562,-0.7913216179586016,decreases predicted RUL,16.21666145324707,10.0
81,Sensor_13_roll_std5,-0.4949637988877456,-0.5358963613398373,decreases predicted RUL,16.21666145324707,10.0
81,Sensor_9_diff1,-0.036798028921465914,1.1882201734551927,increases predicted RUL,16.21666145324707,10.0
81,Sensor_9_roll_mean5,0.5271860635207557,2.419319102245936,increases predicted RUL,16.21666145324707,10.0
81,Sensor_9_roll_std5,0.44503795808317287,-1.2222730113426223,decreases predicted RUL,16.21666145324707,10.0
81,Regime_OneHot_0,0.02300622463423,-2.9236173761455575,decreases predicted RUL,16.21666145324707,10.0
81,Regime_OneHot_1,0.13990075072112965,0.5362829500081716,increases predicted RUL,16.21666145324707,10.0
81,Regime_OneHot_2,0.082839004114015,0.5541237492871005,increases predicted RUL,16.21666145324707,10.0
81,Regime_OneHot_3,-0.024108003548878675,-0.6912604116369039,decreases predicted RUL,16.21666145324707,10.0
81,Regime_OneHot_4,0.027291552389649542,-0.6837811833993328,decreases predicted RUL,16.21666145324707,10.0
81,Regime_OneHot_5,-0.25354716861012955,4.661870234762318,increases predicted RUL,16.21666145324707,10.0
82,Regime_ID,2.28,-1.2720423645805568,decreases predicted RUL,118.05198669433594,172.0
82,Sensor_1,-0.04851848748610564,2.811428160435753,increases predicted RUL,118.05198669433594,172.0
82,Sensor_2,-0.47336489387694614,1.673980432213284,increases predicted RUL,118.05198669433594,172.0
82,Sensor_3,-0.4767787534851944,0.5505922002485022,increases predicted RUL,118.05198669433594,172.0
82,Sensor_4,-0.5720560390701365,8.735046112909913,increases predicted RUL,118.05198669433594,172.0
82,Sensor_5,-0.033260688666184916,-0.4754361759405583,decreases predicted RUL,118.05198669433594,172.0
82,Sensor_6,-1.2725342279807532,-2.9952839431352913,decreases predicted RUL,118.05198669433594,172.0
82,Sensor_7,0.12743435722223612,5.699615503923269,increases predicted RUL,118.05198669433594,172.0
82,Sensor_8,-0.16966033442029263,3.269959254481364,increases predicted RUL,118.05198669433594,172.0
82,Sensor_9,-0.06240319282049698,12.50457850244129,increases predicted RUL,118.05198669433594,172.0
82,Sensor_10,-0.11870125709607153,-2.0911349235102534,decreases predicted RUL,118.05198669433594,172.0
82,Sensor_11,-0.5108620331344549,7.7590413253055885,increases predicted RUL,118.05198669433594,172.0
82,Sensor_12,0.15055562227964614,0.9816938736476004,increases predicted RUL,118.05198669433594,172.0
82,Sensor_13,-0.12216130081005064,1.957804525794927,increases predicted RUL,118.05198669433594,172.0
82,Sensor_14,0.01843305181122576,6.521776220295578,increases predicted RUL,118.05198669433594,172.0
82,Sensor_15,-0.6728302619792721,1.2910534224938601,increases predicted RUL,118.05198669433594,172.0
82,Sensor_17,-0.37510861306597526,6.612962681858335,increases predicted RUL,118.05198669433594,172.0
82,Sensor_18,0.0,0.0,decreases predicted RUL,118.05198669433594,172.0
82,Sensor_19,-0.026887484191246792,0.8197517993795884,increases predicted RUL,118.05198669433594,172.0
82,Sensor_20,0.14640640714063494,1.1950504125561565,increases predicted RUL,118.05198669433594,172.0
82,Sensor_21,0.3577693140956111,-0.3751520558435004,decreases predicted RUL,118.05198669433594,172.0
82,Sensor_11_diff1,-0.004970522107054462,-0.5144833959639072,decreases predicted RUL,118.05198669433594,172.0
82,Sensor_11_roll_mean5,-0.5757392274369392,0.27616602182388306,increases predicted RUL,118.05198669433594,172.0
82,Sensor_11_roll_std5,-0.47842770656507755,0.5088832537876442,increases predicted RUL,118.05198669433594,172.0
82,Sensor_4_diff1,0.0048628434763419316,0.5109064597636461,increases predicted RUL,118.05198669433594,172.0
82,Sensor_4_roll_mean5,-0.6480135923671467,-2.2704221537569538,decreases predicted RUL,118.05198669433594,172.0
82,Sensor_4_roll_std5,-0.12881017256104127,-0.347390660259407,decreases predicted RUL,118.05198669433594,172.0
82,Sensor_17_diff1,-0.020501142887090137,0.7550498392083682,increases predicted RUL,118.05198669433594,172.0
82,Sensor_17_roll_mean5,-0.4327703766045319,-5.218541467387695,decreases predicted RUL,118.05198669433594,172.0
82,Sensor_17_roll_std5,-0.6196254074609878,0.8488174814265221,increases predicted RUL,118.05198669433594,172.0
82,Sensor_8_diff1,0.0080476007591386,0.6347664182540029,increases predicted RUL,118.05198669433594,172.0
82,Sensor_8_roll_mean5,-0.20499194764650025,-4.497828938532621,decreases predicted RUL,118.05198669433594,172.0
82,Sensor_8_roll_std5,-0.4055919942278682,-1.0819735882832902,decreases predicted RUL,118.05198669433594,172.0
82,Sensor_13_diff1,0.01144248864025524,1.2299236136605032,increases predicted RUL,118.05198669433594,172.0
82,Sensor_13_roll_mean5,-0.15795450779581363,-12.697152391076088,decreases predicted RUL,118.05198669433594,172.0
82,Sensor_13_roll_std5,-0.3195759721030221,1.583281374478247,increases predicted RUL,118.05198669433594,172.0
82,Sensor_9_diff1,-0.04255362968146227,1.8459339034743607,increases predicted RUL,118.05198669433594,172.0
82,Sensor_9_roll_mean5,-0.052200350266797944,-7.242961564101279,decreases predicted RUL,118.05198669433594,172.0
82,Sensor_9_roll_std5,-0.5467521346838372,3.5339053820353,increases predicted RUL,118.05198669433594,172.0
82,Regime_OneHot_0,-0.0693651985697415,0.8652937267906964,increases predicted RUL,118.05198669433594,172.0
82,Regime_OneHot_1,0.027890629740898037,-0.1676637448836118,decreases predicted RUL,118.05198669433594,172.0
82,Regime_OneHot_2,0.026887484190797492,0.3342885158908757,increases predicted RUL,118.05198669433594,172.0
82,Regime_OneHot_3,0.03212413255847363,0.9101236830465496,increases predicted RUL,118.05198669433594,172.0
82,Regime_OneHot_4,0.08326462625992047,-3.447157872840762,decreases predicted RUL,118.05198669433594,172.0
82,Regime_OneHot_5,-0.08584010988034609,3.1719954904401675,increases predicted RUL,118.05198669433594,172.0
83,Regime_ID,2.38,2.458337265532464,increases predicted RUL,118.32633972167969,166.0
83,Sensor_1,0.21798533451350008,-3.608368906076066,decreases predicted RUL,118.32633972167969,166.0
83,Sensor_2,-0.6258172862106955,1.9338423910085112,increases predicted RUL,118.32633972167969,166.0
83,Sensor_3,-0.623468355413331,-0.2610085221240297,decreases predicted RUL,118.32633972167969,166.0
83,Sensor_4,-0.9296960946022544,6.299733812455088,increases predicted RUL,118.32633972167969,166.0
83,Sensor_5,0.12515040610957304,-0.27362124776118435,decreases predicted RUL,118.32633972167969,166.0
83,Sensor_6,-0.7189165115768368,0.2821305687975837,increases predicted RUL,118.32633972167969,166.0
83,Sensor_7,-0.2501831526897651,5.135097192774992,increases predicted RUL,118.32633972167969,166.0
83,Sensor_8,-0.4718296082525662,4.317617924609294,increases predicted RUL,118.32633972167969,166.0
83,Sensor_9,-0.55043522979002,13.655606449581683,increases predicted RUL,118.32633972167969,166.0
83,Sensor_10,-0.36934513538821895,-1.5096488965300523,decreases predicted RUL,118.32633972167969,166.0
83,Sensor_11,-0.981151744747238,5.73214355064556,increases predicted RUL,118.32633972167969,166.0
83,Sensor_12,-0.2358589058218086,3.9365241560153663,increases predicted RUL,118.32633972167969,166.0
83,Sensor_13,-0.4802839217168083,2.372488982597133,increases predicted RUL,118.32633972167969,166.0
83,Sensor_14,-0.4069987094825012,5.7372614024207,increases predicted RUL,118.32633972167969,166.0
83,Sensor_15,-0.3955662534276824,3.4672751779435202,increases predicted RUL,118.32633972167969,166.0
83,Sensor_17,-0.8060911795192552,6.412714647594839,increases predicted RUL,118.32633972167969,166.0
83,Sensor_18,0.0,0.0,decreases predicted RUL,118.32633972167969,166.0
83,Sensor_19,-0.026887484191246667,-0.4685861426987685,decreases predicted RUL,118.32633972167969,166.0
83,Sensor_20,0.014845919062407245,1.03145251784008,increases predicted RUL,118.32633972167969,166.0
83,Sensor_21,0.10497936546363933,-0.9265682238037698,decreases predicted RUL,118.32633972167969,166.0
83,Sensor_11_diff1,-0.024412805714469785,1.2963056052103639,increases predicted RUL,118.32633972167969,166.0
83,Sensor_11_roll_mean5,-1.0524445103929547,-0.9815299743786454,decreases predicted RUL,118.32633972167969,166.0
83,Sensor_11_roll_std5,0.13230435833757817,-0.6504340411847807,decreases predicted RUL,118.32633972167969,166.0
83,Sensor_4_diff1,0.03906826962654045,0.17975587490946054,increases predicted RUL,118.32633972167969,166.0
83,Sensor_4_roll_mean5,-1.0738166640042512,-4.195030228976975,decreases predicted RUL,118.32633972167969,166.0
83,Sensor_4_roll_std5,0.1076015482384218,0.2025994205614552,increases predicted RUL,118.32633972167969,166.0
83,Sensor_17_diff1,0.0015416521586195664,0.6526492673147004,increases predicted RUL,118.32633972167969,166.0
83,Sensor_17_roll_mean5,-1.0092498238300087,-7.130195584148169,decreases predicted RUL,118.32633972167969,166.0
83,Sensor_17_roll_std5,0.2676826273821076,-1.1084784902341198,decreases predicted RUL,118.32633972167969,166.0
83,Sensor_8_diff1,-0.02634078671929702,0.8297002335166326,increases predicted RUL,118.32633972167969,166.0
83,Sensor_8_roll_mean5,-0.5373141229266873,-1.5471094967797399,decreases predicted RUL,118.32633972167969,166.0
83,Sensor_8_roll_std5,-0.3279829009982055,-0.5730865157092921,decreases predicted RUL,118.32633972167969,166.0
83,Sensor_13_diff1,-0.016581155934636098,0.4937875806353986,increases predicted RUL,118.32633972167969,166.0
83,Sensor_13_roll_mean5,-0.5596645941355608,-9.423547342652455,decreases predicted RUL,118.32633972167969,166.0
83,Sensor_13_roll_std5,-0.3615089444485673,0.8307242215487349,increases predicted RUL,118.32633972167969,166.0
83,Sensor_9_diff1,-0.0038543456921044644,0.1331399865448475,increases predicted RUL,118.32633972167969,166.0
83,Sensor_9_roll_mean5,-0.572258220510901,-9.617668091785163,decreases predicted RUL,118.32633972167969,166.0
83,Sensor_9_roll_std5,0.10290124304785571,-0.2471062788972631,decreases predicted RUL,118.32633972167969,166.0
83,Regime_OneHot_0,-0.023179486967755764,-0.7444633422419429,decreases predicted RUL,118.32633972167969,166.0
83,Regime_OneHot_1,-0.14012455172944904,-0.3169969396549277,decreases predicted RUL,118.32633972167969,166.0
83,Regime_OneHot_2,0.02688748419079759,0.5841467223362997,increases predicted RUL,118.32633972167969,166.0
83,Regime_OneHot_3,0.20082054088053047,0.15378954587504268,increases predicted RUL,118.32633972167969,166.0
83,Regime_OneHot_4,-0.1406276692211633,1.4764953049598262,increases predicted RUL,118.32633972167969,166.0
83,Regime_OneHot_5,0.08186694884943735,-0.21310053439810872,decreases predicted RUL,118.32633972167969,166.0
84,Regime_ID,2.36,-2.742943302616368,decreases predicted RUL,114.41360473632812,115.0
84,Sensor_1,0.040316119847096245,1.7537160633364692,increases predicted RUL,114.41360473632812,115.0
84,Sensor_2,-0.6746423981520757,2.9891562783159316,increases predicted RUL,114.41360473632812,115.0
84,Sensor_3,-0.6274901991622666,0.23128764564171433,increases predicted RUL,114.41360473632812,115.0
84,Sensor_4,-0.8843856660839576,7.427116614300758,increases predicted RUL,114.41360473632812,115.0
84,Sensor_5,0.05474547509812507,-0.04454382159747183,decreases predicted RUL,114.41360473632812,115.0
84,Sensor_6,-1.6625550231233515,-6.2875598799437284,decreases predicted RUL,114.41360473632812,115.0
84,Sensor_7,-0.6022433877047979,9.957655242178589,increases predicted RUL,114.41360473632812,115.0
84,Sensor_8,-0.6484291019127241,6.731903589272406,increases predicted RUL,114.41360473632812,115.0
84,Sensor_9,-0.6329052196729035,17.762816169881262,increases predicted RUL,114.41360473632812,115.0
84,Sensor_10,-0.4195717080994666,-3.81087000365369,decreases predicted RUL,114.41360473632812,115.0
84,Sensor_11,-1.027089002739532,10.52511265053181,increases predicted RUL,114.41360473632812,115.0
84,Sensor_12,-0.6070084835899403,5.183615613379516,increases predicted RUL,114.41360473632812,115.0
84,Sensor_13,-0.7006281333119544,4.544403805863112,increases predicted RUL,114.41360473632812,115.0
84,Sensor_14,-0.43243948685457007,6.063469475506281,increases predicted RUL,114.41360473632812,115.0
84,Sensor_15,-0.32662863868544717,3.587515110615641,increases predicted RUL,114.41360473632812,115.0
84,Sensor_17,-0.8948308336251966,9.35925399500411,increases predicted RUL,114.41360473632812,115.0
84,Sensor_18,0.0,0.0,decreases predicted RUL,114.41360473632812,115.0
84,Sensor_19,-0.02688748419124669,0.03577367786783725,increases predicted RUL,114.41360473632812,115.0
84,Sensor_20,-0.16314193132165236,1.7034931690432131,increases predicted RUL,114.41360473632812,115.0
84,Sensor_21,0.1651971662353226,-1.2619291884475388,decreases predicted RUL,114.41360473632812,115.0
84,Sensor_11_diff1,-0.007062445340224515,-1.0340514248237014,decreases predicted RUL,114.41360473632812,115.0
84,Sensor_11_roll_mean5,-1.1228748976857317,-0.48887171875685453,decreases predicted RUL,114.41360473632812,115.0
84,Sensor_11_roll_std5,-0.09345333975138033,-0.8862586389295757,decreases predicted RUL,114.41360473632812,115.0
84,Sensor_4_diff1,-0.013450338323903587,-0.09664894547313452,decreases predicted RUL,114.41360473632812,115.0
84,Sensor_4_roll_mean5,-1.0084913222054939,-4.441004638443701,decreases predicted RUL,114.41360473632812,115.0
84,Sensor_4_roll_std5,-0.19942142861704812,0.15532803266250994,increases predicted RUL,114.41360473632812,115.0
84,Sensor_17_diff1,0.027746556590243197,0.5511330962181091,increases predicted RUL,114.41360473632812,115.0
84,Sensor_17_roll_mean5,-1.1122239446820683,-8.831325804814696,decreases predicted RUL,114.41360473632812,115.0
84,Sensor_17_roll_std5,0.1938945316669595,-1.2981766344964853,decreases predicted RUL,114.41360473632812,115.0
84,Sensor_8_diff1,0.012441751889780554,0.7565048485994339,increases predicted RUL,114.41360473632812,115.0
84,Sensor_8_roll_mean5,-0.7599571594351864,-3.8597957589663565,decreases predicted RUL,114.41360473632812,115.0
84,Sensor_8_roll_std5,-0.036009638408049015,-1.104997374000959,decreases predicted RUL,114.41360473632812,115.0
84,Sensor_13_diff1,0.00630174977261923,1.7175636552274227,increases predicted RUL,114.41360473632812,115.0
84,Sensor_13_roll_mean5,-0.8195566403188576,-16.71007626503706,decreases predicted RUL,114.41360473632812,115.0
84,Sensor_13_roll_std5,0.05647518654254484,0.3888532213313738,increases predicted RUL,114.41360473632812,115.0
84,Sensor_9_diff1,-0.012918121421258881,1.183504051528871,increases predicted RUL,114.41360473632812,115.0
84,Sensor_9_roll_mean5,-0.6680361413466686,-14.195143055170774,decreases predicted RUL,114.41360473632812,115.0
84,Sensor_9_roll_std5,-0.09650229148664576,0.611379700480029,increases predicted RUL,114.41360473632812,115.0
84,Regime_OneHot_0,-0.20792233337569876,-3.080041324486956,decreases predicted RUL,114.41360473632812,115.0
84,Regime_OneHot_1,0.13990075072112948,-0.39035176557081286,decreases predicted RUL,114.41360473632812,115.0
84,Regime_OneHot_2,0.02688748419079755,0.23159379715798423,increases predicted RUL,114.41360473632812,115.0
84,Regime_OneHot_3,0.20082054088053047,-0.22535970725584775,decreases predicted RUL,114.41360473632812,115.0
84,Regime_OneHot_4,-0.08465459535089238,2.8320494500221685,increases predicted RUL,114.41360473632812,115.0
84,Regime_OneHot_5,-0.029937756970418186,2.5355990896641742,increases predicted RUL,114.41360473632812,115.0
85,Regime_ID,1.96,-9.389046916738153,decreases predicted RUL,38.57414627075195,70.0
85,Sensor_1,0.14025505309694836,-4.961130014853552,decreases predicted RUL,38.57414627075195,70.0
85,Sensor_2,-0.11853630301998713,-1.9997633737511933,decreases predicted RUL,38.57414627075195,70.0
85,Sensor_3,0.47876974260752353,0.2101436140947044,increases predicted RUL,38.57414627075195,70.0
85,Sensor_4,0.3025363903397083,-8.175613483414054,decreases predicted RUL,38.57414627075195,70.0
85,Sensor_5,0.230757802626745,-3.0724508337298175,decreases predicted RUL,38.57414627075195,70.0
85,Sensor_6,0.1142380833085967,4.447434224013705,increases predicted RUL,38.57414627075195,70.0
85,Sensor_7,1.898030142665035,-26.696358934044838,decreases predicted RUL,38.57414627075195,70.0
85,Sensor_8,0.9265089628921469,-7.404107624664903,decreases predicted RUL,38.57414627075195,70.0
85,Sensor_9,1.038309779367865,-44.21818769723177,decreases predicted RUL,38.57414627075195,70.0
85,Sensor_10,1.182835331562488,8.173813097411767,increases predicted RUL,38.57414627075195,70.0
85,Sensor_11,0.47897349303653186,-11.739534146618098,decreases predicted RUL,38.57414627075195,70.0
85,Sensor_12,1.7838118023331868,-11.294369229581207,decreases predicted RUL,38.57414627075195,70.0
85,Sensor_13,0.9334357947074947,-4.620266312733293,decreases predicted RUL,38.57414627075195,70.0
85,Sensor_14,1.1879713926975715,-16.76701362268068,decreases predicted RUL,38.57414627075195,70.0
85,Sensor_15,-1.5754023620019628,-12.280750344507396,decreases predicted RUL,38.57414627075195,70.0
85,Sensor_17,0.3397720648809608,-11.421627072617412,decreases predicted RUL,38.57414627075195,70.0
85,Sensor_18,0.0,0.0,decreases predicted RUL,38.57414627075195,70.0
85,Sensor_19,0.08501555565727896,-0.28172010043635964,decreases predicted RUL,38.57414627075195,70.0
85,Sensor_20,1.2465002428000809,-8.061183570796857,decreases predicted RUL,38.57414627075195,70.0
85,Sensor_21,0.9287348130422697,9.446784378960729,increases predicted RUL,38.57414627075195,70.0
85,Sensor_11_diff1,0.05110350233091666,3.4195659272372723,increases predicted RUL,38.57414627075195,70.0
85,Sensor_11_roll_mean5,0.49686912464375654,0.05542396241798997,increases predicted RUL,38.57414627075195,70.0
85,Sensor_11_roll_std5,0.4524756746277913,-6.463613984116819,decreases predicted RUL,38.57414627075195,70.0
85,Sensor_4_diff1,-0.0035994045556938035,-0.2542789950966835,decreases predicted RUL,38.57414627075195,70.0
85,Sensor_4_roll_mean5,0.3631545653555076,6.349206244514789,increases predicted RUL,38.57414627075195,70.0
85,Sensor_4_roll_std5,-0.10397172908893014,-0.45759803045075387,decreases predicted RUL,38.57414627075195,70.0
85,Sensor_17_diff1,-0.007383770039300466,1.222328104544431,increases predicted RUL,38.57414627075195,70.0
85,Sensor_17_roll_mean5,0.44905856336715083,14.49013119423762,increases predicted RUL,38.57414627075195,70.0
85,Sensor_17_roll_std5,-0.014221432214086378,-1.141878103800991,decreases predicted RUL,38.57414627075195,70.0
85,Sensor_8_diff1,-0.01364363712214201,0.5883143497630954,increases predicted RUL,38.57414627075195,70.0
85,Sensor_8_roll_mean5,1.1140133501437566,10.97039360832423,increases predicted RUL,38.57414627075195,70.0
85,Sensor_8_roll_std5,-0.5436160324773602,0.11335177679575281,increases predicted RUL,38.57414627075195,70.0
85,Sensor_13_diff1,0.017780032406822622,1.458902284502983,increases predicted RUL,38.57414627075195,70.0
85,Sensor_13_roll_mean5,1.100511256085306,35.90802977234125,increases predicted RUL,38.57414627075195,70.0
85,Sensor_13_roll_std5,-0.48376806075384365,-1.7889947880757973,decreases predicted RUL,38.57414627075195,70.0
85,Sensor_9_diff1,0.04035566362748117,1.0179423782974482,increases predicted RUL,38.57414627075195,70.0
85,Sensor_9_roll_mean5,1.0951863048305532,30.68376025557518,increases predicted RUL,38.57414627075195,70.0
85,Sensor_9_roll_std5,0.1370464184565545,-2.022761567233829,decreases predicted RUL,38.57414627075195,70.0
85,Regime_OneHot_0,0.3001204942461447,7.6992814601399004,increases predicted RUL,38.57414627075195,70.0
85,Regime_OneHot_1,-0.14012455172944915,-0.7023264890303835,decreases predicted RUL,38.57414627075195,70.0
85,Regime_OneHot_2,-0.08501555565563726,1.0731492415070534,increases predicted RUL,38.57414627075195,70.0
85,Regime_OneHot_3,0.0321241325584736,-0.6572054360003676,decreases predicted RUL,38.57414627075195,70.0
85,Regime_OneHot_4,-0.2525738169617052,9.382426436059177,increases predicted RUL,38.57414627075195,70.0
85,Regime_OneHot_5,0.08186694884943742,-1.81539863999933,decreases predicted RUL,38.57414627075195,70.0
86,Regime_ID,2.14,-12.186374890326988,decreases predicted RUL,112.96040344238281,94.0
86,Sensor_1,-0.02630983565280516,6.316449578851461,increases predicted RUL,112.96040344238281,94.0
86,Sensor_2,-0.5768273348728448,2.0312592803966254,increases predicted RUL,112.96040344238281,94.0
86,Sensor_3,-0.6582226481728726,-1.3366864187410101,decreases predicted RUL,112.96040344238281,94.0
86,Sensor_4,-0.6604047949632933,8.140768324024975,increases predicted RUL,112.96040344238281,94.0
86,Sensor_5,0.28356150088533094,-0.6941313788411207,decreases predicted RUL,112.96040344238281,94.0
86,Sensor_6,-0.8995652744306176,-4.246687265578657,decreases predicted RUL,112.96040344238281,94.0
86,Sensor_7,-0.06046626879290396,5.1473370583262295,increases predicted RUL,112.96040344238281,94.0
86,Sensor_8,-0.1897108558547856,2.746069397406245,increases predicted RUL,112.96040344238281,94.0
86,Sensor_9,-0.18184148685153884,10.545784323941916,increases predicted RUL,112.96040344238281,94.0
86,Sensor_10,-0.09152310729936829,-2.101659739873867,decreases predicted RUL,112.96040344238281,94.0
86,Sensor_11,-0.6913075778515103,7.642779527581297,increases predicted RUL,112.96040344238281,94.0
86,Sensor_12,0.061863613621773894,2.3277448997832835,increases predicted RUL,112.96040344238281,94.0
86,Sensor_13,-0.17393578828665313,2.456540358136408,increases predicted RUL,112.96040344238281,94.0
86,Sensor_14,-0.19958664360072706,4.158943986520171,increases predicted RUL,112.96040344238281,94.0
86,Sensor_15,-0.5236936981829118,1.3574097901000641,increases predicted RUL,112.96040344238281,94.0
86,Sensor_17,-0.49018763311031477,5.112585309194401,increases predicted RUL,112.96040344238281,94.0
86,Sensor_18,0.0,0.0,decreases predicted RUL,112.96040344238281,94.0
86,Sensor_19,-0.3625966037368238,2.206273753065034,increases predicted RUL,112.96040344238281,94.0
86,Sensor_20,0.40774620221361374,-0.45071421819739044,decreases predicted RUL,112.96040344238281,94.0
86,Sensor_21,0.22310306874974453,-1.037592617678456,decreases predicted RUL,112.96040344238281,94.0
86,Sensor_11_diff1,-0.036170676751604014,4.244331948459148,increases predicted RUL,112.96040344238281,94.0
86,Sensor_11_roll_mean5,-0.7361897437069418,-2.9765284193854313,decreases predicted RUL,112.96040344238281,94.0
86,Sensor_11_roll_std5,0.6415049140817973,-1.5073222201317549,decreases predicted RUL,112.96040344238281,94.0
86,Sensor_4_diff1,-0.03226462943468637,1.0712648329790682,increases predicted RUL,112.96040344238281,94.0
86,Sensor_4_roll_mean5,-0.7149313124523586,-4.317612974438816,decreases predicted RUL,112.96040344238281,94.0
86,Sensor_4_roll_std5,0.21506698036343466,-1.5423442653845996,decreases predicted RUL,112.96040344238281,94.0
86,Sensor_17_diff1,-0.02050114288709014,-1.0739820597227663,decreases predicted RUL,112.96040344238281,94.0
86,Sensor_17_roll_mean5,-0.5882221802315866,-4.6730507230968215,decreases predicted RUL,112.96040344238281,94.0
86,Sensor_17_roll_std5,1.0632988724396415,-3.4187967822072096,decreases predicted RUL,112.96040344238281,94.0
86,Sensor_8_diff1,0.010122173098669468,0.571426710113883,increases predicted RUL,112.96040344238281,94.0
86,Sensor_8_roll_mean5,-0.22387824091803446,-2.1999935968779027,decreases predicted RUL,112.96040344238281,94.0
86,Sensor_8_roll_std5,-0.35260519632829784,-0.21678554071695544,decreases predicted RUL,112.96040344238281,94.0
86,Sensor_13_diff1,0.015963953172304222,1.6226411447496503,increases predicted RUL,112.96040344238281,94.0
86,Sensor_13_roll_mean5,-0.2066683397543683,-10.193044093903154,decreases predicted RUL,112.96040344238281,94.0
86,Sensor_13_roll_std5,-0.42406588284978725,1.3479715815919917,increases predicted RUL,112.96040344238281,94.0
86,Sensor_9_diff1,-0.023400656815577216,3.4017809610813856,increases predicted RUL,112.96040344238281,94.0
86,Sensor_9_roll_mean5,-0.19501239907857632,-8.227336725452915,decreases predicted RUL,112.96040344238281,94.0
86,Sensor_9_roll_std5,-0.09762939284535638,-0.9739654483564664,decreases predicted RUL,112.96040344238281,94.0
86,Regime_OneHot_0,-0.0693651985697414,2.722121436614543,increases predicted RUL,112.96040344238281,94.0
86,Regime_OneHot_1,-0.028114430749217694,-1.7828292752383277,decreases predicted RUL,112.96040344238281,94.0
86,Regime_OneHot_2,0.3625966037301022,-1.1944683573092334,decreases predicted RUL,112.96040344238281,94.0
86,Regime_OneHot_3,0.032124132558473635,0.8112888671457767,increases predicted RUL,112.96040344238281,94.0
86,Regime_OneHot_4,-0.3085468908319762,6.465722112683579,increases predicted RUL,112.96040344238281,94.0
86,Regime_OneHot_5,0.025964595939509474,3.517364250961691,increases predicted RUL,112.96040344238281,94.0
87,Regime_ID,2.42,0.15890874890465057,increases predicted RUL,58.13102340698242,56.0
87,Sensor_1,-0.08183146523605635,0.08366641221800819,increases predicted RUL,58.13102340698242,56.0
87,Sensor_2,0.17294678855969153,-4.783078741282225,decreases predicted RUL,58.13102340698242,56.0
87,Sensor_3,0.15461205587765772,1.6140659884549677,increases predicted RUL,58.13102340698242,56.0
87,Sensor_4,0.21088137406150254,0.7973997169174254,increases predicted RUL,58.13102340698242,56.0
87,Sensor_5,-0.17407055068908087,1.4722115660551935,increases predicted RUL,58.13102340698242,56.0
87,Sensor_6,0.7407059585134808,4.159375565242954,increases predicted RUL,58.13102340698242,56.0
87,Sensor_7,-0.27593588155169874,3.384374337620102,increases predicted RUL,58.13102340698242,56.0
87,Sensor_8,-0.15522393772813114,-0.48170290456619114,decreases predicted RUL,58.13102340698242,56.0
87,Sensor_9,-0.20828115989938664,2.332907023752341,increases predicted RUL,58.13102340698242,56.0
87,Sensor_10,-0.146561363254583,-0.7811589897446538,decreases predicted RUL,58.13102340698242,56.0
87,Sensor_11,0.23349279944427945,-10.830134939402342,decreases predicted RUL,58.13102340698242,56.0
87,Sensor_12,-0.28249769296686844,0.7708012039074674,increases predicted RUL,58.13102340698242,56.0
87,Sensor_13,-0.1703744473177344,1.599624736350961,increases predicted RUL,58.13102340698242,56.0
87,Sensor_14,-0.26877867020701457,3.6855635244137375,increases predicted RUL,58.13102340698242,56.0
87,Sensor_15,0.4960756725653506,-6.199285066861194,decreases predicted RUL,58.13102340698242,56.0
87,Sensor_17,0.17473313473797145,-4.1210772834019735,decreases predicted RUL,58.13102340698242,56.0
87,Sensor_18,0.0,0.0,decreases predicted RUL,58.13102340698242,56.0
87,Sensor_19,-0.026887484191246706,0.6995639340311754,increases predicted RUL,58.13102340698242,56.0
87,Sensor_20,-0.37561437128791764,0.04312933294568211,increases predicted RUL,58.13102340698242,56.0
87,Sensor_21,-0.16588791201780181,-3.180017601349391,decreases predicted RUL,58.13102340698242,56.0
87,Sensor_11_diff1,0.011985579667944703,-2.5931562408804893,decreases predicted RUL,58.13102340698242,56.0
87,Sensor_11_roll_mean5,0.23555895871783472,-2.160401886794716,decreases predicted RUL,58.13102340698242,56.0
87,Sensor_11_roll_std5,0.3914094446158398,2.4888476855121553,increases predicted RUL,58.13102340698242,56.0
87,Sensor_4_diff1,-0.032104685924354386,1.0517778163775802,increases predicted RUL,58.13102340698242,56.0
87,Sensor_4_roll_mean5,0.26367753529374943,-6.542490527965128,decreases predicted RUL,58.13102340698242,56.0
87,Sensor_4_roll_std5,0.018269863465247126,1.806264310667757,increases predicted RUL,58.13102340698242,56.0
87,Sensor_17_diff1,-0.01254546534346586,0.534958997159265,increases predicted RUL,58.13102340698242,56.0
87,Sensor_17_roll_mean5,0.21165098652003944,3.981076023832429,increases predicted RUL,58.13102340698242,56.0
87,Sensor_17_roll_std5,0.12374024771146941,-1.4541538245975971,decreases predicted RUL,58.13102340698242,56.0
87,Sensor_8_diff1,-0.017302688747008393,1.2252995318267494,increases predicted RUL,58.13102340698242,56.0
87,Sensor_8_roll_mean5,-0.1621703081058742,-2.3334640723187476,decreases predicted RUL,58.13102340698242,56.0
87,Sensor_8_roll_std5,-0.6363394606953005,-2.421300031244755,decreases predicted RUL,58.13102340698242,56.0
87,Sensor_13_diff1,-0.008251482973133127,-0.018050522776320577,decreases predicted RUL,58.13102340698242,56.0
87,Sensor_13_roll_mean5,-0.18622251414864865,-0.6228942445013672,decreases predicted RUL,58.13102340698242,56.0
87,Sensor_13_roll_std5,-0.6564260504237482,2.279737239005044,increases predicted RUL,58.13102340698242,56.0
87,Sensor_9_diff1,-0.023591273388380966,0.38680032175034285,increases predicted RUL,58.13102340698242,56.0
87,Sensor_9_roll_mean5,-0.20049908669639183,-2.257613936904818,decreases predicted RUL,58.13102340698242,56.0
87,Sensor_9_roll_std5,-0.18796728550460606,0.793608445499558,increases predicted RUL,58.13102340698242,56.0
87,Regime_OneHot_0,-0.11555091017172726,-0.14573206519708037,decreases predicted RUL,58.13102340698242,56.0
87,Regime_OneHot_1,0.027890629740898024,0.7006542171293404,increases predicted RUL,58.13102340698242,56.0
87,Regime_OneHot_2,0.026887484190797572,-2.7901571357506327,decreases predicted RUL,58.13102340698242,56.0
87,Regime_OneHot_3,-0.08034013965623098,1.6289381297538057,increases predicted RUL,58.13102340698242,56.0
87,Regime_OneHot_4,0.19521077400046224,-1.4854931575246155,decreases predicted RUL,58.13102340698242,56.0
87,Regime_OneHot_5,-0.029937756970418263,-2.453883554728236,decreases predicted RUL,58.13102340698242,56.0
88,Regime_ID,2.18,-11.650614195037633,decreases predicted RUL,54.06874084472656,86.0
88,Sensor_1,-0.004101183819504666,0.42759221722371876,increases predicted RUL,54.06874084472656,86.0
88,Sensor_2,-0.2902473630705095,-2.5728253559209406,decreases predicted RUL,54.06874084472656,86.0
88,Sensor_3,0.0949094506831185,1.0231938160140999,increases predicted RUL,54.06874084472656,86.0
88,Sensor_4,0.016755576406783157,-1.7417908967472613,decreases predicted RUL,54.06874084472656,86.0
88,Sensor_5,-0.13886808518335692,0.21466968406457454,increases predicted RUL,54.06874084472656,86.0
88,Sensor_6,0.09177412739993086,6.248945225961506,increases predicted RUL,54.06874084472656,86.0
88,Sensor_7,1.3635084901904548,-28.1409360319376,decreases predicted RUL,54.06874084472656,86.0
88,Sensor_8,0.5912353398203476,-7.46902963751927,decreases predicted RUL,54.06874084472656,86.0
88,Sensor_9,0.6953258897161438,-43.05654637794942,decreases predicted RUL,54.06874084472656,86.0
88,Sensor_10,0.8169700416357151,7.848271739203483,increases predicted RUL,54.06874084472656,86.0
88,Sensor_11,0.03278874477975119,-3.7619795221835375,decreases predicted RUL,54.06874084472656,86.0
88,Sensor_12,1.3568443241517107,-11.39843391411705,decreases predicted RUL,54.06874084472656,86.0
88,Sensor_13,0.5789344372094481,-3.9540677182376385,decreases predicted RUL,54.06874084472656,86.0
88,Sensor_14,0.7679810153921222,-7.437872582115233,decreases predicted RUL,54.06874084472656,86.0
88,Sensor_15,-1.3288184010650324,-13.159901099279523,decreases predicted RUL,54.06874084472656,86.0
88,Sensor_17,0.15852023718112196,-13.401878160773776,decreases predicted RUL,54.06874084472656,86.0
88,Sensor_18,0.0,0.0,decreases predicted RUL,54.06874084472656,86.0
88,Sensor_19,0.19691859550580443,-2.193789404074778,decreases predicted RUL,54.06874084472656,86.0
88,Sensor_20,0.9752978477583468,-7.706741972826421,decreases predicted RUL,54.06874084472656,86.0
88,Sensor_21,1.0686550743094394,15.586515732109547,increases predicted RUL,54.06874084472656,86.0
88,Sensor_11_diff1,0.016291659843308555,-0.8732980713248253,decreases predicted RUL,54.06874084472656,86.0
88,Sensor_11_roll_mean5,0.0434855446114866,-1.8058688277378678,decreases predicted RUL,54.06874084472656,86.0
88,Sensor_11_roll_std5,-0.2546004246789549,1.3261006148532033,increases predicted RUL,54.06874084472656,86.0
88,Sensor_4_diff1,0.004229042674362105,-0.2865427387878299,decreases predicted RUL,54.06874084472656,86.0
88,Sensor_4_roll_mean5,0.015804479664534545,3.329546304186806,increases predicted RUL,54.06874084472656,86.0
88,Sensor_4_roll_std5,-0.3684248139189333,-3.893186620436609,decreases predicted RUL,54.06874084472656,86.0
88,Sensor_17_diff1,-0.011064711861274668,0.8203427504049614,increases predicted RUL,54.06874084472656,86.0
88,Sensor_17_roll_mean5,0.18418635694789479,15.638727685436606,increases predicted RUL,54.06874084472656,86.0
88,Sensor_17_roll_std5,-0.3452340575321995,-0.8648848129669204,decreases predicted RUL,54.06874084472656,86.0
88,Sensor_8_diff1,0.007605338881988264,-0.4596573293674737,decreases predicted RUL,54.06874084472656,86.0
88,Sensor_8_roll_mean5,0.6948095967962084,11.232248772634193,increases predicted RUL,54.06874084472656,86.0
88,Sensor_8_roll_std5,-0.7509108394765499,-0.44306833455266315,decreases predicted RUL,54.06874084472656,86.0
88,Sensor_13_diff1,-0.005972463213896101,-1.297073071822524,decreases predicted RUL,54.06874084472656,86.0
88,Sensor_13_roll_mean5,0.701168749486646,31.901087464764714,increases predicted RUL,54.06874084472656,86.0
88,Sensor_13_roll_std5,-0.6853862668209988,6.05280074023176,increases predicted RUL,54.06874084472656,86.0
88,Sensor_9_diff1,0.023691547104042043,0.9788926765322685,increases predicted RUL,54.06874084472656,86.0
88,Sensor_9_roll_mean5,0.7311681002646772,31.976172611117363,increases predicted RUL,54.06874084472656,86.0
88,Sensor_9_roll_std5,-0.2591142981020144,1.987780673080124,increases predicted RUL,54.06874084472656,86.0
88,Regime_OneHot_0,0.2077490710421732,6.548096621409059,increases predicted RUL,54.06874084472656,86.0
88,Regime_OneHot_1,-0.1401245517294491,-1.2711202641949058,decreases predicted RUL,54.06874084472656,86.0
88,Regime_OneHot_2,-0.19691859550207208,3.9220801163464785,increases predicted RUL,54.06874084472656,86.0
88,Regime_OneHot_3,-0.08034013965623096,-0.14792624406982213,decreases predicted RUL,54.06874084472656,86.0
88,Regime_OneHot_4,0.2511838478707332,-12.309773601591587,decreases predicted RUL,54.06874084472656,86.0
88,Regime_OneHot_5,-0.08584010988034609,6.886136556044221,increases predicted RUL,54.06874084472656,86.0
89,Regime_ID,2.22,-1.1262155501171947,decreases predicted RUL,100.61798095703125,96.0
89,Sensor_1,-0.1262487689026573,3.0558439986780286,increases predicted RUL,100.61798095703125,96.0
89,Sensor_2,0.5378888715051425,-0.6637791495013516,decreases predicted RUL,100.61798095703125,96.0
89,Sensor_3,0.5106595855370045,0.9629919920116663,increases predicted RUL,100.61798095703125,96.0
89,Sensor_4,0.6979807448500407,-11.22035363514442,decreases predicted RUL,100.61798095703125,96.0
89,Sensor_5,-0.1036656196776329,-3.201915421523154,decreases predicted RUL,100.61798095703125,96.0
89,Sensor_6,0.8412530229578262,3.257659066352062,increases predicted RUL,100.61798095703125,96.0
89,Sensor_7,-0.421344049587993,8.241979168262333,increases predicted RUL,100.61798095703125,96.0
89,Sensor_8,-0.23887142480289497,0.20229874178767204,increases predicted RUL,100.61798095703125,96.0
89,Sensor_9,-0.5359702514221817,16.321841213852167,increases predicted RUL,100.61798095703125,96.0
89,Sensor_10,-0.19168631787409926,1.0569359982619062,increases predicted RUL,100.61798095703125,96.0
89,Sensor_11,0.7865578660020082,-7.004921431420371,decreases predicted RUL,100.61798095703125,96.0
89,Sensor_12,-0.42797538044287436,5.230551906861365,increases predicted RUL,100.61798095703125,96.0
89,Sensor_13,-0.294206236912967,3.5990853074472398,increases predicted RUL,100.61798095703125,96.0
89,Sensor_14,-0.6602800196539681,-0.1254540883237496,decreases predicted RUL,100.61798095703125,96.0
89,Sensor_15,0.8910450035259595,3.2681206054985523,increases predicted RUL,100.61798095703125,96.0
89,Sensor_17,0.6522485442803139,-6.971675926470198,decreases predicted RUL,100.61798095703125,96.0
89,Sensor_18,0.0,0.0,decreases predicted RUL,100.61798095703125,96.0
89,Sensor_19,0.029064035733016046,1.5114032288547605,increases predicted RUL,100.61798095703125,96.0
89,Sensor_20,-0.6525820535309272,0.8154797573806718,increases predicted RUL,100.61798095703125,96.0
89,Sensor_21,-0.47727107890633846,-5.066372954519466,decreases predicted RUL,100.61798095703125,96.0
89,Sensor_11_diff1,0.008792340033599718,-2.3416878981515765,decreases predicted RUL,100.61798095703125,96.0
89,Sensor_11_roll_mean5,0.8754750768181911,9.052018439397216,increases predicted RUL,100.61798095703125,96.0
89,Sensor_11_roll_std5,0.13469040667240523,0.7276505018526223,increases predicted RUL,100.61798095703125,96.0
89,Sensor_4_diff1,-0.008695731182049367,-0.5587104547885247,decreases predicted RUL,100.61798095703125,96.0
89,Sensor_4_roll_mean5,0.8176982637213712,3.080177997238934,increases predicted RUL,100.61798095703125,96.0
89,Sensor_4_roll_std5,-0.5395126700869778,0.6678300293860957,increases predicted RUL,100.61798095703125,96.0
89,Sensor_17_diff1,0.0013924959943252713,0.8000062011415139,increases predicted RUL,100.61798095703125,96.0
89,Sensor_17_roll_mean5,0.8257895391581508,6.724852092564106,increases predicted RUL,100.61798095703125,96.0
89,Sensor_17_roll_std5,-0.5127155557383465,0.7893471319548553,increases predicted RUL,100.61798095703125,96.0
89,Sensor_8_diff1,0.029005493721898343,-1.224058410152793,decreases predicted RUL,100.61798095703125,96.0
89,Sensor_8_roll_mean5,-0.29761844367643947,-6.77227359265089,decreases predicted RUL,100.61798095703125,96.0
89,Sensor_8_roll_std5,0.5521742318552189,5.86663606876391,increases predicted RUL,100.61798095703125,96.0
89,Sensor_13_diff1,0.02582329100968334,1.9642537510953844,increases predicted RUL,100.61798095703125,96.0
89,Sensor_13_roll_mean5,-0.36523700048942975,-1.4488704591058195,decreases predicted RUL,100.61798095703125,96.0
89,Sensor_13_roll_std5,0.4841545755331428,-6.569760310143465,decreases predicted RUL,100.61798095703125,96.0
89,Sensor_9_diff1,-0.03103670494421908,2.5507362512871623,increases predicted RUL,100.61798095703125,96.0
89,Sensor_9_roll_mean5,-0.5534131358550163,-9.989370666444302,decreases predicted RUL,100.61798095703125,96.0
89,Sensor_9_roll_std5,0.31027929159957557,-3.4335229261778295,decreases predicted RUL,100.61798095703125,96.0
89,Regime_OneHot_0,-0.02317948696775578,-2.0550121595151722,decreases predicted RUL,100.61798095703125,96.0
89,Regime_OneHot_1,0.08389569023101379,1.1657673041336238,increases predicted RUL,100.61798095703125,96.0
89,Regime_OneHot_2,-0.029064035732419925,1.6052226319443434,increases predicted RUL,100.61798095703125,96.0
89,Regime_OneHot_3,-0.08034013965623098,-0.21005959599278867,decreases predicted RUL,100.61798095703125,96.0
89,Regime_OneHot_4,0.13923770013019138,-5.024120285175741,decreases predicted RUL,100.61798095703125,96.0
89,Regime_OneHot_5,-0.08584010988034592,0.4810709496960044,increases predicted RUL,100.61798095703125,96.0
90,Regime_ID,2.44,-1.5153911197558045,decreases predicted RUL,48.460636138916016,50.0
90,Sensor_1,0.01810746801379577,-0.2844183798879385,decreases predicted RUL,48.460636138916016,50.0
90,Sensor_2,0.7079022574840619,-4.633829116821289,decreases predicted RUL,48.460636138916016,50.0
90,Sensor_3,0.55823813299014,-1.5637541613541543,decreases predicted RUL,48.460636138916016,50.0
90,Sensor_4,0.4013989264883222,-5.585373733192682,decreases predicted RUL,48.460636138916016,50.0
90,Sensor_5,-0.08606438692477093,0.8959308050107211,increases predicted RUL,48.460636138916016,50.0
90,Sensor_6,0.8582393465276098,1.3787545694503933,increases predicted RUL,48.460636138916016,50.0
90,Sensor_7,-0.3404994025277862,3.184926375746727,increases predicted RUL,48.460636138916016,50.0
90,Sensor_8,1.1420372352046466,-0.14474388537928462,decreases predicted RUL,48.460636138916016,50.0
90,Sensor_9,1.350030943756939,-23.27505673887208,decreases predicted RUL,48.460636138916016,50.0
90,Sensor_10,-0.17971803092780683,-1.490925865859026,decreases predicted RUL,48.460636138916016,50.0
90,Sensor_11,0.28812231854603865,-2.59614816471003,decreases predicted RUL,48.460636138916016,50.0
90,Sensor_12,-0.3158106281301264,3.0522720577937434,increases predicted RUL,48.460636138916016,50.0
90,Sensor_13,1.1333273763506697,-4.568491609767079,decreases predicted RUL,48.460636138916016,50.0
90,Sensor_14,1.4643932967257518,-19.20773752196692,decreases predicted RUL,48.460636138916016,50.0
90,Sensor_15,0.5874852414853386,1.9841638292418793,increases predicted RUL,48.460636138916016,50.0
90,Sensor_17,0.2946881114642774,-3.390298768877983,decreases predicted RUL,48.460636138916016,50.0
90,Sensor_18,0.0,0.0,decreases predicted RUL,48.460636138916016,50.0
90,Sensor_19,-0.13879052403977232,-0.19778672911343165,decreases predicted RUL,48.460636138916016,50.0
90,Sensor_20,-0.4398185336309852,0.9872842412441969,increases predicted RUL,48.460636138916016,50.0
90,Sensor_21,-0.4304202657690726,-7.307739095995203,decreases predicted RUL,48.460636138916016,50.0
90,Sensor_11_diff1,-0.005103347509311091,-1.0488740876317024,decreases predicted RUL,48.460636138916016,50.0
90,Sensor_11_roll_mean5,0.32411801830023707,1.7444762904196978,increases predicted RUL,48.460636138916016,50.0
90,Sensor_11_roll_std5,-0.2009574418216633,-0.14284762949682772,decreases predicted RUL,48.460636138916016,50.0
90,Sensor_4_diff1,-0.006025377822901685,-0.18627117620781064,decreases predicted RUL,48.460636138916016,50.0
90,Sensor_4_roll_mean5,0.4581806468370723,-1.4479923881590366,decreases predicted RUL,48.460636138916016,50.0
90,Sensor_4_roll_std5,-0.16490723776546223,-0.1541353266366059,decreases predicted RUL,48.460636138916016,50.0
90,Sensor_17_diff1,0.02069225127408344,1.7992286011576653,increases predicted RUL,48.460636138916016,50.0
90,Sensor_17_roll_mean5,0.3368568133582086,1.9018623150186613,increases predicted RUL,48.460636138916016,50.0
90,Sensor_17_roll_std5,0.2147220511459392,-2.0237001920431794,decreases predicted RUL,48.460636138916016,50.0
90,Sensor_8_diff1,0.04143752244453831,1.2547074286267161,increases predicted RUL,48.460636138916016,50.0
90,Sensor_8_roll_mean5,1.2672455757591317,12.284883011132479,increases predicted RUL,48.460636138916016,50.0
90,Sensor_8_roll_std5,0.8576770974166741,8.142870986834168,increases predicted RUL,48.460636138916016,50.0
90,Sensor_13_diff1,0.04172592052077943,-0.8072312676813453,decreases predicted RUL,48.460636138916016,50.0
90,Sensor_13_roll_mean5,1.258176059670734,-3.592330411542207,decreases predicted RUL,48.460636138916016,50.0
90,Sensor_13_roll_std5,0.9240042351488913,-18.78269495163113,decreases predicted RUL,48.460636138916016,50.0
90,Sensor_9_diff1,0.016640158768675573,0.4898799145594239,increases predicted RUL,48.460636138916016,50.0
90,Sensor_9_roll_mean5,1.402285371262234,15.044981941580772,increases predicted RUL,48.460636138916016,50.0
90,Sensor_9_roll_std5,0.10381061399404805,-1.409474833868444,decreases predicted RUL,48.460636138916016,50.0
90,Regime_OneHot_0,-0.023179486967755764,0.4963960471795872,increases predicted RUL,48.460636138916016,50.0
90,Regime_OneHot_1,-0.19612961221956485,-0.14210463117342442,decreases predicted RUL,48.460636138916016,50.0
90,Regime_OneHot_2,0.13879052403723247,1.5776117447239812,increases predicted RUL,48.460636138916016,50.0
90,Regime_OneHot_3,-0.08034013965623094,0.5627207030775025,increases predicted RUL,48.460636138916016,50.0
90,Regime_OneHot_4,0.13923770013019132,0.8164615933783352,increases predicted RUL,48.460636138916016,50.0
90,Regime_OneHot_5,0.025964595939509515,-2.352801478584297,decreases predicted RUL,48.460636138916016,50.0
91,Regime_ID,2.28,-1.9892222625785507,decreases predicted RUL,88.43769073486328,73.0
91,Sensor_1,-0.04851848748610563,0.0053089369321241975,increases predicted RUL,88.43769073486328,73.0
91,Sensor_2,-0.059142068296706284,-4.100460629444569,decreases predicted RUL,88.43769073486328,73.0
91,Sensor_3,-0.11912601932401456,0.7870792035610066,increases predicted RUL,88.43769073486328,73.0
91,Sensor_4,-0.24662797062013875,4.4361613052897155,increases predicted RUL,88.43769073486328,73.0
91,Sensor_5,0.03714424234526307,-2.1286297706974437,decreases predicted RUL,88.43769073486328,73.0
91,Sensor_6,0.7125552311446139,4.337638794851955,increases predicted RUL,88.43769073486328,73.0
91,Sensor_7,-0.1800257605900046,4.671078713843599,increases predicted RUL,88.43769073486328,73.0
91,Sensor_8,0.2770014942411982,0.017276489961659536,increases predicted RUL,88.43769073486328,73.0
91,Sensor_9,0.5105091315684874,-6.936615660059033,decreases predicted RUL,88.43769073486328,73.0
91,Sensor_10,-0.1428997847868923,-1.9541035408255993,decreases predicted RUL,88.43769073486328,73.0
91,Sensor_11,-0.24969306728249477,0.9366072819248075,increases predicted RUL,88.43769073486328,73.0
91,Sensor_12,-0.2211652294931307,2.1418921450385824,increases predicted RUL,88.43769073486328,73.0
91,Sensor_13,0.2590351877722647,0.27206965861842036,increases predicted RUL,88.43769073486328,73.0
91,Sensor_14,0.4801728384183652,3.0199522127513774,increases predicted RUL,88.43769073486328,73.0
91,Sensor_15,0.2793198596428886,1.6299267683643848,increases predicted RUL,88.43769073486328,73.0
91,Sensor_17,-0.19691707995114308,1.851412536459975,increases predicted RUL,88.43769073486328,73.0
91,Sensor_18,0.0,0.0,decreases predicted RUL,88.43769073486328,73.0
91,Sensor_19,-0.1947420439640353,-0.38291269406909123,decreases predicted RUL,88.43769073486328,73.0
91,Sensor_20,0.1476955135534308,0.8635729843517765,increases predicted RUL,88.43769073486328,73.0
91,Sensor_21,0.13868637207489615,-2.4184325585665647,decreases predicted RUL,88.43769073486328,73.0
91,Sensor_11_diff1,-0.009208022587972845,-1.9848676519468427,decreases predicted RUL,88.43769073486328,73.0
91,Sensor_11_roll_mean5,-0.2794344582879168,-3.2736521447077394,decreases predicted RUL,88.43769073486328,73.0
91,Sensor_11_roll_std5,-0.5204046159643471,-1.669312620004348,decreases predicted RUL,88.43769073486328,73.0
91,Sensor_4_diff1,-0.008679049030988267,1.9358237371779978,increases predicted RUL,88.43769073486328,73.0
91,Sensor_4_roll_mean5,-0.26631579172558545,-2.888281269930303,decreases predicted RUL,88.43769073486328,73.0
91,Sensor_4_roll_std5,0.16061693062945293,-0.8753611965512391,decreases predicted RUL,88.43769073486328,73.0
91,Sensor_17_diff1,-0.029677613044065562,0.47745070792734623,increases predicted RUL,88.43769073486328,73.0
91,Sensor_17_roll_mean5,-0.19374537834050087,0.07766436651581898,increases predicted RUL,88.43769073486328,73.0
91,Sensor_17_roll_std5,0.1762836783709949,-0.43016165739391,decreases predicted RUL,88.43769073486328,73.0
91,Sensor_8_diff1,0.03020715304987415,2.39071486517787,increases predicted RUL,88.43769073486328,73.0
91,Sensor_8_roll_mean5,0.3105701440259587,0.8001468721777201,increases predicted RUL,88.43769073486328,73.0
91,Sensor_8_roll_std5,0.14994982618035374,2.0005831818562,increases predicted RUL,88.43769073486328,73.0
91,Sensor_13_diff1,0.02892628786335684,2.133335787395481,increases predicted RUL,88.43769073486328,73.0
91,Sensor_13_roll_mean5,0.29683832778046004,-0.17146879713982344,decreases predicted RUL,88.43769073486328,73.0
91,Sensor_13_roll_std5,0.05426411065061786,-5.1048621575318975,decreases predicted RUL,88.43769073486328,73.0
91,Sensor_9_diff1,0.0013477515662746375,-2.3841372542083263,decreases predicted RUL,88.43769073486328,73.0
91,Sensor_9_roll_mean5,0.550998852601565,6.529773597372696,increases predicted RUL,88.43769073486328,73.0
91,Sensor_9_roll_std5,-0.041096702592235045,1.1319685814669356,increases predicted RUL,88.43769073486328,73.0
91,Regime_OneHot_0,-0.06936519856974152,1.829237920930609,increases predicted RUL,88.43769073486328,73.0
91,Regime_OneHot_1,-0.14012455172944915,-0.44314617913914844,decreases predicted RUL,88.43769073486328,73.0
91,Regime_OneHot_2,0.19474204396044992,0.2066288967616856,increases predicted RUL,88.43769073486328,73.0
91,Regime_OneHot_3,0.08835626866582592,1.0756568651413545,increases predicted RUL,88.43769073486328,73.0
91,Regime_OneHot_4,0.13923770013019132,-4.696298893424682,decreases predicted RUL,88.43769073486328,73.0
91,Regime_OneHot_5,-0.19764481570020156,5.4106701272539794,increases predicted RUL,88.43769073486328,73.0
92,Regime_ID,2.32,-1.1893505759071559,decreases predicted RUL,117.25184631347656,154.0
92,Sensor_1,0.07362909759704696,0.7475558272562921,increases predicted RUL,117.25184631347656,154.0
92,Sensor_2,-0.8297248097224535,3.653859437967185,increases predicted RUL,117.25184631347656,154.0
92,Sensor_3,-1.10962410277557,1.901407474768348,increases predicted RUL,117.25184631347656,154.0
92,Sensor_4,-1.1199953641594969,12.089517284184694,increases predicted RUL,117.25184631347656,154.0
92,Sensor_5,0.05474547509812505,-0.24796821339987218,decreases predicted RUL,117.25184631347656,154.0
92,Sensor_6,-1.4304090030883518,1.3165553545113653,increases predicted RUL,117.25184631347656,154.0
92,Sensor_7,-0.7289717216558897,5.508641608408652,increases predicted RUL,117.25184631347656,154.0
92,Sensor_8,-0.8012826890206002,0.7608773927786388,increases predicted RUL,117.25184631347656,154.0
92,Sensor_9,-0.8430113527986666,11.47909607551992,increases predicted RUL,117.25184631347656,154.0
92,Sensor_10,-0.6111795815945442,-3.11159166903235,decreases predicted RUL,117.25184631347656,154.0
92,Sensor_11,-1.2261392720620095,10.029231096734293,increases predicted RUL,117.25184631347656,154.0
92,Sensor_12,-0.832412439885463,4.594427080417518,increases predicted RUL,117.25184631347656,154.0
92,Sensor_13,-0.8010526640940886,5.395899496274069,increases predicted RUL,117.25184631347656,154.0
92,Sensor_14,-0.7240734258173783,1.0822441816562787,increases predicted RUL,117.25184631347656,154.0
92,Sensor_15,-0.12106925756536929,2.3058101512724534,increases predicted RUL,117.25184631347656,154.0
92,Sensor_17,-0.7389809166809852,4.65634087388753,increases predicted RUL,117.25184631347656,154.0
92,Sensor_18,0.0,0.0,decreases predicted RUL,117.25184631347656,154.0
92,Sensor_19,-0.02688748419124666,0.718194212357048,increases predicted RUL,117.25184631347656,154.0
92,Sensor_20,-0.05434206203410965,1.152031722231186,increases predicted RUL,117.25184631347656,154.0
92,Sensor_21,-0.2305230140164748,-0.5748274303623475,decreases predicted RUL,117.25184631347656,154.0
92,Sensor_11_diff1,-0.01965414178791897,-0.5050372323021293,decreases predicted RUL,117.25184631347656,154.0
92,Sensor_11_roll_mean5,-1.3109667985436806,5.158763520477805,increases predicted RUL,117.25184631347656,154.0
92,Sensor_11_roll_std5,-0.583275511522045,-0.3792667711095419,decreases predicted RUL,117.25184631347656,154.0
92,Sensor_4_diff1,0.003803283030085125,0.4197026767069474,increases predicted RUL,117.25184631347656,154.0
92,Sensor_4_roll_mean5,-1.29423881734028,1.2289489943068475,increases predicted RUL,117.25184631347656,154.0
92,Sensor_4_roll_std5,-0.39685741692089094,-0.6245755832642317,decreases predicted RUL,117.25184631347656,154.0
92,Sensor_17_diff1,-0.022937761771419752,0.35936202574521303,increases predicted RUL,117.25184631347656,154.0
92,Sensor_17_roll_mean5,-0.9164131290142388,-1.0916228061541915,decreases predicted RUL,117.25184631347656,154.0
92,Sensor_17_roll_std5,-0.21124812456334663,0.025180685304803774,increases predicted RUL,117.25184631347656,154.0
92,Sensor_8_diff1,0.02472698243691553,-0.505961315240711,decreases predicted RUL,117.25184631347656,154.0
92,Sensor_8_roll_mean5,-0.9801869101750939,-7.1780839171260595,decreases predicted RUL,117.25184631347656,154.0
92,Sensor_8_roll_std5,0.060917748219859805,-0.3545860416343203,decreases predicted RUL,117.25184631347656,154.0
92,Sensor_13_diff1,0.014864881005057983,0.6843797387555242,increases predicted RUL,117.25184631347656,154.0
92,Sensor_13_roll_mean5,-0.9793225238901367,-7.184401261387393,decreases predicted RUL,117.25184631347656,154.0
92,Sensor_13_roll_std5,0.012590692706410684,-0.03254611324518919,decreases predicted RUL,117.25184631347656,154.0
92,Sensor_9_diff1,-0.02940315922666099,0.2986412923783064,increases predicted RUL,117.25184631347656,154.0
92,Sensor_9_roll_mean5,-0.881195990227193,-8.956918792333454,decreases predicted RUL,117.25184631347656,154.0
92,Sensor_9_roll_std5,0.34283204989127547,-0.6815416649915278,decreases predicted RUL,117.25184631347656,154.0
92,Regime_OneHot_0,-0.06936519856974152,0.5229639743338339,increases predicted RUL,117.25184631347656,154.0
92,Regime_OneHot_1,-0.028114430749217652,0.13279850775870727,increases predicted RUL,117.25184631347656,154.0
92,Regime_OneHot_2,0.02688748419079759,0.03242958360351622,increases predicted RUL,117.25184631347656,154.0
92,Regime_OneHot_3,0.14458840477317825,0.3422924733349646,increases predicted RUL,117.25184631347656,154.0
92,Regime_OneHot_4,-0.028681521480621416,0.06359025280107744,increases predicted RUL,117.25184631347656,154.0
92,Regime_OneHot_5,-0.02993775697041826,1.2848424966214225,increases predicted RUL,117.25184631347656,154.0
93,Regime_ID,2.2,3.076650080969557,increases predicted RUL,119.84822082519531,129.0
93,Sensor_1,0.10694207534699769,-3.3702645138837397,decreases predicted RUL,119.84822082519531,129.0
93,Sensor_2,-0.3868922212709445,1.3406659812972066,increases predicted RUL,119.84822082519531,129.0
93,Sensor_3,-0.39740488539436364,1.486007695319131,increases predicted RUL,119.84822082519531,129.0
93,Sensor_4,-0.5044467706215313,6.387894020648673,increases predicted RUL,119.84822082519531,129.0
93,Sensor_5,0.03714424234526307,0.14780070004053414,increases predicted RUL,119.84822082519531,129.0
93,Sensor_6,0.6614605235114942,2.883771316614002,increases predicted RUL,119.84822082519531,129.0
93,Sensor_7,-0.09192710777881544,1.0926163126714528,increases predicted RUL,119.84822082519531,129.0
93,Sensor_8,0.04409424650093643,0.5286008114926517,increases predicted RUL,119.84822082519531,129.0
93,Sensor_9,0.06341846920009589,3.7065176269497897,increases predicted RUL,119.84822082519531,129.0
93,Sensor_10,-0.12677861273990945,-1.654976615915075,decreases predicted RUL,119.84822082519531,129.0
93,Sensor_11,-0.5101492154951474,8.393197294790298,increases predicted RUL,119.84822082519531,129.0
93,Sensor_12,-0.17098832694674446,0.7838918820343679,increases predicted RUL,119.84822082519531,129.0
93,Sensor_13,0.09089153122930264,1.122238006500993,increases predicted RUL,119.84822082519531,129.0
93,Sensor_14,0.20174996507242995,3.9682999968354125,increases predicted RUL,119.84822082519531,129.0
93,Sensor_15,0.046333075294774755,1.8438136706245132,increases predicted RUL,119.84822082519531,129.0
93,Sensor_17,-0.5241941872945091,4.899435373488814,increases predicted RUL,119.84822082519531,129.0
93,Sensor_18,0.0,0.0,decreases predicted RUL,119.84822082519531,129.0
93,Sensor_19,0.14096707558154176,-0.2013835624420608,decreases predicted RUL,119.84822082519531,129.0
93,Sensor_20,0.18858111584631979,0.23863677773624659,increases predicted RUL,119.84822082519531,129.0
93,Sensor_21,0.33271310312762414,-0.01073991134762764,decreases predicted RUL,119.84822082519531,129.0
93,Sensor_11_diff1,-0.04537598175825638,1.0846323072910309,increases predicted RUL,119.84822082519531,129.0
93,Sensor_11_roll_mean5,-0.515515361391343,-0.5627322746440768,decreases predicted RUL,119.84822082519531,129.0
93,Sensor_11_roll_std5,-0.32449264745016976,-0.24662287579849362,decreases predicted RUL,119.84822082519531,129.0
93,Sensor_4_diff1,-0.008477736849088351,-0.1838723188266158,decreases predicted RUL,119.84822082519531,129.0
93,Sensor_4_roll_mean5,-0.5821031164772233,-1.9721087038051337,decreases predicted RUL,119.84822082519531,129.0
93,Sensor_4_roll_std5,0.1151110275638453,0.1696658545988612,increases predicted RUL,119.84822082519531,129.0
93,Sensor_17_diff1,-0.006461993571250899,0.4871277275378816,increases predicted RUL,119.84822082519531,129.0
93,Sensor_17_roll_mean5,-0.6203466326665251,-2.1633975082659163,decreases predicted RUL,119.84822082519531,129.0
93,Sensor_17_roll_std5,0.7741428719299327,-0.6071572492437554,decreases predicted RUL,119.84822082519531,129.0
93,Sensor_8_diff1,0.00938401267377647,0.4779928911011666,increases predicted RUL,119.84822082519531,129.0
93,Sensor_8_roll_mean5,0.04845018221588002,-1.7580410495575052,decreases predicted RUL,119.84822082519531,129.0
93,Sensor_8_roll_std5,-0.002548275201999346,0.09376646520104259,increases predicted RUL,119.84822082519531,129.0
93,Sensor_13_diff1,0.017130111356434743,0.9348135051550344,increases predicted RUL,119.84822082519531,129.0
93,Sensor_13_roll_mean5,0.09711525799750667,-1.9648291962221265,decreases predicted RUL,119.84822082519531,129.0
93,Sensor_13_roll_std5,-0.09982002582833538,-0.10703308775555342,decreases predicted RUL,119.84822082519531,129.0
93,Sensor_9_diff1,0.016934231900283418,-0.018988017574883997,decreases predicted RUL,119.84822082519531,129.0
93,Sensor_9_roll_mean5,0.0646095895613769,-1.8868515538051724,decreases predicted RUL,119.84822082519531,129.0
93,Sensor_9_roll_std5,0.09534277224634678,-0.4715910928789526,decreases predicted RUL,119.84822082519531,129.0
93,Regime_OneHot_0,0.11537764783820155,0.321937836939469,increases predicted RUL,119.84822082519531,129.0
93,Regime_OneHot_1,-0.02811443074921766,-0.08127241907641292,decreases predicted RUL,119.84822082519531,129.0
93,Regime_OneHot_2,-0.14096707557885468,0.9481373563758098,increases predicted RUL,119.84822082519531,129.0
93,Regime_OneHot_3,0.03212413255847363,0.8387537012458779,increases predicted RUL,119.84822082519531,129.0
93,Regime_OneHot_4,-0.08465459535089233,1.6194229188840836,increases predicted RUL,119.84822082519531,129.0
93,Regime_OneHot_5,0.08186694884943742,-2.160686153220013,decreases predicted RUL,119.84822082519531,129.0
94,Regime_ID,2.12,2.8635355627629906,increases predicted RUL,119.87092590332031,171.0
94,Sensor_1,0.15135937901359864,-2.3153121712384745,decreases predicted RUL,119.87092590332031,171.0
94,Sensor_2,0.472321781572012,-0.3465233861061279,decreases predicted RUL,119.87092590332031,171.0
94,Sensor_3,0.3875689391489908,0.47014124039560556,increases predicted RUL,119.87092590332031,171.0
94,Sensor_4,0.4255364111268471,-2.018656081520021,decreases predicted RUL,119.87092590332031,171.0
94,Sensor_5,0.17795410436815895,-1.445163506316021,decreases predicted RUL,119.87092590332031,171.0
94,Sensor_6,0.659000575174169,2.942609139776323,increases predicted RUL,119.87092590332031,171.0
94,Sensor_7,-0.24745182869576918,5.312470600940287,increases predicted RUL,119.87092590332031,171.0
94,Sensor_8,-0.5839017754255562,2.8903364716097713,increases predicted RUL,119.87092590332031,171.0
94,Sensor_9,-0.811682968614933,13.82983586192131,increases predicted RUL,119.87092590332031,171.0
94,Sensor_10,-0.09740059715880162,-0.3502843254536856,decreases predicted RUL,119.87092590332031,171.0
94,Sensor_11,0.4441296695809167,-0.5775368487520609,decreases predicted RUL,119.87092590332031,171.0
94,Sensor_12,-0.2920965725560786,3.1817874273110647,increases predicted RUL,119.87092590332031,171.0
94,Sensor_13,-0.5250220204490971,2.803219934226945,increases predicted RUL,119.87092590332031,171.0
94,Sensor_14,-0.9180630237703375,2.3800016824970953,increases predicted RUL,119.87092590332031,171.0
94,Sensor_15,0.6446143896880246,4.430740938521922,increases predicted RUL,119.87092590332031,171.0
94,Sensor_17,0.36549851423131235,-1.581780006235931,decreases predicted RUL,119.87092590332031,171.0
94,Sensor_18,0.0,0.0,decreases predicted RUL,119.87092590332031,171.0
94,Sensor_19,0.0850155556572789,0.21867376990849152,increases predicted RUL,119.87092590332031,171.0
94,Sensor_20,-0.1701875433411692,1.5519032130250707,increases predicted RUL,119.87092590332031,171.0
94,Sensor_21,-0.15816936435604004,-4.043779893021565,decreases predicted RUL,119.87092590332031,171.0
94,Sensor_11_diff1,-0.021167604420184113,1.8112979400902987,increases predicted RUL,119.87092590332031,171.0
94,Sensor_11_roll_mean5,0.5063925275159857,2.9977609496563673,increases predicted RUL,119.87092590332031,171.0
94,Sensor_11_roll_std5,0.03545964295241385,-0.726992231910117,decreases predicted RUL,119.87092590332031,171.0
94,Sensor_4_diff1,-0.01075839601024518,0.46278160135261714,increases predicted RUL,119.87092590332031,171.0
94,Sensor_4_roll_mean5,0.5256840853356927,3.246781513094902,increases predicted RUL,119.87092590332031,171.0
94,Sensor_4_roll_std5,-0.229023347677621,-0.08303822827292606,decreases predicted RUL,119.87092590332031,171.0
94,Sensor_17_diff1,-0.015660280597040218,0.2489789044484496,increases predicted RUL,119.87092590332031,171.0
94,Sensor_17_roll_mean5,0.46733377999096937,2.135385157773271,increases predicted RUL,119.87092590332031,171.0
94,Sensor_17_roll_std5,-0.04494019831129737,-0.11636217113118619,decreases predicted RUL,119.87092590332031,171.0
94,Sensor_8_diff1,0.029913841439717332,0.7948649525642395,increases predicted RUL,119.87092590332031,171.0
94,Sensor_8_roll_mean5,-0.7097769695550034,-5.049834661185741,decreases predicted RUL,119.87092590332031,171.0
94,Sensor_8_roll_std5,0.3465535756151118,1.5356347656343132,increases predicted RUL,119.87092590332031,171.0
94,Sensor_13_diff1,0.02233749856700732,0.8925620303489268,increases predicted RUL,119.87092590332031,171.0
94,Sensor_13_roll_mean5,-0.6282946887481424,-5.414542753249407,decreases predicted RUL,119.87092590332031,171.0
94,Sensor_13_roll_std5,0.31027617848722383,-1.997181578364689,decreases predicted RUL,119.87092590332031,171.0
94,Sensor_9_diff1,-0.00011056863500660707,-0.4906409590039402,decreases predicted RUL,119.87092590332031,171.0
94,Sensor_9_roll_mean5,-0.8694981482100106,-11.438130911439657,decreases predicted RUL,119.87092590332031,171.0
94,Sensor_9_roll_std5,-0.2508913761413308,0.5068026729859412,increases predicted RUL,119.87092590332031,171.0
94,Regime_OneHot_0,0.11537764783820155,-0.46961101959459484,decreases predicted RUL,119.87092590332031,171.0
94,Regime_OneHot_1,-0.08411949123933338,0.3439498112129513,increases predicted RUL,119.87092590332031,171.0
94,Regime_OneHot_2,-0.08501555565563734,0.5451269279001281,increases predicted RUL,119.87092590332031,171.0
94,Regime_OneHot_3,0.20082054088053047,1.796552416140912,increases predicted RUL,119.87092590332031,171.0
94,Regime_OneHot_4,-0.14062766922116332,2.2180454493500292,increases predicted RUL,119.87092590332031,171.0
94,Regime_OneHot_5,-0.02993775697041812,-1.3304549280146603,decreases predicted RUL,119.87092590332031,171.0
95,Regime_ID,2.42,-1.5187298755627126,decreases predicted RUL,84.45509338378906,71.0
95,Sensor_1,0.08473342351369721,-5.5244471215992235,decreases predicted RUL,84.45509338378906,71.0
95,Sensor_2,0.23306617777877875,-4.847845134558156,decreases predicted RUL,84.45509338378906,71.0
95,Sensor_3,0.21768628113909383,0.20527057442814112,increases predicted RUL,84.45509338378906,71.0
95,Sensor_4,0.07379677911006974,-2.4239142779260874,decreases predicted RUL,84.45509338378906,71.0
95,Sensor_5,0.019543009592401052,-2.5552724998851772,decreases predicted RUL,84.45509338378906,71.0
95,Sensor_6,0.8257736554569353,1.7931010770844296,increases predicted RUL,84.45509338378906,71.0
95,Sensor_7,-0.32169246782730126,2.036923977546394,increases predicted RUL,84.45509338378906,71.0
95,Sensor_8,0.2649858615983472,-0.839575854013674,decreases predicted RUL,84.45509338378906,71.0
95,Sensor_9,0.4401564526078277,-5.397652676096186,decreases predicted RUL,84.45509338378906,71.0
95,Sensor_10,-0.007913262082260973,-1.1137260805699043,decreases predicted RUL,84.45509338378906,71.0
95,Sensor_11,0.2662541689205029,-6.640201673842967,decreases predicted RUL,84.45509338378906,71.0
95,Sensor_12,-0.3320242077414069,2.745157867204398,increases predicted RUL,84.45509338378906,71.0
95,Sensor_13,0.2588623137585351,-4.063719003694132,decreases predicted RUL,84.45509338378906,71.0
95,Sensor_14,0.3639977354821464,3.294279311900027,increases predicted RUL,84.45509338378906,71.0
95,Sensor_15,0.5246159152705101,1.1685126731172204,increases predicted RUL,84.45509338378906,71.0
95,Sensor_17,0.3164701782836898,-7.393077777931467,decreases predicted RUL,84.45509338378906,71.0
95,Sensor_18,0.0,0.0,decreases predicted RUL,84.45509338378906,71.0
95,Sensor_19,0.02906403573301601,0.9866445420193486,increases predicted RUL,84.45509338378906,71.0
95,Sensor_20,-0.2901989537466475,0.2357819689786993,increases predicted RUL,84.45509338378906,71.0
95,Sensor_21,-0.34882992201798585,-13.510583645664155,decreases predicted RUL,84.45509338378906,71.0
95,Sensor_11_diff1,0.020095113263641055,-1.6706032138317823,decreases predicted RUL,84.45509338378906,71.0
95,Sensor_11_roll_mean5,0.27931520859489295,4.253532834816724,increases predicted RUL,84.45509338378906,71.0
95,Sensor_11_roll_std5,-0.5207470497687732,-1.4649994978972245,decreases predicted RUL,84.45509338378906,71.0
95,Sensor_4_diff1,-0.03698179372515159,0.10072371084243059,increases predicted RUL,84.45509338378906,71.0
95,Sensor_4_roll_mean5,0.10920010167722445,0.5374569306150079,increases predicted RUL,84.45509338378906,71.0
95,Sensor_4_roll_std5,-0.19098014977859232,-0.135786482525873,decreases predicted RUL,84.45509338378906,71.0
95,Sensor_17_diff1,-0.027641641529028198,1.7155252043157816,increases predicted RUL,84.45509338378906,71.0
95,Sensor_17_roll_mean5,0.39214368811174966,5.119013025054301,increases predicted RUL,84.45509338378906,71.0
95,Sensor_17_roll_std5,0.12564203025474424,-0.1345729773165658,decreases predicted RUL,84.45509338378906,71.0
95,Sensor_8_diff1,-0.00971370678956188,0.08833753631915897,increases predicted RUL,84.45509338378906,71.0
95,Sensor_8_roll_mean5,0.3405303564419919,6.699334198841825,increases predicted RUL,84.45509338378906,71.0
95,Sensor_8_roll_std5,-0.48464486540132684,-2.0921876157517545,decreases predicted RUL,84.45509338378906,71.0
95,Sensor_13_diff1,-0.012981659437766626,0.7296415739692748,increases predicted RUL,84.45509338378906,71.0
95,Sensor_13_roll_mean5,0.34384291489956226,1.1029538661241531,increases predicted RUL,84.45509338378906,71.0
95,Sensor_13_roll_std5,-0.5798905809291386,1.875273037050647,increases predicted RUL,84.45509338378906,71.0
95,Sensor_9_diff1,-0.024375050205201206,1.6047534495592117,increases predicted RUL,84.45509338378906,71.0
95,Sensor_9_roll_mean5,0.49206929275050987,9.024135407060385,increases predicted RUL,84.45509338378906,71.0
95,Sensor_9_roll_std5,0.38822705395194973,-4.921517524169758,decreases predicted RUL,84.45509338378906,71.0
95,Regime_OneHot_0,-0.20792233337569846,-1.220663190819323,decreases predicted RUL,84.45509338378906,71.0
95,Regime_OneHot_1,0.1399007507211296,0.7797420141287148,increases predicted RUL,84.45509338378906,71.0
95,Regime_OneHot_2,-0.02906403573241975,3.2677136389538646,increases predicted RUL,84.45509338378906,71.0
95,Regime_OneHot_3,0.20082054088053047,-1.339954455383122,decreases predicted RUL,84.45509338378906,71.0
95,Regime_OneHot_4,-0.08465459535089241,2.0144122671335936,increases predicted RUL,84.45509338378906,71.0
95,Regime_OneHot_5,0.025964595939509564,2.7728005442768335,increases predicted RUL,84.45509338378906,71.0
96,Regime_ID,2.3,-0.688242219388485,decreases predicted RUL,117.91346740722656,105.0
96,Sensor_1,0.09583774943034755,0.606314385891892,increases predicted RUL,117.91346740722656,105.0
96,Sensor_2,0.5023066685950655,0.1857976382598281,increases predicted RUL,117.91346740722656,105.0
96,Sensor_3,0.3231358497698602,2.4325301107019186,increases predicted RUL,117.91346740722656,105.0
96,Sensor_4,0.592360206111085,-4.395908848848194,decreases predicted RUL,117.91346740722656,105.0
96,Sensor_5,-0.05086192141904693,-3.066047247732058,decreases predicted RUL,117.91346740722656,105.0
96,Sensor_6,0.7601773124786397,3.698554715141654,increases predicted RUL,117.91346740722656,105.0
96,Sensor_7,-0.3192801518827667,4.645330364233814,increases predicted RUL,117.91346740722656,105.0
96,Sensor_8,-0.4775455073142041,1.9193647458887426,increases predicted RUL,117.91346740722656,105.0
96,Sensor_9,-0.7218215427470631,14.208235585596412,increases predicted RUL,117.91346740722656,105.0
96,Sensor_10,-0.18929234536629685,-0.4445671050925739,decreases predicted RUL,117.91346740722656,105.0
96,Sensor_11,0.6416217333917876,-0.2520449913936318,decreases predicted RUL,117.91346740722656,105.0
96,Sensor_12,-0.34107140206960807,6.217146907933056,increases predicted RUL,117.91346740722656,105.0
96,Sensor_13,-0.3992037034705329,2.8140257787890732,increases predicted RUL,117.91346740722656,105.0
96,Sensor_14,-0.8967309321422653,5.985030771465972,increases predicted RUL,117.91346740722656,105.0
96,Sensor_15,0.7675006677157223,5.204935069195926,increases predicted RUL,117.91346740722656,105.0
96,Sensor_17,0.41749105922117663,-2.993626081821276,decreases predicted RUL,117.91346740722656,105.0
96,Sensor_18,0.0,0.0,decreases predicted RUL,117.91346740722656,105.0
96,Sensor_19,0.19691859550580454,0.5998869983013719,increases predicted RUL,117.91346740722656,105.0
96,Sensor_20,-0.4523270430123017,1.890472522820346,increases predicted RUL,117.91346740722656,105.0
96,Sensor_21,-0.5013360724082625,-6.710655892675277,decreases predicted RUL,117.91346740722656,105.0
96,Sensor_11_diff1,-0.045190373557300836,0.8306394130922854,increases predicted RUL,117.91346740722656,105.0
96,Sensor_11_roll_mean5,0.7313236361498714,6.752786844270304,increases predicted RUL,117.91346740722656,105.0
96,Sensor_11_roll_std5,-0.3007773255707677,-0.7516029190737754,decreases predicted RUL,117.91346740722656,105.0
96,Sensor_4_diff1,-0.017232548172648472,0.7013500477187335,increases predicted RUL,117.91346740722656,105.0
96,Sensor_4_roll_mean5,0.700292339113316,4.338352621300146,increases predicted RUL,117.91346740722656,105.0
96,Sensor_4_roll_std5,0.010681847402486313,0.2627195680543082,increases predicted RUL,117.91346740722656,105.0
96,Sensor_17_diff1,0.022368841378934377,0.2325761936372146,increases predicted RUL,117.91346740722656,105.0
96,Sensor_17_roll_mean5,0.5212464785619457,3.9009782533394173,increases predicted RUL,117.91346740722656,105.0
96,Sensor_17_roll_std5,0.4917671843020834,-1.9734108070260845,decreases predicted RUL,117.91346740722656,105.0
96,Sensor_8_diff1,0.015779613883038123,0.3005778162041679,increases predicted RUL,117.91346740722656,105.0
96,Sensor_8_roll_mean5,-0.6105429267179511,-5.025164169259369,decreases predicted RUL,117.91346740722656,105.0
96,Sensor_8_roll_std5,0.5467515864016083,2.3116266125580296,increases predicted RUL,117.91346740722656,105.0
96,Sensor_13_diff1,0.03228047546264509,1.5862992544934968,increases predicted RUL,117.91346740722656,105.0
96,Sensor_13_roll_mean5,-0.516639416976835,-4.736356798894121,decreases predicted RUL,117.91346740722656,105.0
96,Sensor_13_roll_std5,0.5955047517043692,-5.457349727745168,decreases predicted RUL,117.91346740722656,105.0
96,Sensor_9_diff1,-0.03249098016935996,0.15487555880099535,increases predicted RUL,117.91346740722656,105.0
96,Sensor_9_roll_mean5,-0.747204346941038,-10.761973157525063,decreases predicted RUL,117.91346740722656,105.0
96,Sensor_9_roll_std5,-0.061081887605564766,-0.061831264989450574,decreases predicted RUL,117.91346740722656,105.0
96,Regime_OneHot_0,0.02300622463423,-0.4191399090923369,decreases predicted RUL,117.91346740722656,105.0
96,Regime_OneHot_1,0.02789062974089803,0.49842086594435386,increases predicted RUL,117.91346740722656,105.0
96,Regime_OneHot_2,-0.19691859550207216,1.5950399313587695,increases predicted RUL,117.91346740722656,105.0
96,Regime_OneHot_3,0.08835626866582594,1.837928257882595,increases predicted RUL,117.91346740722656,105.0
96,Regime_OneHot_4,0.02729155238964955,-2.3062973441556096,decreases predicted RUL,117.91346740722656,105.0
96,Regime_OneHot_5,0.02596459593950958,1.4490991698949074,increases predicted RUL,117.91346740722656,105.0
97,Regime_ID,2.08,-0.36349724797764793,decreases predicted RUL,120.26526641845703,113.0
97,Sensor_1,0.0847334235136972,-0.28772628714796156,decreases predicted RUL,120.26526641845703,113.0
97,Sensor_2,-0.2152410068864682,0.6486361688002944,increases predicted RUL,120.26526641845703,113.0
97,Sensor_3,-0.3250868004967233,1.1366933850222267,increases predicted RUL,120.26526641845703,113.0
97,Sensor_4,-0.39706304694778444,6.416661187133286,increases predicted RUL,120.26526641845703,113.0
97,Sensor_5,0.10754917335671105,0.1414900233503431,increases predicted RUL,120.26526641845703,113.0
97,Sensor_6,0.6248989070781118,4.557125062448904,increases predicted RUL,120.26526641845703,113.0
97,Sensor_7,-0.12810302417239428,3.158257880655583,increases predicted RUL,120.26526641845703,113.0
97,Sensor_8,-0.29692307505020993,1.5943348336804775,increases predicted RUL,120.26526641845703,113.0
97,Sensor_9,-0.3226164203053443,8.34251020976808,increases predicted RUL,120.26526641845703,113.0
97,Sensor_10,-0.16829302340155994,-1.9924896876327693,decreases predicted RUL,120.26526641845703,113.0
97,Sensor_11,-0.38050257154517325,6.380633474997012,increases predicted RUL,120.26526641845703,113.0
97,Sensor_12,-0.10301003216311204,1.0846972395665944,increases predicted RUL,120.26526641845703,113.0
97,Sensor_13,-0.33277184963981654,3.183767592654476,increases predicted RUL,120.26526641845703,113.0
97,Sensor_14,-0.2505551371318562,3.4170343102305196,increases predicted RUL,120.26526641845703,113.0
97,Sensor_15,0.16610597484200199,2.525346498005092,increases predicted RUL,120.26526641845703,113.0
97,Sensor_17,-0.3265544688734596,3.790801762836054,increases predicted RUL,120.26526641845703,113.0
97,Sensor_18,0.0,0.0,decreases predicted RUL,120.26526641845703,113.0
97,Sensor_19,0.08501555565727895,0.004143230646150187,increases predicted RUL,120.26526641845703,113.0
97,Sensor_20,0.009783176512418206,0.7517808245902415,increases predicted RUL,120.26526641845703,113.0
97,Sensor_21,-0.09408472788936129,-1.4999868292798055,decreases predicted RUL,120.26526641845703,113.0
97,Sensor_11_diff1,-0.023011898181608936,0.7644907897338271,increases predicted RUL,120.26526641845703,113.0
97,Sensor_11_roll_mean5,-0.40061688048695193,-1.6973206112161279,decreases predicted RUL,120.26526641845703,113.0
97,Sensor_11_roll_std5,-0.22943529263405602,-0.23845813370280666,decreases predicted RUL,120.26526641845703,113.0
97,Sensor_4_diff1,-0.03730135189019352,1.7140436975751072,increases predicted RUL,120.26526641845703,113.0
97,Sensor_4_roll_mean5,-0.40511209573921664,0.14534715248737484,increases predicted RUL,120.26526641845703,113.0
97,Sensor_4_roll_std5,-0.154922476845282,-0.19817946938565,decreases predicted RUL,120.26526641845703,113.0
97,Sensor_17_diff1,0.020210905862994347,0.8794798130402341,increases predicted RUL,120.26526641845703,113.0
97,Sensor_17_roll_mean5,-0.3993237563020845,-2.1545865632069763,decreases predicted RUL,120.26526641845703,113.0
97,Sensor_17_roll_std5,0.19947039834327915,-0.8720166822895408,decreases predicted RUL,120.26526641845703,113.0
97,Sensor_8_diff1,0.00015536209306370397,-0.056011955719441175,decreases predicted RUL,120.26526641845703,113.0
97,Sensor_8_roll_mean5,-0.3479221681308875,-3.31521905772388,decreases predicted RUL,120.26526641845703,113.0
97,Sensor_8_roll_std5,-0.7027513189360284,-0.778174713756016,decreases predicted RUL,120.26526641845703,113.0
97,Sensor_13_diff1,0.012057589349802158,0.05088241951307282,increases predicted RUL,120.26526641845703,113.0
97,Sensor_13_roll_mean5,-0.39623018830680673,-4.171600954607129,decreases predicted RUL,120.26526641845703,113.0
97,Sensor_13_roll_std5,-0.6639341776217939,0.8571002656826749,increases predicted RUL,120.26526641845703,113.0
97,Sensor_9_diff1,0.01155792363442967,2.2072148494189605,increases predicted RUL,120.26526641845703,113.0
97,Sensor_9_roll_mean5,-0.34004831265226865,-5.21151561755687,decreases predicted RUL,120.26526641845703,113.0
97,Sensor_9_roll_std5,0.1780959304112974,0.1140877346333582,increases predicted RUL,120.26526641845703,113.0
97,Regime_OneHot_0,0.2077490710421733,0.16111357358749956,increases predicted RUL,120.26526641845703,113.0
97,Regime_OneHot_1,-0.08411949123933342,-0.1537871815962717,decreases predicted RUL,120.26526641845703,113.0
97,Regime_OneHot_2,-0.0850155556556373,0.3389303313961136,increases predicted RUL,120.26526641845703,113.0
97,Regime_OneHot_3,-0.024108003548878664,0.3462501543399412,increases predicted RUL,120.26526641845703,113.0
97,Regime_OneHot_4,-0.14062766922116332,2.257505879679229,increases predicted RUL,120.26526641845703,113.0
97,Regime_OneHot_5,0.0818669488494374,-0.07415455463342369,decreases predicted RUL,120.26526641845703,113.0
98,Regime_ID,2.22,-0.5840271171182394,decreases predicted RUL,71.90374755859375,37.0
98,Sensor_1,0.0514204457637465,-2.5253675673156977,decreases predicted RUL,71.90374755859375,37.0
98,Sensor_2,-0.3822140517855057,-0.20172378607094288,decreases predicted RUL,71.90374755859375,37.0
98,Sensor_3,-0.1408982471449761,0.9948441206943244,increases predicted RUL,71.90374755859375,37.0
98,Sensor_4,-0.05710144478760097,-1.8718912079930305,decreases predicted RUL,71.90374755859375,37.0
98,Sensor_5,-0.033260688666184916,-1.1036099563352764,decreases predicted RUL,71.90374755859375,37.0
98,Sensor_6,-1.495243887022786,-2.532396348193288,decreases predicted RUL,71.90374755859375,37.0
98,Sensor_7,0.7047973474392307,-11.639783479971811,decreases predicted RUL,71.90374755859375,37.0
98,Sensor_8,0.4193652446320311,-5.802462328938418,decreases predicted RUL,71.90374755859375,37.0
98,Sensor_9,0.4335506104654343,-27.122878678143024,decreases predicted RUL,71.90374755859375,37.0
98,Sensor_10,0.4287220754114458,1.387033793143928,increases predicted RUL,71.90374755859375,37.0
98,Sensor_11,-0.13517690563305376,-2.2191457614535466,decreases predicted RUL,71.90374755859375,37.0
98,Sensor_12,0.7775867336987359,-4.249952146274154,decreases predicted RUL,71.90374755859375,37.0
98,Sensor_13,0.4240233193040511,-1.5311304836068302,decreases predicted RUL,71.90374755859375,37.0
98,Sensor_14,0.5600295331705493,-4.406004511285573,decreases predicted RUL,71.90374755859375,37.0
98,Sensor_15,-1.057517086311542,-3.423279666574672,decreases predicted RUL,71.90374755859375,37.0
98,Sensor_17,-0.09391333901216604,-4.986689374054549,decreases predicted RUL,71.90374755859375,37.0
98,Sensor_18,0.0,0.0,decreases predicted RUL,71.90374755859375,37.0
98,Sensor_19,0.19691859550580465,-1.3045901292643975,decreases predicted RUL,71.90374755859375,37.0
98,Sensor_20,0.5102593043971922,-2.3166531533934176,decreases predicted RUL,71.90374755859375,37.0
98,Sensor_21,0.507313735420768,8.453038678038865,increases predicted RUL,71.90374755859375,37.0
98,Sensor_11_diff1,-0.0010578932328573253,-1.1206603022292256,decreases predicted RUL,71.90374755859375,37.0
98,Sensor_11_roll_mean5,-0.17544810330917673,-4.210565387737006,decreases predicted RUL,71.90374755859375,37.0
98,Sensor_11_roll_std5,-0.36059240648180685,1.2610567035153508,increases predicted RUL,71.90374755859375,37.0
98,Sensor_4_diff1,-0.0031020664957024002,-0.6277903113514185,decreases predicted RUL,71.90374755859375,37.0
98,Sensor_4_roll_mean5,-0.07464424501132867,1.3873589951545,increases predicted RUL,71.90374755859375,37.0
98,Sensor_4_roll_std5,-0.057743702230495,1.8632813827571226,increases predicted RUL,71.90374755859375,37.0
98,Sensor_17_diff1,-0.005856279900894039,0.32010468654334545,increases predicted RUL,71.90374755859375,37.0
98,Sensor_17_roll_mean5,-0.0971074089927958,7.898958435514942,increases predicted RUL,71.90374755859375,37.0
98,Sensor_17_roll_std5,0.2743227834214281,0.9839368171378737,increases predicted RUL,71.90374755859375,37.0
98,Sensor_8_diff1,0.022707417769797678,-2.963156884536147,decreases predicted RUL,71.90374755859375,37.0
98,Sensor_8_roll_mean5,0.4558066213967436,2.7446988015435636,increases predicted RUL,71.90374755859375,37.0
98,Sensor_8_roll_std5,-0.52975481254572,0.33788991207256913,increases predicted RUL,71.90374755859375,37.0
98,Sensor_13_diff1,0.013117352049140107,-1.9281534858746454,decreases predicted RUL,71.90374755859375,37.0
98,Sensor_13_roll_mean5,0.46262045574114063,17.03423474507872,increases predicted RUL,71.90374755859375,37.0
98,Sensor_13_roll_std5,-0.5053608352534428,5.8434607267263345,increases predicted RUL,71.90374755859375,37.0
98,Sensor_9_diff1,0.07573134298781896,1.6961692301556468,increases predicted RUL,71.90374755859375,37.0
98,Sensor_9_roll_mean5,0.4316300842915243,18.125650964910164,increases predicted RUL,71.90374755859375,37.0
98,Sensor_9_roll_std5,0.16950531454467405,-2.8625627330038697,decreases predicted RUL,71.90374755859375,37.0
98,Regime_OneHot_0,0.06919193623621578,3.91004461387638,increases predicted RUL,71.90374755859375,37.0
98,Regime_OneHot_1,0.1399007507211297,-0.8420009813271463,decreases predicted RUL,71.90374755859375,37.0
98,Regime_OneHot_2,-0.19691859550207208,3.5394663377664983,increases predicted RUL,71.90374755859375,37.0
98,Regime_OneHot_3,-0.08034013965623098,1.9346924682613462,increases predicted RUL,71.90374755859375,37.0
98,Regime_OneHot_4,-0.14062766922116332,5.987284338567406,increases predicted RUL,71.90374755859375,37.0
98,Regime_OneHot_5,0.19367165466929298,-6.504175339534413,decreases predicted RUL,71.90374755859375,37.0
99,Regime_ID,1.96,-6.486019664909691,decreases predicted RUL,14.013182640075684,7.0
99,Sensor_1,-0.2817093317357604,5.569847758393735,increases predicted RUL,14.013182640075684,7.0
99,Sensor_2,0.006054924352469746,-2.733696541050449,decreases predicted RUL,14.013182640075684,7.0
99,Sensor_3,0.5940974091114299,0.5367807981092483,increases predicted RUL,14.013182640075684,7.0
99,Sensor_4,0.4926689326051081,-7.784511594625656,decreases predicted RUL,14.013182640075684,7.0
99,Sensor_5,0.14275163886243508,-0.01354425580939278,decreases predicted RUL,14.013182640075684,7.0
99,Sensor_6,-1.4243975855749071,-3.974029131932184,decreases predicted RUL,14.013182640075684,7.0
99,Sensor_7,1.682417970557227,-14.028091621818021,decreases predicted RUL,14.013182640075684,7.0
99,Sensor_8,1.2696541214322519,-7.15183667477686,decreases predicted RUL,14.013182640075684,7.0
99,Sensor_9,1.2902685434230359,-31.70213380479254,decreases predicted RUL,14.013182640075684,7.0
99,Sensor_10,1.358841927448728,8.114045681548305,increases predicted RUL,14.013182640075684,7.0
99,Sensor_11,0.6434839401173577,-12.160635233856738,decreases predicted RUL,14.013182640075684,7.0
99,Sensor_12,1.7065013283730528,-10.443075539777055,decreases predicted RUL,14.013182640075684,7.0
99,Sensor_13,1.3092851116114685,-8.60341127961874,decreases predicted RUL,14.013182640075684,7.0
99,Sensor_14,1.3907441488854033,-15.443325960077345,decreases predicted RUL,14.013182640075684,7.0
99,Sensor_15,-1.7438117461019567,-12.085207655560225,decreases predicted RUL,14.013182640075684,7.0
99,Sensor_17,0.6422560923466485,-11.950297996401787,decreases predicted RUL,14.013182640075684,7.0
99,Sensor_18,0.0,0.0,decreases predicted RUL,14.013182640075684,7.0
99,Sensor_19,-0.30664508381256106,1.7874534138245508,increases predicted RUL,14.013182640075684,7.0
99,Sensor_20,0.9331004372127047,-2.1818762805778533,decreases predicted RUL,14.013182640075684,7.0
99,Sensor_21,0.9403480643301951,7.733853223850019,increases predicted RUL,14.013182640075684,7.0
99,Sensor_11_diff1,0.061474457014663565,-4.157194577157497,decreases predicted RUL,14.013182640075684,7.0
99,Sensor_11_roll_mean5,0.6305809312494951,-6.408566820784472,decreases predicted RUL,14.013182640075684,7.0
99,Sensor_11_roll_std5,-0.05583947763533209,-1.1281155565520748,decreases predicted RUL,14.013182640075684,7.0
99,Sensor_4_diff1,0.04205793375395093,-0.691781552741304,decreases predicted RUL,14.013182640075684,7.0
99,Sensor_4_roll_mean5,0.4997254572480994,5.484443914145231,increases predicted RUL,14.013182640075684,7.0
99,Sensor_4_roll_std5,-0.22822688450393613,-0.832122268099738,decreases predicted RUL,14.013182640075684,7.0
99,Sensor_17_diff1,0.03193911442082053,0.2232280324678868,increases predicted RUL,14.013182640075684,7.0
99,Sensor_17_roll_mean5,0.72471056678076,10.973798133432865,increases predicted RUL,14.013182640075684,7.0
99,Sensor_17_roll_std5,0.5971716407224039,1.290784447453916,increases predicted RUL,14.013182640075684,7.0
99,Sensor_8_diff1,0.06635988072825248,-2.4676187626901083,decreases predicted RUL,14.013182640075684,7.0
99,Sensor_8_roll_mean5,1.3913413278902373,8.08632175438106,increases predicted RUL,14.013182640075684,7.0
99,Sensor_8_roll_std5,-0.465692004982999,-0.5826189458057343,decreases predicted RUL,14.013182640075684,7.0
99,Sensor_13_diff1,0.06976364583038322,-4.190009728714358,decreases predicted RUL,14.013182640075684,7.0
99,Sensor_13_roll_mean5,1.4321733661728617,25.49801952391863,increases predicted RUL,14.013182640075684,7.0
99,Sensor_13_roll_std5,-0.5464984295360209,-0.6396691774716601,decreases predicted RUL,14.013182640075684,7.0
99,Sensor_9_diff1,0.11482264323393326,-5.00814725458622,decreases predicted RUL,14.013182640075684,7.0
99,Sensor_9_roll_mean5,1.2770733084884618,19.89347973326221,increases predicted RUL,14.013182640075684,7.0
99,Sensor_9_roll_std5,0.18317806853610852,-2.2584052034653723,decreases predicted RUL,14.013182640075684,7.0
99,Regime_OneHot_0,-0.023179486967755753,-0.31712784664705396,decreases predicted RUL,14.013182640075684,7.0
99,Regime_OneHot_1,0.13990075072112954,-0.011123785458039492,decreases predicted RUL,14.013182640075684,7.0
99,Regime_OneHot_2,0.3066450838068844,-2.252735861344263,decreases predicted RUL,14.013182640075684,7.0
99,Regime_OneHot_3,-0.19280441187093558,-0.6522602587065194,decreases predicted RUL,14.013182640075684,7.0
99,Regime_OneHot_4,-0.14062766922116332,2.069702340522781,increases predicted RUL,14.013182640075684,7.0
99,Regime_OneHot_5,-0.08584010988034606,4.1109952395781875,increases predicted RUL,14.013182640075684,7.0
