
NASA C-MAPSS Predictive Maintenance
Models: xgboost, lstm, cnn_lstm

Constant sensor report saved to:
E:\PdM\outputs\constant_sensors\FD001_constant_sensors.txt

Low variance sensor report saved to:
E:\PdM\outputs\low_variance_sensors\FD001_low_variance_sensors.txt

============================================================
Dataset: FD001 | Model: xgboost
============================================================
Train engines : 100
Test engines  : 100
Train windows : 17731
Test windows  : 100
Window shape  : (30, 14)

Running 5-Fold Engine-wise Cross Validation...
Fold 1: RMSE=15.307 MAE=11.705 R2=0.866 NASA=14072.037
Fold 2: RMSE=15.291 MAE=11.429 R2=0.866 NASA=14046.583
Fold 3: RMSE=13.693 MAE=10.275 R2=0.893 NASA=11370.134
Fold 4: RMSE=15.421 MAE=11.617 R2=0.864 NASA=17543.291
Fold 5: RMSE=14.063 MAE=10.485 R2=0.887 NASA=12900.568

Cross-Validation Average
RMSE       : 14.755
MAE        : 11.102
R2         : 0.875
NASA Score : 13986.523

Training Final Model...
Selected Trees: 1088

Final NASA Test Metrics
RMSE       : 14.314
MAE        : 10.982
R2         : 0.881
NASA Score : 322.917

============================================================
Dataset: FD001 | Model: lstm
============================================================
Train engines : 100
Test engines  : 100
Train windows : 17731
Test windows  : 100
Window shape  : (30, 14)

Running 5-Fold Engine-wise Cross Validation...
Epoch 28: early stopping
Restoring model weights from the end of the best epoch: 16.
Fold 1: RMSE=14.609 MAE=10.330 R2=0.878 NASA=16154.446
Epoch 16: early stopping
Restoring model weights from the end of the best epoch: 4.
Fold 2: RMSE=13.722 MAE=10.022 R2=0.892 NASA=12677.620
Epoch 34: early stopping
Restoring model weights from the end of the best epoch: 22.
Fold 3: RMSE=13.036 MAE=9.482 R2=0.903 NASA=9657.532
Epoch 18: early stopping
Restoring model weights from the end of the best epoch: 6.
Fold 4: RMSE=14.372 MAE=10.179 R2=0.882 NASA=17834.663
Epoch 23: early stopping
Restoring model weights from the end of the best epoch: 11.
Fold 5: RMSE=14.300 MAE=10.172 R2=0.883 NASA=16172.475

Cross-Validation Average
RMSE       : 14.008
MAE        : 10.037
R2         : 0.888
NASA Score : 14499.347

Training Final Model...
Epoch 1/75

[1m  1/248[0m [37m━━━━━━━━━━━━━━━━━━━━[0m [1m12:35[0m 3s/step - loss: 6756.9399 - mae: 70.4917
[1m  3/248[0m [37m━━━━━━━━━━━━━━━━━━━━[0m [1m7s[0m 32ms/step - loss: 7370.8281 - mae: 74.4925 
[1m  5/248[0m [37m━━━━━━━━━━━━━━━━━━━━[0m [1m7s[0m 32ms/step - loss: 7533.6787 - mae: 75.7439
[1m  7/248[0m [37m━━━━━━━━━━━━━━━━━━━━[0m [1m7s[0m 31ms/step - loss: 7583.4487 - mae: 76.1952
[1m  9/248[0m [37m━━━━━━━━━━━━━━━━━━━━[0m [1m7s[0m 31ms/step - loss: 7627.0210 - mae: 76.5709
[1m 11/248[0m [37m━━━━━━━━━━━━━━━━━━━━[0m [1m7s[0m 31ms/step - loss: 7670.7588 - mae: 76.9439
[1m 13/248[0m [32m━[0m[37m━━━━━━━━━━━━━━━━━━━[0m [1m7s[0m 31ms/step - loss: 7704.7461 - mae: 77.2538
[1m 15/248[0m [32m━[0m[37m━━━━━━━━━━━━━━━━━━━[0m [1m7s[0m 31ms/step - loss: 7732.4595 - mae: 77.5058
[1m 17/248[0m [32m━[0m[37m━━━━━━━━━━━━━━━━━━━[0m [1m7s[0m 31ms/step - loss: 7742.1919 - mae: 77.6241
[1m 19/248[0m [32m━[0m[37m━━━━━━━━━━━━━━━━━━━[0m [1m7s[0m 32ms/step - loss: 7749.1929 - mae: 77.7237
[1m 21/248[0m [32m━[0m[37m━━━━━━━━━━━━━━━━━━━[0m [1m7s[0m 32ms/step - loss: 7753.2144 - mae: 77.7995
[1m 23/248[0m [32m━[0m[37m━━━━━━━━━━━━━━━━━━━[0m [1m7s[0m 32ms/step - loss: 7758.2568 - mae: 77.8798
[1m 25/248[0m [32m━━[0m[37m━━━━━━━━━━━━━━━━━━[0m [1m7s[0m 31ms/step - loss: 7758.0752 - mae: 77.9190
[1m 27/248[0m [32m━━[0m[37m━━━━━━━━━━━━━━━━━━[0m [1m6s[0m 31ms/step - loss: 7750.7285 - mae: 77.9118
[1m 29/248[0m [32m━━[0m[37m━━━━━━━━━━━━━━━━━━[0m [1m6s[0m 31ms/step - loss: 7745.1680 - mae: 77.9123
[1m 31/248[0m [32m━━[0m[37m━━━━━━━━━━━━━━━━━━[0m [1m6s[0m 31ms/step - loss: 7740.6177 - mae: 77.9201
[1m 33/248[0m [32m━━[0m[37m━━━━━━━━━━━━━━━━━━[0m [1m6s[0m 30ms/step - loss: 7736.3281 - mae: 77.9271
[1m 35/248[0m [32m━━[0m[37m━━━━━━━━━━━━━━━━━━[0m [1m6s[0m 30ms/step - loss: 7730.5415 - mae: 77.9232
[1m 37/248[0m [32m━━[0m[37m━━━━━━━━━━━━━━━━━━[0m [1m6s[0m 30ms/step - loss: 7722.4409 - mae: 77.9019
[1m 39/248[0m [32m━━━[0m[37m━━━━━━━━━━━━━━━━━[0m [1m6s[0m 31ms/step - loss: 7711.9995 - mae: 77.8612
[1m 41/248[0m [32m━━━[0m[37m━━━━━━━━━━━━━━━━━[0m [1m6s[0m 31ms/step - loss: 7701.6216 - mae: 77.8199
[1m 43/248[0m [32m━━━[0m[37m━━━━━━━━━━━━━━━━━[0m [1m6s[0m 31ms/step - loss: 7691.0342 - mae: 77.7774
[1m 45/248[0m [32m━━━[0m[37m━━━━━━━━━━━━━━━━━[0m [1m6s[0m 31ms/step - loss: 7679.5210 - mae: 77.7282
[1m 47/248[0m [32m━━━[0m[37m━━━━━━━━━━━━━━━━━[0m [1m6s[0m 31ms/step - loss: 7666.4878 - mae: 77.6682
[1m 49/248[0m [32m━━━[0m[37m━━━━━━━━━━━━━━━━━[0m [1m6s[0m 31ms/step - loss: 7652.2622 - mae: 77.6003
[1m 51/248[0m [32m━━━━[0m[37m━━━━━━━━━━━━━━━━[0m [1m6s[0m 31ms/step - loss: 7637.3071 - mae: 77.5276
[1m 53/248[0m [32m━━━━[0m[37m━━━━━━━━━━━━━━━━[0m [1m6s[0m 31ms/step - loss: 7621.9233 - mae: 77.4511
[1m 55/248[0m [32m━━━━[0m[37m━━━━━━━━━━━━━━━━[0m [1m5s[0m 31ms/step - loss: 7605.8911 - mae: 77.3699
[1m 57/248[0m [32m━━━━[0m[37m━━━━━━━━━━━━━━━━[0m [1m5s[0m 31ms/step - loss: 7588.9316 - mae: 77.2814
[1m 59/248[0m [32m━━━━[0m[37m━━━━━━━━━━━━━━━━[0m [1m5s[0m 31ms/step - loss: 7572.2295 - mae: 77.1945
[1m 61/248[0m [32m━━━━[0m[37m━━━━━━━━━━━━━━━━[0m [1m5s[0m 31ms/step - loss: 7555.1104 - mae: 77.1033
[1m 63/248[0m [32m━━━━━[0m[37m━━━━━━━━━━━━━━━[0m [1m5s[0m 31ms/step - loss: 7537.8774 - mae: 77.0108
[1m 65/248[0m [32m━━━━━[0m[37m━━━━━━━━━━━━━━━[0m [1m5s[0m 31ms/step - loss: 7519.8521 - mae: 76.9133
[1m 67/248[0m [32m━━━━━[0m[37m━━━━━━━━━━━━━━━[0m [1m5s[0m 31ms/step - loss: 7500.9473 - mae: 76.8095
[1m 69/248[0m [32m━━━━━[0m[37m━━━━━━━━━━━━━━━[0m [1m5s[0m 31ms/step - loss: 7481.8970 - mae: 76.7049
[1m 71/248[0m [32m━━━━━[0m[37m━━━━━━━━━━━━━━━[0m [1m5s[0m 31ms/step - loss: 7462.8701 - mae: 76.6004
[1m 73/248[0m [32m━━━━━[0m[37m━━━━━━━━━━━━━━━[0m [1m5s[0m 31ms/step - loss: 7443.5518 - mae: 76.4935
[1m 75/248[0m [32m━━━━━━[0m[37m━━━━━━━━━━━━━━[0m [1m5s[0m 31ms/step - loss: 7424.1694 - mae: 76.3859
[1m 77/248[0m [32m━━━━━━[0m[37m━━━━━━━━━━━━━━[0m [1m5s[0m 31ms/step - loss: 7404.4497 - mae: 76.2754
[1m 79/248[0m [32m━━━━━━[0m[37m━━━━━━━━━━━━━━[0m [1m5s[0m 31ms/step - loss: 7384.3652 - mae: 76.1619
[1m 81/248[0m [32m━━━━━━[0m[37m━━━━━━━━━━━━━━[0m [1m5s[0m 31ms/step - loss: 7364.1865 - mae: 76.0481
[1m 83/248[0m [32m━━━━━━[0m[37m━━━━━━━━━━━━━━[0m [1m5s[0m 31ms/step - loss: 7343.6992 - mae: 75.9320
[1m 85/248[0m [32m━━━━━━[0m[37m━━━━━━━━━━━━━━[0m [1m5s[0m 31ms/step - loss: 7322.9746 - mae: 75.8140
[1m 87/248[0m [32m━━━━━━━[0m[37m━━━━━━━━━━━━━[0m [1m5s[0m 31ms/step - loss: 7302.0161 - mae: 75.6942
[1m 89/248[0m [32m━━━━━━━[0m[37m━━━━━━━━━━━━━[0m [1m4s[0m 31ms/step - loss: 7280.9360 - mae: 75.5731
[1m 91/248[0m [32m━━━━━━━[0m[37m━━━━━━━━━━━━━[0m [1m4s[0m 31ms/step - loss: 7259.4932 - mae: 75.4488
[1m 93/248[0m [32m━━━━━━━[0m[37m━━━━━━━━━━━━━[0m [1m4s[0m 31ms/step - loss: 7237.8491 - mae: 75.3232
[1m 95/248[0m [32m━━━━━━━[0m[37m━━━━━━━━━━━━━[0m [1m4s[0m 31ms/step - loss: 7215.8110 - mae: 75.1940
[1m 97/248[0m [32m━━━━━━━[0m[37m━━━━━━━━━━━━━[0m [1m4s[0m 31ms/step - loss: 7193.3770 - mae: 75.0611
[1m 99/248[0m [32m━━━━━━━[0m[37m━━━━━━━━━━━━━[0m [1m4s[0m 31ms/step - loss: 7170.5581 - mae: 74.9247
[1m101/248[0m [32m━━━━━━━━[0m[37m━━━━━━━━━━━━[0m [1m4s[0m 31ms/step - loss: 7147.4414 - mae: 74.7857
[1m103/248[0m [32m━━━━━━━━[0m[37m━━━━━━━━━━━━[0m [1m4s[0m 31ms/step - loss: 7124.0674 - mae: 74.6444
[1m105/248[0m [32m━━━━━━━━[0m[37m━━━━━━━━━━━━[0m [1m4s[0m 31ms/step - loss: 7100.4121 - mae: 74.5004
[1m107/248[0m [32m━━━━━━━━[0m[37m━━━━━━━━━━━━[0m [1m4s[0m 31ms/step - loss: 7076.2822 - mae: 74.3514
[1m109/248[0m [32m━━━━━━━━[0m[37m━━━━━━━━━━━━[0m [1m4s[0m 31ms/step - loss: 7051.9429 - mae: 74.2002
[1m111/248[0m [32m━━━━━━━━[0m[37m━━━━━━━━━━━━[0m [1m4s[0m 31ms/step - loss: 7027.4082 - mae: 74.0469
[1m113/248[0m [32m━━━━━━━━━[0m[37m━━━━━━━━━━━[0m [1m4s[0m 31ms/step - loss: 7002.5918 - mae: 73.8905
[1m115/248[0m [32m━━━━━━━━━[0m[37m━━━━━━━━━━━[0m [1m4s[0m 31ms/step - loss: 6977.5845 - mae: 73.7319
[1m117/248[0m [32m━━━━━━━━━[0m[37m━━━━━━━━━━━[0m [1m4s[0m 31ms/step - loss: 6952.3501 - mae: 73.5705
[1m119/248[0m [32m━━━━━━━━━[0m[37m━━━━━━━━━━━[0m [1m3s[0m 31ms/step - loss: 6926.8022 - mae: 73.4048
[1m121/248[0m [32m━━━━━━━━━[0m[37m━━━━━━━━━━━[0m [1m3s[0m 31ms/step - loss: 6900.9697 - mae: 73.2351
[1m123/248[0m [32m━━━━━━━━━[0m[37m━━━━━━━━━━━[0m [1m3s[0m 31ms/step - loss: 6874.9141 - mae: 73.0621
[1m125/248[0m [32m━━━━━━━━━━[0m[37m━━━━━━━━━━[0m [1m3s[0m 31ms/step - loss: 6848.6006 - mae: 72.8852
[1m127/248[0m [32m━━━━━━━━━━[0m[37m━━━━━━━━━━[0m [1m3s[0m 31ms/step - loss: 6822.0649 - mae: 72.7051
[1m129/248[0m [32m━━━━━━━━━━[0m[37m━━━━━━━━━━[0m [1m3s[0m 31ms/step - loss: 6795.3262 - mae: 72.5216
[1m131/248[0m [32m━━━━━━━━━━[0m[37m━━━━━━━━━━[0m [1m3s[0m 31ms/step - loss: 6768.4058 - mae: 72.3351
[1m133/248[0m [32m━━━━━━━━━━[0m[37m━━━━━━━━━━[0m [1m3s[0m 31ms/step - loss: 6741.3120 - mae: 72.1455
[1m135/248[0m [32m━━━━━━━━━━[0m[37m━━━━━━━━━━[0m [1m3s[0m 31ms/step - loss: 6714.0996 - mae: 71.9535
[1m137/248[0m [32m━━━━━━━━━━━[0m[37m━━━━━━━━━[0m [1m3s[0m 31ms/step - loss: 6686.7847 - mae: 71.7591
[1m139/248[0m [32m━━━━━━━━━━━[0m[37m━━━━━━━━━[0m [1m3s[0m 31ms/step - loss: 6659.4146 - mae: 71.5631
[1m141/248[0m [32m━━━━━━━━━━━[0m[37m━━━━━━━━━[0m [1m3s[0m 31ms/step - loss: 6631.9824 - mae: 71.3651
[1m143/248[0m [32m━━━━━━━━━━━[0m[37m━━━━━━━━━[0m [1m3s[0m 31ms/step - loss: 6604.4868 - mae: 71.1650
[1m145/248[0m [32m━━━━━━━━━━━[0m[37m━━━━━━━━━[0m [1m3s[0m 31ms/step - loss: 6576.9658 - mae: 70.9630
[1m147/248[0m [32m━━━━━━━━━━━[0m[37m━━━━━━━━━[0m [1m3s[0m 31ms/step - loss: 6549.4316 - mae: 70.7595
[1m149/248[0m [32m━━━━━━━━━━━━[0m[37m━━━━━━━━[0m [1m3s[0m 31ms/step - loss: 6521.8984 - mae: 70.5544
[1m151/248[0m [32m━━━━━━━━━━━━[0m[37m━━━━━━━━[0m [1m2s[0m 31ms/step - loss: 6494.4150 - mae: 70.3487
[1m153/248[0m [32m━━━━━━━━━━━━[0m[37m━━━━━━━━[0m [1m2s[0m 31ms/step - loss: 6466.9912 - mae: 70.1423
[1m155/248[0m [32m━━━━━━━━━━━━[0m[37m━━━━━━━━[0m [1m2s[0m 31ms/step - loss: 6439.6436 - mae: 69.9354
[1m157/248[0m [32m━━━━━━━━━━━━[0m[37m━━━━━━━━[0m [1m2s[0m 31ms/step - loss: 6412.3525 - mae: 69.7276
[1m159/248[0m [32m━━━━━━━━━━━━[0m[37m━━━━━━━━[0m [1m2s[0m 31ms/step - loss: 6385.1255 - mae: 69.5191
[1m161/248[0m [32m━━━━━━━━━━━━[0m[37m━━━━━━━━[0m [1m2s[0m 31ms/step - loss: 6357.9663 - mae: 69.3095
[1m163/248[0m [32m━━━━━━━━━━━━━[0m[37m━━━━━━━[0m [1m2s[0m 31ms/step - loss: 6330.9009 - mae: 69.0997
[1m165/248[0m [32m━━━━━━━━━━━━━[0m[37m━━━━━━━[0m [1m2s[0m 31ms/step - loss: 6303.9478 - mae: 68.8896
[1m167/248[0m [32m━━━━━━━━━━━━━[0m[37m━━━━━━━[0m [1m2s[0m 31ms/step - loss: 6277.1030 - mae: 68.6793
[1m169/248[0m [32m━━━━━━━━━━━━━[0m[37m━━━━━━━[0m [1m2s[0m 31ms/step - loss: 6250.3882 - mae: 68.4690
[1m171/248[0m [32m━━━━━━━━━━━━━[0m[37m━━━━━━━[0m [1m2s[0m 31ms/step - loss: 6223.7983 - mae: 68.2588
[1m173/248[0m [32m━━━━━━━━━━━━━[0m[37m━━━━━━━[0m [1m2s[0m 31ms/step - loss: 6197.3354 - mae: 68.0486
[1m175/248[0m [32m━━━━━━━━━━━━━━[0m[37m━━━━━━[0m [1m2s[0m 31ms/step - loss: 6171.0117 - mae: 67.8385
[1m177/248[0m [32m━━━━━━━━━━━━━━[0m[37m━━━━━━[0m [1m2s[0m 31ms/step - loss: 6144.8408 - mae: 67.6290
[1m179/248[0m [32m━━━━━━━━━━━━━━[0m[37m━━━━━━[0m [1m2s[0m 31ms/step - loss: 6118.8252 - mae: 67.4199
[1m181/248[0m [32m━━━━━━━━━━━━━━[0m[37m━━━━━━[0m [1m2s[0m 31ms/step - loss: 6092.9683 - mae: 67.2112
[1m183/248[0m [32m━━━━━━━━━━━━━━[0m[37m━━━━━━[0m [1m1s[0m 31ms/step - loss: 6067.2666 - mae: 67.0031
[1m185/248[0m [32m━━━━━━━━━━━━━━[0m[37m━━━━━━[0m [1m1s[0m 30ms/step - loss: 6041.7271 - mae: 66.7954
[1m187/248[0m [32m━━━━━━━━━━━━━━━[0m[37m━━━━━[0m [1m1s[0m 30ms/step - loss: 6016.3584 - mae: 66.5886
[1m189/248[0m [32m━━━━━━━━━━━━━━━[0m[37m━━━━━[0m [1m1s[0m 30ms/step - loss: 5991.1616 - mae: 66.3825
[1m191/248[0m [32m━━━━━━━━━━━━━━━[0m[37m━━━━━[0m [1m1s[0m 30ms/step - loss: 5966.1357 - mae: 66.1773
[1m193/248[0m [32m━━━━━━━━━━━━━━━[0m[37m━━━━━[0m [1m1s[0m 30ms/step - loss: 5941.2832 - mae: 65.9729
[1m195/248[0m [32m━━━━━━━━━━━━━━━[0m[37m━━━━━[0m [1m1s[0m 30ms/step - loss: 5916.5928 - mae: 65.7691
[1m197/248[0m [32m━━━━━━━━━━━━━━━[0m[37m━━━━━[0m [1m1s[0m 30ms/step - loss: 5892.0718 - mae: 65.5661
[1m199/248[0m [32m━━━━━━━━━━━━━━━━[0m[37m━━━━[0m [1m1s[0m 30ms/step - loss: 5867.7192 - mae: 65.3639
[1m201/248[0m [32m━━━━━━━━━━━━━━━━[0m[37m━━━━[0m [1m1s[0m 30ms/step - loss: 5843.5513 - mae: 65.1629
[1m203/248[0m [32m━━━━━━━━━━━━━━━━[0m[37m━━━━[0m [1m1s[0m 30ms/step - loss: 5819.5601 - mae: 64.9629
[1m205/248[0m [32m━━━━━━━━━━━━━━━━[0m[37m━━━━[0m [1m1s[0m 30ms/step - loss: 5795.7485 - mae: 64.7640
[1m207/248[0m [32m━━━━━━━━━━━━━━━━[0m[37m━━━━[0m [1m1s[0m 30ms/step - loss: 5772.1172 - mae: 64.5662
[1m209/248[0m [32m━━━━━━━━━━━━━━━━[0m[37m━━━━[0m [1m1s[0m 30ms/step - loss: 5748.6675 - mae: 64.3695
[1m211/248[0m [32m━━━━━━━━━━━━━━━━━[0m[37m━━━[0m [1m1s[0m 30ms/step - loss: 5725.3931 - mae: 64.1738
[1m213/248[0m [32m━━━━━━━━━━━━━━━━━[0m[37m━━━[0m [1m1s[0m 30ms/step - loss: 5702.2905 - mae: 63.9790
[1m215/248[0m [32m━━━━━━━━━━━━━━━━━[0m[37m━━━[0m [1m0s[0m 30ms/step - loss: 5679.3628 - mae: 63.7853
[1m217/248[0m [32m━━━━━━━━━━━━━━━━━[0m[37m━━━[0m [1m0s[0m 30ms/step - loss: 5656.6216 - mae: 63.5930
[1m219/248[0m [32m━━━━━━━━━━━━━━━━━[0m[37m━━━[0m [1m0s[0m 30ms/step - loss: 5634.0669 - mae: 63.4020
[1m221/248[0m [32m━━━━━━━━━━━━━━━━━[0m[37m━━━[0m [1m0s[0m 30ms/step - loss: 5611.6836 - mae: 63.2121
[1m223/248[0m [32m━━━━━━━━━━━━━━━━━[0m[37m━━━[0m [1m0s[0m 30ms/step - loss: 5589.4746 - mae: 63.0234
[1m225/248[0m [32m━━━━━━━━━━━━━━━━━━[0m[37m━━[0m [1m0s[0m 30ms/step - loss: 5567.4453 - mae: 62.8359
[1m227/248[0m [32m━━━━━━━━━━━━━━━━━━[0m[37m━━[0m [1m0s[0m 30ms/step - loss: 5545.6045 - mae: 62.6498
[1m229/248[0m [32m━━━━━━━━━━━━━━━━━━[0m[37m━━[0m [1m0s[0m 30ms/step - loss: 5523.9414 - mae: 62.4651
[1m231/248[0m [32m━━━━━━━━━━━━━━━━━━[0m[37m━━[0m [1m0s[0m 30ms/step - loss: 5502.4487 - mae: 62.2815
[1m233/248[0m [32m━━━━━━━━━━━━━━━━━━[0m[37m━━[0m [1m0s[0m 30ms/step - loss: 5481.1255 - mae: 62.0990
[1m236/248[0m [32m━━━━━━━━━━━━━━━━━━━[0m[37m━[0m [1m0s[0m 30ms/step - loss: 5449.4565 - mae: 61.8275
[1m238/248[0m [32m━━━━━━━━━━━━━━━━━━━[0m[37m━[0m [1m0s[0m 30ms/step - loss: 5428.5542 - mae: 61.6480
[1m241/248[0m [32m━━━━━━━━━━━━━━━━━━━[0m[37m━[0m [1m0s[0m 30ms/step - loss: 5397.5132 - mae: 61.3811
[1m244/248[0m [32m━━━━━━━━━━━━━━━━━━━[0m[37m━[0m [1m0s[0m 29ms/step - loss: 5366.8330 - mae: 61.1165
[1m247/248[0m [32m━━━━━━━━━━━━━━━━━━━[0m[37m━[0m [1m0s[0m 29ms/step - loss: 5336.5176 - mae: 60.8545
Epoch 1: val_loss improved from inf to 339.66382, saving model to E:\PdM\models\FD001_lstm.keras

[1m248/248[0m [32m━━━━━━━━━━━━━━━━━━━━[0m[37m[0m [1m11s[0m 33ms/step - loss: 5316.5864 - mae: 60.6822 - val_loss: 339.6638 - val_mae: 15.9744 - learning_rate: 5.0000e-04
Epoch 2/75

[1m  1/248[0m [37m━━━━━━━━━━━━━━━━━━━━[0m [1m13s[0m 55ms/step - loss: 325.2256 - mae: 12.8574
[1m  3/248[0m [37m━━━━━━━━━━━━━━━━━━━━[0m [1m6s[0m 26ms/step - loss: 413.8782 - mae: 15.1609 
[1m  5/248[0m [37m━━━━━━━━━━━━━━━━━━━━[0m [1m6s[0m 26ms/step - loss: 404.4084 - mae: 15.1559
[1m  7/248[0m [37m━━━━━━━━━━━━━━━━━━━━[0m [1m6s[0m 26ms/step - loss: 395.7959 - mae: 15.0501
[1m  9/248[0m [37m━━━━━━━━━━━━━━━━━━━━[0m [1m6s[0m 26ms/step - loss: 390.4167 - mae: 15.0135
[1m 11/248[0m [37m━━━━━━━━━━━━━━━━━━━━[0m [1m6s[0m 26ms/step - loss: 389.5851 - mae: 15.0928
[1m 13/248[0m [32m━[0m[37m━━━━━━━━━━━━━━━━━━━[0m [1m6s[0m 26ms/step - loss: 391.9785 - mae: 15.2102
[1m 15/248[0m [32m━[0m[37m━━━━━━━━━━━━━━━━━━━[0m [1m6s[0m 26ms/step - loss: 392.5388 - mae: 15.2698
[1m 17/248[0m [32m━[0m[37m━━━━━━━━━━━━━━━━━━━[0m [1m6s[0m 26ms/step - loss: 391.4439 - mae: 15.2798
[1m 19/248[0m [32m━[0m[37m━━━━━━━━━━━━━━━━━━━[0m [1m6s[0m 26ms/step - loss: 391.3410 - mae: 15.3036
[1m 21/248[0m [32m━[0m[37m━━━━━━━━━━━━━━━━━━━[0m [1m5s[0m 26ms/step - loss: 390.9813 - mae: 15.3147
[1m 23/248[0m [32m━[0m[37m━━━━━━━━━━━━━━━━━━━[0m [1m5s[0m 26ms/step - loss: 391.4643 - mae: 15.3419
[1m 25/248[0m [32m━━[0m[37m━━━━━━━━━━━━━━━━━━[0m [1m5s[0m 26ms/step - loss: 391.8227 - mae: 15.3641
[1m 27/248[0m [32m━━[0m[37m━━━━━━━━━━━━━━━━━━[0m [1m5s[0m 26ms/step - loss: 392.0725 - mae: 15.3834
[1m 29/248[0m [32m━━[0m[37m━━━━━━━━━━━━━━━━━━[0m [1m5s[0m 26ms/step - loss: 393.5595 - mae: 15.4279
[1m 31/248[0m [32m━━[0m[37m━━━━━━━━━━━━━━━━━━[0m [1m5s[0m 26ms/step - loss: 395.8266 - mae: 15.4887
[1m 33/248[0m [32m━━[0m[37m━━━━━━━━━━━━━━━━━━[0m [1m5s[0m 26ms/step - loss: 399.0159 - mae: 15.5673
[1m 35/248[0m [32m━━[0m[37m━━━━━━━━━━━━━━━━━━[0m [1m5s[0m 26ms/step - loss: 401.7001 - mae: 15.6382
[1m 37/248[0m [32m━━[0m[37m━━━━━━━━━━━━━━━━━━[0m [1m5s[0m 27ms/step - loss: 403.8252 - mae: 15.6972
[1m 39/248[0m [32m━━━[0m[37m━━━━━━━━━━━━━━━━━[0m [1m5s[0m 27ms/step - loss: 405.9541 - mae: 15.7544
[1m 41/248[0m [32m━━━[0m[37m━━━━━━━━━━━━━━━━━[0m [1m5s[0m 27ms/step - loss: 407.5337 - mae: 15.7975
[1m 43/248[0m [32m━━━[0m[37m━━━━━━━━━━━━━━━━━[0m [1m5s[0m 27ms/step - loss: 408.7831 - mae: 15.8332
[1m 45/248[0m [32m━━━[0m[37m━━━━━━━━━━━━━━━━━[0m [1m5s[0m 27ms/step - loss: 409.7078 - mae: 15.8598
[1m 47/248[0m [32m━━━[0m[37m━━━━━━━━━━━━━━━━━[0m [1m5s[0m 28ms/step - loss: 410.3973 - mae: 15.8805
[1m 49/248[0m [32m━━━[0m[37m━━━━━━━━━━━━━━━━━[0m [1m5s[0m 28ms/step - loss: 411.0355 - mae: 15.8996
[1m 51/248[0m [32m━━━━[0m[37m━━━━━━━━━━━━━━━━[0m [1m5s[0m 28ms/step - loss: 411.4585 - mae: 15.9135
[1m 53/248[0m [32m━━━━[0m[37m━━━━━━━━━━━━━━━━[0m [1m5s[0m 29ms/step - loss: 411.7183 - mae: 15.9233
[1m 55/248[0m [32m━━━━[0m[37m━━━━━━━━━━━━━━━━[0m [1m5s[0m 29ms/step - loss: 411.7159 - mae: 15.9269
[1m 57/248[0m [32m━━━━[0m[37m━━━━━━━━━━━━━━━━[0m [1m5s[0m 29ms/step - loss: 411.5285 - mae: 15.9257
[1m 59/248[0m [32m━━━━[0m[37m━━━━━━━━━━━━━━━━[0m [1m5s[0m 29ms/step - loss: 411.2332 - mae: 15.9223
[1m 61/248[0m [32m━━━━[0m[37m━━━━━━━━━━━━━━━━[0m [1m5s[0m 29ms/step - loss: 410.8766 - mae: 15.9178
[1m 63/248[0m [32m━━━━━[0m[37m━━━━━━━━━━━━━━━[0m [1m5s[0m 29ms/step - loss: 410.4268 - mae: 15.9112
[1m 65/248[0m [32m━━━━━[0m[37m━━━━━━━━━━━━━━━[0m [1m5s[0m 29ms/step - loss: 409.9217 - mae: 15.9029
[1m 67/248[0m [32m━━━━━[0m[37m━━━━━━━━━━━━━━━[0m [1m5s[0m 29ms/step - loss: 409.4729 - mae: 15.8954
[1m 69/248[0m [32m━━━━━[0m[37m━━━━━━━━━━━━━━━[0m [1m5s[0m 29ms/step - loss: 409.0055 - mae: 15.8873
[1m 71/248[0m [32m━━━━━[0m[37m━━━━━━━━━━━━━━━[0m [1m5s[0m 29ms/step - loss: 408.5502 - mae: 15.8791
[1m 73/248[0m [32m━━━━━[0m[37m━━━━━━━━━━━━━━━[0m [1m5s[0m 29ms/step - loss: 408.0646 - mae: 15.8701
[1m 75/248[0m [32m━━━━━━[0m[37m━━━━━━━━━━━━━━[0m [1m4s[0m 29ms/step - loss: 407.7019 - mae: 15.8640
[1m 77/248[0m [32m━━━━━━[0m[37m━━━━━━━━━━━━━━[0m [1m4s[0m 29ms/step - loss: 407.3546 - mae: 15.8587
[1m 79/248[0m [32m━━━━━━[0m[37m━━━━━━━━━━━━━━[0m [1m4s[0m 29ms/step - loss: 406.9617 - mae: 15.8524
[1m 81/248[0m [32m━━━━━━[0m[37m━━━━━━━━━━━━━━[0m [1m4s[0m 29ms/step - loss: 406.5298 - mae: 15.8451
[1m 83/248[0m [32m━━━━━━[0m[37m━━━━━━━━━━━━━━[0m [1m4s[0m 29ms/step - loss: 406.1510 - mae: 15.8389
[1m 85/248[0m [32m━━━━━━[0m[37m━━━━━━━━━━━━━━[0m [1m4s[0m 29ms/step - loss: 405.7211 - mae: 15.8308
[1m 87/248[0m [32m━━━━━━━[0m[37m━━━━━━━━━━━━━[0m [1m4s[0m 29ms/step - loss: 405.2364 - mae: 15.8210
[1m 89/248[0m [32m━━━━━━━[0m[37m━━━━━━━━━━━━━[0m [1m4s[0m 29ms/step - loss: 404.7754 - mae: 15.8116
[1m 91/248[0m [32m━━━━━━━[0m[37m━━━━━━━━━━━━━[0m [1m4s[0m 29ms/step - loss: 404.2968 - mae: 15.8017
[1m 93/248[0m [32m━━━━━━━[0m[37m━━━━━━━━━━━━━[0m [1m4s[0m 29ms/step - loss: 403.9045 - mae: 15.7934
[1m 95/248[0m [32m━━━━━━━[0m[37m━━━━━━━━━━━━━[0m [1m4s[0m 29ms/step - loss: 403.5695 - mae: 15.7859
[1m 97/248[0m [32m━━━━━━━[0m[37m━━━━━━━━━━━━━[0m [1m4s[0m 29ms/step - loss: 403.2343 - mae: 15.7778
[1m 99/248[0m [32m━━━━━━━[0m[37m━━━━━━━━━━━━━[0m [1m4s[0m 29ms/step - loss: 402.8829 - mae: 15.7693
[1m101/248[0m [32m━━━━━━━━[0m[37m━━━━━━━━━━━━[0m [1m4s[0m 29ms/step - loss: 402.5395 - mae: 15.7610
[1m103/248[0m [32m━━━━━━━━[0m[37m━━━━━━━━━━━━[0m [1m4s[0m 29ms/step - loss: 402.2180 - mae: 15.7529
[1m105/248[0m [32m━━━━━━━━[0m[37m━━━━━━━━━━━━[0m [1m4s[0m 29ms/step - loss: 401.8750 - mae: 15.7446
[1m107/248[0m [32m━━━━━━━━[0m[37m━━━━━━━━━━━━[0m [1m4s[0m 29ms/step - loss: 401.5280 - mae: 15.7358
[1m109/248[0m [32m━━━━━━━━[0m[37m━━━━━━━━━━━━[0m [1m3s[0m 29ms/step - loss: 401.2097 - mae: 15.7276
[1m111/248[0m [32m━━━━━━━━[0m[37m━━━━━━━━━━━━[0m [1m3s[0m 29ms/step - loss: 400.9217 - mae: 15.7200
[1m113/248[0m [32m━━━━━━━━━[0m[37m━━━━━━━━━━━[0m [1m3s[0m 29ms/step - loss: 400.6404 - mae: 15.7126
[1m115/248[0m [32m━━━━━━━━━[0m[37m━━━━━━━━━━━[0m [1m3s[0m 29ms/step - loss: 400.3562 - mae: 15.7053
[1m117/248[0m [32m━━━━━━━━━[0m[37m━━━━━━━━━━━[0m [1m3s[0m 29ms/step - loss: 400.0662 - mae: 15.6982
[1m119/248[0m [32m━━━━━━━━━[0m[37m━━━━━━━━━━━[0m [1m3s[0m 29ms/step - loss: 399.7791 - mae: 15.6911
[1m121/248[0m [32m━━━━━━━━━[0m[37m━━━━━━━━━━━[0m [1m3s[0m 29ms/step - loss: 399.5093 - mae: 15.6843
[1m123/248[0m [32m━━━━━━━━━[0m[37m━━━━━━━━━━━[0m [1m3s[0m 29ms/step - loss: 399.2328 - mae: 15.6774
[1m126/248[0m [32m━━━━━━━━━━[0m[37m━━━━━━━━━━[0m [1m3s[0m 29ms/step - loss: 398.7971 - mae: 15.6665
[1m129/248[0m [32m━━━━━━━━━━[0m[37m━━━━━━━━━━[0m [1m3s[0m 28ms/step - loss: 398.3149 - mae: 15.6547
[1m131/248[0m [32m━━━━━━━━━━[0m[37m━━━━━━━━━━[0m [1m3s[0m 28ms/step - loss: 397.9920 - mae: 15.6467
[1m133/248[0m [32m━━━━━━━━━━[0m[37m━━━━━━━━━━[0m [1m3s[0m 28ms/step - loss: 397.6541 - mae: 15.6386
[1m135/248[0m [32m━━━━━━━━━━[0m[37m━━━━━━━━━━[0m [1m3s[0m 28ms/step - loss: 397.3089 - mae: 15.6303
[1m137/248[0m [32m━━━━━━━━━━━[0m[37m━━━━━━━━━[0m [1m3s[0m 28ms/step - loss: 396.9889 - mae: 15.6229
[1m139/248[0m [32m━━━━━━━━━━━[0m[37m━━━━━━━━━[0m [1m3s[0m 28ms/step - loss: 396.6798 - mae: 15.6159
[1m141/248[0m [32m━━━━━━━━━━━[0m[37m━━━━━━━━━[0m [1m3s[0m 28ms/step - loss: 396.3777 - mae: 15.6091
[1m143/248[0m [32m━━━━━━━━━━━[0m[37m━━━━━━━━━[0m [1m2s[0m 28ms/step - loss: 396.0893 - mae: 15.6028
[1m145/248[0m [32m━━━━━━━━━━━[0m[37m━━━━━━━━━[0m [1m2s[0m 28ms/step - loss: 395.8141 - mae: 15.5967
[1m147/248[0m [32m━━━━━━━━━━━[0m[37m━━━━━━━━━[0m [1m2s[0m 28ms/step - loss: 395.5471 - mae: 15.5908
[1m149/248[0m [32m━━━━━━━━━━━━[0m[37m━━━━━━━━[0m [1m2s[0m 28ms/step - loss: 395.2687 - mae: 15.5845
[1m151/248[0m [32m━━━━━━━━━━━━[0m[37m━━━━━━━━[0m [1m2s[0m 28ms/step - loss: 394.9990 - mae: 15.5785
[1m153/248[0m [32m━━━━━━━━━━━━[0m[37m━━━━━━━━[0m [1m2s[0m 28ms/step - loss: 394.7407 - mae: 15.5726
[1m155/248[0m [32m━━━━━━━━━━━━[0m[37m━━━━━━━━[0m [1m2s[0m 28ms/step - loss: 394.5104 - mae: 15.5674
[1m157/248[0m [32m━━━━━━━━━━━━[0m[37m━━━━━━━━[0m [1m2s[0m 28ms/step - loss: 394.2718 - mae: 15.5620
[1m159/248[0m [32m━━━━━━━━━━━━[0m[37m━━━━━━━━[0m [1m2s[0m 28ms/step - loss: 394.0262 - mae: 15.5564
[1m162/248[0m [32m━━━━━━━━━━━━━[0m[37m━━━━━━━[0m [1m2s[0m 28ms/step - loss: 393.6684 - mae: 15.5482
[1m164/248[0m [32m━━━━━━━━━━━━━[0m[37m━━━━━━━[0m [1m2s[0m 28ms/step - loss: 393.4327 - mae: 15.5427
[1m167/248[0m [32m━━━━━━━━━━━━━[0m[37m━━━━━━━[0m [1m2s[0m 28ms/step - loss: 393.0741 - mae: 15.5343
[1m169/248[0m [32m━━━━━━━━━━━━━[0m[37m━━━━━━━[0m [1m2s[0m 28ms/step - loss: 392.8325 - mae: 15.5286
[1m172/248[0m [32m━━━━━━━━━━━━━[0m[37m━━━━━━━[0m [1m2s[0m 28ms/step - loss: 392.4590 - mae: 15.5199
[1m174/248[0m [32m━━━━━━━━━━━━━━[0m[37m━━━━━━[0m [1m2s[0m 28ms/step - loss: 392.2011 - mae: 15.5139
[1m176/248[0m [32m━━━━━━━━━━━━━━[0m[37m━━━━━━[0m [1m1s[0m 28ms/step - loss: 391.9496 - mae: 15.5080
[1m178/248[0m [32m━━━━━━━━━━━━━━[0m[37m━━━━━━[0m [1m1s[0m 28ms/step - loss: 391.7107 - mae: 15.5024
[1m180/248[0m [32m━━━━━━━━━━━━━━[0m[37m━━━━━━[0m [1m1s[0m 28ms/step - loss: 391.4683 - mae: 15.4967
[1m182/248[0m [32m━━━━━━━━━━━━━━[0m[37m━━━━━━[0m [1m1s[0m 28ms/step - loss: 391.2339 - mae: 15.4910
[1m184/248[0m [32m━━━━━━━━━━━━━━[0m[37m━━━━━━[0m [1m1s[0m 28ms/step - loss: 391.0013 - mae: 15.4853
[1m186/248[0m [32m━━━━━━━━━━━━━━━[0m[37m━━━━━[0m [1m1s[0m 28ms/step - loss: 390.7609 - mae: 15.4794
[1m188/248[0m [32m━━━━━━━━━━━━━━━[0m[37m━━━━━[0m [1m1s[0m 28ms/step - loss: 390.5269 - mae: 15.4737
[1m190/248[0m [32m━━━━━━━━━━━━━━━[0m[37m━━━━━[0m [1m1s[0m 28ms/step - loss: 390.2843 - mae: 15.4678
[1m192/248[0m [32m━━━━━━━━━━━━━━━[0m[37m━━━━━[0m [1m1s[0m 28ms/step - loss: 390.0438 - mae: 15.4620
[1m194/248[0m [32m━━━━━━━━━━━━━━━[0m[37m━━━━━[0m [1m1s[0m 28ms/step - loss: 389.7999 - mae: 15.4561
[1m196/248[0m [32m━━━━━━━━━━━━━━━[0m[37m━━━━━[0m [1m1s[0m 28ms/step - loss: 389.5480 - mae: 15.4500
[1m198/248[0m [32m━━━━━━━━━━━━━━━[0m[37m━━━━━[0m [1m1s[0m 28ms/step - loss: 389.3079 - mae: 15.4442
[1m200/248[0m [32m━━━━━━━━━━━━━━━━[0m[37m━━━━[0m [1m1s[0m 28ms/step - loss: 389.0664 - mae: 15.4383
[1m203/248[0m [32m━━━━━━━━━━━━━━━━[0m[37m━━━━[0m [1m1s[0m 28ms/step - loss: 388.7051 - mae: 15.4295
[1m205/248[0m [32m━━━━━━━━━━━━━━━━[0m[37m━━━━[0m [1m1s[0m 28ms/step - loss: 388.4686 - mae: 15.4238
[1m207/248[0m [32m━━━━━━━━━━━━━━━━[0m[37m━━━━[0m [1m1s[0m 28ms/step - loss: 388.2349 - mae: 15.4181
[1m209/248[0m [32m━━━━━━━━━━━━━━━━[0m[37m━━━━[0m [1m1s[0m 28ms/step - loss: 388.0004 - mae: 15.4124
[1m211/248[0m [32m━━━━━━━━━━━━━━━━━[0m[37m━━━[0m [1m1s[0m 28ms/step - loss: 387.7624 - mae: 15.4066
[1m213/248[0m [32m━━━━━━━━━━━━━━━━━[0m[37m━━━[0m [1m0s[0m 28ms/step - loss: 387.5226 - mae: 15.4007
[1m215/248[0m [32m━━━━━━━━━━━━━━━━━[0m[37m━━━[0m [1m0s[0m 28ms/step - loss: 387.2864 - mae: 15.3949
[1m217/248[0m [32m━━━━━━━━━━━━━━━━━[0m[37m━━━[0m [1m0s[0m 28ms/step - loss: 387.0487 - mae: 15.3892
[1m219/248[0m [32m━━━━━━━━━━━━━━━━━[0m[37m━━━[0m [1m0s[0m 28ms/step - loss: 386.8081 - mae: 15.3834
[1m221/248[0m [32m━━━━━━━━━━━━━━━━━[0m[37m━━━[0m [1m0s[0m 28ms/step - loss: 386.5632 - mae: 15.3775
[1m223/248[0m [32m━━━━━━━━━━━━━━━━━[0m[37m━━━[0m [1m0s[0m 28ms/step - loss: 386.3156 - mae: 15.3716
[1m225/248[0m [32m━━━━━━━━━━━━━━━━━━[0m[37m━━[0m [1m0s[0m 28ms/step - loss: 386.0738 - mae: 15.3657
[1m227/248[0m [32m━━━━━━━━━━━━━━━━━━[0m[37m━━[0m [1m0s[0m 28ms/step - loss: 385.8412 - mae: 15.3600
[1m229/248[0m [32m━━━━━━━━━━━━━━━━━━[0m[37m━━[0m [1m0s[0m 27ms/step - loss: 385.6082 - mae: 15.3543
[1m231/248[0m [32m━━━━━━━━━━━━━━━━━━[0m[37m━━[0m [1m0s[0m 27ms/step - loss: 385.3792 - mae: 15.3486
[1m233/248[0m [32m━━━━━━━━━━━━━━━━━━[0m[37m━━[0m [1m0s[0m 27ms/step - loss: 385.1464 - mae: 15.3428
[1m235/248[0m [32m━━━━━━━━━━━━━━━━━━[0m[37m━━[0m [1m0s[0m 27ms/step - loss: 384.9121 - mae: 15.3370
[1m237/248[0m [32m━━━━━━━━━━━━━━━━━━━[0m[37m━[0m [1m0s[0m 27ms/step - loss: 384.6746 - mae: 15.3311
[1m239/248[0m [32m━━━━━━━━━━━━━━━━━━━[0m[37m━[0m [1m0s[0m 27ms/step - loss: 384.4377 - mae: 15.3252
[1m241/248[0m [32m━━━━━━━━━━━━━━━━━━━[0m[37m━[0m [1m0s[0m 27ms/step - loss: 384.1975 - mae: 15.3192
[1m243/248[0m [32m━━━━━━━━━━━━━━━━━━━[0m[37m━[0m [1m0s[0m 27ms/step - loss: 383.9531 - mae: 15.3132
[1m245/248[0m [32m━━━━━━━━━━━━━━━━━━━[0m[37m━[0m [1m0s[0m 27ms/step - loss: 383.7071 - mae: 15.3071
[1m247/248[0m [32m━━━━━━━━━━━━━━━━━━━[0m[37m━[0m [1m0s[0m 27ms/step - loss: 383.4577 - mae: 15.3009
Epoch 2: val_loss improved from 339.66382 to 170.00021, saving model to E:\PdM\models\FD001_lstm.keras

[1m248/248[0m [32m━━━━━━━━━━━━━━━━━━━━[0m[37m[0m [1m7s[0m 29ms/step - loss: 383.2169 - mae: 15.2949 - val_loss: 170.0002 - val_mae: 9.5996 - learning_rate: 5.0000e-04
Epoch 3/75

[1m  1/248[0m [37m━━━━━━━━━━━━━━━━━━━━[0m [1m11s[0m 47ms/step - loss: 307.5089 - mae: 12.9346
[1m  3/248[0m [37m━━━━━━━━━━━━━━━━━━━━[0m [1m6s[0m 26ms/step - loss: 319.3242 - mae: 13.6710 
[1m  5/248[0m [37m━━━━━━━━━━━━━━━━━━━━[0m [1m6s[0m 27ms/step - loss: 310.0158 - mae: 13.4856
[1m  7/248[0m [37m━━━━━━━━━━━━━━━━━━━━[0m [1m6s[0m 27ms/step - loss: 304.7009 - mae: 13.3530
[1m  9/248[0m [37m━━━━━━━━━━━━━━━━━━━━[0m [1m6s[0m 27ms/step - loss: 297.9785 - mae: 13.1867
[1m 11/248[0m [37m━━━━━━━━━━━━━━━━━━━━[0m [1m6s[0m 26ms/step - loss: 295.6042 - mae: 13.1454
[1m 13/248[0m [32m━[0m[37m━━━━━━━━━━━━━━━━━━━[0m [1m6s[0m 26ms/step - loss: 295.2624 - mae: 13.1477
[1m 15/248[0m [32m━[0m[37m━━━━━━━━━━━━━━━━━━━[0m [1m6s[0m 26ms/step - loss: 294.7892 - mae: 13.1499
[1m 17/248[0m [32m━[0m[37m━━━━━━━━━━━━━━━━━━━[0m [1m6s[0m 26ms/step - loss: 293.8604 - mae: 13.1456
[1m 19/248[0m [32m━[0m[37m━━━━━━━━━━━━━━━━━━━[0m [1m6s[0m 26ms/step - loss: 293.4190 - mae: 13.1514
[1m 21/248[0m [32m━[0m[37m━━━━━━━━━━━━━━━━━━━[0m [1m5s[0m 26ms/step - loss: 292.9243 - mae: 13.1506
[1m 23/248[0m [32m━[0m[37m━━━━━━━━━━━━━━━━━━━[0m [1m5s[0m 26ms/step - loss: 292.7078 - mae: 13.1559
[1m 25/248[0m [32m━━[0m[37m━━━━━━━━━━━━━━━━━━[0m [1m5s[0m 27ms/step - loss: 292.4318 - mae: 13.1575
[1m 27/248[0m [32m━━[0m[37m━━━━━━━━━━━━━━━━━━[0m [1m5s[0m 27ms/step - loss: 291.8208 - mae: 13.1499
[1m 30/248[0m [32m━━[0m[37m━━━━━━━━━━━━━━━━━━[0m [1m5s[0m 27ms/step - loss: 291.7059 - mae: 13.1549
[1m 32/248[0m [32m━━[0m[37m━━━━━━━━━━━━━━━━━━[0m [1m5s[0m 27ms/step - loss: 292.0434 - mae: 13.1698
[1m 34/248[0m [32m━━[0m[37m━━━━━━━━━━━━━━━━━━[0m [1m5s[0m 27ms/step - loss: 292.1387 - mae: 13.1786
[1m 36/248[0m [32m━━[0m[37m━━━━━━━━━━━━━━━━━━[0m [1m5s[0m 27ms/step - loss: 291.9796 - mae: 13.1821
[1m 38/248[0m [32m━━━[0m[37m━━━━━━━━━━━━━━━━━[0m [1m5s[0m 27ms/step - loss: 291.8364 - mae: 13.1854
[1m 40/248[0m [32m━━━[0m[37m━━━━━━━━━━━━━━━━━[0m [1m5s[0m 27ms/step - loss: 292.2055 - mae: 13.1972
[1m 42/248[0m [32m━━━[0m[37m━━━━━━━━━━━━━━━━━[0m [1m5s[0m 27ms/step - loss: 292.4482 - mae: 13.2053
[1m 44/248[0m [32m━━━[0m[37m━━━━━━━━━━━━━━━━━[0m [1m5s[0m 27ms/step - loss: 292.5750 - mae: 13.2101
[1m 46/248[0m [32m━━━[0m[37m━━━━━━━━━━━━━━━━━[0m [1m5s[0m 27ms/step - loss: 292.6261 - mae: 13.2122
[1m 48/248[0m [32m━━━[0m[37m━━━━━━━━━━━━━━━━━[0m [1m5s[0m 28ms/step - loss: 292.6021 - mae: 13.2120
[1m 50/248[0m [32m━━━━[0m[37m━━━━━━━━━━━━━━━━[0m [1m5s[0m 28ms/step - loss: 292.5844 - mae: 13.2124
[1m 52/248[0m [32m━━━━[0m[37m━━━━━━━━━━━━━━━━[0m [1m5s[0m 28ms/step - loss: 292.5193 - mae: 13.2120
[1m 54/248[0m [32m━━━━[0m[37m━━━━━━━━━━━━━━━━[0m [1m5s[0m 28ms/step - loss: 292.3899 - mae: 13.2093
[1m 56/248[0m [32m━━━━[0m[37m━━━━━━━━━━━━━━━━[0m [1m5s[0m 28ms/step - loss: 292.1874 - mae: 13.2045
[1m 58/248[0m [32m━━━━[0m[37m━━━━━━━━━━━━━━━━[0m [1m5s[0m 28ms/step - loss: 291.9454 - mae: 13.1992
[1m 60/248[0m [32m━━━━[0m[37m━━━━━━━━━━━━━━━━[0m [1m5s[0m 28ms/step - loss: 291.6624 - mae: 13.1928
[1m 62/248[0m [32m━━━━━[0m[37m━━━━━━━━━━━━━━━[0m [1m5s[0m 28ms/step - loss: 291.3630 - mae: 13.1858
[1m 64/248[0m [32m━━━━━[0m[37m━━━━━━━━━━━━━━━[0m [1m5s[0m 28ms/step - loss: 291.0625 - mae: 13.1789
[1m 66/248[0m [32m━━━━━[0m[37m━━━━━━━━━━━━━━━[0m [1m5s[0m 28ms/step - loss: 290.7868 - mae: 13.1724
[1m 68/248[0m [32m━━━━━[0m[37m━━━━━━━━━━━━━━━[0m [1m5s[0m 28ms/step - loss: 290.5116 - mae: 13.1662
[1m 70/248[0m [32m━━━━━[0m[37m━━━━━━━━━━━━━━━[0m [1m5s[0m 28ms/step - loss: 290.2999 - mae: 13.1615
[1m 72/248[0m [32m━━━━━[0m[37m━━━━━━━━━━━━━━━[0m [1m4s[0m 28ms/step - loss: 290.0906 - mae: 13.1563
[1m 74/248[0m [32m━━━━━[0m[37m━━━━━━━━━━━━━━━[0m [1m4s[0m 28ms/step - loss: 289.8687 - mae: 13.1506
[1m 76/248[0m [32m━━━━━━[0m[37m━━━━━━━━━━━━━━[0m [1m4s[0m 28ms/step - loss: 289.6680 - mae: 13.1459
[1m 78/248[0m [32m━━━━━━[0m[37m━━━━━━━━━━━━━━[0m [1m4s[0m 28ms/step - loss: 289.4562 - mae: 13.1407
[1m 80/248[0m [32m━━━━━━[0m[37m━━━━━━━━━━━━━━[0m [1m4s[0m 28ms/step - loss: 289.2339 - mae: 13.1353
[1m 82/248[0m [32m━━━━━━[0m[37m━━━━━━━━━━━━━━[0m [1m4s[0m 28ms/step - loss: 289.0612 - mae: 13.1311
[1m 84/248[0m [32m━━━━━━[0m[37m━━━━━━━━━━━━━━[0m [1m4s[0m 29ms/step - loss: 288.8751 - mae: 13.1265
[1m 86/248[0m [32m━━━━━━[0m[37m━━━━━━━━━━━━━━[0m [1m4s[0m 29ms/step - loss: 288.6911 - mae: 13.1218
[1m 88/248[0m [32m━━━━━━━[0m[37m━━━━━━━━━━━━━[0m [1m4s[0m 28ms/step - loss: 288.5036 - mae: 13.1169
[1m 90/248[0m [32m━━━━━━━[0m[37m━━━━━━━━━━━━━[0m [1m4s[0m 28ms/step - loss: 288.3213 - mae: 13.1122
[1m 92/248[0m [32m━━━━━━━[0m[37m━━━━━━━━━━━━━[0m [1m4s[0m 28ms/step - loss: 288.1354 - mae: 13.1073
[1m 94/248[0m [32m━━━━━━━[0m[37m━━━━━━━━━━━━━[0m [1m4s[0m 28ms/step - loss: 288.0328 - mae: 13.1044
[1m 96/248[0m [32m━━━━━━━[0m[37m━━━━━━━━━━━━━[0m [1m4s[0m 28ms/step - loss: 287.9374 - mae: 13.1016
[1m 98/248[0m [32m━━━━━━━[0m[37m━━━━━━━━━━━━━[0m [1m4s[0m 28ms/step - loss: 287.8215 - mae: 13.0980
[1m100/248[0m [32m━━━━━━━━[0m[37m━━━━━━━━━━━━[0m [1m4s[0m 28ms/step - loss: 287.6921 - mae: 13.0941
[1m102/248[0m [32m━━━━━━━━[0m[37m━━━━━━━━━━━━[0m [1m4s[0m 28ms/step - loss: 287.5641 - mae: 13.0901
[1m104/248[0m [32m━━━━━━━━[0m[37m━━━━━━━━━━━━[0m [1m4s[0m 28ms/step - loss: 287.4440 - mae: 13.0862
[1m106/248[0m [32m━━━━━━━━[0m[37m━━━━━━━━━━━━[0m [1m4s[0m 28ms/step - loss: 287.3363 - mae: 13.0826
[1m108/248[0m [32m━━━━━━━━[0m[37m━━━━━━━━━━━━[0m [1m3s[0m 28ms/step - loss: 287.2295 - mae: 13.0790
[1m110/248[0m [32m━━━━━━━━[0m[37m━━━━━━━━━━━━[0m [1m3s[0m 28ms/step - loss: 287.1446 - mae: 13.0759
[1m112/248[0m [32m━━━━━━━━━[0m[37m━━━━━━━━━━━[0m [1m3s[0m 28ms/step - loss: 287.0681 - mae: 13.0729
[1m114/248[0m [32m━━━━━━━━━[0m[37m━━━━━━━━━━━[0m [1m3s[0m 28ms/step - loss: 286.9823 - mae: 13.0697
[1m116/248[0m [32m━━━━━━━━━[0m[37m━━━━━━━━━━━[0m [1m3s[0m 28ms/step - loss: 286.9059 - mae: 13.0669
[1m118/248[0m [32m━━━━━━━━━[0m[37m━━━━━━━━━━━[0m [1m3s[0m 28ms/step - loss: 286.8433 - mae: 13.0645
[1m120/248[0m [32m━━━━━━━━━[0m[37m━━━━━━━━━━━[0m [1m3s[0m 28ms/step - loss: 286.8127 - mae: 13.0626
[1m122/248[0m [32m━━━━━━━━━[0m[37m━━━━━━━━━━━[0m [1m3s[0m 28ms/step - loss: 286.7890 - mae: 13.0608
[1m124/248[0m [32m━━━━━━━━━━[0m[37m━━━━━━━━━━[0m [1m3s[0m 28ms/step - loss: 286.7645 - mae: 13.0592
[1m126/248[0m [32m━━━━━━━━━━[0m[37m━━━━━━━━━━[0m [1m3s[0m 28ms/step - loss: 286.7310 - mae: 13.0573
[1m128/248[0m [32m━━━━━━━━━━[0m[37m━━━━━━━━━━[0m [1m3s[0m 28ms/step - loss: 286.6853 - mae: 13.0550
[1m130/248[0m [32m━━━━━━━━━━[0m[37m━━━━━━━━━━[0m [1m3s[0m 28ms/step - loss: 286.6336 - mae: 13.0525
[1m132/248[0m [32m━━━━━━━━━━[0m[37m━━━━━━━━━━[0m [1m3s[0m 28ms/step - loss: 286.5651 - mae: 13.0497
[1m134/248[0m [32m━━━━━━━━━━[0m[37m━━━━━━━━━━[0m [1m3s[0m 28ms/step - loss: 286.4807 - mae: 13.0465
[1m136/248[0m [32m━━━━━━━━━━[0m[37m━━━━━━━━━━[0m [1m3s[0m 28ms/step - loss: 286.3936 - mae: 13.0433
[1m138/248[0m [32m━━━━━━━━━━━[0m[37m━━━━━━━━━[0m [1m3s[0m 28ms/step - loss: 286.3100 - mae: 13.0400
[1m140/248[0m [32m━━━━━━━━━━━[0m[37m━━━━━━━━━[0m [1m3s[0m 28ms/step - loss: 286.2352 - mae: 13.0369
[1m142/248[0m [32m━━━━━━━━━━━[0m[37m━━━━━━━━━[0m [1m2s[0m 28ms/step - loss: 286.1572 - mae: 13.0338
[1m144/248[0m [32m━━━━━━━━━━━[0m[37m━━━━━━━━━[0m [1m2s[0m 28ms/step - loss: 286.0947 - mae: 13.0311
[1m146/248[0m [32m━━━━━━━━━━━[0m[37m━━━━━━━━━[0m [1m2s[0m 28ms/step - loss: 286.0438 - mae: 13.0288
[1m148/248[0m [32m━━━━━━━━━━━[0m[37m━━━━━━━━━[0m [1m2s[0m 28ms/step - loss: 285.9957 - mae: 13.0265
[1m150/248[0m [32m━━━━━━━━━━━━[0m[37m━━━━━━━━[0m [1m2s[0m 28ms/step - loss: 285.9778 - mae: 13.0251
[1m152/248[0m [32m━━━━━━━━━━━━[0m[37m━━━━━━━━[0m [1m2s[0m 28ms/step - loss: 285.9622 - mae: 13.0236
[1m154/248[0m [32m━━━━━━━━━━━━[0m[37m━━━━━━━━[0m [1m2s[0m 28ms/step - loss: 285.9430 - mae: 13.0221
[1m156/248[0m [32m━━━━━━━━━━━━[0m[37m━━━━━━━━[0m [1m2s[0m 28ms/step - loss: 285.9362 - mae: 13.0210
[1m158/248[0m [32m━━━━━━━━━━━━[0m[37m━━━━━━━━[0m [1m2s[0m 28ms/step - loss: 285.9256 - mae: 13.0198
[1m160/248[0m [32m━━━━━━━━━━━━[0m[37m━━━━━━━━[0m [1m2s[0m 28ms/step - loss: 285.9220 - mae: 13.0188
[1m162/248[0m [32m━━━━━━━━━━━━━[0m[37m━━━━━━━[0m [1m2s[0m 28ms/step - loss: 285.9170 - mae: 13.0178
[1m164/248[0m [32m━━━━━━━━━━━━━[0m[37m━━━━━━━[0m [1m2s[0m 28ms/step - loss: 285.9394 - mae: 13.0175
[1m166/248[0m [32m━━━━━━━━━━━━━[0m[37m━━━━━━━[0m [1m2s[0m 28ms/step - loss: 285.9686 - mae: 13.0173
[1m168/248[0m [32m━━━━━━━━━━━━━[0m[37m━━━━━━━[0m [1m2s[0m 28ms/step - loss: 285.9966 - mae: 13.0172
[1m170/248[0m [32m━━━━━━━━━━━━━[0m[37m━━━━━━━[0m [1m2s[0m 28ms/step - loss: 286.0168 - mae: 13.0169
[1m172/248[0m [32m━━━━━━━━━━━━━[0m[37m━━━━━━━[0m [1m2s[0m 28ms/step - loss: 286.0270 - mae: 13.0163
[1m174/248[0m [32m━━━━━━━━━━━━━━[0m[37m━━━━━━[0m [1m2s[0m 28ms/step - loss: 286.0323 - mae: 13.0156
[1m176/248[0m [32m━━━━━━━━━━━━━━[0m[37m━━━━━━[0m [1m2s[0m 28ms/step - loss: 286.0400 - mae: 13.0150
[1m178/248[0m [32m━━━━━━━━━━━━━━[0m[37m━━━━━━[0m [1m1s[0m 28ms/step - loss: 286.0505 - mae: 13.0146
[1m180/248[0m [32m━━━━━━━━━━━━━━[0m[37m━━━━━━[0m [1m1s[0m 28ms/step - loss: 286.0549 - mae: 13.0140
[1m182/248[0m [32m━━━━━━━━━━━━━━[0m[37m━━━━━━[0m [1m1s[0m 28ms/step - loss: 286.0597 - mae: 13.0134
[1m184/248[0m [32m━━━━━━━━━━━━━━[0m[37m━━━━━━[0m [1m1s[0m 28ms/step - loss: 286.0689 - mae: 13.0130
[1m186/248[0m [32m━━━━━━━━━━━━━━━[0m[37m━━━━━[0m [1m1s[0m 28ms/step - loss: 286.0750 - mae: 13.0124
[1m188/248[0m [32m━━━━━━━━━━━━━━━[0m[37m━━━━━[0m [1m1s[0m 28ms/step - loss: 286.0857 - mae: 13.0120
[1m190/248[0m [32m━━━━━━━━━━━━━━━[0m[37m━━━━━[0m [1m1s[0m 28ms/step - loss: 286.0920 - mae: 13.0115
[1m192/248[0m [32m━━━━━━━━━━━━━━━[0m[37m━━━━━[0m [1m1s[0m 28ms/step - loss: 286.1010 - mae: 13.0111
[1m194/248[0m [32m━━━━━━━━━━━━━━━[0m[37m━━━━━[0m [1m1s[0m 28ms/step - loss: 286.1098 - mae: 13.0105
[1m196/248[0m [32m━━━━━━━━━━━━━━━[0m[37m━━━━━[0m [1m1s[0m 28ms/step - loss: 286.1102 - mae: 13.0098
[1m198/248[0m [32m━━━━━━━━━━━━━━━[0m[37m━━━━━[0m [1m1s[0m 28ms/step - loss: 286.1133 - mae: 13.0092
[1m200/248[0m [32m━━━━━━━━━━━━━━━━[0m[37m━━━━[0m [1m1s[0m 28ms/step - loss: 286.1148 - mae: 13.0087
[1m202/248[0m [32m━━━━━━━━━━━━━━━━[0m[37m━━━━[0m [1m1s[0m 28ms/step - loss: 286.1144 - mae: 13.0080
[1m204/248[0m [32m━━━━━━━━━━━━━━━━[0m[37m━━━━[0m [1m1s[0m 28ms/step - loss: 286.1141 - mae: 13.0075
[1m206/248[0m [32m━━━━━━━━━━━━━━━━[0m[37m━━━━[0m [1m1s[0m 28ms/step - loss: 286.1140 - mae: 13.0070
[1m208/248[0m [32m━━━━━━━━━━━━━━━━[0m[37m━━━━[0m [1m1s[0m 28ms/step - loss: 286.1083 - mae: 13.0064
[1m210/248[0m [32m━━━━━━━━━━━━━━━━[0m[37m━━━━[0m [1m1s[0m 28ms/step - loss: 286.1002 - mae: 13.0058
[1m212/248[0m [32m━━━━━━━━━━━━━━━━━[0m[37m━━━[0m [1m0s[0m 28ms/step - loss: 286.0919 - mae: 13.0052
[1m214/248[0m [32m━━━━━━━━━━━━━━━━━[0m[37m━━━[0m [1m0s[0m 28ms/step - loss: 286.0805 - mae: 13.0045
[1m216/248[0m [32m━━━━━━━━━━━━━━━━━[0m[37m━━━[0m [1m0s[0m 28ms/step - loss: 286.0700 - mae: 13.0037
[1m218/248[0m [32m━━━━━━━━━━━━━━━━━[0m[37m━━━[0m [1m0s[0m 28ms/step - loss: 286.0616 - mae: 13.0031
[1m220/248[0m [32m━━━━━━━━━━━━━━━━━[0m[37m━━━[0m [1m0s[0m 28ms/step - loss: 286.0545 - mae: 13.0025
[1m222/248[0m [32m━━━━━━━━━━━━━━━━━[0m[37m━━━[0m [1m0s[0m 27ms/step - loss: 286.0428 - mae: 13.0018
[1m224/248[0m [32m━━━━━━━━━━━━━━━━━━[0m[37m━━[0m [1m0s[0m 27ms/step - loss: 286.0289 - mae: 13.0010
[1m226/248[0m [32m━━━━━━━━━━━━━━━━━━[0m[37m━━[0m [1m0s[0m 27ms/step - loss: 286.0289 - mae: 13.0005
[1m228/248[0m [32m━━━━━━━━━━━━━━━━━━[0m[37m━━[0m [1m0s[0m 27ms/step - loss: 286.0259 - mae: 12.9999
[1m230/248[0m [32m━━━━━━━━━━━━━━━━━━[0m[37m━━[0m [1m0s[0m 27ms/step - loss: 286.0281 - mae: 12.9995
[1m232/248[0m [32m━━━━━━━━━━━━━━━━━━[0m[37m━━[0m [1m0s[0m 27ms/step - loss: 286.0237 - mae: 12.9989
[1m234/248[0m [32m━━━━━━━━━━━━━━━━━━[0m[37m━━[0m [1m0s[0m 27ms/step - loss: 286.0149 - mae: 12.9982
[1m236/248[0m [32m━━━━━━━━━━━━━━━━━━━[0m[37m━[0m [1m0s[0m 27ms/step - loss: 286.0031 - mae: 12.9974
[1m238/248[0m [32m━━━━━━━━━━━━━━━━━━━[0m[37m━[0m [1m0s[0m 27ms/step - loss: 285.9881 - mae: 12.9966
[1m240/248[0m [32m━━━━━━━━━━━━━━━━━━━[0m[37m━[0m [1m0s[0m 27ms/step - loss: 285.9720 - mae: 12.9957
[1m242/248[0m [32m━━━━━━━━━━━━━━━━━━━[0m[37m━[0m [1m0s[0m 27ms/step - loss: 285.9524 - mae: 12.9948
[1m244/248[0m [32m━━━━━━━━━━━━━━━━━━━[0m[37m━[0m [1m0s[0m 27ms/step - loss: 285.9291 - mae: 12.9937
[1m246/248[0m [32m━━━━━━━━━━━━━━━━━━━[0m[37m━[0m [1m0s[0m 27ms/step - loss: 285.9080 - mae: 12.9927
Epoch 3: val_loss did not improve from 170.00021

[1m248/248[0m [32m━━━━━━━━━━━━━━━━━━━━[0m[37m[0m [1m7s[0m 29ms/step - loss: 285.8759 - mae: 12.9912 - val_loss: 178.5673 - val_mae: 9.6935 - learning_rate: 5.0000e-04
Epoch 4/75

[1m  1/248[0m [37m━━━━━━━━━━━━━━━━━━━━[0m [1m14s[0m 58ms/step - loss: 323.7877 - mae: 13.9462
[1m  3/248[0m [37m━━━━━━━━━━━━━━━━━━━━[0m [1m7s[0m 29ms/step - loss: 359.3213 - mae: 15.1800 
[1m  5/248[0m [37m━━━━━━━━━━━━━━━━━━━━[0m [1m6s[0m 28ms/step - loss: 346.0179 - mae: 14.8216
[1m  7/248[0m [37m━━━━━━━━━━━━━━━━━━━━[0m [1m6s[0m 27ms/step - loss: 338.1148 - mae: 14.5437
[1m  9/248[0m [37m━━━━━━━━━━━━━━━━━━━━[0m [1m6s[0m 27ms/step - loss: 328.1931 - mae: 14.2495
[1m 11/248[0m [37m━━━━━━━━━━━━━━━━━━━━[0m [1m6s[0m 27ms/step - loss: 321.9639 - mae: 14.0838
[1m 13/248[0m [32m━[0m[37m━━━━━━━━━━━━━━━━━━━[0m [1m6s[0m 26ms/step - loss: 319.3969 - mae: 14.0082
[1m 15/248[0m [32m━[0m[37m━━━━━━━━━━━━━━━━━━━[0m [1m6s[0m 26ms/step - loss: 318.4264 - mae: 13.9709
[1m 17/248[0m [32m━[0m[37m━━━━━━━━━━━━━━━━━━━[0m [1m6s[0m 26ms/step - loss: 316.3509 - mae: 13.9119
[1m 19/248[0m [32m━[0m[37m━━━━━━━━━━━━━━━━━━━[0m [1m6s[0m 26ms/step - loss: 314.7112 - mae: 13.8668
[1m 21/248[0m [32m━[0m[37m━━━━━━━━━━━━━━━━━━━[0m [1m5s[0m 26ms/step - loss: 312.9850 - mae: 13.8217
[1m 23/248[0m [32m━[0m[37m━━━━━━━━━━━━━━━━━━━[0m [1m5s[0m 26ms/step - loss: 311.5152 - mae: 13.7840
[1m 25/248[0m [32m━━[0m[37m━━━━━━━━━━━━━━━━━━[0m [1m5s[0m 26ms/step - loss: 310.0736 - mae: 13.7424
[1m 27/248[0m [32m━━[0m[37m━━━━━━━━━━━━━━━━━━[0m [1m5s[0m 26ms/step - loss: 308.6822 - mae: 13.7016
[1m 29/248[0m [32m━━[0m[37m━━━━━━━━━━━━━━━━━━[0m [1m5s[0m 26ms/step - loss: 307.4469 - mae: 13.6668
[1m 31/248[0m [32m━━[0m[37m━━━━━━━━━━━━━━━━━━[0m [1m5s[0m 26ms/step - loss: 306.4218 - mae: 13.6400
[1m 33/248[0m [32m━━[0m[37m━━━━━━━━━━━━━━━━━━[0m [1m5s[0m 26ms/step - loss: 305.4739 - mae: 13.6147
[1m 35/248[0m [32m━━[0m[37m━━━━━━━━━━━━━━━━━━[0m [1m5s[0m 26ms/step - loss: 304.3957 - mae: 13.5849
[1m 37/248[0m [32m━━[0m[37m━━━━━━━━━━━━━━━━━━[0m [1m5s[0m 26ms/step - loss: 303.2680 - mae: 13.5532
[1m 39/248[0m [32m━━━[0m[37m━━━━━━━━━━━━━━━━━[0m [1m5s[0m 26ms/step - loss: 302.3738 - mae: 13.5272
[1m 41/248[0m [32m━━━[0m[37m━━━━━━━━━━━━━━━━━[0m [1m5s[0m 26ms/step - loss: 301.6449 - mae: 13.5046
[1m 43/248[0m [32m━━━[0m[37m━━━━━━━━━━━━━━━━━[0m [1m5s[0m 26ms/step - loss: 301.1042 - mae: 13.4858
[1m 45/248[0m [32m━━━[0m[37m━━━━━━━━━━━━━━━━━[0m [1m5s[0m 26ms/step - loss: 300.9064 - mae: 13.4738
[1m 47/248[0m [32m━━━[0m[37m━━━━━━━━━━━━━━━━━[0m [1m5s[0m 26ms/step - loss: 300.8466 - mae: 13.4662
[1m 49/248[0m [32m━━━[0m[37m━━━━━━━━━━━━━━━━━[0m [1m5s[0m 26ms/step - loss: 300.8549 - mae: 13.4608
[1m 51/248[0m [32m━━━━[0m[37m━━━━━━━━━━━━━━━━[0m [1m5s[0m 26ms/step - loss: 300.7453 - mae: 13.4536
[1m 53/248[0m [32m━━━━[0m[37m━━━━━━━━━━━━━━━━[0m [1m5s[0m 26ms/step - loss: 300.6620 - mae: 13.4481
[1m 55/248[0m [32m━━━━[0m[37m━━━━━━━━━━━━━━━━[0m [1m5s[0m 26ms/step - loss: 300.5191 - mae: 13.4421
[1m 57/248[0m [32m━━━━[0m[37m━━━━━━━━━━━━━━━━[0m [1m5s[0m 26ms/step - loss: 300.3097 - mae: 13.4338
[1m 59/248[0m [32m━━━━[0m[37m━━━━━━━━━━━━━━━━[0m [1m4s[0m 26ms/step - loss: 300.1085 - mae: 13.4265
[1m 61/248[0m [32m━━━━[0m[37m━━━━━━━━━━━━━━━━[0m [1m4s[0m 26ms/step - loss: 299.9119 - mae: 13.4191
[1m 63/248[0m [32m━━━━━[0m[37m━━━━━━━━━━━━━━━[0m [1m4s[0m 26ms/step - loss: 299.7072 - mae: 13.4121
[1m 65/248[0m [32m━━━━━[0m[37m━━━━━━━━━━━━━━━[0m [1m4s[0m 26ms/step - loss: 299.5235 - mae: 13.4057
[1m 67/248[0m [32m━━━━━[0m[37m━━━━━━━━━━━━━━━[0m [1m4s[0m 26ms/step - loss: 299.3400 - mae: 13.3991
[1m 69/248[0m [32m━━━━━[0m[37m━━━━━━━━━━━━━━━[0m [1m4s[0m 26ms/step - loss: 299.1573 - mae: 13.3926
[1m 71/248[0m [32m━━━━━[0m[37m━━━━━━━━━━━━━━━[0m [1m4s[0m 26ms/step - loss: 298.9812 - mae: 13.3868
[1m 73/248[0m [32m━━━━━[0m[37m━━━━━━━━━━━━━━━[0m [1m4s[0m 26ms/step - loss: 298.8201 - mae: 13.3808
[1m 75/248[0m [32m━━━━━━[0m[37m━━━━━━━━━━━━━━[0m [1m4s[0m 26ms/step - loss: 298.7012 - mae: 13.3757
[1m 77/248[0m [32m━━━━━━[0m[37m━━━━━━━━━━━━━━[0m [1m4s[0m 26ms/step - loss: 298.6021 - mae: 13.3714
[1m 80/248[0m [32m━━━━━━[0m[37m━━━━━━━━━━━━━━[0m [1m4s[0m 26ms/step - loss: 298.3885 - mae: 13.3635
[1m 83/248[0m [32m━━━━━━[0m[37m━━━━━━━━━━━━━━[0m [1m4s[0m 26ms/step - loss: 298.2416 - mae: 13.3583
[1m 85/248[0m [32m━━━━━━[0m[37m━━━━━━━━━━━━━━[0m [1m4s[0m 26ms/step - loss: 298.1132 - mae: 13.3540
[1m 87/248[0m [32m━━━━━━━[0m[37m━━━━━━━━━━━━━[0m [1m4s[0m 26ms/step - loss: 297.9695 - mae: 13.3495
[1m 89/248[0m [32m━━━━━━━[0m[37m━━━━━━━━━━━━━[0m [1m4s[0m 26ms/step - loss: 297.8198 - mae: 13.3450
[1m 92/248[0m [32m━━━━━━━[0m[37m━━━━━━━━━━━━━[0m [1m4s[0m 26ms/step - loss: 297.5340 - mae: 13.3369
[1m 94/248[0m [32m━━━━━━━[0m[37m━━━━━━━━━━━━━[0m [1m4s[0m 26ms/step - loss: 297.3480 - mae: 13.3317
[1m 96/248[0m [32m━━━━━━━[0m[37m━━━━━━━━━━━━━[0m [1m3s[0m 26ms/step - loss: 297.1521 - mae: 13.3261
[1m 98/248[0m [32m━━━━━━━[0m[37m━━━━━━━━━━━━━[0m [1m3s[0m 26ms/step - loss: 296.9270 - mae: 13.3196
[1m101/248[0m [32m━━━━━━━━[0m[37m━━━━━━━━━━━━[0m [1m3s[0m 26ms/step - loss: 296.5513 - mae: 13.3088
[1m103/248[0m [32m━━━━━━━━[0m[37m━━━━━━━━━━━━[0m [1m3s[0m 26ms/step - loss: 296.3075 - mae: 13.3017
[1m106/248[0m [32m━━━━━━━━[0m[37m━━━━━━━━━━━━[0m [1m3s[0m 26ms/step - loss: 295.9376 - mae: 13.2908
[1m108/248[0m [32m━━━━━━━━[0m[37m━━━━━━━━━━━━[0m [1m3s[0m 26ms/step - loss: 295.6950 - mae: 13.2835
[1m110/248[0m [32m━━━━━━━━[0m[37m━━━━━━━━━━━━[0m [1m3s[0m 26ms/step - loss: 295.4852 - mae: 13.2771
[1m112/248[0m [32m━━━━━━━━━[0m[37m━━━━━━━━━━━[0m [1m3s[0m 26ms/step - loss: 295.2858 - mae: 13.2710
[1m114/248[0m [32m━━━━━━━━━[0m[37m━━━━━━━━━━━[0m [1m3s[0m 26ms/step - loss: 295.0745 - mae: 13.2647
[1m116/248[0m [32m━━━━━━━━━[0m[37m━━━━━━━━━━━[0m [1m3s[0m 26ms/step - loss: 294.8973 - mae: 13.2594
[1m119/248[0m [32m━━━━━━━━━[0m[37m━━━━━━━━━━━[0m [1m3s[0m 26ms/step - loss: 294.6488 - mae: 13.2521
[1m121/248[0m [32m━━━━━━━━━[0m[37m━━━━━━━━━━━[0m [1m3s[0m 26ms/step - loss: 294.4938 - mae: 13.2474
[1m123/248[0m [32m━━━━━━━━━[0m[37m━━━━━━━━━━━[0m [1m3s[0m 26ms/step - loss: 294.3307 - mae: 13.2426
[1m125/248[0m [32m━━━━━━━━━━[0m[37m━━━━━━━━━━[0m [1m3s[0m 26ms/step - loss: 294.1531 - mae: 13.2373
[1m127/248[0m [32m━━━━━━━━━━[0m[37m━━━━━━━━━━[0m [1m3s[0m 26ms/step - loss: 293.9678 - mae: 13.2318
[1m129/248[0m [32m━━━━━━━━━━[0m[37m━━━━━━━━━━[0m [1m3s[0m 26ms/step - loss: 293.7792 - mae: 13.2262
[1m131/248[0m [32m━━━━━━━━━━[0m[37m━━━━━━━━━━[0m [1m3s[0m 26ms/step - loss: 293.5825 - mae: 13.2204
[1m133/248[0m [32m━━━━━━━━━━[0m[37m━━━━━━━━━━[0m [1m3s[0m 26ms/step - loss: 293.3815 - mae: 13.2146
[1m135/248[0m [32m━━━━━━━━━━[0m[37m━━━━━━━━━━[0m [1m2s[0m 26ms/step - loss: 293.1985 - mae: 13.2092
[1m137/248[0m [32m━━━━━━━━━━━[0m[37m━━━━━━━━━[0m [1m2s[0m 26ms/step - loss: 293.0204 - mae: 13.2040
[1m139/248[0m [32m━━━━━━━━━━━[0m[37m━━━━━━━━━[0m [1m2s[0m 26ms/step - loss: 292.8436 - mae: 13.1989
[1m141/248[0m [32m━━━━━━━━━━━[0m[37m━━━━━━━━━[0m [1m2s[0m 26ms/step - loss: 292.6646 - mae: 13.1940
[1m143/248[0m [32m━━━━━━━━━━━[0m[37m━━━━━━━━━[0m [1m2s[0m 26ms/step - loss: 292.4879 - mae: 13.1891
[1m145/248[0m [32m━━━━━━━━━━━[0m[37m━━━━━━━━━[0m [1m2s[0m 26ms/step - loss: 292.3410 - mae: 13.1848
[1m147/248[0m [32m━━━━━━━━━━━[0m[37m━━━━━━━━━[0m [1m2s[0m 26ms/step - loss: 292.1961 - mae: 13.1807
[1m149/248[0m [32m━━━━━━━━━━━━[0m[37m━━━━━━━━[0m [1m2s[0m 26ms/step - loss: 292.0531 - mae: 13.1767
[1m151/248[0m [32m━━━━━━━━━━━━[0m[37m━━━━━━━━[0m [1m2s[0m 26ms/step - loss: 291.9227 - mae: 13.1728
[1m153/248[0m [32m━━━━━━━━━━━━[0m[37m━━━━━━━━[0m [1m2s[0m 26ms/step - loss: 291.8093 - mae: 13.1692
[1m156/248[0m [32m━━━━━━━━━━━━[0m[37m━━━━━━━━[0m [1m2s[0m 26ms/step - loss: 291.6474 - mae: 13.1642
[1m158/248[0m [32m━━━━━━━━━━━━[0m[37m━━━━━━━━[0m [1m2s[0m 26ms/step - loss: 291.5309 - mae: 13.1607
[1m161/248[0m [32m━━━━━━━━━━━━[0m[37m━━━━━━━━[0m [1m2s[0m 26ms/step - loss: 291.3688 - mae: 13.1557
[1m163/248[0m [32m━━━━━━━━━━━━━[0m[37m━━━━━━━[0m [1m2s[0m 26ms/step - loss: 291.2711 - mae: 13.1526
[1m165/248[0m [32m━━━━━━━━━━━━━[0m[37m━━━━━━━[0m [1m2s[0m 26ms/step - loss: 291.1786 - mae: 13.1497
[1m167/248[0m [32m━━━━━━━━━━━━━[0m[37m━━━━━━━[0m [1m2s[0m 26ms/step - loss: 291.0890 - mae: 13.1467
[1m169/248[0m [32m━━━━━━━━━━━━━[0m[37m━━━━━━━[0m [1m2s[0m 26ms/step - loss: 291.0012 - mae: 13.1439
[1m171/248[0m [32m━━━━━━━━━━━━━[0m[37m━━━━━━━[0m [1m2s[0m 26ms/step - loss: 290.9088 - mae: 13.1410
[1m173/248[0m [32m━━━━━━━━━━━━━[0m[37m━━━━━━━[0m [1m1s[0m 26ms/step - loss: 290.8121 - mae: 13.1381
[1m175/248[0m [32m━━━━━━━━━━━━━━[0m[37m━━━━━━[0m [1m1s[0m 26ms/step - loss: 290.7157 - mae: 13.1351
[1m177/248[0m [32m━━━━━━━━━━━━━━[0m[37m━━━━━━[0m [1m1s[0m 26ms/step - loss: 290.6326 - mae: 13.1324
[1m179/248[0m [32m━━━━━━━━━━━━━━[0m[37m━━━━━━[0m [1m1s[0m 26ms/step - loss: 290.5506 - mae: 13.1298
[1m181/248[0m [32m━━━━━━━━━━━━━━[0m[37m━━━━━━[0m [1m1s[0m 26ms/step - loss: 290.4667 - mae: 13.1271
[1m183/248[0m [32m━━━━━━━━━━━━━━[0m[37m━━━━━━[0m [1m1s[0m 26ms/step - loss: 290.3772 - mae: 13.1243
[1m185/248[0m [32m━━━━━━━━━━━━━━[0m[37m━━━━━━[0m [1m1s[0m 26ms/step - loss: 290.2821 - mae: 13.1214
[1m187/248[0m [32m━━━━━━━━━━━━━━━[0m[37m━━━━━[0m [1m1s[0m 26ms/step - loss: 290.1880 - mae: 13.1184
[1m189/248[0m [32m━━━━━━━━━━━━━━━[0m[37m━━━━━[0m [1m1s[0m 26ms/step - loss: 290.1005 - mae: 13.1157
[1m191/248[0m [32m━━━━━━━━━━━━━━━[0m[37m━━━━━[0m [1m1s[0m 26ms/step - loss: 290.0114 - mae: 13.1129
[1m193/248[0m [32m━━━━━━━━━━━━━━━[0m[37m━━━━━[0m [1m1s[0m 26ms/step - loss: 289.9261 - mae: 13.1103
[1m195/248[0m [32m━━━━━━━━━━━━━━━[0m[37m━━━━━[0m [1m1s[0m 26ms/step - loss: 289.8368 - mae: 13.1076
[1m197/248[0m [32m━━━━━━━━━━━━━━━[0m[37m━━━━━[0m [1m1s[0m 26ms/step - loss: 289.7423 - mae: 13.1047
[1m199/248[0m [32m━━━━━━━━━━━━━━━━[0m[37m━━━━[0m [1m1s[0m 26ms/step - loss: 289.6439 - mae: 13.1018
[1m201/248[0m [32m━━━━━━━━━━━━━━━━[0m[37m━━━━[0m [1m1s[0m 26ms/step - loss: 289.5565 - mae: 13.0991
[1m203/248[0m [32m━━━━━━━━━━━━━━━━[0m[37m━━━━[0m [1m1s[0m 26ms/step - loss: 289.4727 - mae: 13.0965
[1m205/248[0m [32m━━━━━━━━━━━━━━━━[0m[37m━━━━[0m [1m1s[0m 26ms/step - loss: 289.3916 - mae: 13.0940
[1m207/248[0m [32m━━━━━━━━━━━━━━━━[0m[37m━━━━[0m [1m1s[0m 26ms/step - loss: 289.3102 - mae: 13.0916
[1m209/248[0m [32m━━━━━━━━━━━━━━━━[0m[37m━━━━[0m [1m1s[0m 26ms/step - loss: 289.2244 - mae: 13.0891
[1m211/248[0m [32m━━━━━━━━━━━━━━━━━[0m[37m━━━[0m [1m0s[0m 26ms/step - loss: 289.1351 - mae: 13.0865
[1m213/248[0m [32m━━━━━━━━━━━━━━━━━[0m[37m━━━[0m [1m0s[0m 26ms/step - loss: 289.0422 - mae: 13.0838
[1m215/248[0m [32m━━━━━━━━━━━━━━━━━[0m[37m━━━[0m [1m0s[0m 26ms/step - loss: 288.9517 - mae: 13.0812
[1m217/248[0m [32m━━━━━━━━━━━━━━━━━[0m[37m━━━[0m [1m0s[0m 26ms/step - loss: 288.8614 - mae: 13.0787
[1m219/248[0m [32m━━━━━━━━━━━━━━━━━[0m[37m━━━[0m [1m0s[0m 26ms/step - loss: 288.7692 - mae: 13.0761
[1m221/248[0m [32m━━━━━━━━━━━━━━━━━[0m[37m━━━[0m [1m0s[0m 26ms/step - loss: 288.6726 - mae: 13.0735
[1m223/248[0m [32m━━━━━━━━━━━━━━━━━[0m[37m━━━[0m [1m0s[0m 26ms/step - loss: 288.5741 - mae: 13.0709
[1m225/248[0m [32m━━━━━━━━━━━━━━━━━━[0m[37m━━[0m [1m0s[0m 26ms/step - loss: 288.4751 - mae: 13.0682
[1m227/248[0m [32m━━━━━━━━━━━━━━━━━━[0m[37m━━[0m [1m0s[0m 26ms/step - loss: 288.3795 - mae: 13.0656
[1m230/248[0m [32m━━━━━━━━━━━━━━━━━━[0m[37m━━[0m [1m0s[0m 26ms/step - loss: 288.2409 - mae: 13.0619
[1m232/248[0m [32m━━━━━━━━━━━━━━━━━━[0m[37m━━[0m [1m0s[0m 26ms/step - loss: 288.1469 - mae: 13.0594
[1m235/248[0m [32m━━━━━━━━━━━━━━━━━━[0m[37m━━[0m [1m0s[0m 26ms/step - loss: 287.9997 - mae: 13.0554
[1m237/248[0m [32m━━━━━━━━━━━━━━━━━━━[0m[37m━[0m [1m0s[0m 26ms/step - loss: 287.9045 - mae: 13.0528
[1m239/248[0m [32m━━━━━━━━━━━━━━━━━━━[0m[37m━[0m [1m0s[0m 26ms/step - loss: 287.8118 - mae: 13.0503
[1m241/248[0m [32m━━━━━━━━━━━━━━━━━━━[0m[37m━[0m [1m0s[0m 26ms/step - loss: 287.7215 - mae: 13.0478
[1m243/248[0m [32m━━━━━━━━━━━━━━━━━━━[0m[37m━[0m [1m0s[0m 26ms/step - loss: 287.6308 - mae: 13.0453
[1m245/248[0m [32m━━━━━━━━━━━━━━━━━━━[0m[37m━[0m [1m0s[0m 26ms/step - loss: 287.5437 - mae: 13.0428
[1m247/248[0m [32m━━━━━━━━━━━━━━━━━━━[0m[37m━[0m [1m0s[0m 26ms/step - loss: 287.4574 - mae: 13.0403
Epoch 4: val_loss did not improve from 170.00021

[1m248/248[0m [32m━━━━━━━━━━━━━━━━━━━━[0m[37m[0m [1m7s[0m 28ms/step - loss: 287.3741 - mae: 13.0379 - val_loss: 197.3129 - val_mae: 9.8855 - learning_rate: 5.0000e-04
Epoch 5/75

[1m  1/248[0m [37m━━━━━━━━━━━━━━━━━━━━[0m [1m12s[0m 50ms/step - loss: 293.2839 - mae: 12.7877
[1m  3/248[0m [37m━━━━━━━━━━━━━━━━━━━━[0m [1m6s[0m 28ms/step - loss: 303.6191 - mae: 13.1915 
[1m  5/248[0m [37m━━━━━━━━━━━━━━━━━━━━[0m [1m6s[0m 27ms/step - loss: 296.8872 - mae: 13.0978
[1m  7/248[0m [37m━━━━━━━━━━━━━━━━━━━━[0m [1m6s[0m 26ms/step - loss: 292.1654 - mae: 12.9664
[1m  9/248[0m [37m━━━━━━━━━━━━━━━━━━━━[0m [1m6s[0m 26ms/step - loss: 285.7975 - mae: 12.8197
[1m 11/248[0m [37m━━━━━━━━━━━━━━━━━━━━[0m [1m6s[0m 26ms/step - loss: 283.0132 - mae: 12.7716
[1m 13/248[0m [32m━[0m[37m━━━━━━━━━━━━━━━━━━━[0m [1m6s[0m 26ms/step - loss: 282.4203 - mae: 12.7827
[1m 15/248[0m [32m━[0m[37m━━━━━━━━━━━━━━━━━━━[0m [1m6s[0m 26ms/step - loss: 282.1373 - mae: 12.7997
[1m 17/248[0m [32m━[0m[37m━━━━━━━━━━━━━━━━━━━[0m [1m6s[0m 26ms/step - loss: 281.0769 - mae: 12.7871
[1m 19/248[0m [32m━[0m[37m━━━━━━━━━━━━━━━━━━━[0m [1m5s[0m 26ms/step - loss: 279.8920 - mae: 12.7709
[1m 21/248[0m [32m━[0m[37m━━━━━━━━━━━━━━━━━━━[0m [1m5s[0m 26ms/step - loss: 278.1639 - mae: 12.7385
[1m 23/248[0m [32m━[0m[37m━━━━━━━━━━━━━━━━━━━[0m [1m5s[0m 26ms/step - loss: 276.5225 - mae: 12.7100
[1m 25/248[0m [32m━━[0m[37m━━━━━━━━━━━━━━━━━━[0m [1m5s[0m 26ms/step - loss: 274.7170 - mae: 12.6756
[1m 27/248[0m [32m━━[0m[37m━━━━━━━━━━━━━━━━━━[0m [1m5s[0m 26ms/step - loss: 273.1104 - mae: 12.6443
[1m 29/248[0m [32m━━[0m[37m━━━━━━━━━━━━━━━━━━[0m [1m5s[0m 26ms/step - loss: 271.9878 - mae: 12.6221
[1m 31/248[0m [32m━━[0m[37m━━━━━━━━━━━━━━━━━━[0m [1m5s[0m 26ms/step - loss: 271.3043 - mae: 12.6105
[1m 34/248[0m [32m━━[0m[37m━━━━━━━━━━━━━━━━━━[0m [1m5s[0m 26ms/step - loss: 270.4565 - mae: 12.5975
[1m 37/248[0m [32m━━[0m[37m━━━━━━━━━━━━━━━━━━[0m [1m5s[0m 26ms/step - loss: 269.4909 - mae: 12.5800
[1m 39/248[0m [32m━━━[0m[37m━━━━━━━━━━━━━━━━━[0m [1m5s[0m 26ms/step - loss: 269.1298 - mae: 12.5723
[1m 41/248[0m [32m━━━[0m[37m━━━━━━━━━━━━━━━━━[0m [1m5s[0m 26ms/step - loss: 268.8638 - mae: 12.5662
[1m 43/248[0m [32m━━━[0m[37m━━━━━━━━━━━━━━━━━[0m [1m5s[0m 26ms/step - loss: 268.4976 - mae: 12.5573
[1m 45/248[0m [32m━━━[0m[37m━━━━━━━━━━━━━━━━━[0m [1m5s[0m 26ms/step - loss: 268.2937 - mae: 12.5515
[1m 47/248[0m [32m━━━[0m[37m━━━━━━━━━━━━━━━━━[0m [1m5s[0m 26ms/step - loss: 268.1069 - mae: 12.5463
[1m 49/248[0m [32m━━━[0m[37m━━━━━━━━━━━━━━━━━[0m [1m5s[0m 26ms/step - loss: 267.8524 - mae: 12.5397
[1m 51/248[0m [32m━━━━[0m[37m━━━━━━━━━━━━━━━━[0m [1m5s[0m 26ms/step - loss: 267.5465 - mae: 12.5319
[1m 54/248[0m [32m━━━━[0m[37m━━━━━━━━━━━━━━━━[0m [1m5s[0m 26ms/step - loss: 267.1772 - mae: 12.5235
[1m 56/248[0m [32m━━━━[0m[37m━━━━━━━━━━━━━━━━[0m [1m5s[0m 26ms/step - loss: 266.8835 - mae: 12.5164
[1m 58/248[0m [32m━━━━[0m[37m━━━━━━━━━━━━━━━━[0m [1m4s[0m 26ms/step - loss: 266.5590 - mae: 12.5087
[1m 60/248[0m [32m━━━━[0m[37m━━━━━━━━━━━━━━━━[0m [1m4s[0m 26ms/step - loss: 266.2288 - mae: 12.5011
[1m 62/248[0m [32m━━━━━[0m[37m━━━━━━━━━━━━━━━[0m [1m4s[0m 26ms/step - loss: 265.9165 - mae: 12.4945
[1m 64/248[0m [32m━━━━━[0m[37m━━━━━━━━━━━━━━━[0m [1m4s[0m 26ms/step - loss: 265.5881 - mae: 12.4880
[1m 66/248[0m [32m━━━━━[0m[37m━━━━━━━━━━━━━━━[0m [1m4s[0m 26ms/step - loss: 265.2723 - mae: 12.4813
[1m 68/248[0m [32m━━━━━[0m[37m━━━━━━━━━━━━━━━[0m [1m4s[0m 26ms/step - loss: 264.9356 - mae: 12.4737
[1m 71/248[0m [32m━━━━━[0m[37m━━━━━━━━━━━━━━━[0m [1m4s[0m 26ms/step - loss: 264.4372 - mae: 12.4625
[1m 73/248[0m [32m━━━━━[0m[37m━━━━━━━━━━━━━━━[0m [1m4s[0m 26ms/step - loss: 264.0628 - mae: 12.4533
[1m 75/248[0m [32m━━━━━━[0m[37m━━━━━━━━━━━━━━[0m [1m4s[0m 26ms/step - loss: 263.7199 - mae: 12.4447
[1m 77/248[0m [32m━━━━━━[0m[37m━━━━━━━━━━━━━━[0m [1m4s[0m 26ms/step - loss: 263.3835 - mae: 12.4362
[1m 79/248[0m [32m━━━━━━[0m[37m━━━━━━━━━━━━━━[0m [1m4s[0m 26ms/step - loss: 263.0345 - mae: 12.4272
[1m 81/248[0m [32m━━━━━━[0m[37m━━━━━━━━━━━━━━[0m [1m4s[0m 26ms/step - loss: 262.7063 - mae: 12.4190
[1m 84/248[0m [32m━━━━━━[0m[37m━━━━━━━━━━━━━━[0m [1m4s[0m 26ms/step - loss: 262.2478 - mae: 12.4075
[1m 86/248[0m [32m━━━━━━[0m[37m━━━━━━━━━━━━━━[0m [1m4s[0m 26ms/step - loss: 261.9300 - mae: 12.3994
[1m 89/248[0m [32m━━━━━━━[0m[37m━━━━━━━━━━━━━[0m [1m4s[0m 26ms/step - loss: 261.4480 - mae: 12.3869
[1m 91/248[0m [32m━━━━━━━[0m[37m━━━━━━━━━━━━━[0m [1m4s[0m 26ms/step - loss: 261.1245 - mae: 12.3782
[1m 93/248[0m [32m━━━━━━━[0m[37m━━━━━━━━━━━━━[0m [1m4s[0m 26ms/step - loss: 260.8338 - mae: 12.3704
[1m 96/248[0m [32m━━━━━━━[0m[37m━━━━━━━━━━━━━[0m [1m3s[0m 26ms/step - loss: 260.4257 - mae: 12.3591
[1m 98/248[0m [32m━━━━━━━[0m[37m━━━━━━━━━━━━━[0m [1m3s[0m 26ms/step - loss: 260.1457 - mae: 12.3512
[1m100/248[0m [32m━━━━━━━━[0m[37m━━━━━━━━━━━━[0m [1m3s[0m 26ms/step - loss: 259.8523 - mae: 12.3431
[1m103/248[0m [32m━━━━━━━━[0m[37m━━━━━━━━━━━━[0m [1m3s[0m 26ms/step - loss: 259.4153 - mae: 12.3308
[1m106/248[0m [32m━━━━━━━━[0m[37m━━━━━━━━━━━━[0m [1m3s[0m 26ms/step - loss: 258.9840 - mae: 12.3187
[1m108/248[0m [32m━━━━━━━━[0m[37m━━━━━━━━━━━━[0m [1m3s[0m 26ms/step - loss: 258.6912 - mae: 12.3102
[1m111/248[0m [32m━━━━━━━━[0m[37m━━━━━━━━━━━━[0m [1m3s[0m 26ms/step - loss: 258.3070 - mae: 12.2987
[1m113/248[0m [32m━━━━━━━━━[0m[37m━━━━━━━━━━━[0m [1m3s[0m 26ms/step - loss: 258.0637 - mae: 12.2916
[1m115/248[0m [32m━━━━━━━━━[0m[37m━━━━━━━━━━━[0m [1m3s[0m 26ms/step - loss: 257.8381 - mae: 12.2851
[1m117/248[0m [32m━━━━━━━━━[0m[37m━━━━━━━━━━━[0m [1m3s[0m 26ms/step - loss: 257.6337 - mae: 12.2792
[1m119/248[0m [32m━━━━━━━━━[0m[37m━━━━━━━━━━━[0m [1m3s[0m 26ms/step - loss: 257.4452 - mae: 12.2736
[1m121/248[0m [32m━━━━━━━━━[0m[37m━━━━━━━━━━━[0m [1m3s[0m 26ms/step - loss: 257.2697 - mae: 12.2683
[1m123/248[0m [32m━━━━━━━━━[0m[37m━━━━━━━━━━━[0m [1m3s[0m 26ms/step - loss: 257.0829 - mae: 12.2627
[1m125/248[0m [32m━━━━━━━━━━[0m[37m━━━━━━━━━━[0m [1m3s[0m 26ms/step - loss: 256.8879 - mae: 12.2569
[1m127/248[0m [32m━━━━━━━━━━[0m[37m━━━━━━━━━━[0m [1m3s[0m 26ms/step - loss: 256.6829 - mae: 12.2509
[1m129/248[0m [32m━━━━━━━━━━[0m[37m━━━━━━━━━━[0m [1m3s[0m 26ms/step - loss: 256.4824 - mae: 12.2451
[1m131/248[0m [32m━━━━━━━━━━[0m[37m━━━━━━━━━━[0m [1m3s[0m 26ms/step - loss: 256.2756 - mae: 12.2392
[1m133/248[0m [32m━━━━━━━━━━[0m[37m━━━━━━━━━━[0m [1m2s[0m 26ms/step - loss: 256.0732 - mae: 12.2335
[1m135/248[0m [32m━━━━━━━━━━[0m[37m━━━━━━━━━━[0m [1m2s[0m 26ms/step - loss: 255.8831 - mae: 12.2282
[1m137/248[0m [32m━━━━━━━━━━━[0m[37m━━━━━━━━━[0m [1m2s[0m 26ms/step - loss: 255.7043 - mae: 12.2234
[1m139/248[0m [32m━━━━━━━━━━━[0m[37m━━━━━━━━━[0m [1m2s[0m 26ms/step - loss: 255.5291 - mae: 12.2187
[1m141/248[0m [32m━━━━━━━━━━━[0m[37m━━━━━━━━━[0m [1m2s[0m 26ms/step - loss: 255.3572 - mae: 12.2142
[1m143/248[0m [32m━━━━━━━━━━━[0m[37m━━━━━━━━━[0m [1m2s[0m 26ms/step - loss: 255.1944 - mae: 12.2098
[1m145/248[0m [32m━━━━━━━━━━━[0m[37m━━━━━━━━━[0m [1m2s[0m 26ms/step - loss: 255.0653 - mae: 12.2062
[1m147/248[0m [32m━━━━━━━━━━━[0m[37m━━━━━━━━━[0m [1m2s[0m 26ms/step - loss: 254.9466 - mae: 12.2029
[1m149/248[0m [32m━━━━━━━━━━━━[0m[37m━━━━━━━━[0m [1m2s[0m 26ms/step - loss: 254.8365 - mae: 12.1998
[1m151/248[0m [32m━━━━━━━━━━━━[0m[37m━━━━━━━━[0m [1m2s[0m 26ms/step - loss: 254.7455 - mae: 12.1972
[1m153/248[0m [32m━━━━━━━━━━━━[0m[37m━━━━━━━━[0m [1m2s[0m 26ms/step - loss: 254.6612 - mae: 12.1947
[1m155/248[0m [32m━━━━━━━━━━━━[0m[37m━━━━━━━━[0m [1m2s[0m 26ms/step - loss: 254.5830 - mae: 12.1925
[1m157/248[0m [32m━━━━━━━━━━━━[0m[37m━━━━━━━━[0m [1m2s[0m 26ms/step - loss: 254.5001 - mae: 12.1902
[1m159/248[0m [32m━━━━━━━━━━━━[0m[37m━━━━━━━━[0m [1m2s[0m 26ms/step - loss: 254.4154 - mae: 12.1880
[1m161/248[0m [32m━━━━━━━━━━━━[0m[37m━━━━━━━━[0m [1m2s[0m 26ms/step - loss: 254.3373 - mae: 12.1859
[1m164/248[0m [32m━━━━━━━━━━━━━[0m[37m━━━━━━━[0m [1m2s[0m 26ms/step - loss: 254.2281 - mae: 12.1830
[1m166/248[0m [32m━━━━━━━━━━━━━[0m[37m━━━━━━━[0m [1m2s[0m 26ms/step - loss: 254.1597 - mae: 12.1811
[1m168/248[0m [32m━━━━━━━━━━━━━[0m[37m━━━━━━━[0m [1m2s[0m 26ms/step - loss: 254.0913 - mae: 12.1793
[1m170/248[0m [32m━━━━━━━━━━━━━[0m[37m━━━━━━━[0m [1m2s[0m 26ms/step - loss: 254.0235 - mae: 12.1776
[1m172/248[0m [32m━━━━━━━━━━━━━[0m[37m━━━━━━━[0m [1m1s[0m 26ms/step - loss: 253.9578 - mae: 12.1759
[1m174/248[0m [32m━━━━━━━━━━━━━━[0m[37m━━━━━━[0m [1m1s[0m 26ms/step - loss: 253.8941 - mae: 12.1743
[1m176/248[0m [32m━━━━━━━━━━━━━━[0m[37m━━━━━━[0m [1m1s[0m 26ms/step - loss: 253.8374 - mae: 12.1728
[1m178/248[0m [32m━━━━━━━━━━━━━━[0m[37m━━━━━━[0m [1m1s[0m 26ms/step - loss: 253.7864 - mae: 12.1716
[1m180/248[0m [32m━━━━━━━━━━━━━━[0m[37m━━━━━━[0m [1m1s[0m 26ms/step - loss: 253.7292 - mae: 12.1701
[1m182/248[0m [32m━━━━━━━━━━━━━━[0m[37m━━━━━━[0m [1m1s[0m 26ms/step - loss: 253.6716 - mae: 12.1686
[1m184/248[0m [32m━━━━━━━━━━━━━━[0m[37m━━━━━━[0m [1m1s[0m 26ms/step - loss: 253.6173 - mae: 12.1672
[1m186/248[0m [32m━━━━━━━━━━━━━━━[0m[37m━━━━━[0m [1m1s[0m 26ms/step - loss: 253.5647 - mae: 12.1658
[1m188/248[0m [32m━━━━━━━━━━━━━━━[0m[37m━━━━━[0m [1m1s[0m 26ms/step - loss: 253.5195 - mae: 12.1647
[1m190/248[0m [32m━━━━━━━━━━━━━━━[0m[37m━━━━━[0m [1m1s[0m 26ms/step - loss: 253.4762 - mae: 12.1636
[1m192/248[0m [32m━━━━━━━━━━━━━━━[0m[37m━━━━━[0m [1m1s[0m 26ms/step - loss: 253.4319 - mae: 12.1625
[1m194/248[0m [32m━━━━━━━━━━━━━━━[0m[37m━━━━━[0m [1m1s[0m 26ms/step - loss: 253.3872 - mae: 12.1613
[1m196/248[0m [32m━━━━━━━━━━━━━━━[0m[37m━━━━━[0m [1m1s[0m 26ms/step - loss: 253.3411 - mae: 12.1601
[1m198/248[0m [32m━━━━━━━━━━━━━━━[0m[37m━━━━━[0m [1m1s[0m 26ms/step - loss: 253.2939 - mae: 12.1589
[1m200/248[0m [32m━━━━━━━━━━━━━━━━[0m[37m━━━━[0m [1m1s[0m 26ms/step - loss: 253.2467 - mae: 12.1578
[1m202/248[0m [32m━━━━━━━━━━━━━━━━[0m[37m━━━━[0m [1m1s[0m 26ms/step - loss: 253.2026 - mae: 12.1568
[1m204/248[0m [32m━━━━━━━━━━━━━━━━[0m[37m━━━━[0m [1m1s[0m 26ms/step - loss: 253.1593 - mae: 12.1558
[1m206/248[0m [32m━━━━━━━━━━━━━━━━[0m[37m━━━━[0m [1m1s[0m 26ms/step - loss: 253.1151 - mae: 12.1548
[1m208/248[0m [32m━━━━━━━━━━━━━━━━[0m[37m━━━━[0m [1m1s[0m 26ms/step - loss: 253.0672 - mae: 12.1538
[1m210/248[0m [32m━━━━━━━━━━━━━━━━[0m[37m━━━━[0m [1m0s[0m 26ms/step - loss: 253.0170 - mae: 12.1528
[1m213/248[0m [32m━━━━━━━━━━━━━━━━━[0m[37m━━━[0m [1m0s[0m 26ms/step - loss: 252.9402 - mae: 12.1511
[1m215/248[0m [32m━━━━━━━━━━━━━━━━━[0m[37m━━━[0m [1m0s[0m 26ms/step - loss: 252.8882 - mae: 12.1500
[1m217/248[0m [32m━━━━━━━━━━━━━━━━━[0m[37m━━━[0m [1m0s[0m 26ms/step - loss: 252.8374 - mae: 12.1490
[1m219/248[0m [32m━━━━━━━━━━━━━━━━━[0m[37m━━━[0m [1m0s[0m 26ms/step - loss: 252.7892 - mae: 12.1481
[1m221/248[0m [32m━━━━━━━━━━━━━━━━━[0m[37m━━━[0m [1m0s[0m 26ms/step - loss: 252.7398 - mae: 12.1471
[1m223/248[0m [32m━━━━━━━━━━━━━━━━━[0m[37m━━━[0m [1m0s[0m 26ms/step - loss: 252.6897 - mae: 12.1461
[1m225/248[0m [32m━━━━━━━━━━━━━━━━━━[0m[37m━━[0m [1m0s[0m 26ms/step - loss: 252.6432 - mae: 12.1452
[1m227/248[0m [32m━━━━━━━━━━━━━━━━━━[0m[37m━━[0m [1m0s[0m 26ms/step - loss: 252.6020 - mae: 12.1444
[1m229/248[0m [32m━━━━━━━━━━━━━━━━━━[0m[37m━━[0m [1m0s[0m 26ms/step - loss: 252.5641 - mae: 12.1437
[1m231/248[0m [32m━━━━━━━━━━━━━━━━━━[0m[37m━━[0m [1m0s[0m 26ms/step - loss: 252.5267 - mae: 12.1430
[1m233/248[0m [32m━━━━━━━━━━━━━━━━━━[0m[37m━━[0m [1m0s[0m 26ms/step - loss: 252.4851 - mae: 12.1421
[1m235/248[0m [32m━━━━━━━━━━━━━━━━━━[0m[37m━━[0m [1m0s[0m 26ms/step - loss: 252.4437 - mae: 12.1413
[1m237/248[0m [32m━━━━━━━━━━━━━━━━━━━[0m[37m━[0m [1m0s[0m 26ms/step - loss: 252.4034 - mae: 12.1405
[1m239/248[0m [32m━━━━━━━━━━━━━━━━━━━[0m[37m━[0m [1m0s[0m 26ms/step - loss: 252.3634 - mae: 12.1397
[1m241/248[0m [32m━━━━━━━━━━━━━━━━━━━[0m[37m━[0m [1m0s[0m 26ms/step - loss: 252.3222 - mae: 12.1389
[1m243/248[0m [32m━━━━━━━━━━━━━━━━━━━[0m[37m━[0m [1m0s[0m 26ms/step - loss: 252.2813 - mae: 12.1381
[1m245/248[0m [32m━━━━━━━━━━━━━━━━━━━[0m[37m━[0m [1m0s[0m 26ms/step - loss: 252.2431 - mae: 12.1373
[1m247/248[0m [32m━━━━━━━━━━━━━━━━━━━[0m[37m━[0m [1m0s[0m 26ms/step - loss: 252.2048 - mae: 12.1365
Epoch 5: val_loss improved from 170.00021 to 157.60133, saving model to E:\PdM\models\FD001_lstm.keras

[1m248/248[0m [32m━━━━━━━━━━━━━━━━━━━━[0m[37m[0m [1m7s[0m 28ms/step - loss: 252.1681 - mae: 12.1358 - val_loss: 157.6013 - val_mae: 8.9841 - learning_rate: 5.0000e-04
Epoch 6/75

[1m  1/248[0m [37m━━━━━━━━━━━━━━━━━━━━[0m [1m12s[0m 51ms/step - loss: 299.9055 - mae: 12.5614
[1m  3/248[0m [37m━━━━━━━━━━━━━━━━━━━━[0m [1m6s[0m 27ms/step - loss: 301.3030 - mae: 13.1504 
[1m  5/248[0m [37m━━━━━━━━━━━━━━━━━━━━[0m [1m6s[0m 27ms/step - loss: 289.4286 - mae: 12.9182
[1m  7/248[0m [37m━━━━━━━━━━━━━━━━━━━━[0m [1m6s[0m 27ms/step - loss: 280.1757 - mae: 12.6639
[1m  9/248[0m [37m━━━━━━━━━━━━━━━━━━━━[0m [1m6s[0m 26ms/step - loss: 270.3584 - mae: 12.4136
[1m 11/248[0m [37m━━━━━━━━━━━━━━━━━━━━[0m [1m6s[0m 26ms/step - loss: 264.3336 - mae: 12.2826
[1m 13/248[0m [32m━[0m[37m━━━━━━━━━━━━━━━━━━━[0m [1m6s[0m 26ms/step - loss: 260.7147 - mae: 12.2151
[1m 15/248[0m [32m━[0m[37m━━━━━━━━━━━━━━━━━━━[0m [1m6s[0m 26ms/step - loss: 258.3990 - mae: 12.1816
[1m 17/248[0m [32m━[0m[37m━━━━━━━━━━━━━━━━━━━[0m [1m6s[0m 26ms/step - loss: 256.2222 - mae: 12.1459
[1m 19/248[0m [32m━[0m[37m━━━━━━━━━━━━━━━━━━━[0m [1m6s[0m 27ms/step - loss: 254.5191 - mae: 12.1178
[1m 21/248[0m [32m━[0m[37m━━━━━━━━━━━━━━━━━━━[0m [1m6s[0m 27ms/step - loss: 252.6578 - mae: 12.0818
[1m 23/248[0m [32m━[0m[37m━━━━━━━━━━━━━━━━━━━[0m [1m6s[0m 27ms/step - loss: 251.0588 - mae: 12.0538
[1m 25/248[0m [32m━━[0m[37m━━━━━━━━━━━━━━━━━━[0m [1m6s[0m 27ms/step - loss: 249.6667 - mae: 12.0303
[1m 27/248[0m [32m━━[0m[37m━━━━━━━━━━━━━━━━━━[0m [1m5s[0m 27ms/step - loss: 248.4330 - mae: 12.0090
[1m 29/248[0m [32m━━[0m[37m━━━━━━━━━━━━━━━━━━[0m [1m5s[0m 27ms/step - loss: 247.4982 - mae: 11.9932
[1m 31/248[0m [32m━━[0m[37m━━━━━━━━━━━━━━━━━━[0m [1m5s[0m 27ms/step - loss: 246.8825 - mae: 11.9864
[1m 33/248[0m [32m━━[0m[37m━━━━━━━━━━━━━━━━━━[0m [1m5s[0m 27ms/step - loss: 246.4682 - mae: 11.9858
[1m 35/248[0m [32m━━[0m[37m━━━━━━━━━━━━━━━━━━[0m [1m5s[0m 27ms/step - loss: 245.9941 - mae: 11.9846
[1m 37/248[0m [32m━━[0m[37m━━━━━━━━━━━━━━━━━━[0m [1m5s[0m 27ms/step - loss: 245.5990 - mae: 11.9835
[1m 39/248[0m [32m━━━[0m[37m━━━━━━━━━━━━━━━━━[0m [1m5s[0m 27ms/step - loss: 245.3255 - mae: 11.9844
[1m 41/248[0m [32m━━━[0m[37m━━━━━━━━━━━━━━━━━[0m [1m5s[0m 27ms/step - loss: 245.1333 - mae: 11.9854
[1m 43/248[0m [32m━━━[0m[37m━━━━━━━━━━━━━━━━━[0m [1m5s[0m 27ms/step - loss: 244.9477 - mae: 11.9858
[1m 45/248[0m [32m━━━[0m[37m━━━━━━━━━━━━━━━━━[0m [1m5s[0m 27ms/step - loss: 244.7545 - mae: 11.9846
[1m 47/248[0m [32m━━━[0m[37m━━━━━━━━━━━━━━━━━[0m [1m5s[0m 28ms/step - loss: 244.6143 - mae: 11.9847
[1m 49/248[0m [32m━━━[0m[37m━━━━━━━━━━━━━━━━━[0m [1m5s[0m 28ms/step - loss: 244.4198 - mae: 11.9831
[1m 51/248[0m [32m━━━━[0m[37m━━━━━━━━━━━━━━━━[0m [1m5s[0m 28ms/step - loss: 244.1155 - mae: 11.9786
[1m 53/248[0m [32m━━━━[0m[37m━━━━━━━━━━━━━━━━[0m [1m5s[0m 28ms/step - loss: 243.8184 - mae: 11.9745
[1m 55/248[0m [32m━━━━[0m[37m━━━━━━━━━━━━━━━━[0m [1m5s[0m 28ms/step - loss: 243.5570 - mae: 11.9711
[1m 57/248[0m [32m━━━━[0m[37m━━━━━━━━━━━━━━━━[0m [1m5s[0m 28ms/step - loss: 243.2502 - mae: 11.9653
[1m 59/248[0m [32m━━━━[0m[37m━━━━━━━━━━━━━━━━[0m [1m5s[0m 28ms/step - loss: 242.9315 - mae: 11.9591
[1m 61/248[0m [32m━━━━[0m[37m━━━━━━━━━━━━━━━━[0m [1m5s[0m 28ms/step - loss: 242.6044 - mae: 11.9526
[1m 63/248[0m [32m━━━━━[0m[37m━━━━━━━━━━━━━━━[0m [1m5s[0m 28ms/step - loss: 242.2626 - mae: 11.9461
[1m 65/248[0m [32m━━━━━[0m[37m━━━━━━━━━━━━━━━[0m [1m5s[0m 28ms/step - loss: 241.9046 - mae: 11.9389
[1m 67/248[0m [32m━━━━━[0m[37m━━━━━━━━━━━━━━━[0m [1m5s[0m 28ms/step - loss: 241.5968 - mae: 11.9324
[1m 69/248[0m [32m━━━━━[0m[37m━━━━━━━━━━━━━━━[0m [1m5s[0m 28ms/step - loss: 241.2650 - mae: 11.9249
[1m 71/248[0m [32m━━━━━[0m[37m━━━━━━━━━━━━━━━[0m [1m5s[0m 29ms/step - loss: 240.9622 - mae: 11.9180
[1m 73/248[0m [32m━━━━━[0m[37m━━━━━━━━━━━━━━━[0m [1m5s[0m 29ms/step - loss: 240.6548 - mae: 11.9104
[1m 75/248[0m [32m━━━━━━[0m[37m━━━━━━━━━━━━━━[0m [1m4s[0m 29ms/step - loss: 240.3726 - mae: 11.9035
[1m 77/248[0m [32m━━━━━━[0m[37m━━━━━━━━━━━━━━[0m [1m4s[0m 29ms/step - loss: 240.1079 - mae: 11.8974
[1m 79/248[0m [32m━━━━━━[0m[37m━━━━━━━━━━━━━━[0m [1m4s[0m 29ms/step - loss: 239.8335 - mae: 11.8910
[1m 81/248[0m [32m━━━━━━[0m[37m━━━━━━━━━━━━━━[0m [1m4s[0m 29ms/step - loss: 239.5743 - mae: 11.8852
[1m 83/248[0m [32m━━━━━━[0m[37m━━━━━━━━━━━━━━[0m [1m4s[0m 28ms/step - loss: 239.3547 - mae: 11.8801
[1m 85/248[0m [32m━━━━━━[0m[37m━━━━━━━━━━━━━━[0m [1m4s[0m 28ms/step - loss: 239.1323 - mae: 11.8745
[1m 87/248[0m [32m━━━━━━━[0m[37m━━━━━━━━━━━━━[0m [1m4s[0m 28ms/step - loss: 238.9004 - mae: 11.8688
[1m 89/248[0m [32m━━━━━━━[0m[37m━━━━━━━━━━━━━[0m [1m4s[0m 28ms/step - loss: 238.6856 - mae: 11.8636
[1m 91/248[0m [32m━━━━━━━[0m[37m━━━━━━━━━━━━━[0m [1m4s[0m 28ms/step - loss: 238.4645 - mae: 11.8583
[1m 93/248[0m [32m━━━━━━━[0m[37m━━━━━━━━━━━━━[0m [1m4s[0m 28ms/step - loss: 238.2716 - mae: 11.8538
[1m 95/248[0m [32m━━━━━━━[0m[37m━━━━━━━━━━━━━[0m [1m4s[0m 28ms/step - loss: 238.0901 - mae: 11.8493
[1m 97/248[0m [32m━━━━━━━[0m[37m━━━━━━━━━━━━━[0m [1m4s[0m 28ms/step - loss: 237.9157 - mae: 11.8448
[1m 99/248[0m [32m━━━━━━━[0m[37m━━━━━━━━━━━━━[0m [1m4s[0m 28ms/step - loss: 237.7282 - mae: 11.8399
[1m101/248[0m [32m━━━━━━━━[0m[37m━━━━━━━━━━━━[0m [1m4s[0m 28ms/step - loss: 237.5323 - mae: 11.8348
[1m103/248[0m [32m━━━━━━━━[0m[37m━━━━━━━━━━━━[0m [1m4s[0m 28ms/step - loss: 237.3464 - mae: 11.8299
[1m105/248[0m [32m━━━━━━━━[0m[37m━━━━━━━━━━━━[0m [1m4s[0m 28ms/step - loss: 237.1747 - mae: 11.8252
[1m107/248[0m [32m━━━━━━━━[0m[37m━━━━━━━━━━━━[0m [1m3s[0m 28ms/step - loss: 236.9983 - mae: 11.8202
[1m109/248[0m [32m━━━━━━━━[0m[37m━━━━━━━━━━━━[0m [1m3s[0m 28ms/step - loss: 236.8252 - mae: 11.8150
[1m111/248[0m [32m━━━━━━━━[0m[37m━━━━━━━━━━━━[0m [1m3s[0m 28ms/step - loss: 236.6651 - mae: 11.8102
[1m113/248[0m [32m━━━━━━━━━[0m[37m━━━━━━━━━━━[0m [1m3s[0m 28ms/step - loss: 236.5048 - mae: 11.8053
[1m115/248[0m [32m━━━━━━━━━[0m[37m━━━━━━━━━━━[0m [1m3s[0m 28ms/step - loss: 236.3452 - mae: 11.8006
[1m117/248[0m [32m━━━━━━━━━[0m[37m━━━━━━━━━━━[0m [1m3s[0m 28ms/step - loss: 236.1961 - mae: 11.7962
[1m119/248[0m [32m━━━━━━━━━[0m[37m━━━━━━━━━━━[0m [1m3s[0m 28ms/step - loss: 236.0607 - mae: 11.7921
[1m121/248[0m [32m━━━━━━━━━[0m[37m━━━━━━━━━━━[0m [1m3s[0m 28ms/step - loss: 235.9483 - mae: 11.7886
[1m123/248[0m [32m━━━━━━━━━[0m[37m━━━━━━━━━━━[0m [1m3s[0m 28ms/step - loss: 235.8294 - mae: 11.7850
[1m125/248[0m [32m━━━━━━━━━━[0m[37m━━━━━━━━━━[0m [1m3s[0m 28ms/step - loss: 235.7084 - mae: 11.7813
[1m127/248[0m [32m━━━━━━━━━━[0m[37m━━━━━━━━━━[0m [1m3s[0m 28ms/step - loss: 235.5767 - mae: 11.7773
[1m129/248[0m [32m━━━━━━━━━━[0m[37m━━━━━━━━━━[0m [1m3s[0m 28ms/step - loss: 235.4391 - mae: 11.7731
[1m131/248[0m [32m━━━━━━━━━━[0m[37m━━━━━━━━━━[0m [1m3s[0m 28ms/step - loss: 235.2979 - mae: 11.7688
[1m133/248[0m [32m━━━━━━━━━━[0m[37m━━━━━━━━━━[0m [1m3s[0m 28ms/step - loss: 235.1535 - mae: 11.7647
[1m135/248[0m [32m━━━━━━━━━━[0m[37m━━━━━━━━━━[0m [1m3s[0m 28ms/step - loss: 235.0101 - mae: 11.7606
[1m137/248[0m [32m━━━━━━━━━━━[0m[37m━━━━━━━━━[0m [1m3s[0m 28ms/step - loss: 234.8639 - mae: 11.7565
[1m139/248[0m [32m━━━━━━━━━━━[0m[37m━━━━━━━━━[0m [1m3s[0m 28ms/step - loss: 234.7221 - mae: 11.7524
[1m141/248[0m [32m━━━━━━━━━━━[0m[37m━━━━━━━━━[0m [1m2s[0m 28ms/step - loss: 234.5876 - mae: 11.7486
[1m143/248[0m [32m━━━━━━━━━━━[0m[37m━━━━━━━━━[0m [1m2s[0m 28ms/step - loss: 234.4506 - mae: 11.7446
[1m145/248[0m [32m━━━━━━━━━━━[0m[37m━━━━━━━━━[0m [1m2s[0m 28ms/step - loss: 234.3270 - mae: 11.7411
[1m147/248[0m [32m━━━━━━━━━━━[0m[37m━━━━━━━━━[0m [1m2s[0m 28ms/step - loss: 234.2129 - mae: 11.7378
[1m149/248[0m [32m━━━━━━━━━━━━[0m[37m━━━━━━━━[0m [1m2s[0m 28ms/step - loss: 234.1027 - mae: 11.7347
[1m151/248[0m [32m━━━━━━━━━━━━[0m[37m━━━━━━━━[0m [1m2s[0m 28ms/step - loss: 234.0049 - mae: 11.7319
[1m153/248[0m [32m━━━━━━━━━━━━[0m[37m━━━━━━━━[0m [1m2s[0m 28ms/step - loss: 233.9162 - mae: 11.7293
[1m155/248[0m [32m━━━━━━━━━━━━[0m[37m━━━━━━━━[0m [1m2s[0m 28ms/step - loss: 233.8337 - mae: 11.7270
[1m157/248[0m [32m━━━━━━━━━━━━[0m[37m━━━━━━━━[0m [1m2s[0m 28ms/step - loss: 233.7482 - mae: 11.7246
[1m159/248[0m [32m━━━━━━━━━━━━[0m[37m━━━━━━━━[0m [1m2s[0m 28ms/step - loss: 233.6676 - mae: 11.7223
[1m161/248[0m [32m━━━━━━━━━━━━[0m[37m━━━━━━━━[0m [1m2s[0m 28ms/step - loss: 233.5960 - mae: 11.7201
[1m163/248[0m [32m━━━━━━━━━━━━━[0m[37m━━━━━━━[0m [1m2s[0m 28ms/step - loss: 233.5349 - mae: 11.7183
[1m165/248[0m [32m━━━━━━━━━━━━━[0m[37m━━━━━━━[0m [1m2s[0m 28ms/step - loss: 233.4791 - mae: 11.7167
[1m167/248[0m [32m━━━━━━━━━━━━━[0m[37m━━━━━━━[0m [1m2s[0m 28ms/step - loss: 233.4197 - mae: 11.7151
[1m169/248[0m [32m━━━━━━━━━━━━━[0m[37m━━━━━━━[0m [1m2s[0m 28ms/step - loss: 233.3553 - mae: 11.7133
[1m171/248[0m [32m━━━━━━━━━━━━━[0m[37m━━━━━━━[0m [1m2s[0m 28ms/step - loss: 233.2911 - mae: 11.7116
[1m173/248[0m [32m━━━━━━━━━━━━━[0m[37m━━━━━━━[0m [1m2s[0m 27ms/step - loss: 233.2292 - mae: 11.7098
[1m175/248[0m [32m━━━━━━━━━━━━━━[0m[37m━━━━━━[0m [1m2s[0m 28ms/step - loss: 233.1679 - mae: 11.7081
[1m177/248[0m [32m━━━━━━━━━━━━━━[0m[37m━━━━━━[0m [1m1s[0m 28ms/step - loss: 233.1219 - mae: 11.7068
[1m179/248[0m [32m━━━━━━━━━━━━━━[0m[37m━━━━━━[0m [1m1s[0m 28ms/step - loss: 233.0795 - mae: 11.7056
[1m182/248[0m [32m━━━━━━━━━━━━━━[0m[37m━━━━━━[0m [1m1s[0m 27ms/step - loss: 233.0136 - mae: 11.7036
[1m184/248[0m [32m━━━━━━━━━━━━━━[0m[37m━━━━━━[0m [1m1s[0m 27ms/step - loss: 232.9711 - mae: 11.7023
[1m186/248[0m [32m━━━━━━━━━━━━━━━[0m[37m━━━━━[0m [1m1s[0m 27ms/step - loss: 232.9320 - mae: 11.7010
[1m188/248[0m [32m━━━━━━━━━━━━━━━[0m[37m━━━━━[0m [1m1s[0m 27ms/step - loss: 232.9082 - mae: 11.7001
[1m190/248[0m [32m━━━━━━━━━━━━━━━[0m[37m━━━━━[0m [1m1s[0m 27ms/step - loss: 232.8862 - mae: 11.6993
[1m192/248[0m [32m━━━━━━━━━━━━━━━[0m[37m━━━━━[0m [1m1s[0m 27ms/step - loss: 232.8654 - mae: 11.6984
[1m194/248[0m [32m━━━━━━━━━━━━━━━[0m[37m━━━━━[0m [1m1s[0m 27ms/step - loss: 232.8436 - mae: 11.6975
[1m196/248[0m [32m━━━━━━━━━━━━━━━[0m[37m━━━━━[0m [1m1s[0m 27ms/step - loss: 232.8175 - mae: 11.6965
[1m198/248[0m [32m━━━━━━━━━━━━━━━[0m[37m━━━━━[0m [1m1s[0m 27ms/step - loss: 232.7955 - mae: 11.6957
[1m200/248[0m [32m━━━━━━━━━━━━━━━━[0m[37m━━━━[0m [1m1s[0m 27ms/step - loss: 232.7723 - mae: 11.6948
[1m202/248[0m [32m━━━━━━━━━━━━━━━━[0m[37m━━━━[0m [1m1s[0m 27ms/step - loss: 232.7473 - mae: 11.6939
[1m204/248[0m [32m━━━━━━━━━━━━━━━━[0m[37m━━━━[0m [1m1s[0m 27ms/step - loss: 232.7217 - mae: 11.6929
[1m206/248[0m [32m━━━━━━━━━━━━━━━━[0m[37m━━━━[0m [1m1s[0m 27ms/step - loss: 232.6957 - mae: 11.6920
[1m208/248[0m [32m━━━━━━━━━━━━━━━━[0m[37m━━━━[0m [1m1s[0m 27ms/step - loss: 232.6669 - mae: 11.6910
[1m210/248[0m [32m━━━━━━━━━━━━━━━━[0m[37m━━━━[0m [1m1s[0m 27ms/step - loss: 232.6404 - mae: 11.6901
[1m212/248[0m [32m━━━━━━━━━━━━━━━━━[0m[37m━━━[0m [1m0s[0m 27ms/step - loss: 232.6120 - mae: 11.6892
[1m214/248[0m [32m━━━━━━━━━━━━━━━━━[0m[37m━━━[0m [1m0s[0m 27ms/step - loss: 232.5831 - mae: 11.6882
[1m216/248[0m [32m━━━━━━━━━━━━━━━━━[0m[37m━━━[0m [1m0s[0m 27ms/step - loss: 232.5623 - mae: 11.6875
[1m218/248[0m [32m━━━━━━━━━━━━━━━━━[0m[37m━━━[0m [1m0s[0m 27ms/step - loss: 232.5428 - mae: 11.6868
[1m220/248[0m [32m━━━━━━━━━━━━━━━━━[0m[37m━━━[0m [1m0s[0m 27ms/step - loss: 232.5252 - mae: 11.6861
[1m222/248[0m [32m━━━━━━━━━━━━━━━━━[0m[37m━━━[0m [1m0s[0m 27ms/step - loss: 232.5078 - mae: 11.6854
[1m224/248[0m [32m━━━━━━━━━━━━━━━━━━[0m[37m━━[0m [1m0s[0m 27ms/step - loss: 232.4905 - mae: 11.6848
[1m226/248[0m [32m━━━━━━━━━━━━━━━━━━[0m[37m━━[0m [1m0s[0m 27ms/step - loss: 232.4738 - mae: 11.6842
[1m228/248[0m [32m━━━━━━━━━━━━━━━━━━[0m[37m━━[0m [1m0s[0m 27ms/step - loss: 232.4565 - mae: 11.6837
[1m230/248[0m [32m━━━━━━━━━━━━━━━━━━[0m[37m━━[0m [1m0s[0m 27ms/step - loss: 232.4470 - mae: 11.6833
[1m232/248[0m [32m━━━━━━━━━━━━━━━━━━[0m[37m━━[0m [1m0s[0m 27ms/step - loss: 232.4332 - mae: 11.6828
[1m234/248[0m [32m━━━━━━━━━━━━━━━━━━[0m[37m━━[0m [1m0s[0m 27ms/step - loss: 232.4158 - mae: 11.6822
[1m236/248[0m [32m━━━━━━━━━━━━━━━━━━━[0m[37m━[0m [1m0s[0m 27ms/step - loss: 232.4024 - mae: 11.6817
[1m238/248[0m [32m━━━━━━━━━━━━━━━━━━━[0m[37m━[0m [1m0s[0m 27ms/step - loss: 232.3915 - mae: 11.6812
[1m240/248[0m [32m━━━━━━━━━━━━━━━━━━━[0m[37m━[0m [1m0s[0m 27ms/step - loss: 232.3762 - mae: 11.6806
[1m242/248[0m [32m━━━━━━━━━━━━━━━━━━━[0m[37m━[0m [1m0s[0m 27ms/step - loss: 232.3631 - mae: 11.6800
[1m244/248[0m [32m━━━━━━━━━━━━━━━━━━━[0m[37m━[0m [1m0s[0m 27ms/step - loss: 232.3494 - mae: 11.6794
[1m246/248[0m [32m━━━━━━━━━━━━━━━━━━━[0m[37m━[0m [1m0s[0m 27ms/step - loss: 232.3375 - mae: 11.6788
Epoch 6: val_loss improved from 157.60133 to 148.95491, saving model to E:\PdM\models\FD001_lstm.keras

[1m248/248[0m [32m━━━━━━━━━━━━━━━━━━━━[0m[37m[0m [1m7s[0m 29ms/step - loss: 232.3223 - mae: 11.6779 - val_loss: 148.9549 - val_mae: 8.6849 - learning_rate: 5.0000e-04
Epoch 7/75

[1m  1/248[0m [37m━━━━━━━━━━━━━━━━━━━━[0m [1m11s[0m 48ms/step - loss: 264.5141 - mae: 12.3638
[1m  3/248[0m [37m━━━━━━━━━━━━━━━━━━━━[0m [1m6s[0m 25ms/step - loss: 254.2083 - mae: 12.1317 
[1m  5/248[0m [37m━━━━━━━━━━━━━━━━━━━━[0m [1m6s[0m 26ms/step - loss: 245.3346 - mae: 11.8669
[1m  7/248[0m [37m━━━━━━━━━━━━━━━━━━━━[0m [1m6s[0m 26ms/step - loss: 240.1364 - mae: 11.7373
[1m  9/248[0m [37m━━━━━━━━━━━━━━━━━━━━[0m [1m6s[0m 26ms/step - loss: 234.3559 - mae: 11.6044
[1m 11/248[0m [37m━━━━━━━━━━━━━━━━━━━━[0m [1m6s[0m 26ms/step - loss: 232.4899 - mae: 11.5714
[1m 13/248[0m [32m━[0m[37m━━━━━━━━━━━━━━━━━━━[0m [1m6s[0m 26ms/step - loss: 231.8027 - mae: 11.5707
[1m 15/248[0m [32m━[0m[37m━━━━━━━━━━━━━━━━━━━[0m [1m6s[0m 26ms/step - loss: 231.0484 - mae: 11.5755
[1m 17/248[0m [32m━[0m[37m━━━━━━━━━━━━━━━━━━━[0m [1m6s[0m 27ms/step - loss: 229.8866 - mae: 11.5596
[1m 19/248[0m [32m━[0m[37m━━━━━━━━━━━━━━━━━━━[0m [1m6s[0m 27ms/step - loss: 228.5313 - mae: 11.5360
[1m 21/248[0m [32m━[0m[37m━━━━━━━━━━━━━━━━━━━[0m [1m6s[0m 27ms/step - loss: 227.0349 - mae: 11.5071
[1m 23/248[0m [32m━[0m[37m━━━━━━━━━━━━━━━━━━━[0m [1m6s[0m 27ms/step - loss: 225.9876 - mae: 11.4875
[1m 25/248[0m [32m━━[0m[37m━━━━━━━━━━━━━━━━━━[0m [1m5s[0m 27ms/step - loss: 224.9984 - mae: 11.4679
[1m 27/248[0m [32m━━[0m[37m━━━━━━━━━━━━━━━━━━[0m [1m5s[0m 27ms/step - loss: 223.8975 - mae: 11.4451
[1m 29/248[0m [32m━━[0m[37m━━━━━━━━━━━━━━━━━━[0m [1m5s[0m 27ms/step - loss: 222.9568 - mae: 11.4243
[1m 31/248[0m [32m━━[0m[37m━━━━━━━━━━━━━━━━━━[0m [1m5s[0m 27ms/step - loss: 222.2446 - mae: 11.4097
[1m 33/248[0m [32m━━[0m[37m━━━━━━━━━━━━━━━━━━[0m [1m5s[0m 27ms/step - loss: 221.9104 - mae: 11.4071
[1m 35/248[0m [32m━━[0m[37m━━━━━━━━━━━━━━━━━━[0m [1m5s[0m 27ms/step - loss: 221.6561 - mae: 11.4075
[1m 37/248[0m [32m━━[0m[37m━━━━━━━━━━━━━━━━━━[0m [1m5s[0m 27ms/step - loss: 221.3815 - mae: 11.4074
[1m 39/248[0m [32m━━━[0m[37m━━━━━━━━━━━━━━━━━[0m [1m5s[0m 27ms/step - loss: 221.2142 - mae: 11.4089
[1m 41/248[0m [32m━━━[0m[37m━━━━━━━━━━━━━━━━━[0m [1m5s[0m 27ms/step - loss: 221.1386 - mae: 11.4105
[1m 43/248[0m [32m━━━[0m[37m━━━━━━━━━━━━━━━━━[0m [1m5s[0m 27ms/step - loss: 221.0827 - mae: 11.4113
[1m 45/248[0m [32m━━━[0m[37m━━━━━━━━━━━━━━━━━[0m [1m5s[0m 27ms/step - loss: 220.9916 - mae: 11.4094
[1m 47/248[0m [32m━━━[0m[37m━━━━━━━━━━━━━━━━━[0m [1m5s[0m 27ms/step - loss: 220.8226 - mae: 11.4053
[1m 49/248[0m [32m━━━[0m[37m━━━━━━━━━━━━━━━━━[0m [1m5s[0m 28ms/step - loss: 220.6674 - mae: 11.4016
[1m 51/248[0m [32m━━━━[0m[37m━━━━━━━━━━━━━━━━[0m [1m5s[0m 28ms/step - loss: 220.4803 - mae: 11.3970
[1m 53/248[0m [32m━━━━[0m[37m━━━━━━━━━━━━━━━━[0m [1m5s[0m 28ms/step - loss: 220.3021 - mae: 11.3933
[1m 55/248[0m [32m━━━━[0m[37m━━━━━━━━━━━━━━━━[0m [1m5s[0m 28ms/step - loss: 220.1018 - mae: 11.3892
[1m 57/248[0m [32m━━━━[0m[37m━━━━━━━━━━━━━━━━[0m [1m5s[0m 28ms/step - loss: 219.9412 - mae: 11.3850
[1m 59/248[0m [32m━━━━[0m[37m━━━━━━━━━━━━━━━━[0m [1m5s[0m 28ms/step - loss: 219.7699 - mae: 11.3811
[1m 61/248[0m [32m━━━━[0m[37m━━━━━━━━━━━━━━━━[0m [1m5s[0m 28ms/step - loss: 219.5637 - mae: 11.3766
[1m 63/248[0m [32m━━━━━[0m[37m━━━━━━━━━━━━━━━[0m [1m5s[0m 28ms/step - loss: 219.3494 - mae: 11.3719
[1m 65/248[0m [32m━━━━━[0m[37m━━━━━━━━━━━━━━━[0m [1m5s[0m 29ms/step - loss: 219.1414 - mae: 11.3668
[1m 67/248[0m [32m━━━━━[0m[37m━━━━━━━━━━━━━━━[0m [1m5s[0m 29ms/step - loss: 218.9223 - mae: 11.3613
[1m 69/248[0m [32m━━━━━[0m[37m━━━━━━━━━━━━━━━[0m [1m5s[0m 29ms/step - loss: 218.6992 - mae: 11.3555
[1m 71/248[0m [32m━━━━━[0m[37m━━━━━━━━━━━━━━━[0m [1m5s[0m 29ms/step - loss: 218.5045 - mae: 11.3502
[1m 73/248[0m [32m━━━━━[0m[37m━━━━━━━━━━━━━━━[0m [1m4s[0m 29ms/step - loss: 218.2946 - mae: 11.3441
[1m 75/248[0m [32m━━━━━━[0m[37m━━━━━━━━━━━━━━[0m [1m4s[0m 29ms/step - loss: 218.1292 - mae: 11.3390
[1m 77/248[0m [32m━━━━━━[0m[37m━━━━━━━━━━━━━━[0m [1m4s[0m 29ms/step - loss: 217.9907 - mae: 11.3347
[1m 79/248[0m [32m━━━━━━[0m[37m━━━━━━━━━━━━━━[0m [1m4s[0m 29ms/step - loss: 217.8394 - mae: 11.3299
[1m 81/248[0m [32m━━━━━━[0m[37m━━━━━━━━━━━━━━[0m [1m4s[0m 28ms/step - loss: 217.6734 - mae: 11.3247
[1m 83/248[0m [32m━━━━━━[0m[37m━━━━━━━━━━━━━━[0m [1m4s[0m 28ms/step - loss: 217.5315 - mae: 11.3202
[1m 85/248[0m [32m━━━━━━[0m[37m━━━━━━━━━━━━━━[0m [1m4s[0m 28ms/step - loss: 217.3829 - mae: 11.3154
[1m 87/248[0m [32m━━━━━━━[0m[37m━━━━━━━━━━━━━[0m [1m4s[0m 28ms/step - loss: 217.2375 - mae: 11.3108
[1m 89/248[0m [32m━━━━━━━[0m[37m━━━━━━━━━━━━━[0m [1m4s[0m 28ms/step - loss: 217.0999 - mae: 11.3066
[1m 91/248[0m [32m━━━━━━━[0m[37m━━━━━━━━━━━━━[0m [1m4s[0m 28ms/step - loss: 216.9590 - mae: 11.3024
[1m 93/248[0m [32m━━━━━━━[0m[37m━━━━━━━━━━━━━[0m [1m4s[0m 28ms/step - loss: 216.8326 - mae: 11.2984
[1m 95/248[0m [32m━━━━━━━[0m[37m━━━━━━━━━━━━━[0m [1m4s[0m 28ms/step - loss: 216.7135 - mae: 11.2948
[1m 97/248[0m [32m━━━━━━━[0m[37m━━━━━━━━━━━━━[0m [1m4s[0m 28ms/step - loss: 216.5868 - mae: 11.2905
[1m 99/248[0m [32m━━━━━━━[0m[37m━━━━━━━━━━━━━[0m [1m4s[0m 28ms/step - loss: 216.4434 - mae: 11.2857
[1m101/248[0m [32m━━━━━━━━[0m[37m━━━━━━━━━━━━[0m [1m4s[0m 28ms/step - loss: 216.2862 - mae: 11.2805
[1m103/248[0m [32m━━━━━━━━[0m[37m━━━━━━━━━━━━[0m [1m4s[0m 28ms/step - loss: 216.1263 - mae: 11.2752
[1m105/248[0m [32m━━━━━━━━[0m[37m━━━━━━━━━━━━[0m [1m4s[0m 28ms/step - loss: 215.9764 - mae: 11.2702
[1m107/248[0m [32m━━━━━━━━[0m[37m━━━━━━━━━━━━[0m [1m3s[0m 28ms/step - loss: 215.8308 - mae: 11.2654
[1m109/248[0m [32m━━━━━━━━[0m[37m━━━━━━━━━━━━[0m [1m3s[0m 28ms/step - loss: 215.7028 - mae: 11.2610
[1m111/248[0m [32m━━━━━━━━[0m[37m━━━━━━━━━━━━[0m [1m3s[0m 28ms/step - loss: 215.5914 - mae: 11.2571
[1m113/248[0m [32m━━━━━━━━━[0m[37m━━━━━━━━━━━[0m [1m3s[0m 28ms/step - loss: 215.4842 - mae: 11.2533
[1m115/248[0m [32m━━━━━━━━━[0m[37m━━━━━━━━━━━[0m [1m3s[0m 28ms/step - loss: 215.3858 - mae: 11.2497
[1m117/248[0m [32m━━━━━━━━━[0m[37m━━━━━━━━━━━[0m [1m3s[0m 28ms/step - loss: 215.2940 - mae: 11.2464
[1m119/248[0m [32m━━━━━━━━━[0m[37m━━━━━━━━━━━[0m [1m3s[0m 28ms/step - loss: 215.2032 - mae: 11.2430
[1m121/248[0m [32m━━━━━━━━━[0m[37m━━━━━━━━━━━[0m [1m3s[0m 28ms/step - loss: 215.1385 - mae: 11.2402
[1m123/248[0m [32m━━━━━━━━━[0m[37m━━━━━━━━━━━[0m [1m3s[0m 28ms/step - loss: 215.0730 - mae: 11.2376
[1m125/248[0m [32m━━━━━━━━━━[0m[37m━━━━━━━━━━[0m [1m3s[0m 28ms/step - loss: 214.9977 - mae: 11.2347
[1m127/248[0m [32m━━━━━━━━━━[0m[37m━━━━━━━━━━[0m [1m3s[0m 28ms/step - loss: 214.9243 - mae: 11.2319
[1m129/248[0m [32m━━━━━━━━━━[0m[37m━━━━━━━━━━[0m [1m3s[0m 28ms/step - loss: 214.8541 - mae: 11.2293
[1m131/248[0m [32m━━━━━━━━━━[0m[37m━━━━━━━━━━[0m [1m3s[0m 28ms/step - loss: 214.7822 - mae: 11.2267
[1m133/248[0m [32m━━━━━━━━━━[0m[37m━━━━━━━━━━[0m [1m3s[0m 28ms/step - loss: 214.7070 - mae: 11.2241
[1m135/248[0m [32m━━━━━━━━━━[0m[37m━━━━━━━━━━[0m [1m3s[0m 28ms/step - loss: 214.6331 - mae: 11.2215
[1m137/248[0m [32m━━━━━━━━━━━[0m[37m━━━━━━━━━[0m [1m3s[0m 28ms/step - loss: 214.5569 - mae: 11.2191
[1m140/248[0m [32m━━━━━━━━━━━[0m[37m━━━━━━━━━[0m [1m2s[0m 28ms/step - loss: 214.4570 - mae: 11.2160
[1m143/248[0m [32m━━━━━━━━━━━[0m[37m━━━━━━━━━[0m [1m2s[0m 28ms/step - loss: 214.3769 - mae: 11.2134
[1m145/248[0m [32m━━━━━━━━━━━[0m[37m━━━━━━━━━[0m [1m2s[0m 28ms/step - loss: 214.3473 - mae: 11.2123
[1m147/248[0m [32m━━━━━━━━━━━[0m[37m━━━━━━━━━[0m [1m2s[0m 28ms/step - loss: 214.3251 - mae: 11.2114
[1m150/248[0m [32m━━━━━━━━━━━━[0m[37m━━━━━━━━[0m [1m2s[0m 27ms/step - loss: 214.2901 - mae: 11.2099
[1m152/248[0m [32m━━━━━━━━━━━━[0m[37m━━━━━━━━[0m [1m2s[0m 27ms/step - loss: 214.2741 - mae: 11.2091
[1m154/248[0m [32m━━━━━━━━━━━━[0m[37m━━━━━━━━[0m [1m2s[0m 27ms/step - loss: 214.2676 - mae: 11.2087
[1m156/248[0m [32m━━━━━━━━━━━━[0m[37m━━━━━━━━[0m [1m2s[0m 27ms/step - loss: 214.2624 - mae: 11.2085
[1m158/248[0m [32m━━━━━━━━━━━━[0m[37m━━━━━━━━[0m [1m2s[0m 27ms/step - loss: 214.2536 - mae: 11.2081
[1m160/248[0m [32m━━━━━━━━━━━━[0m[37m━━━━━━━━[0m [1m2s[0m 27ms/step - loss: 214.2558 - mae: 11.2079
[1m162/248[0m [32m━━━━━━━━━━━━━[0m[37m━━━━━━━[0m [1m2s[0m 27ms/step - loss: 214.2607 - mae: 11.2078
[1m164/248[0m [32m━━━━━━━━━━━━━[0m[37m━━━━━━━[0m [1m2s[0m 27ms/step - loss: 214.2698 - mae: 11.2078
[1m166/248[0m [32m━━━━━━━━━━━━━[0m[37m━━━━━━━[0m [1m2s[0m 27ms/step - loss: 214.2717 - mae: 11.2077
[1m168/248[0m [32m━━━━━━━━━━━━━[0m[37m━━━━━━━[0m [1m2s[0m 27ms/step - loss: 214.2656 - mae: 11.2074
[1m170/248[0m [32m━━━━━━━━━━━━━[0m[37m━━━━━━━[0m [1m2s[0m 27ms/step - loss: 214.2512 - mae: 11.2070
[1m172/248[0m [32m━━━━━━━━━━━━━[0m[37m━━━━━━━[0m [1m2s[0m 27ms/step - loss: 214.2368 - mae: 11.2067
[1m175/248[0m [32m━━━━━━━━━━━━━━[0m[37m━━━━━━[0m [1m1s[0m 27ms/step - loss: 214.2167 - mae: 11.2061
[1m177/248[0m [32m━━━━━━━━━━━━━━[0m[37m━━━━━━[0m [1m1s[0m 27ms/step - loss: 214.2124 - mae: 11.2059
[1m179/248[0m [32m━━━━━━━━━━━━━━[0m[37m━━━━━━[0m [1m1s[0m 27ms/step - loss: 214.2112 - mae: 11.2058
[1m181/248[0m [32m━━━━━━━━━━━━━━[0m[37m━━━━━━[0m [1m1s[0m 27ms/step - loss: 214.2070 - mae: 11.2056
[1m183/248[0m [32m━━━━━━━━━━━━━━[0m[37m━━━━━━[0m [1m1s[0m 27ms/step - loss: 214.2003 - mae: 11.2053
[1m185/248[0m [32m━━━━━━━━━━━━━━[0m[37m━━━━━━[0m [1m1s[0m 27ms/step - loss: 214.1983 - mae: 11.2052
[1m187/248[0m [32m━━━━━━━━━━━━━━━[0m[37m━━━━━[0m [1m1s[0m 27ms/step - loss: 214.1955 - mae: 11.2050
[1m189/248[0m [32m━━━━━━━━━━━━━━━[0m[37m━━━━━[0m [1m1s[0m 27ms/step - loss: 214.1997 - mae: 11.2050
[1m191/248[0m [32m━━━━━━━━━━━━━━━[0m[37m━━━━━[0m [1m1s[0m 27ms/step - loss: 214.2023 - mae: 11.2049
[1m193/248[0m [32m━━━━━━━━━━━━━━━[0m[37m━━━━━[0m [1m1s[0m 27ms/step - loss: 214.2071 - mae: 11.2048
[1m195/248[0m [32m━━━━━━━━━━━━━━━[0m[37m━━━━━[0m [1m1s[0m 27ms/step - loss: 214.2064 - mae: 11.2046
[1m197/248[0m [32m━━━━━━━━━━━━━━━[0m[37m━━━━━[0m [1m1s[0m 27ms/step - loss: 214.2020 - mae: 11.2044
[1m199/248[0m [32m━━━━━━━━━━━━━━━━[0m[37m━━━━[0m [1m1s[0m 27ms/step - loss: 214.1949 - mae: 11.2040
[1m201/248[0m [32m━━━━━━━━━━━━━━━━[0m[37m━━━━[0m [1m1s[0m 27ms/step - loss: 214.1878 - mae: 11.2037
[1m203/248[0m [32m━━━━━━━━━━━━━━━━[0m[37m━━━━[0m [1m1s[0m 27ms/step - loss: 214.1854 - mae: 11.2035
[1m205/248[0m [32m━━━━━━━━━━━━━━━━[0m[37m━━━━[0m [1m1s[0m 27ms/step - loss: 214.1841 - mae: 11.2032
[1m207/248[0m [32m━━━━━━━━━━━━━━━━[0m[37m━━━━[0m [1m1s[0m 27ms/step - loss: 214.1831 - mae: 11.2031
[1m210/248[0m [32m━━━━━━━━━━━━━━━━[0m[37m━━━━[0m [1m1s[0m 27ms/step - loss: 214.1792 - mae: 11.2028
[1m212/248[0m [32m━━━━━━━━━━━━━━━━━[0m[37m━━━[0m [1m0s[0m 27ms/step - loss: 214.1709 - mae: 11.2024
[1m214/248[0m [32m━━━━━━━━━━━━━━━━━[0m[37m━━━[0m [1m0s[0m 27ms/step - loss: 214.1598 - mae: 11.2020
[1m216/248[0m [32m━━━━━━━━━━━━━━━━━[0m[37m━━━[0m [1m0s[0m 27ms/step - loss: 214.1507 - mae: 11.2016
[1m218/248[0m [32m━━━━━━━━━━━━━━━━━[0m[37m━━━[0m [1m0s[0m 27ms/step - loss: 214.1407 - mae: 11.2012
[1m220/248[0m [32m━━━━━━━━━━━━━━━━━[0m[37m━━━[0m [1m0s[0m 27ms/step - loss: 214.1296 - mae: 11.2007
[1m222/248[0m [32m━━━━━━━━━━━━━━━━━[0m[37m━━━[0m [1m0s[0m 27ms/step - loss: 214.1140 - mae: 11.2002
[1m224/248[0m [32m━━━━━━━━━━━━━━━━━━[0m[37m━━[0m [1m0s[0m 27ms/step - loss: 214.0977 - mae: 11.1997
[1m226/248[0m [32m━━━━━━━━━━━━━━━━━━[0m[37m━━[0m [1m0s[0m 27ms/step - loss: 214.0831 - mae: 11.1992
[1m228/248[0m [32m━━━━━━━━━━━━━━━━━━[0m[37m━━[0m [1m0s[0m 27ms/step - loss: 214.0688 - mae: 11.1987
[1m230/248[0m [32m━━━━━━━━━━━━━━━━━━[0m[37m━━[0m [1m0s[0m 27ms/step - loss: 214.0596 - mae: 11.1983
[1m232/248[0m [32m━━━━━━━━━━━━━━━━━━[0m[37m━━[0m [1m0s[0m 27ms/step - loss: 214.0467 - mae: 11.1978
[1m234/248[0m [32m━━━━━━━━━━━━━━━━━━[0m[37m━━[0m [1m0s[0m 27ms/step - loss: 214.0284 - mae: 11.1972
[1m236/248[0m [32m━━━━━━━━━━━━━━━━━━━[0m[37m━[0m [1m0s[0m 27ms/step - loss: 214.0096 - mae: 11.1966
[1m238/248[0m [32m━━━━━━━━━━━━━━━━━━━[0m[37m━[0m [1m0s[0m 27ms/step - loss: 213.9915 - mae: 11.1960
[1m240/248[0m [32m━━━━━━━━━━━━━━━━━━━[0m[37m━[0m [1m0s[0m 27ms/step - loss: 213.9716 - mae: 11.1954
[1m242/248[0m [32m━━━━━━━━━━━━━━━━━━━[0m[37m━[0m [1m0s[0m 27ms/step - loss: 213.9511 - mae: 11.1947
[1m244/248[0m [32m━━━━━━━━━━━━━━━━━━━[0m[37m━[0m [1m0s[0m 27ms/step - loss: 213.9297 - mae: 11.1940
[1m246/248[0m [32m━━━━━━━━━━━━━━━━━━━[0m[37m━[0m [1m0s[0m 27ms/step - loss: 213.9101 - mae: 11.1933
Epoch 7: val_loss did not improve from 148.95491

[1m248/248[0m [32m━━━━━━━━━━━━━━━━━━━━[0m[37m[0m [1m7s[0m 29ms/step - loss: 213.8826 - mae: 11.1923 - val_loss: 213.7464 - val_mae: 10.9618 - learning_rate: 5.0000e-04
Epoch 8/75

[1m  1/248[0m [37m━━━━━━━━━━━━━━━━━━━━[0m [1m12s[0m 51ms/step - loss: 293.9182 - mae: 13.4117
[1m  3/248[0m [37m━━━━━━━━━━━━━━━━━━━━[0m [1m6s[0m 27ms/step - loss: 289.1339 - mae: 13.4548 
[1m  5/248[0m [37m━━━━━━━━━━━━━━━━━━━━[0m [1m6s[0m 27ms/step - loss: 274.9328 - mae: 13.0140
[1m  7/248[0m [37m━━━━━━━━━━━━━━━━━━━━[0m [1m6s[0m 27ms/step - loss: 262.3086 - mae: 12.5882
[1m  9/248[0m [37m━━━━━━━━━━━━━━━━━━━━[0m [1m6s[0m 27ms/step - loss: 251.2530 - mae: 12.2392
[1m 11/248[0m [37m━━━━━━━━━━━━━━━━━━━━[0m [1m6s[0m 26ms/step - loss: 244.4338 - mae: 12.0243
[1m 13/248[0m [32m━[0m[37m━━━━━━━━━━━━━━━━━━━[0m [1m6s[0m 27ms/step - loss: 240.5612 - mae: 11.9012
[1m 15/248[0m [32m━[0m[37m━━━━━━━━━━━━━━━━━━━[0m [1m6s[0m 27ms/step - loss: 237.5080 - mae: 11.8081
[1m 18/248[0m [32m━[0m[37m━━━━━━━━━━━━━━━━━━━[0m [1m6s[0m 27ms/step - loss: 233.3112 - mae: 11.6836
[1m 20/248[0m [32m━[0m[37m━━━━━━━━━━━━━━━━━━━[0m [1m6s[0m 27ms/step - loss: 230.9347 - mae: 11.6151
[1m 22/248[0m [32m━[0m[37m━━━━━━━━━━━━━━━━━━━[0m [1m5s[0m 26ms/step - loss: 228.9072 - mae: 11.5571
[1m 24/248[0m [32m━[0m[37m━━━━━━━━━━━━━━━━━━━[0m [1m5s[0m 26ms/step - loss: 227.2560 - mae: 11.5104
[1m 26/248[0m [32m━━[0m[37m━━━━━━━━━━━━━━━━━━[0m [1m5s[0m 26ms/step - loss: 225.4705 - mae: 11.4619
[1m 29/248[0m [32m━━[0m[37m━━━━━━━━━━━━━━━━━━[0m [1m5s[0m 26ms/step - loss: 223.1878 - mae: 11.3984
[1m 31/248[0m [32m━━[0m[37m━━━━━━━━━━━━━━━━━━[0m [1m5s[0m 26ms/step - loss: 221.9274 - mae: 11.3660
[1m 34/248[0m [32m━━[0m[37m━━━━━━━━━━━━━━━━━━[0m [1m5s[0m 26ms/step - loss: 220.4816 - mae: 11.3320
[1m 37/248[0m [32m━━[0m[37m━━━━━━━━━━━━━━━━━━[0m [1m5s[0m 26ms/step - loss: 219.2856 - mae: 11.3012
[1m 40/248[0m [32m━━━[0m[37m━━━━━━━━━━━━━━━━━[0m [1m5s[0m 26ms/step - loss: 218.6593 - mae: 11.2821
[1m 42/248[0m [32m━━━[0m[37m━━━━━━━━━━━━━━━━━[0m [1m5s[0m 26ms/step - loss: 218.3498 - mae: 11.2725
[1m 44/248[0m [32m━━━[0m[37m━━━━━━━━━━━━━━━━━[0m [1m5s[0m 26ms/step - loss: 218.1290 - mae: 11.2648
[1m 46/248[0m [32m━━━[0m[37m━━━━━━━━━━━━━━━━━[0m [1m5s[0m 26ms/step - loss: 217.9349 - mae: 11.2578
[1m 48/248[0m [32m━━━[0m[37m━━━━━━━━━━━━━━━━━[0m [1m5s[0m 26ms/step - loss: 217.7452 - mae: 11.2512
[1m 50/248[0m [32m━━━━[0m[37m━━━━━━━━━━━━━━━━[0m [1m5s[0m 26ms/step - loss: 217.5096 - mae: 11.2433
[1m 52/248[0m [32m━━━━[0m[37m━━━━━━━━━━━━━━━━[0m [1m5s[0m 26ms/step - loss: 217.2406 - mae: 11.2352
[1m 54/248[0m [32m━━━━[0m[37m━━━━━━━━━━━━━━━━[0m [1m5s[0m 26ms/step - loss: 216.9273 - mae: 11.2259
[1m 56/248[0m [32m━━━━[0m[37m━━━━━━━━━━━━━━━━[0m [1m4s[0m 26ms/step - loss: 216.6001 - mae: 11.2161
[1m 58/248[0m [32m━━━━[0m[37m━━━━━━━━━━━━━━━━[0m [1m4s[0m 26ms/step - loss: 216.2889 - mae: 11.2070
[1m 60/248[0m [32m━━━━[0m[37m━━━━━━━━━━━━━━━━[0m [1m4s[0m 26ms/step - loss: 215.9446 - mae: 11.1972
[1m 63/248[0m [32m━━━━━[0m[37m━━━━━━━━━━━━━━━[0m [1m4s[0m 26ms/step - loss: 215.4014 - mae: 11.1822
[1m 65/248[0m [32m━━━━━[0m[37m━━━━━━━━━━━━━━━[0m [1m4s[0m 26ms/step - loss: 215.0490 - mae: 11.1728
[1m 67/248[0m [32m━━━━━[0m[37m━━━━━━━━━━━━━━━[0m [1m4s[0m 26ms/step - loss: 214.7110 - mae: 11.1635
[1m 69/248[0m [32m━━━━━[0m[37m━━━━━━━━━━━━━━━[0m [1m4s[0m 26ms/step - loss: 214.3617 - mae: 11.1541
[1m 71/248[0m [32m━━━━━[0m[37m━━━━━━━━━━━━━━━[0m [1m4s[0m 26ms/step - loss: 214.0101 - mae: 11.1448
[1m 73/248[0m [32m━━━━━[0m[37m━━━━━━━━━━━━━━━[0m [1m4s[0m 26ms/step - loss: 213.6689 - mae: 11.1354
[1m 75/248[0m [32m━━━━━━[0m[37m━━━━━━━━━━━━━━[0m [1m4s[0m 26ms/step - loss: 213.3672 - mae: 11.1273
[1m 78/248[0m [32m━━━━━━[0m[37m━━━━━━━━━━━━━━[0m [1m4s[0m 26ms/step - loss: 212.9617 - mae: 11.1169
[1m 80/248[0m [32m━━━━━━[0m[37m━━━━━━━━━━━━━━[0m [1m4s[0m 26ms/step - loss: 212.6892 - mae: 11.1099
[1m 82/248[0m [32m━━━━━━[0m[37m━━━━━━━━━━━━━━[0m [1m4s[0m 26ms/step - loss: 212.4611 - mae: 11.1040
[1m 84/248[0m [32m━━━━━━[0m[37m━━━━━━━━━━━━━━[0m [1m4s[0m 26ms/step - loss: 212.2399 - mae: 11.0984
[1m 86/248[0m [32m━━━━━━[0m[37m━━━━━━━━━━━━━━[0m [1m4s[0m 26ms/step - loss: 212.0374 - mae: 11.0931
[1m 88/248[0m [32m━━━━━━━[0m[37m━━━━━━━━━━━━━[0m [1m4s[0m 26ms/step - loss: 211.8403 - mae: 11.0881
[1m 90/248[0m [32m━━━━━━━[0m[37m━━━━━━━━━━━━━[0m [1m4s[0m 26ms/step - loss: 211.6504 - mae: 11.0834
[1m 92/248[0m [32m━━━━━━━[0m[37m━━━━━━━━━━━━━[0m [1m4s[0m 26ms/step - loss: 211.4660 - mae: 11.0789
[1m 94/248[0m [32m━━━━━━━[0m[37m━━━━━━━━━━━━━[0m [1m4s[0m 26ms/step - loss: 211.3108 - mae: 11.0753
[1m 97/248[0m [32m━━━━━━━[0m[37m━━━━━━━━━━━━━[0m [1m3s[0m 26ms/step - loss: 211.1004 - mae: 11.0699
[1m100/248[0m [32m━━━━━━━━[0m[37m━━━━━━━━━━━━[0m [1m3s[0m 26ms/step - loss: 210.8938 - mae: 11.0645
[1m103/248[0m [32m━━━━━━━━[0m[37m━━━━━━━━━━━━[0m [1m3s[0m 26ms/step - loss: 210.6529 - mae: 11.0581
[1m105/248[0m [32m━━━━━━━━[0m[37m━━━━━━━━━━━━[0m [1m3s[0m 26ms/step - loss: 210.4990 - mae: 11.0541
[1m108/248[0m [32m━━━━━━━━[0m[37m━━━━━━━━━━━━[0m [1m3s[0m 26ms/step - loss: 210.2732 - mae: 11.0481
[1m111/248[0m [32m━━━━━━━━[0m[37m━━━━━━━━━━━━[0m [1m3s[0m 26ms/step - loss: 210.1001 - mae: 11.0437
[1m113/248[0m [32m━━━━━━━━━[0m[37m━━━━━━━━━━━[0m [1m3s[0m 26ms/step - loss: 209.9946 - mae: 11.0411
[1m116/248[0m [32m━━━━━━━━━[0m[37m━━━━━━━━━━━[0m [1m3s[0m 26ms/step - loss: 209.8387 - mae: 11.0375
[1m119/248[0m [32m━━━━━━━━━[0m[37m━━━━━━━━━━━[0m [1m3s[0m 26ms/step - loss: 209.6986 - mae: 11.0341
[1m121/248[0m [32m━━━━━━━━━[0m[37m━━━━━━━━━━━[0m [1m3s[0m 26ms/step - loss: 209.6253 - mae: 11.0322
[1m123/248[0m [32m━━━━━━━━━[0m[37m━━━━━━━━━━━[0m [1m3s[0m 26ms/step - loss: 209.5536 - mae: 11.0304
[1m125/248[0m [32m━━━━━━━━━━[0m[37m━━━━━━━━━━[0m [1m3s[0m 26ms/step - loss: 209.4841 - mae: 11.0286
[1m127/248[0m [32m━━━━━━━━━━[0m[37m━━━━━━━━━━[0m [1m3s[0m 26ms/step - loss: 209.4075 - mae: 11.0266
[1m129/248[0m [32m━━━━━━━━━━[0m[37m━━━━━━━━━━[0m [1m3s[0m 26ms/step - loss: 209.3223 - mae: 11.0243
[1m131/248[0m [32m━━━━━━━━━━[0m[37m━━━━━━━━━━[0m [1m3s[0m 26ms/step - loss: 209.2325 - mae: 11.0219
[1m133/248[0m [32m━━━━━━━━━━[0m[37m━━━━━━━━━━[0m [1m2s[0m 26ms/step - loss: 209.1420 - mae: 11.0194
[1m135/248[0m [32m━━━━━━━━━━[0m[37m━━━━━━━━━━[0m [1m2s[0m 26ms/step - loss: 209.0523 - mae: 11.0169
[1m137/248[0m [32m━━━━━━━━━━━[0m[37m━━━━━━━━━[0m [1m2s[0m 26ms/step - loss: 208.9622 - mae: 11.0143
[1m139/248[0m [32m━━━━━━━━━━━[0m[37m━━━━━━━━━[0m [1m2s[0m 26ms/step - loss: 208.8785 - mae: 11.0118
[1m141/248[0m [32m━━━━━━━━━━━[0m[37m━━━━━━━━━[0m [1m2s[0m 26ms/step - loss: 208.8063 - mae: 11.0097
[1m143/248[0m [32m━━━━━━━━━━━[0m[37m━━━━━━━━━[0m [1m2s[0m 26ms/step - loss: 208.7368 - mae: 11.0076
[1m145/248[0m [32m━━━━━━━━━━━[0m[37m━━━━━━━━━[0m [1m2s[0m 26ms/step - loss: 208.6845 - mae: 11.0061
[1m147/248[0m [32m━━━━━━━━━━━[0m[37m━━━━━━━━━[0m [1m2s[0m 26ms/step - loss: 208.6374 - mae: 11.0046
[1m149/248[0m [32m━━━━━━━━━━━━[0m[37m━━━━━━━━[0m [1m2s[0m 26ms/step - loss: 208.5901 - mae: 11.0030
[1m151/248[0m [32m━━━━━━━━━━━━[0m[37m━━━━━━━━[0m [1m2s[0m 26ms/step - loss: 208.5518 - mae: 11.0017
[1m153/248[0m [32m━━━━━━━━━━━━[0m[37m━━━━━━━━[0m [1m2s[0m 26ms/step - loss: 208.5208 - mae: 11.0005
[1m155/248[0m [32m━━━━━━━━━━━━[0m[37m━━━━━━━━[0m [1m2s[0m 26ms/step - loss: 208.4974 - mae: 10.9996
[1m157/248[0m [32m━━━━━━━━━━━━[0m[37m━━━━━━━━[0m [1m2s[0m 26ms/step - loss: 208.4662 - mae: 10.9985
[1m159/248[0m [32m━━━━━━━━━━━━[0m[37m━━━━━━━━[0m [1m2s[0m 26ms/step - loss: 208.4379 - mae: 10.9975
[1m161/248[0m [32m━━━━━━━━━━━━[0m[37m━━━━━━━━[0m [1m2s[0m 26ms/step - loss: 208.4165 - mae: 10.9967
[1m163/248[0m [32m━━━━━━━━━━━━━[0m[37m━━━━━━━[0m [1m2s[0m 26ms/step - loss: 208.4021 - mae: 10.9960
[1m165/248[0m [32m━━━━━━━━━━━━━[0m[37m━━━━━━━[0m [1m2s[0m 26ms/step - loss: 208.3875 - mae: 10.9953
[1m167/248[0m [32m━━━━━━━━━━━━━[0m[37m━━━━━━━[0m [1m2s[0m 26ms/step - loss: 208.3677 - mae: 10.9946
[1m169/248[0m [32m━━━━━━━━━━━━━[0m[37m━━━━━━━[0m [1m2s[0m 26ms/step - loss: 208.3457 - mae: 10.9938
[1m171/248[0m [32m━━━━━━━━━━━━━[0m[37m━━━━━━━[0m [1m1s[0m 26ms/step - loss: 208.3219 - mae: 10.9930
[1m174/248[0m [32m━━━━━━━━━━━━━━[0m[37m━━━━━━[0m [1m1s[0m 26ms/step - loss: 208.2869 - mae: 10.9917
[1m176/248[0m [32m━━━━━━━━━━━━━━[0m[37m━━━━━━[0m [1m1s[0m 26ms/step - loss: 208.2727 - mae: 10.9910
[1m179/248[0m [32m━━━━━━━━━━━━━━[0m[37m━━━━━━[0m [1m1s[0m 26ms/step - loss: 208.2638 - mae: 10.9904
[1m181/248[0m [32m━━━━━━━━━━━━━━[0m[37m━━━━━━[0m [1m1s[0m 26ms/step - loss: 208.2473 - mae: 10.9897
[1m184/248[0m [32m━━━━━━━━━━━━━━[0m[37m━━━━━━[0m [1m1s[0m 26ms/step - loss: 208.2147 - mae: 10.9885
[1m187/248[0m [32m━━━━━━━━━━━━━━━[0m[37m━━━━━[0m [1m1s[0m 26ms/step - loss: 208.1859 - mae: 10.9875
[1m189/248[0m [32m━━━━━━━━━━━━━━━[0m[37m━━━━━[0m [1m1s[0m 26ms/step - loss: 208.1765 - mae: 10.9872
[1m191/248[0m [32m━━━━━━━━━━━━━━━[0m[37m━━━━━[0m [1m1s[0m 26ms/step - loss: 208.1655 - mae: 10.9868
[1m193/248[0m [32m━━━━━━━━━━━━━━━[0m[37m━━━━━[0m [1m1s[0m 26ms/step - loss: 208.1573 - mae: 10.9864
[1m195/248[0m [32m━━━━━━━━━━━━━━━[0m[37m━━━━━[0m [1m1s[0m 26ms/step - loss: 208.1414 - mae: 10.9858
[1m197/248[0m [32m━━━━━━━━━━━━━━━[0m[37m━━━━━[0m [1m1s[0m 26ms/step - loss: 208.1229 - mae: 10.9852
[1m199/248[0m [32m━━━━━━━━━━━━━━━━[0m[37m━━━━[0m [1m1s[0m 26ms/step - loss: 208.1021 - mae: 10.9845
[1m201/248[0m [32m━━━━━━━━━━━━━━━━[0m[37m━━━━[0m [1m1s[0m 26ms/step - loss: 208.0801 - mae: 10.9839
[1m203/248[0m [32m━━━━━━━━━━━━━━━━[0m[37m━━━━[0m [1m1s[0m 26ms/step - loss: 208.0600 - mae: 10.9834
[1m205/248[0m [32m━━━━━━━━━━━━━━━━[0m[37m━━━━[0m [1m1s[0m 26ms/step - loss: 208.0372 - mae: 10.9828
[1m207/248[0m [32m━━━━━━━━━━━━━━━━[0m[37m━━━━[0m [1m1s[0m 26ms/step - loss: 208.0118 - mae: 10.9821
[1m209/248[0m [32m━━━━━━━━━━━━━━━━[0m[37m━━━━[0m [1m1s[0m 26ms/step - loss: 207.9840 - mae: 10.9814
[1m211/248[0m [32m━━━━━━━━━━━━━━━━━[0m[37m━━━[0m [1m0s[0m 26ms/step - loss: 207.9574 - mae: 10.9807
[1m213/248[0m [32m━━━━━━━━━━━━━━━━━[0m[37m━━━[0m [1m0s[0m 26ms/step - loss: 207.9298 - mae: 10.9800
[1m215/248[0m [32m━━━━━━━━━━━━━━━━━[0m[37m━━━[0m [1m0s[0m 26ms/step - loss: 207.9012 - mae: 10.9793
[1m217/248[0m [32m━━━━━━━━━━━━━━━━━[0m[37m━━━[0m [1m0s[0m 26ms/step - loss: 207.8734 - mae: 10.9785
[1m220/248[0m [32m━━━━━━━━━━━━━━━━━[0m[37m━━━[0m [1m0s[0m 26ms/step - loss: 207.8282 - mae: 10.9774
[1m222/248[0m [32m━━━━━━━━━━━━━━━━━[0m[37m━━━[0m [1m0s[0m 26ms/step - loss: 207.7952 - mae: 10.9765
[1m224/248[0m [32m━━━━━━━━━━━━━━━━━━[0m[37m━━[0m [1m0s[0m 26ms/step - loss: 207.7630 - mae: 10.9757
[1m226/248[0m [32m━━━━━━━━━━━━━━━━━━[0m[37m━━[0m [1m0s[0m 26ms/step - loss: 207.7304 - mae: 10.9749
[1m228/248[0m [32m━━━━━━━━━━━━━━━━━━[0m[37m━━[0m [1m0s[0m 26ms/step - loss: 207.6968 - mae: 10.9741
[1m230/248[0m [32m━━━━━━━━━━━━━━━━━━[0m[37m━━[0m [1m0s[0m 26ms/step - loss: 207.6654 - mae: 10.9734
[1m232/248[0m [32m━━━━━━━━━━━━━━━━━━[0m[37m━━[0m [1m0s[0m 26ms/step - loss: 207.6302 - mae: 10.9725
[1m234/248[0m [32m━━━━━━━━━━━━━━━━━━[0m[37m━━[0m [1m0s[0m 26ms/step - loss: 207.5917 - mae: 10.9715
[1m236/248[0m [32m━━━━━━━━━━━━━━━━━━━[0m[37m━[0m [1m0s[0m 26ms/step - loss: 207.5574 - mae: 10.9707
[1m238/248[0m [32m━━━━━━━━━━━━━━━━━━━[0m[37m━[0m [1m0s[0m 26ms/step - loss: 207.5277 - mae: 10.9700
[1m240/248[0m [32m━━━━━━━━━━━━━━━━━━━[0m[37m━[0m [1m0s[0m 26ms/step - loss: 207.4977 - mae: 10.9692
[1m242/248[0m [32m━━━━━━━━━━━━━━━━━━━[0m[37m━[0m [1m0s[0m 26ms/step - loss: 207.4677 - mae: 10.9685
[1m244/248[0m [32m━━━━━━━━━━━━━━━━━━━[0m[37m━[0m [1m0s[0m 26ms/step - loss: 207.4374 - mae: 10.9677
[1m246/248[0m [32m━━━━━━━━━━━━━━━━━━━[0m[37m━[0m [1m0s[0m 26ms/step - loss: 207.4059 - mae: 10.9669
Epoch 8: val_loss did not improve from 148.95491

[1m248/248[0m [32m━━━━━━━━━━━━━━━━━━━━[0m[37m[0m [1m7s[0m 28ms/step - loss: 207.3584 - mae: 10.9656 - val_loss: 170.8990 - val_mae: 9.1433 - learning_rate: 5.0000e-04
Epoch 9/75

[1m  1/248[0m [37m━━━━━━━━━━━━━━━━━━━━[0m [1m12s[0m 52ms/step - loss: 259.0393 - mae: 11.5596
[1m  3/248[0m [37m━━━━━━━━━━━━━━━━━━━━[0m [1m6s[0m 27ms/step - loss: 227.1834 - mae: 11.1859 
[1m  5/248[0m [37m━━━━━━━━━━━━━━━━━━━━[0m [1m6s[0m 27ms/step - loss: 222.7464 - mae: 11.0943
[1m  7/248[0m [37m━━━━━━━━━━━━━━━━━━━━[0m [1m6s[0m 27ms/step - loss: 219.7294 - mae: 11.0300
[1m  9/248[0m [37m━━━━━━━━━━━━━━━━━━━━[0m [1m6s[0m 26ms/step - loss: 214.0982 - mae: 10.8898
[1m 11/248[0m [37m━━━━━━━━━━━━━━━━━━━━[0m [1m6s[0m 27ms/step - loss: 211.6922 - mae: 10.8445
[1m 13/248[0m [32m━[0m[37m━━━━━━━━━━━━━━━━━━━[0m [1m6s[0m 27ms/step - loss: 211.0008 - mae: 10.8517
[1m 15/248[0m [32m━[0m[37m━━━━━━━━━━━━━━━━━━━[0m [1m6s[0m 26ms/step - loss: 210.8944 - mae: 10.8698
[1m 17/248[0m [32m━[0m[37m━━━━━━━━━━━━━━━━━━━[0m [1m6s[0m 26ms/step - loss: 210.1699 - mae: 10.8644
[1m 19/248[0m [32m━[0m[37m━━━━━━━━━━━━━━━━━━━[0m [1m6s[0m 26ms/step - loss: 209.4872 - mae: 10.8553
[1m 21/248[0m [32m━[0m[37m━━━━━━━━━━━━━━━━━━━[0m [1m5s[0m 26ms/step - loss: 208.4604 - mae: 10.8365
[1m 23/248[0m [32m━[0m[37m━━━━━━━━━━━━━━━━━━━[0m [1m5s[0m 26ms/step - loss: 207.5407 - mae: 10.8209
[1m 25/248[0m [32m━━[0m[37m━━━━━━━━━━━━━━━━━━[0m [1m5s[0m 26ms/step - loss: 206.5431 - mae: 10.8031
[1m 27/248[0m [32m━━[0m[37m━━━━━━━━━━━━━━━━━━[0m [1m5s[0m 26ms/step - loss: 205.4436 - mae: 10.7814
[1m 29/248[0m [32m━━[0m[37m━━━━━━━━━━━━━━━━━━[0m [1m5s[0m 26ms/step - loss: 204.5516 - mae: 10.7640
[1m 31/248[0m [32m━━[0m[37m━━━━━━━━━━━━━━━━━━[0m [1m5s[0m 26ms/step - loss: 203.7688 - mae: 10.7497
[1m 33/248[0m [32m━━[0m[37m━━━━━━━━━━━━━━━━━━[0m [1m5s[0m 26ms/step - loss: 203.2517 - mae: 10.7433
[1m 35/248[0m [32m━━[0m[37m━━━━━━━━━━━━━━━━━━[0m [1m5s[0m 26ms/step - loss: 202.7175 - mae: 10.7375
[1m 37/248[0m [32m━━[0m[37m━━━━━━━━━━━━━━━━━━[0m [1m5s[0m 26ms/step - loss: 202.2115 - mae: 10.7304
[1m 39/248[0m [32m━━━[0m[37m━━━━━━━━━━━━━━━━━[0m [1m5s[0m 26ms/step - loss: 201.8419 - mae: 10.7252
[1m 41/248[0m [32m━━━[0m[37m━━━━━━━━━━━━━━━━━[0m [1m5s[0m 26ms/step - loss: 201.5610 - mae: 10.7221
[1m 43/248[0m [32m━━━[0m[37m━━━━━━━━━━━━━━━━━[0m [1m5s[0m 26ms/step - loss: 201.3263 - mae: 10.7201
[1m 45/248[0m [32m━━━[0m[37m━━━━━━━━━━━━━━━━━[0m [1m5s[0m 26ms/step - loss: 201.1460 - mae: 10.7186
[1m 47/248[0m [32m━━━[0m[37m━━━━━━━━━━━━━━━━━[0m [1m5s[0m 26ms/step - loss: 200.9016 - mae: 10.7147
[1m 49/248[0m [32m━━━[0m[37m━━━━━━━━━━━━━━━━━[0m [1m5s[0m 26ms/step - loss: 200.6618 - mae: 10.7112
[1m 51/248[0m [32m━━━━[0m[37m━━━━━━━━━━━━━━━━[0m [1m5s[0m 26ms/step - loss: 200.3987 - mae: 10.7066
[1m 54/248[0m [32m━━━━[0m[37m━━━━━━━━━━━━━━━━[0m [1m5s[0m 26ms/step - loss: 200.0410 - mae: 10.7021
[1m 56/248[0m [32m━━━━[0m[37m━━━━━━━━━━━━━━━━[0m [1m5s[0m 26ms/step - loss: 199.8121 - mae: 10.6984
[1m 58/248[0m [32m━━━━[0m[37m━━━━━━━━━━━━━━━━[0m [1m4s[0m 26ms/step - loss: 199.5862 - mae: 10.6941
[1m 60/248[0m [32m━━━━[0m[37m━━━━━━━━━━━━━━━━[0m [1m4s[0m 26ms/step - loss: 199.3345 - mae: 10.6891
[1m 62/248[0m [32m━━━━━[0m[37m━━━━━━━━━━━━━━━[0m [1m4s[0m 26ms/step - loss: 199.1278 - mae: 10.6850
[1m 64/248[0m [32m━━━━━[0m[37m━━━━━━━━━━━━━━━[0m [1m4s[0m 26ms/step - loss: 198.9373 - mae: 10.6813
[1m 66/248[0m [32m━━━━━[0m[37m━━━━━━━━━━━━━━━[0m [1m4s[0m 26ms/step - loss: 198.7818 - mae: 10.6782
[1m 68/248[0m [32m━━━━━[0m[37m━━━━━━━━━━━━━━━[0m [1m4s[0m 26ms/step - loss: 198.6063 - mae: 10.6744
[1m 70/248[0m [32m━━━━━[0m[37m━━━━━━━━━━━━━━━[0m [1m4s[0m 26ms/step - loss: 198.4421 - mae: 10.6710
[1m 73/248[0m [32m━━━━━[0m[37m━━━━━━━━━━━━━━━[0m [1m4s[0m 26ms/step - loss: 198.1543 - mae: 10.6643
[1m 75/248[0m [32m━━━━━━[0m[37m━━━━━━━━━━━━━━[0m [1m4s[0m 26ms/step - loss: 198.0136 - mae: 10.6611
[1m 77/248[0m [32m━━━━━━[0m[37m━━━━━━━━━━━━━━[0m [1m4s[0m 26ms/step - loss: 197.8840 - mae: 10.6586
[1m 80/248[0m [32m━━━━━━[0m[37m━━━━━━━━━━━━━━[0m [1m4s[0m 26ms/step - loss: 197.6902 - mae: 10.6551
[1m 83/248[0m [32m━━━━━━[0m[37m━━━━━━━━━━━━━━[0m [1m4s[0m 26ms/step - loss: 197.5062 - mae: 10.6517
[1m 85/248[0m [32m━━━━━━[0m[37m━━━━━━━━━━━━━━[0m [1m4s[0m 26ms/step - loss: 197.3858 - mae: 10.6493
[1m 88/248[0m [32m━━━━━━━[0m[37m━━━━━━━━━━━━━[0m [1m4s[0m 26ms/step - loss: 197.2036 - mae: 10.6458
[1m 91/248[0m [32m━━━━━━━[0m[37m━━━━━━━━━━━━━[0m [1m4s[0m 26ms/step - loss: 197.0260 - mae: 10.6423
[1m 94/248[0m [32m━━━━━━━[0m[37m━━━━━━━━━━━━━[0m [1m4s[0m 26ms/step - loss: 196.8898 - mae: 10.6403
[1m 97/248[0m [32m━━━━━━━[0m[37m━━━━━━━━━━━━━[0m [1m3s[0m 26ms/step - loss: 196.7580 - mae: 10.6381
[1m 99/248[0m [32m━━━━━━━[0m[37m━━━━━━━━━━━━━[0m [1m3s[0m 26ms/step - loss: 196.6827 - mae: 10.6368
[1m101/248[0m [32m━━━━━━━━[0m[37m━━━━━━━━━━━━[0m [1m3s[0m 26ms/step - loss: 196.5901 - mae: 10.6350
[1m103/248[0m [32m━━━━━━━━[0m[37m━━━━━━━━━━━━[0m [1m3s[0m 26ms/step - loss: 196.4933 - mae: 10.6332
[1m105/248[0m [32m━━━━━━━━[0m[37m━━━━━━━━━━━━[0m [1m3s[0m 26ms/step - loss: 196.3897 - mae: 10.6312
[1m107/248[0m [32m━━━━━━━━[0m[37m━━━━━━━━━━━━[0m [1m3s[0m 26ms/step - loss: 196.2821 - mae: 10.6290
[1m109/248[0m [32m━━━━━━━━[0m[37m━━━━━━━━━━━━[0m [1m3s[0m 26ms/step - loss: 196.1810 - mae: 10.6268
[1m111/248[0m [32m━━━━━━━━[0m[37m━━━━━━━━━━━━[0m [1m3s[0m 26ms/step - loss: 196.0984 - mae: 10.6251
[1m113/248[0m [32m━━━━━━━━━[0m[37m━━━━━━━━━━━[0m [1m3s[0m 26ms/step - loss: 196.0348 - mae: 10.6241
[1m115/248[0m [32m━━━━━━━━━[0m[37m━━━━━━━━━━━[0m [1m3s[0m 26ms/step - loss: 195.9720 - mae: 10.6232
[1m117/248[0m [32m━━━━━━━━━[0m[37m━━━━━━━━━━━[0m [1m3s[0m 26ms/step - loss: 195.9012 - mae: 10.6223
[1m119/248[0m [32m━━━━━━━━━[0m[37m━━━━━━━━━━━[0m [1m3s[0m 26ms/step - loss: 195.8368 - mae: 10.6215
[1m121/248[0m [32m━━━━━━━━━[0m[37m━━━━━━━━━━━[0m [1m3s[0m 26ms/step - loss: 195.7846 - mae: 10.6210
[1m123/248[0m [32m━━━━━━━━━[0m[37m━━━━━━━━━━━[0m [1m3s[0m 26ms/step - loss: 195.7239 - mae: 10.6202
[1m125/248[0m [32m━━━━━━━━━━[0m[37m━━━━━━━━━━[0m [1m3s[0m 26ms/step - loss: 195.6507 - mae: 10.6191
[1m127/248[0m [32m━━━━━━━━━━[0m[37m━━━━━━━━━━[0m [1m3s[0m 26ms/step - loss: 195.5762 - mae: 10.6178
[1m129/248[0m [32m━━━━━━━━━━[0m[37m━━━━━━━━━━[0m [1m3s[0m 26ms/step - loss: 195.4940 - mae: 10.6164
[1m131/248[0m [32m━━━━━━━━━━[0m[37m━━━━━━━━━━[0m [1m3s[0m 26ms/step - loss: 195.4091 - mae: 10.6149
[1m133/248[0m [32m━━━━━━━━━━[0m[37m━━━━━━━━━━[0m [1m2s[0m 26ms/step - loss: 195.3170 - mae: 10.6132
[1m135/248[0m [32m━━━━━━━━━━[0m[37m━━━━━━━━━━[0m [1m2s[0m 26ms/step - loss: 195.2243 - mae: 10.6115
[1m137/248[0m [32m━━━━━━━━━━━[0m[37m━━━━━━━━━[0m [1m2s[0m 26ms/step - loss: 195.1249 - mae: 10.6096
[1m139/248[0m [32m━━━━━━━━━━━[0m[37m━━━━━━━━━[0m [1m2s[0m 26ms/step - loss: 195.0250 - mae: 10.6076
[1m141/248[0m [32m━━━━━━━━━━━[0m[37m━━━━━━━━━[0m [1m2s[0m 26ms/step - loss: 194.9296 - mae: 10.6057
[1m143/248[0m [32m━━━━━━━━━━━[0m[37m━━━━━━━━━[0m [1m2s[0m 26ms/step - loss: 194.8353 - mae: 10.6037
[1m145/248[0m [32m━━━━━━━━━━━[0m[37m━━━━━━━━━[0m [1m2s[0m 26ms/step - loss: 194.7469 - mae: 10.6018
[1m147/248[0m [32m━━━━━━━━━━━[0m[37m━━━━━━━━━[0m [1m2s[0m 26ms/step - loss: 194.6611 - mae: 10.6000
[1m149/248[0m [32m━━━━━━━━━━━━[0m[37m━━━━━━━━[0m [1m2s[0m 26ms/step - loss: 194.5692 - mae: 10.5980
[1m151/248[0m [32m━━━━━━━━━━━━[0m[37m━━━━━━━━[0m [1m2s[0m 26ms/step - loss: 194.4802 - mae: 10.5961
[1m153/248[0m [32m━━━━━━━━━━━━[0m[37m━━━━━━━━[0m [1m2s[0m 26ms/step - loss: 194.3983 - mae: 10.5942
[1m155/248[0m [32m━━━━━━━━━━━━[0m[37m━━━━━━━━[0m [1m2s[0m 26ms/step - loss: 194.3279 - mae: 10.5928
[1m157/248[0m [32m━━━━━━━━━━━━[0m[37m━━━━━━━━[0m [1m2s[0m 26ms/step - loss: 194.2577 - mae: 10.5913
[1m159/248[0m [32m━━━━━━━━━━━━[0m[37m━━━━━━━━[0m [1m2s[0m 26ms/step - loss: 194.1925 - mae: 10.5900
[1m161/248[0m [32m━━━━━━━━━━━━[0m[37m━━━━━━━━[0m [1m2s[0m 26ms/step - loss: 194.1307 - mae: 10.5887
[1m163/248[0m [32m━━━━━━━━━━━━━[0m[37m━━━━━━━[0m [1m2s[0m 26ms/step - loss: 194.0635 - mae: 10.5873
[1m165/248[0m [32m━━━━━━━━━━━━━[0m[37m━━━━━━━[0m [1m2s[0m 26ms/step - loss: 193.9971 - mae: 10.5860
[1m167/248[0m [32m━━━━━━━━━━━━━[0m[37m━━━━━━━[0m [1m2s[0m 26ms/step - loss: 193.9322 - mae: 10.5846
[1m169/248[0m [32m━━━━━━━━━━━━━[0m[37m━━━━━━━[0m [1m2s[0m 26ms/step - loss: 193.8663 - mae: 10.5833
[1m171/248[0m [32m━━━━━━━━━━━━━[0m[37m━━━━━━━[0m [1m2s[0m 26ms/step - loss: 193.7986 - mae: 10.5819
[1m173/248[0m [32m━━━━━━━━━━━━━[0m[37m━━━━━━━[0m [1m1s[0m 26ms/step - loss: 193.7319 - mae: 10.5805
[1m175/248[0m [32m━━━━━━━━━━━━━━[0m[37m━━━━━━[0m [1m1s[0m 26ms/step - loss: 193.6652 - mae: 10.5791
[1m177/248[0m [32m━━━━━━━━━━━━━━[0m[37m━━━━━━[0m [1m1s[0m 26ms/step - loss: 193.6055 - mae: 10.5778
[1m179/248[0m [32m━━━━━━━━━━━━━━[0m[37m━━━━━━[0m [1m1s[0m 26ms/step - loss: 193.5406 - mae: 10.5763
[1m181/248[0m [32m━━━━━━━━━━━━━━[0m[37m━━━━━━[0m [1m1s[0m 26ms/step - loss: 193.4754 - mae: 10.5748
[1m183/248[0m [32m━━━━━━━━━━━━━━[0m[37m━━━━━━[0m [1m1s[0m 26ms/step - loss: 193.4081 - mae: 10.5732
[1m185/248[0m [32m━━━━━━━━━━━━━━[0m[37m━━━━━━[0m [1m1s[0m 26ms/step - loss: 193.3474 - mae: 10.5716
[1m187/248[0m [32m━━━━━━━━━━━━━━━[0m[37m━━━━━[0m [1m1s[0m 26ms/step - loss: 193.2863 - mae: 10.5701
[1m189/248[0m [32m━━━━━━━━━━━━━━━[0m[37m━━━━━[0m [1m1s[0m 26ms/step - loss: 193.2295 - mae: 10.5686
[1m191/248[0m [32m━━━━━━━━━━━━━━━[0m[37m━━━━━[0m [1m1s[0m 26ms/step - loss: 193.1730 - mae: 10.5671
[1m193/248[0m [32m━━━━━━━━━━━━━━━[0m[37m━━━━━[0m [1m1s[0m 26ms/step - loss: 193.1234 - mae: 10.5658
[1m195/248[0m [32m━━━━━━━━━━━━━━━[0m[37m━━━━━[0m [1m1s[0m 26ms/step - loss: 193.0722 - mae: 10.5644
[1m197/248[0m [32m━━━━━━━━━━━━━━━[0m[37m━━━━━[0m [1m1s[0m 26ms/step - loss: 193.0230 - mae: 10.5631
[1m199/248[0m [32m━━━━━━━━━━━━━━━━[0m[37m━━━━[0m [1m1s[0m 26ms/step - loss: 192.9744 - mae: 10.5618
[1m201/248[0m [32m━━━━━━━━━━━━━━━━[0m[37m━━━━[0m [1m1s[0m 26ms/step - loss: 192.9269 - mae: 10.5605
[1m203/248[0m [32m━━━━━━━━━━━━━━━━[0m[37m━━━━[0m [1m1s[0m 26ms/step - loss: 192.8817 - mae: 10.5593
[1m205/248[0m [32m━━━━━━━━━━━━━━━━[0m[37m━━━━[0m [1m1s[0m 26ms/step - loss: 192.8373 - mae: 10.5581
[1m207/248[0m [32m━━━━━━━━━━━━━━━━[0m[37m━━━━[0m [1m1s[0m 26ms/step - loss: 192.7942 - mae: 10.5571
[1m209/248[0m [32m━━━━━━━━━━━━━━━━[0m[37m━━━━[0m [1m1s[0m 26ms/step - loss: 192.7536 - mae: 10.5561
[1m211/248[0m [32m━━━━━━━━━━━━━━━━━[0m[37m━━━[0m [1m0s[0m 26ms/step - loss: 192.7133 - mae: 10.5551
[1m213/248[0m [32m━━━━━━━━━━━━━━━━━[0m[37m━━━[0m [1m0s[0m 26ms/step - loss: 192.6707 - mae: 10.5540
[1m215/248[0m [32m━━━━━━━━━━━━━━━━━[0m[37m━━━[0m [1m0s[0m 26ms/step - loss: 192.6297 - mae: 10.5529
[1m217/248[0m [32m━━━━━━━━━━━━━━━━━[0m[37m━━━[0m [1m0s[0m 26ms/step - loss: 192.5900 - mae: 10.5519
[1m219/248[0m [32m━━━━━━━━━━━━━━━━━[0m[37m━━━[0m [1m0s[0m 26ms/step - loss: 192.5506 - mae: 10.5510
[1m221/248[0m [32m━━━━━━━━━━━━━━━━━[0m[37m━━━[0m [1m0s[0m 26ms/step - loss: 192.5091 - mae: 10.5499
[1m223/248[0m [32m━━━━━━━━━━━━━━━━━[0m[37m━━━[0m [1m0s[0m 26ms/step - loss: 192.4669 - mae: 10.5488
[1m225/248[0m [32m━━━━━━━━━━━━━━━━━━[0m[37m━━[0m [1m0s[0m 26ms/step - loss: 192.4290 - mae: 10.5479
[1m227/248[0m [32m━━━━━━━━━━━━━━━━━━[0m[37m━━[0m [1m0s[0m 26ms/step - loss: 192.3929 - mae: 10.5471
[1m229/248[0m [32m━━━━━━━━━━━━━━━━━━[0m[37m━━[0m [1m0s[0m 26ms/step - loss: 192.3590 - mae: 10.5463
[1m231/248[0m [32m━━━━━━━━━━━━━━━━━━[0m[37m━━[0m [1m0s[0m 26ms/step - loss: 192.3263 - mae: 10.5455
[1m233/248[0m [32m━━━━━━━━━━━━━━━━━━[0m[37m━━[0m [1m0s[0m 26ms/step - loss: 192.2881 - mae: 10.5446
[1m235/248[0m [32m━━━━━━━━━━━━━━━━━━[0m[37m━━[0m [1m0s[0m 26ms/step - loss: 192.2487 - mae: 10.5436
[1m237/248[0m [32m━━━━━━━━━━━━━━━━━━━[0m[37m━[0m [1m0s[0m 26ms/step - loss: 192.2104 - mae: 10.5427
[1m239/248[0m [32m━━━━━━━━━━━━━━━━━━━[0m[37m━[0m [1m0s[0m 26ms/step - loss: 192.1714 - mae: 10.5418
[1m241/248[0m [32m━━━━━━━━━━━━━━━━━━━[0m[37m━[0m [1m0s[0m 26ms/step - loss: 192.1333 - mae: 10.5408
[1m243/248[0m [32m━━━━━━━━━━━━━━━━━━━[0m[37m━[0m [1m0s[0m 26ms/step - loss: 192.0950 - mae: 10.5399
[1m245/248[0m [32m━━━━━━━━━━━━━━━━━━━[0m[37m━[0m [1m0s[0m 26ms/step - loss: 192.0570 - mae: 10.5390
[1m247/248[0m [32m━━━━━━━━━━━━━━━━━━━[0m[37m━[0m [1m0s[0m 26ms/step - loss: 192.0206 - mae: 10.5381
Epoch 9: val_loss did not improve from 148.95491

[1m248/248[0m [32m━━━━━━━━━━━━━━━━━━━━[0m[37m[0m [1m7s[0m 28ms/step - loss: 191.9868 - mae: 10.5373 - val_loss: 230.2424 - val_mae: 11.5875 - learning_rate: 5.0000e-04
Epoch 10/75

[1m  1/248[0m [37m━━━━━━━━━━━━━━━━━━━━[0m [1m11s[0m 46ms/step - loss: 225.3724 - mae: 11.5597
[1m  3/248[0m [37m━━━━━━━━━━━━━━━━━━━━[0m [1m6s[0m 27ms/step - loss: 220.8240 - mae: 11.4616 
[1m  5/248[0m [37m━━━━━━━━━━━━━━━━━━━━[0m [1m6s[0m 26ms/step - loss: 211.0235 - mae: 11.2022
[1m  7/248[0m [37m━━━━━━━━━━━━━━━━━━━━[0m [1m6s[0m 26ms/step - loss: 206.3316 - mae: 11.0428
[1m  9/248[0m [37m━━━━━━━━━━━━━━━━━━━━[0m [1m6s[0m 27ms/step - loss: 201.7331 - mae: 10.8921
[1m 11/248[0m [37m━━━━━━━━━━━━━━━━━━━━[0m [1m6s[0m 27ms/step - loss: 201.3530 - mae: 10.8509
[1m 14/248[0m [32m━[0m[37m━━━━━━━━━━━━━━━━━━━[0m [1m6s[0m 27ms/step - loss: 201.6540 - mae: 10.8460
[1m 16/248[0m [32m━[0m[37m━━━━━━━━━━━━━━━━━━━[0m [1m6s[0m 27ms/step - loss: 201.0302 - mae: 10.8194
[1m 18/248[0m [32m━[0m[37m━━━━━━━━━━━━━━━━━━━[0m [1m6s[0m 26ms/step - loss: 200.4863 - mae: 10.7916
[1m 20/248[0m [32m━[0m[37m━━━━━━━━━━━━━━━━━━━[0m [1m5s[0m 26ms/step - loss: 199.7625 - mae: 10.7589
[1m 22/248[0m [32m━[0m[37m━━━━━━━━━━━━━━━━━━━[0m [1m5s[0m 26ms/step - loss: 198.7556 - mae: 10.7238
[1m 24/248[0m [32m━[0m[37m━━━━━━━━━━━━━━━━━━━[0m [1m5s[0m 26ms/step - loss: 198.3096 - mae: 10.7054
[1m 26/248[0m [32m━━[0m[37m━━━━━━━━━━━━━━━━━━[0m [1m5s[0m 26ms/step - loss: 197.8488 - mae: 10.6902
[1m 28/248[0m [32m━━[0m[37m━━━━━━━━━━━━━━━━━━[0m [1m5s[0m 26ms/step - loss: 197.4784 - mae: 10.6774
[1m 31/248[0m [32m━━[0m[37m━━━━━━━━━━━━━━━━━━[0m [1m5s[0m 26ms/step - loss: 196.9787 - mae: 10.6611
[1m 34/248[0m [32m━━[0m[37m━━━━━━━━━━━━━━━━━━[0m [1m5s[0m 26ms/step - loss: 196.6559 - mae: 10.6545
[1m 37/248[0m [32m━━[0m[37m━━━━━━━━━━━━━━━━━━[0m [1m5s[0m 26ms/step - loss: 196.2698 - mae: 10.6458
[1m 40/248[0m [32m━━━[0m[37m━━━━━━━━━━━━━━━━━[0m [1m5s[0m 26ms/step - loss: 196.0540 - mae: 10.6392
[1m 42/248[0m [32m━━━[0m[37m━━━━━━━━━━━━━━━━━[0m [1m5s[0m 26ms/step - loss: 196.0138 - mae: 10.6380
[1m 44/248[0m [32m━━━[0m[37m━━━━━━━━━━━━━━━━━[0m [1m5s[0m 26ms/step - loss: 195.9709 - mae: 10.6368
[1m 46/248[0m [32m━━━[0m[37m━━━━━━━━━━━━━━━━━[0m [1m5s[0m 26ms/step - loss: 195.8605 - mae: 10.6333
[1m 48/248[0m [32m━━━[0m[37m━━━━━━━━━━━━━━━━━[0m [1m5s[0m 26ms/step - loss: 195.6983 - mae: 10.6279
[1m 50/248[0m [32m━━━━[0m[37m━━━━━━━━━━━━━━━━[0m [1m5s[0m 26ms/step - loss: 195.5168 - mae: 10.6219
[1m 52/248[0m [32m━━━━[0m[37m━━━━━━━━━━━━━━━━[0m [1m5s[0m 26ms/step - loss: 195.3388 - mae: 10.6165
[1m 54/248[0m [32m━━━━[0m[37m━━━━━━━━━━━━━━━━[0m [1m4s[0m 26ms/step - loss: 195.1729 - mae: 10.6120
[1m 56/248[0m [32m━━━━[0m[37m━━━━━━━━━━━━━━━━[0m [1m4s[0m 26ms/step - loss: 194.9892 - mae: 10.6066
[1m 58/248[0m [32m━━━━[0m[37m━━━━━━━━━━━━━━━━[0m [1m4s[0m 26ms/step - loss: 194.7702 - mae: 10.5997
[1m 60/248[0m [32m━━━━[0m[37m━━━━━━━━━━━━━━━━[0m [1m4s[0m 26ms/step - loss: 194.5109 - mae: 10.5922
[1m 62/248[0m [32m━━━━━[0m[37m━━━━━━━━━━━━━━━[0m [1m4s[0m 26ms/step - loss: 194.2963 - mae: 10.5857
[1m 64/248[0m [32m━━━━━[0m[37m━━━━━━━━━━━━━━━[0m [1m4s[0m 26ms/step - loss: 194.1020 - mae: 10.5800
[1m 66/248[0m [32m━━━━━[0m[37m━━━━━━━━━━━━━━━[0m [1m4s[0m 26ms/step - loss: 193.9650 - mae: 10.5757
[1m 68/248[0m [32m━━━━━[0m[37m━━━━━━━━━━━━━━━[0m [1m4s[0m 26ms/step - loss: 193.7999 - mae: 10.5705
[1m 71/248[0m [32m━━━━━[0m[37m━━━━━━━━━━━━━━━[0m [1m4s[0m 26ms/step - loss: 193.6143 - mae: 10.5643
[1m 73/248[0m [32m━━━━━[0m[37m━━━━━━━━━━━━━━━[0m [1m4s[0m 26ms/step - loss: 193.5061 - mae: 10.5604
[1m 75/248[0m [32m━━━━━━[0m[37m━━━━━━━━━━━━━━[0m [1m4s[0m 26ms/step - loss: 193.4469 - mae: 10.5580
[1m 77/248[0m [32m━━━━━━[0m[37m━━━━━━━━━━━━━━[0m [1m4s[0m 26ms/step - loss: 193.4083 - mae: 10.5564
[1m 79/248[0m [32m━━━━━━[0m[37m━━━━━━━━━━━━━━[0m [1m4s[0m 26ms/step - loss: 193.3876 - mae: 10.5551
[1m 81/248[0m [32m━━━━━━[0m[37m━━━━━━━━━━━━━━[0m [1m4s[0m 26ms/step - loss: 193.3618 - mae: 10.5536
[1m 83/248[0m [32m━━━━━━[0m[37m━━━━━━━━━━━━━━[0m [1m4s[0m 26ms/step - loss: 193.3403 - mae: 10.5523
[1m 86/248[0m [32m━━━━━━[0m[37m━━━━━━━━━━━━━━[0m [1m4s[0m 26ms/step - loss: 193.2852 - mae: 10.5498
[1m 88/248[0m [32m━━━━━━━[0m[37m━━━━━━━━━━━━━[0m [1m4s[0m 26ms/step - loss: 193.2357 - mae: 10.5477
[1m 90/248[0m [32m━━━━━━━[0m[37m━━━━━━━━━━━━━[0m [1m4s[0m 26ms/step - loss: 193.1992 - mae: 10.5461
[1m 92/248[0m [32m━━━━━━━[0m[37m━━━━━━━━━━━━━[0m [1m4s[0m 26ms/step - loss: 193.1568 - mae: 10.5444
[1m 94/248[0m [32m━━━━━━━[0m[37m━━━━━━━━━━━━━[0m [1m4s[0m 26ms/step - loss: 193.1226 - mae: 10.5431
[1m 96/248[0m [32m━━━━━━━[0m[37m━━━━━━━━━━━━━[0m [1m3s[0m 26ms/step - loss: 193.0840 - mae: 10.5418
[1m 98/248[0m [32m━━━━━━━[0m[37m━━━━━━━━━━━━━[0m [1m3s[0m 26ms/step - loss: 193.0348 - mae: 10.5402
[1m100/248[0m [32m━━━━━━━━[0m[37m━━━━━━━━━━━━[0m [1m3s[0m 26ms/step - loss: 192.9815 - mae: 10.5387
[1m102/248[0m [32m━━━━━━━━[0m[37m━━━━━━━━━━━━[0m [1m3s[0m 26ms/step - loss: 192.9173 - mae: 10.5369
[1m104/248[0m [32m━━━━━━━━[0m[37m━━━━━━━━━━━━[0m [1m3s[0m 26ms/step - loss: 192.8430 - mae: 10.5350
[1m106/248[0m [32m━━━━━━━━[0m[37m━━━━━━━━━━━━[0m [1m3s[0m 26ms/step - loss: 192.7650 - mae: 10.5330
[1m108/248[0m [32m━━━━━━━━[0m[37m━━━━━━━━━━━━[0m [1m3s[0m 26ms/step - loss: 192.6703 - mae: 10.5306
[1m110/248[0m [32m━━━━━━━━[0m[37m━━━━━━━━━━━━[0m [1m3s[0m 26ms/step - loss: 192.5976 - mae: 10.5287
[1m112/248[0m [32m━━━━━━━━━[0m[37m━━━━━━━━━━━[0m [1m3s[0m 26ms/step - loss: 192.5290 - mae: 10.5270
[1m114/248[0m [32m━━━━━━━━━[0m[37m━━━━━━━━━━━[0m [1m3s[0m 26ms/step - loss: 192.4664 - mae: 10.5256
[1m116/248[0m [32m━━━━━━━━━[0m[37m━━━━━━━━━━━[0m [1m3s[0m 26ms/step - loss: 192.4000 - mae: 10.5242
[1m118/248[0m [32m━━━━━━━━━[0m[37m━━━━━━━━━━━[0m [1m3s[0m 26ms/step - loss: 192.3274 - mae: 10.5227
[1m120/248[0m [32m━━━━━━━━━[0m[37m━━━━━━━━━━━[0m [1m3s[0m 26ms/step - loss: 192.2661 - mae: 10.5214
[1m122/248[0m [32m━━━━━━━━━[0m[37m━━━━━━━━━━━[0m [1m3s[0m 26ms/step - loss: 192.2106 - mae: 10.5203
[1m124/248[0m [32m━━━━━━━━━━[0m[37m━━━━━━━━━━[0m [1m3s[0m 26ms/step - loss: 192.1470 - mae: 10.5189
[1m126/248[0m [32m━━━━━━━━━━[0m[37m━━━━━━━━━━[0m [1m3s[0m 26ms/step - loss: 192.0735 - mae: 10.5173
[1m128/248[0m [32m━━━━━━━━━━[0m[37m━━━━━━━━━━[0m [1m3s[0m 26ms/step - loss: 192.0002 - mae: 10.5157
[1m130/248[0m [32m━━━━━━━━━━[0m[37m━━━━━━━━━━[0m [1m3s[0m 26ms/step - loss: 191.9232 - mae: 10.5140
[1m132/248[0m [32m━━━━━━━━━━[0m[37m━━━━━━━━━━[0m [1m3s[0m 26ms/step - loss: 191.8460 - mae: 10.5124
[1m134/248[0m [32m━━━━━━━━━━[0m[37m━━━━━━━━━━[0m [1m2s[0m 26ms/step - loss: 191.7642 - mae: 10.5107
[1m136/248[0m [32m━━━━━━━━━━[0m[37m━━━━━━━━━━[0m [1m2s[0m 26ms/step - loss: 191.6801 - mae: 10.5088
[1m138/248[0m [32m━━━━━━━━━━━[0m[37m━━━━━━━━━[0m [1m2s[0m 26ms/step - loss: 191.5970 - mae: 10.5069
[1m140/248[0m [32m━━━━━━━━━━━[0m[37m━━━━━━━━━[0m [1m2s[0m 26ms/step - loss: 191.5222 - mae: 10.5052
[1m142/248[0m [32m━━━━━━━━━━━[0m[37m━━━━━━━━━[0m [1m2s[0m 26ms/step - loss: 191.4508 - mae: 10.5036
[1m144/248[0m [32m━━━━━━━━━━━[0m[37m━━━━━━━━━[0m [1m2s[0m 26ms/step - loss: 191.3850 - mae: 10.5021
[1m146/248[0m [32m━━━━━━━━━━━[0m[37m━━━━━━━━━[0m [1m2s[0m 26ms/step - loss: 191.3303 - mae: 10.5009
[1m148/248[0m [32m━━━━━━━━━━━[0m[37m━━━━━━━━━[0m [1m2s[0m 26ms/step - loss: 191.2740 - mae: 10.4998
[1m150/248[0m [32m━━━━━━━━━━━━[0m[37m━━━━━━━━[0m [1m2s[0m 26ms/step - loss: 191.2231 - mae: 10.4989
[1m153/248[0m [32m━━━━━━━━━━━━[0m[37m━━━━━━━━[0m [1m2s[0m 26ms/step - loss: 191.1650 - mae: 10.4980
[1m155/248[0m [32m━━━━━━━━━━━━[0m[37m━━━━━━━━[0m [1m2s[0m 26ms/step - loss: 191.1365 - mae: 10.4978
[1m158/248[0m [32m━━━━━━━━━━━━[0m[37m━━━━━━━━[0m [1m2s[0m 26ms/step - loss: 191.0925 - mae: 10.4975
[1m160/248[0m [32m━━━━━━━━━━━━[0m[37m━━━━━━━━[0m [1m2s[0m 26ms/step - loss: 191.0645 - mae: 10.4972
[1m163/248[0m [32m━━━━━━━━━━━━━[0m[37m━━━━━━━[0m [1m2s[0m 26ms/step - loss: 191.0250 - mae: 10.4969
[1m165/248[0m [32m━━━━━━━━━━━━━[0m[37m━━━━━━━[0m [1m2s[0m 26ms/step - loss: 190.9984 - mae: 10.4967
[1m167/248[0m [32m━━━━━━━━━━━━━[0m[37m━━━━━━━[0m [1m2s[0m 26ms/step - loss: 190.9692 - mae: 10.4964
[1m169/248[0m [32m━━━━━━━━━━━━━[0m[37m━━━━━━━[0m [1m2s[0m 26ms/step - loss: 190.9348 - mae: 10.4959
[1m171/248[0m [32m━━━━━━━━━━━━━[0m[37m━━━━━━━[0m [1m2s[0m 26ms/step - loss: 190.8990 - mae: 10.4954
[1m173/248[0m [32m━━━━━━━━━━━━━[0m[37m━━━━━━━[0m [1m1s[0m 26ms/step - loss: 190.8676 - mae: 10.4950
[1m175/248[0m [32m━━━━━━━━━━━━━━[0m[37m━━━━━━[0m [1m1s[0m 26ms/step - loss: 190.8341 - mae: 10.4944
[1m177/248[0m [32m━━━━━━━━━━━━━━[0m[37m━━━━━━[0m [1m1s[0m 26ms/step - loss: 190.8046 - mae: 10.4940
[1m179/248[0m [32m━━━━━━━━━━━━━━[0m[37m━━━━━━[0m [1m1s[0m 26ms/step - loss: 190.7724 - mae: 10.4934
[1m181/248[0m [32m━━━━━━━━━━━━━━[0m[37m━━━━━━[0m [1m1s[0m 26ms/step - loss: 190.7391 - mae: 10.4928
[1m183/248[0m [32m━━━━━━━━━━━━━━[0m[37m━━━━━━[0m [1m1s[0m 26ms/step - loss: 190.7022 - mae: 10.4920
[1m185/248[0m [32m━━━━━━━━━━━━━━[0m[37m━━━━━━[0m [1m1s[0m 26ms/step - loss: 190.6696 - mae: 10.4914
[1m187/248[0m [32m━━━━━━━━━━━━━━━[0m[37m━━━━━[0m [1m1s[0m 26ms/step - loss: 190.6401 - mae: 10.4909
[1m189/248[0m [32m━━━━━━━━━━━━━━━[0m[37m━━━━━[0m [1m1s[0m 26ms/step - loss: 190.6149 - mae: 10.4905
[1m191/248[0m [32m━━━━━━━━━━━━━━━[0m[37m━━━━━[0m [1m1s[0m 26ms/step - loss: 190.5893 - mae: 10.4901
[1m193/248[0m [32m━━━━━━━━━━━━━━━[0m[37m━━━━━[0m [1m1s[0m 26ms/step - loss: 190.5660 - mae: 10.4896
[1m195/248[0m [32m━━━━━━━━━━━━━━━[0m[37m━━━━━[0m [1m1s[0m 26ms/step - loss: 190.5390 - mae: 10.4890
[1m197/248[0m [32m━━━━━━━━━━━━━━━[0m[37m━━━━━[0m [1m1s[0m 26ms/step - loss: 190.5108 - mae: 10.4884
[1m199/248[0m [32m━━━━━━━━━━━━━━━━[0m[37m━━━━[0m [1m1s[0m 26ms/step - loss: 190.4811 - mae: 10.4877
[1m201/248[0m [32m━━━━━━━━━━━━━━━━[0m[37m━━━━[0m [1m1s[0m 26ms/step - loss: 190.4493 - mae: 10.4869
[1m203/248[0m [32m━━━━━━━━━━━━━━━━[0m[37m━━━━[0m [1m1s[0m 26ms/step - loss: 190.4177 - mae: 10.4862
[1m205/248[0m [32m━━━━━━━━━━━━━━━━[0m[37m━━━━[0m [1m1s[0m 26ms/step - loss: 190.3865 - mae: 10.4856
[1m207/248[0m [32m━━━━━━━━━━━━━━━━[0m[37m━━━━[0m [1m1s[0m 26ms/step - loss: 190.3577 - mae: 10.4850
[1m209/248[0m [32m━━━━━━━━━━━━━━━━[0m[37m━━━━[0m [1m1s[0m 26ms/step - loss: 190.3283 - mae: 10.4844
[1m211/248[0m [32m━━━━━━━━━━━━━━━━━[0m[37m━━━[0m [1m0s[0m 26ms/step - loss: 190.3010 - mae: 10.4839
[1m213/248[0m [32m━━━━━━━━━━━━━━━━━[0m[37m━━━[0m [1m0s[0m 26ms/step - loss: 190.2720 - mae: 10.4833
[1m215/248[0m [32m━━━━━━━━━━━━━━━━━[0m[37m━━━[0m [1m0s[0m 26ms/step - loss: 190.2410 - mae: 10.4827
[1m217/248[0m [32m━━━━━━━━━━━━━━━━━[0m[37m━━━[0m [1m0s[0m 26ms/step - loss: 190.2079 - mae: 10.4820
[1m219/248[0m [32m━━━━━━━━━━━━━━━━━[0m[37m━━━[0m [1m0s[0m 26ms/step - loss: 190.1710 - mae: 10.4812
[1m221/248[0m [32m━━━━━━━━━━━━━━━━━[0m[37m━━━[0m [1m0s[0m 26ms/step - loss: 190.1311 - mae: 10.4803
[1m223/248[0m [32m━━━━━━━━━━━━━━━━━[0m[37m━━━[0m [1m0s[0m 26ms/step - loss: 190.0899 - mae: 10.4794
[1m225/248[0m [32m━━━━━━━━━━━━━━━━━━[0m[37m━━[0m [1m0s[0m 26ms/step - loss: 190.0495 - mae: 10.4785
[1m227/248[0m [32m━━━━━━━━━━━━━━━━━━[0m[37m━━[0m [1m0s[0m 26ms/step - loss: 190.0091 - mae: 10.4776
[1m229/248[0m [32m━━━━━━━━━━━━━━━━━━[0m[37m━━[0m [1m0s[0m 26ms/step - loss: 189.9716 - mae: 10.4768
[1m231/248[0m [32m━━━━━━━━━━━━━━━━━━[0m[37m━━[0m [1m0s[0m 26ms/step - loss: 189.9350 - mae: 10.4760
[1m233/248[0m [32m━━━━━━━━━━━━━━━━━━[0m[37m━━[0m [1m0s[0m 26ms/step - loss: 189.8937 - mae: 10.4750
[1m235/248[0m [32m━━━━━━━━━━━━━━━━━━[0m[37m━━[0m [1m0s[0m 26ms/step - loss: 189.8532 - mae: 10.4740
[1m237/248[0m [32m━━━━━━━━━━━━━━━━━━━[0m[37m━[0m [1m0s[0m 26ms/step - loss: 189.8134 - mae: 10.4730
[1m239/248[0m [32m━━━━━━━━━━━━━━━━━━━[0m[37m━[0m [1m0s[0m 26ms/step - loss: 189.7748 - mae: 10.4721
[1m241/248[0m [32m━━━━━━━━━━━━━━━━━━━[0m[37m━[0m [1m0s[0m 26ms/step - loss: 189.7366 - mae: 10.4711
[1m243/248[0m [32m━━━━━━━━━━━━━━━━━━━[0m[37m━[0m [1m0s[0m 26ms/step - loss: 189.6979 - mae: 10.4702
[1m245/248[0m [32m━━━━━━━━━━━━━━━━━━━[0m[37m━[0m [1m0s[0m 26ms/step - loss: 189.6587 - mae: 10.4691
[1m247/248[0m [32m━━━━━━━━━━━━━━━━━━━[0m[37m━[0m [1m0s[0m 26ms/step - loss: 189.6204 - mae: 10.4681
Epoch 10: val_loss did not improve from 148.95491

[1m248/248[0m [32m━━━━━━━━━━━━━━━━━━━━[0m[37m[0m [1m7s[0m 28ms/step - loss: 189.5830 - mae: 10.4671 - val_loss: 188.9685 - val_mae: 9.6927 - learning_rate: 5.0000e-04
Epoch 11/75

[1m  1/248[0m [37m━━━━━━━━━━━━━━━━━━━━[0m [1m12s[0m 51ms/step - loss: 178.8956 - mae: 9.6555
[1m  3/248[0m [37m━━━━━━━━━━━━━━━━━━━━[0m [1m6s[0m 28ms/step - loss: 184.2491 - mae: 10.2846
[1m  5/248[0m [37m━━━━━━━━━━━━━━━━━━━━[0m [1m6s[0m 28ms/step - loss: 183.5180 - mae: 10.2802
[1m  7/248[0m [37m━━━━━━━━━━━━━━━━━━━━[0m [1m6s[0m 27ms/step - loss: 181.9001 - mae: 10.2100
[1m  9/248[0m [37m━━━━━━━━━━━━━━━━━━━━[0m [1m6s[0m 27ms/step - loss: 179.0050 - mae: 10.1185
[1m 11/248[0m [37m━━━━━━━━━━━━━━━━━━━━[0m [1m6s[0m 27ms/step - loss: 179.0800 - mae: 10.1296
[1m 13/248[0m [32m━[0m[37m━━━━━━━━━━━━━━━━━━━[0m [1m6s[0m 27ms/step - loss: 180.3277 - mae: 10.1773
[1m 15/248[0m [32m━[0m[37m━━━━━━━━━━━━━━━━━━━[0m [1m6s[0m 27ms/step - loss: 181.8350 - mae: 10.2342
[1m 17/248[0m [32m━[0m[37m━━━━━━━━━━━━━━━━━━━[0m [1m6s[0m 27ms/step - loss: 182.1438 - mae: 10.2512
[1m 19/248[0m [32m━[0m[37m━━━━━━━━━━━━━━━━━━━[0m [1m6s[0m 27ms/step - loss: 182.5581 - mae: 10.2657
[1m 21/248[0m [32m━[0m[37m━━━━━━━━━━━━━━━━━━━[0m [1m6s[0m 27ms/step - loss: 182.4426 - mae: 10.2657
[1m 23/248[0m [32m━[0m[37m━━━━━━━━━━━━━━━━━━━[0m [1m6s[0m 27ms/step - loss: 182.2042 - mae: 10.2644
[1m 25/248[0m [32m━━[0m[37m━━━━━━━━━━━━━━━━━━[0m [1m5s[0m 27ms/step - loss: 181.9682 - mae: 10.2621
[1m 27/248[0m [32m━━[0m[37m━━━━━━━━━━━━━━━━━━[0m [1m5s[0m 27ms/step - loss: 181.6353 - mae: 10.2560
[1m 29/248[0m [32m━━[0m[37m━━━━━━━━━━━━━━━━━━[0m [1m5s[0m 27ms/step - loss: 181.2019 - mae: 10.2458
[1m 31/248[0m [32m━━[0m[37m━━━━━━━━━━━━━━━━━━[0m [1m5s[0m 27ms/step - loss: 180.8246 - mae: 10.2380
[1m 33/248[0m [32m━━[0m[37m━━━━━━━━━━━━━━━━━━[0m [1m5s[0m 27ms/step - loss: 180.6246 - mae: 10.2358
[1m 35/248[0m [32m━━[0m[37m━━━━━━━━━━━━━━━━━━[0m [1m5s[0m 27ms/step - loss: 180.3999 - mae: 10.2330
[1m 37/248[0m [32m━━[0m[37m━━━━━━━━━━━━━━━━━━[0m [1m5s[0m 27ms/step - loss: 180.1833 - mae: 10.2293
[1m 39/248[0m [32m━━━[0m[37m━━━━━━━━━━━━━━━━━[0m [1m5s[0m 27ms/step - loss: 180.0186 - mae: 10.2259
[1m 41/248[0m [32m━━━[0m[37m━━━━━━━━━━━━━━━━━[0m [1m5s[0m 27ms/step - loss: 179.8630 - mae: 10.2224
[1m 43/248[0m [32m━━━[0m[37m━━━━━━━━━━━━━━━━━[0m [1m5s[0m 27ms/step - loss: 179.7458 - mae: 10.2198
[1m 45/248[0m [32m━━━[0m[37m━━━━━━━━━━━━━━━━━[0m [1m5s[0m 27ms/step - loss: 179.6192 - mae: 10.2167
[1m 47/248[0m [32m━━━[0m[37m━━━━━━━━━━━━━━━━━[0m [1m5s[0m 27ms/step - loss: 179.4636 - mae: 10.2128
[1m 49/248[0m [32m━━━[0m[37m━━━━━━━━━━━━━━━━━[0m [1m5s[0m 27ms/step - loss: 179.3116 - mae: 10.2091
[1m 51/248[0m [32m━━━━[0m[37m━━━━━━━━━━━━━━━━[0m [1m5s[0m 27ms/step - loss: 179.1387 - mae: 10.2047
[1m 53/248[0m [32m━━━━[0m[37m━━━━━━━━━━━━━━━━[0m [1m5s[0m 27ms/step - loss: 179.0107 - mae: 10.2013
[1m 55/248[0m [32m━━━━[0m[37m━━━━━━━━━━━━━━━━[0m [1m5s[0m 27ms/step - loss: 178.8641 - mae: 10.1970
[1m 57/248[0m [32m━━━━[0m[37m━━━━━━━━━━━━━━━━[0m [1m5s[0m 27ms/step - loss: 178.7243 - mae: 10.1916
[1m 59/248[0m [32m━━━━[0m[37m━━━━━━━━━━━━━━━━[0m [1m5s[0m 27ms/step - loss: 178.6004 - mae: 10.1872
[1m 61/248[0m [32m━━━━[0m[37m━━━━━━━━━━━━━━━━[0m [1m4s[0m 27ms/step - loss: 178.4835 - mae: 10.1832
[1m 63/248[0m [32m━━━━━[0m[37m━━━━━━━━━━━━━━━[0m [1m4s[0m 27ms/step - loss: 178.3824 - mae: 10.1799
[1m 65/248[0m [32m━━━━━[0m[37m━━━━━━━━━━━━━━━[0m [1m4s[0m 27ms/step - loss: 178.3279 - mae: 10.1780
[1m 67/248[0m [32m━━━━━[0m[37m━━━━━━━━━━━━━━━[0m [1m4s[0m 27ms/step - loss: 178.3038 - mae: 10.1765
[1m 69/248[0m [32m━━━━━[0m[37m━━━━━━━━━━━━━━━[0m [1m4s[0m 27ms/step - loss: 178.2618 - mae: 10.1744
[1m 71/248[0m [32m━━━━━[0m[37m━━━━━━━━━━━━━━━[0m [1m4s[0m 27ms/step - loss: 178.2054 - mae: 10.1717
[1m 73/248[0m [32m━━━━━[0m[37m━━━━━━━━━━━━━━━[0m [1m4s[0m 27ms/step - loss: 178.1523 - mae: 10.1689
[1m 75/248[0m [32m━━━━━━[0m[37m━━━━━━━━━━━━━━[0m [1m4s[0m 27ms/step - loss: 178.1643 - mae: 10.1680
[1m 77/248[0m [32m━━━━━━[0m[37m━━━━━━━━━━━━━━[0m [1m4s[0m 27ms/step - loss: 178.1619 - mae: 10.1671
[1m 80/248[0m [32m━━━━━━[0m[37m━━━━━━━━━━━━━━[0m [1m4s[0m 27ms/step - loss: 178.1313 - mae: 10.1652
[1m 82/248[0m [32m━━━━━━[0m[37m━━━━━━━━━━━━━━[0m [1m4s[0m 27ms/step - loss: 178.1009 - mae: 10.1638
[1m 85/248[0m [32m━━━━━━[0m[37m━━━━━━━━━━━━━━[0m [1m4s[0m 26ms/step - loss: 178.0613 - mae: 10.1617
[1m 87/248[0m [32m━━━━━━━[0m[37m━━━━━━━━━━━━━[0m [1m4s[0m 26ms/step - loss: 178.0210 - mae: 10.1598
[1m 89/248[0m [32m━━━━━━━[0m[37m━━━━━━━━━━━━━[0m [1m4s[0m 27ms/step - loss: 178.0004 - mae: 10.1581
[1m 91/248[0m [32m━━━━━━━[0m[37m━━━━━━━━━━━━━[0m [1m4s[0m 27ms/step - loss: 177.9750 - mae: 10.1564
[1m 93/248[0m [32m━━━━━━━[0m[37m━━━━━━━━━━━━━[0m [1m4s[0m 27ms/step - loss: 177.9465 - mae: 10.1549
[1m 95/248[0m [32m━━━━━━━[0m[37m━━━━━━━━━━━━━[0m [1m4s[0m 27ms/step - loss: 177.9134 - mae: 10.1535
[1m 97/248[0m [32m━━━━━━━[0m[37m━━━━━━━━━━━━━[0m [1m4s[0m 27ms/step - loss: 177.8734 - mae: 10.1517
[1m 99/248[0m [32m━━━━━━━[0m[37m━━━━━━━━━━━━━[0m [1m3s[0m 27ms/step - loss: 177.8222 - mae: 10.1497
[1m101/248[0m [32m━━━━━━━━[0m[37m━━━━━━━━━━━━[0m [1m3s[0m 27ms/step - loss: 177.7545 - mae: 10.1474
[1m103/248[0m [32m━━━━━━━━[0m[37m━━━━━━━━━━━━[0m [1m3s[0m 27ms/step - loss: 177.6788 - mae: 10.1450
[1m105/248[0m [32m━━━━━━━━[0m[37m━━━━━━━━━━━━[0m [1m3s[0m 27ms/step - loss: 177.6015 - mae: 10.1427
[1m107/248[0m [32m━━━━━━━━[0m[37m━━━━━━━━━━━━[0m [1m3s[0m 27ms/step - loss: 177.5179 - mae: 10.1401
[1m109/248[0m [32m━━━━━━━━[0m[37m━━━━━━━━━━━━[0m [1m3s[0m 27ms/step - loss: 177.4403 - mae: 10.1377
[1m111/248[0m [32m━━━━━━━━[0m[37m━━━━━━━━━━━━[0m [1m3s[0m 27ms/step - loss: 177.3693 - mae: 10.1355
[1m113/248[0m [32m━━━━━━━━━[0m[37m━━━━━━━━━━━[0m [1m3s[0m 27ms/step - loss: 177.3034 - mae: 10.1335
[1m115/248[0m [32m━━━━━━━━━[0m[37m━━━━━━━━━━━[0m [1m3s[0m 27ms/step - loss: 177.2311 - mae: 10.1314
[1m117/248[0m [32m━━━━━━━━━[0m[37m━━━━━━━━━━━[0m [1m3s[0m 27ms/step - loss: 177.1563 - mae: 10.1291
[1m119/248[0m [32m━━━━━━━━━[0m[37m━━━━━━━━━━━[0m [1m3s[0m 27ms/step - loss: 177.0955 - mae: 10.1270
[1m121/248[0m [32m━━━━━━━━━[0m[37m━━━━━━━━━━━[0m [1m3s[0m 27ms/step - loss: 177.0439 - mae: 10.1251
[1m123/248[0m [32m━━━━━━━━━[0m[37m━━━━━━━━━━━[0m [1m3s[0m 27ms/step - loss: 176.9824 - mae: 10.1229
[1m125/248[0m [32m━━━━━━━━━━[0m[37m━━━━━━━━━━[0m [1m3s[0m 27ms/step - loss: 176.9130 - mae: 10.1206
[1m127/248[0m [32m━━━━━━━━━━[0m[37m━━━━━━━━━━[0m [1m3s[0m 27ms/step - loss: 176.8427 - mae: 10.1183
[1m129/248[0m [32m━━━━━━━━━━[0m[37m━━━━━━━━━━[0m [1m3s[0m 27ms/step - loss: 176.7690 - mae: 10.1160
[1m131/248[0m [32m━━━━━━━━━━[0m[37m━━━━━━━━━━[0m [1m3s[0m 27ms/step - loss: 176.6962 - mae: 10.1137
[1m133/248[0m [32m━━━━━━━━━━[0m[37m━━━━━━━━━━[0m [1m3s[0m 27ms/step - loss: 176.6190 - mae: 10.1113
[1m135/248[0m [32m━━━━━━━━━━[0m[37m━━━━━━━━━━[0m [1m3s[0m 27ms/step - loss: 176.5364 - mae: 10.1088
[1m137/248[0m [32m━━━━━━━━━━━[0m[37m━━━━━━━━━[0m [1m2s[0m 27ms/step - loss: 176.4444 - mae: 10.1061
[1m139/248[0m [32m━━━━━━━━━━━[0m[37m━━━━━━━━━[0m [1m2s[0m 27ms/step - loss: 176.3508 - mae: 10.1033
[1m141/248[0m [32m━━━━━━━━━━━[0m[37m━━━━━━━━━[0m [1m2s[0m 27ms/step - loss: 176.2585 - mae: 10.1005
[1m143/248[0m [32m━━━━━━━━━━━[0m[37m━━━━━━━━━[0m [1m2s[0m 27ms/step - loss: 176.1652 - mae: 10.0977
[1m145/248[0m [32m━━━━━━━━━━━[0m[37m━━━━━━━━━[0m [1m2s[0m 27ms/step - loss: 176.0759 - mae: 10.0950
[1m147/248[0m [32m━━━━━━━━━━━[0m[37m━━━━━━━━━[0m [1m2s[0m 27ms/step - loss: 175.9982 - mae: 10.0925
[1m149/248[0m [32m━━━━━━━━━━━━[0m[37m━━━━━━━━[0m [1m2s[0m 27ms/step - loss: 175.9203 - mae: 10.0900
[1m151/248[0m [32m━━━━━━━━━━━━[0m[37m━━━━━━━━[0m [1m2s[0m 27ms/step - loss: 175.8416 - mae: 10.0876
[1m153/248[0m [32m━━━━━━━━━━━━[0m[37m━━━━━━━━[0m [1m2s[0m 27ms/step - loss: 175.7604 - mae: 10.0851
[1m155/248[0m [32m━━━━━━━━━━━━[0m[37m━━━━━━━━[0m [1m2s[0m 27ms/step - loss: 175.6892 - mae: 10.0830
[1m157/248[0m [32m━━━━━━━━━━━━[0m[37m━━━━━━━━[0m [1m2s[0m 27ms/step - loss: 175.6187 - mae: 10.0809
[1m159/248[0m [32m━━━━━━━━━━━━[0m[37m━━━━━━━━[0m [1m2s[0m 27ms/step - loss: 175.5465 - mae: 10.0789
[1m161/248[0m [32m━━━━━━━━━━━━[0m[37m━━━━━━━━[0m [1m2s[0m 27ms/step - loss: 175.4762 - mae: 10.0768
[1m163/248[0m [32m━━━━━━━━━━━━━[0m[37m━━━━━━━[0m [1m2s[0m 27ms/step - loss: 175.4056 - mae: 10.0748
[1m165/248[0m [32m━━━━━━━━━━━━━[0m[37m━━━━━━━[0m [1m2s[0m 27ms/step - loss: 175.3317 - mae: 10.0726
[1m167/248[0m [32m━━━━━━━━━━━━━[0m[37m━━━━━━━[0m [1m2s[0m 27ms/step - loss: 175.2600 - mae: 10.0706
[1m169/248[0m [32m━━━━━━━━━━━━━[0m[37m━━━━━━━[0m [1m2s[0m 27ms/step - loss: 175.1873 - mae: 10.0686
[1m171/248[0m [32m━━━━━━━━━━━━━[0m[37m━━━━━━━[0m [1m2s[0m 27ms/step - loss: 175.1128 - mae: 10.0665
[1m173/248[0m [32m━━━━━━━━━━━━━[0m[37m━━━━━━━[0m [1m1s[0m 27ms/step - loss: 175.0390 - mae: 10.0644
[1m175/248[0m [32m━━━━━━━━━━━━━━[0m[37m━━━━━━[0m [1m1s[0m 27ms/step - loss: 174.9679 - mae: 10.0623
[1m177/248[0m [32m━━━━━━━━━━━━━━[0m[37m━━━━━━[0m [1m1s[0m 27ms/step - loss: 174.9014 - mae: 10.0603
[1m179/248[0m [32m━━━━━━━━━━━━━━[0m[37m━━━━━━[0m [1m1s[0m 27ms/step - loss: 174.8339 - mae: 10.0584
[1m181/248[0m [32m━━━━━━━━━━━━━━[0m[37m━━━━━━[0m [1m1s[0m 27ms/step - loss: 174.7669 - mae: 10.0565
[1m183/248[0m [32m━━━━━━━━━━━━━━[0m[37m━━━━━━[0m [1m1s[0m 27ms/step - loss: 174.7002 - mae: 10.0546
[1m185/248[0m [32m━━━━━━━━━━━━━━[0m[37m━━━━━━[0m [1m1s[0m 27ms/step - loss: 174.6346 - mae: 10.0527
[1m187/248[0m [32m━━━━━━━━━━━━━━━[0m[37m━━━━━[0m [1m1s[0m 27ms/step - loss: 174.5691 - mae: 10.0510
[1m189/248[0m [32m━━━━━━━━━━━━━━━[0m[37m━━━━━[0m [1m1s[0m 27ms/step - loss: 174.5058 - mae: 10.0493
[1m192/248[0m [32m━━━━━━━━━━━━━━━[0m[37m━━━━━[0m [1m1s[0m 27ms/step - loss: 174.4231 - mae: 10.0470
[1m195/248[0m [32m━━━━━━━━━━━━━━━[0m[37m━━━━━[0m [1m1s[0m 26ms/step - loss: 174.3432 - mae: 10.0448
[1m197/248[0m [32m━━━━━━━━━━━━━━━[0m[37m━━━━━[0m [1m1s[0m 26ms/step - loss: 174.2934 - mae: 10.0434
[1m199/248[0m [32m━━━━━━━━━━━━━━━━[0m[37m━━━━[0m [1m1s[0m 26ms/step - loss: 174.2440 - mae: 10.0421
[1m201/248[0m [32m━━━━━━━━━━━━━━━━[0m[37m━━━━[0m [1m1s[0m 26ms/step - loss: 174.1929 - mae: 10.0408
[1m203/248[0m [32m━━━━━━━━━━━━━━━━[0m[37m━━━━[0m [1m1s[0m 26ms/step - loss: 174.1434 - mae: 10.0395
[1m205/248[0m [32m━━━━━━━━━━━━━━━━[0m[37m━━━━[0m [1m1s[0m 26ms/step - loss: 174.0930 - mae: 10.0381
[1m207/248[0m [32m━━━━━━━━━━━━━━━━[0m[37m━━━━[0m [1m1s[0m 26ms/step - loss: 174.0457 - mae: 10.0369
[1m209/248[0m [32m━━━━━━━━━━━━━━━━[0m[37m━━━━[0m [1m1s[0m 26ms/step - loss: 173.9987 - mae: 10.0357
[1m211/248[0m [32m━━━━━━━━━━━━━━━━━[0m[37m━━━[0m [1m0s[0m 26ms/step - loss: 173.9543 - mae: 10.0346
[1m213/248[0m [32m━━━━━━━━━━━━━━━━━[0m[37m━━━[0m [1m0s[0m 26ms/step - loss: 173.9095 - mae: 10.0335
[1m215/248[0m [32m━━━━━━━━━━━━━━━━━[0m[37m━━━[0m [1m0s[0m 26ms/step - loss: 173.8656 - mae: 10.0323
[1m217/248[0m [32m━━━━━━━━━━━━━━━━━[0m[37m━━━[0m [1m0s[0m 26ms/step - loss: 173.8205 - mae: 10.0312
[1m219/248[0m [32m━━━━━━━━━━━━━━━━━[0m[37m━━━[0m [1m0s[0m 26ms/step - loss: 173.7755 - mae: 10.0300
[1m221/248[0m [32m━━━━━━━━━━━━━━━━━[0m[37m━━━[0m [1m0s[0m 27ms/step - loss: 173.7279 - mae: 10.0287
[1m223/248[0m [32m━━━━━━━━━━━━━━━━━[0m[37m━━━[0m [1m0s[0m 27ms/step - loss: 173.6850 - mae: 10.0276
[1m225/248[0m [32m━━━━━━━━━━━━━━━━━━[0m[37m━━[0m [1m0s[0m 27ms/step - loss: 173.6443 - mae: 10.0265
[1m228/248[0m [32m━━━━━━━━━━━━━━━━━━[0m[37m━━[0m [1m0s[0m 27ms/step - loss: 173.5831 - mae: 10.0249
[1m230/248[0m [32m━━━━━━━━━━━━━━━━━━[0m[37m━━[0m [1m0s[0m 27ms/step - loss: 173.5453 - mae: 10.0239
[1m232/248[0m [32m━━━━━━━━━━━━━━━━━━[0m[37m━━[0m [1m0s[0m 27ms/step - loss: 173.5056 - mae: 10.0228
[1m234/248[0m [32m━━━━━━━━━━━━━━━━━━[0m[37m━━[0m [1m0s[0m 27ms/step - loss: 173.4624 - mae: 10.0216
[1m236/248[0m [32m━━━━━━━━━━━━━━━━━━━[0m[37m━[0m [1m0s[0m 27ms/step - loss: 173.4198 - mae: 10.0204
[1m238/248[0m [32m━━━━━━━━━━━━━━━━━━━[0m[37m━[0m [1m0s[0m 27ms/step - loss: 173.3817 - mae: 10.0194
[1m240/248[0m [32m━━━━━━━━━━━━━━━━━━━[0m[37m━[0m [1m0s[0m 27ms/step - loss: 173.3432 - mae: 10.0183
[1m242/248[0m [32m━━━━━━━━━━━━━━━━━━━[0m[37m━[0m [1m0s[0m 27ms/step - loss: 173.3061 - mae: 10.0173
[1m244/248[0m [32m━━━━━━━━━━━━━━━━━━━[0m[37m━[0m [1m0s[0m 27ms/step - loss: 173.2689 - mae: 10.0163
[1m246/248[0m [32m━━━━━━━━━━━━━━━━━━━[0m[37m━[0m [1m0s[0m 27ms/step - loss: 173.2327 - mae: 10.0153
Epoch 11: val_loss did not improve from 148.95491

[1m248/248[0m [32m━━━━━━━━━━━━━━━━━━━━[0m[37m[0m [1m7s[0m 28ms/step - loss: 173.1826 - mae: 10.0138 - val_loss: 199.0469 - val_mae: 10.0583 - learning_rate: 5.0000e-04
Epoch 12/75

[1m  1/248[0m [37m━━━━━━━━━━━━━━━━━━━━[0m [1m11s[0m 46ms/step - loss: 230.1393 - mae: 10.7126
[1m  3/248[0m [37m━━━━━━━━━━━━━━━━━━━━[0m [1m6s[0m 26ms/step - loss: 194.3375 - mae: 10.0294 
[1m  5/248[0m [37m━━━━━━━━━━━━━━━━━━━━[0m [1m6s[0m 26ms/step - loss: 186.9388 - mae: 9.8914 
[1m  7/248[0m [37m━━━━━━━━━━━━━━━━━━━━[0m [1m6s[0m 26ms/step - loss: 186.4198 - mae: 9.9144
[1m  9/248[0m [37m━━━━━━━━━━━━━━━━━━━━[0m [1m6s[0m 26ms/step - loss: 183.6601 - mae: 9.8762
[1m 11/248[0m [37m━━━━━━━━━━━━━━━━━━━━[0m [1m6s[0m 26ms/step - loss: 184.2534 - mae: 9.9255
[1m 13/248[0m [32m━[0m[37m━━━━━━━━━━━━━━━━━━━[0m [1m6s[0m 26ms/step - loss: 185.7070 - mae: 10.0136
[1m 15/248[0m [32m━[0m[37m━━━━━━━━━━━━━━━━━━━[0m [1m6s[0m 26ms/step - loss: 186.8980 - mae: 10.0924
[1m 17/248[0m [32m━[0m[37m━━━━━━━━━━━━━━━━━━━[0m [1m5s[0m 26ms/step - loss: 187.1786 - mae: 10.1300
[1m 19/248[0m [32m━[0m[37m━━━━━━━━━━━━━━━━━━━[0m [1m5s[0m 26ms/step - loss: 187.5668 - mae: 10.1583
[1m 21/248[0m [32m━[0m[37m━━━━━━━━━━━━━━━━━━━[0m [1m5s[0m 26ms/step - loss: 187.4561 - mae: 10.1731
[1m 23/248[0m [32m━[0m[37m━━━━━━━━━━━━━━━━━━━[0m [1m5s[0m 26ms/step - loss: 187.1461 - mae: 10.1799
[1m 25/248[0m [32m━━[0m[37m━━━━━━━━━━━━━━━━━━[0m [1m5s[0m 26ms/step - loss: 186.8273 - mae: 10.1837
[1m 27/248[0m [32m━━[0m[37m━━━━━━━━━━━━━━━━━━[0m [1m5s[0m 26ms/step - loss: 186.4444 - mae: 10.1834
[1m 29/248[0m [32m━━[0m[37m━━━━━━━━━━━━━━━━━━[0m [1m5s[0m 26ms/step - loss: 186.0717 - mae: 10.1815
[1m 31/248[0m [32m━━[0m[37m━━━━━━━━━━━━━━━━━━[0m [1m5s[0m 26ms/step - loss: 185.6805 - mae: 10.1796
[1m 33/248[0m [32m━━[0m[37m━━━━━━━━━━━━━━━━━━[0m [1m5s[0m 26ms/step - loss: 185.3036 - mae: 10.1784
[1m 35/248[0m [32m━━[0m[37m━━━━━━━━━━━━━━━━━━[0m [1m5s[0m 26ms/step - loss: 184.8150 - mae: 10.1730
[1m 37/248[0m [32m━━[0m[37m━━━━━━━━━━━━━━━━━━[0m [1m5s[0m 26ms/step - loss: 184.2521 - mae: 10.1645
[1m 39/248[0m [32m━━━[0m[37m━━━━━━━━━━━━━━━━━[0m [1m5s[0m 26ms/step - loss: 183.8046 - mae: 10.1586
[1m 41/248[0m [32m━━━[0m[37m━━━━━━━━━━━━━━━━━[0m [1m5s[0m 26ms/step - loss: 183.4198 - mae: 10.1534
[1m 43/248[0m [32m━━━[0m[37m━━━━━━━━━━━━━━━━━[0m [1m5s[0m 26ms/step - loss: 182.9687 - mae: 10.1460
[1m 45/248[0m [32m━━━[0m[37m━━━━━━━━━━━━━━━━━[0m [1m5s[0m 26ms/step - loss: 182.5014 - mae: 10.1383
[1m 47/248[0m [32m━━━[0m[37m━━━━━━━━━━━━━━━━━[0m [1m5s[0m 26ms/step - loss: 182.0161 - mae: 10.1300
[1m 50/248[0m [32m━━━━[0m[37m━━━━━━━━━━━━━━━━[0m [1m5s[0m 26ms/step - loss: 181.2824 - mae: 10.1162
[1m 52/248[0m [32m━━━━[0m[37m━━━━━━━━━━━━━━━━[0m [1m5s[0m 26ms/step - loss: 180.7976 - mae: 10.1069
[1m 54/248[0m [32m━━━━[0m[37m━━━━━━━━━━━━━━━━[0m [1m5s[0m 26ms/step - loss: 180.3123 - mae: 10.0973
[1m 56/248[0m [32m━━━━[0m[37m━━━━━━━━━━━━━━━━[0m [1m5s[0m 26ms/step - loss: 179.8322 - mae: 10.0876
[1m 58/248[0m [32m━━━━[0m[37m━━━━━━━━━━━━━━━━[0m [1m4s[0m 26ms/step - loss: 179.3888 - mae: 10.0782
[1m 60/248[0m [32m━━━━[0m[37m━━━━━━━━━━━━━━━━[0m [1m4s[0m 26ms/step - loss: 178.9263 - mae: 10.0681
[1m 62/248[0m [32m━━━━━[0m[37m━━━━━━━━━━━━━━━[0m [1m4s[0m 26ms/step - loss: 178.4690 - mae: 10.0576
[1m 64/248[0m [32m━━━━━[0m[37m━━━━━━━━━━━━━━━[0m [1m4s[0m 26ms/step - loss: 178.0174 - mae: 10.0471
[1m 66/248[0m [32m━━━━━[0m[37m━━━━━━━━━━━━━━━[0m [1m4s[0m 26ms/step - loss: 177.6297 - mae: 10.0383
[1m 68/248[0m [32m━━━━━[0m[37m━━━━━━━━━━━━━━━[0m [1m4s[0m 26ms/step - loss: 177.2619 - mae: 10.0295
[1m 70/248[0m [32m━━━━━[0m[37m━━━━━━━━━━━━━━━[0m [1m4s[0m 26ms/step - loss: 176.9252 - mae: 10.0215
[1m 72/248[0m [32m━━━━━[0m[37m━━━━━━━━━━━━━━━[0m [1m4s[0m 26ms/step - loss: 176.5669 - mae: 10.0122
[1m 75/248[0m [32m━━━━━━[0m[37m━━━━━━━━━━━━━━[0m [1m4s[0m 26ms/step - loss: 176.0798 - mae: 9.9995 
[1m 77/248[0m [32m━━━━━━[0m[37m━━━━━━━━━━━━━━[0m [1m4s[0m 26ms/step - loss: 175.7760 - mae: 9.9916
[1m 79/248[0m [32m━━━━━━[0m[37m━━━━━━━━━━━━━━[0m [1m4s[0m 26ms/step - loss: 175.4705 - mae: 9.9836
[1m 81/248[0m [32m━━━━━━[0m[37m━━━━━━━━━━━━━━[0m [1m4s[0m 26ms/step - loss: 175.1707 - mae: 9.9759
[1m 83/248[0m [32m━━━━━━[0m[37m━━━━━━━━━━━━━━[0m [1m4s[0m 26ms/step - loss: 174.8781 - mae: 9.9683
[1m 85/248[0m [32m━━━━━━[0m[37m━━━━━━━━━━━━━━[0m [1m4s[0m 26ms/step - loss: 174.5859 - mae: 9.9606
[1m 87/248[0m [32m━━━━━━━[0m[37m━━━━━━━━━━━━━[0m [1m4s[0m 26ms/step - loss: 174.3026 - mae: 9.9531
[1m 89/248[0m [32m━━━━━━━[0m[37m━━━━━━━━━━━━━[0m [1m4s[0m 26ms/step - loss: 174.0384 - mae: 9.9463
[1m 91/248[0m [32m━━━━━━━[0m[37m━━━━━━━━━━━━━[0m [1m4s[0m 26ms/step - loss: 173.7725 - mae: 9.9393
[1m 93/248[0m [32m━━━━━━━[0m[37m━━━━━━━━━━━━━[0m [1m4s[0m 26ms/step - loss: 173.5184 - mae: 9.9330
[1m 95/248[0m [32m━━━━━━━[0m[37m━━━━━━━━━━━━━[0m [1m4s[0m 26ms/step - loss: 173.2683 - mae: 9.9267
[1m 97/248[0m [32m━━━━━━━[0m[37m━━━━━━━━━━━━━[0m [1m3s[0m 26ms/step - loss: 173.0183 - mae: 9.9202
[1m100/248[0m [32m━━━━━━━━[0m[37m━━━━━━━━━━━━[0m [1m3s[0m 26ms/step - loss: 172.6423 - mae: 9.9104
[1m103/248[0m [32m━━━━━━━━[0m[37m━━━━━━━━━━━━[0m [1m3s[0m 26ms/step - loss: 172.2750 - mae: 9.9008
[1m106/248[0m [32m━━━━━━━━[0m[37m━━━━━━━━━━━━[0m [1m3s[0m 26ms/step - loss: 171.9238 - mae: 9.8917
[1m109/248[0m [32m━━━━━━━━[0m[37m━━━━━━━━━━━━[0m [1m3s[0m 26ms/step - loss: 171.5861 - mae: 9.8830
[1m112/248[0m [32m━━━━━━━━━[0m[37m━━━━━━━━━━━[0m [1m3s[0m 26ms/step - loss: 171.2885 - mae: 9.8756
[1m114/248[0m [32m━━━━━━━━━[0m[37m━━━━━━━━━━━[0m [1m3s[0m 26ms/step - loss: 171.0916 - mae: 9.8708
[1m116/248[0m [32m━━━━━━━━━[0m[37m━━━━━━━━━━━[0m [1m3s[0m 26ms/step - loss: 170.8977 - mae: 9.8661
[1m118/248[0m [32m━━━━━━━━━[0m[37m━━━━━━━━━━━[0m [1m3s[0m 26ms/step - loss: 170.7050 - mae: 9.8616
[1m120/248[0m [32m━━━━━━━━━[0m[37m━━━━━━━━━━━[0m [1m3s[0m 26ms/step - loss: 170.5190 - mae: 9.8572
[1m122/248[0m [32m━━━━━━━━━[0m[37m━━━━━━━━━━━[0m [1m3s[0m 26ms/step - loss: 170.3332 - mae: 9.8529
[1m125/248[0m [32m━━━━━━━━━━[0m[37m━━━━━━━━━━[0m [1m3s[0m 26ms/step - loss: 170.0483 - mae: 9.8462
[1m128/248[0m [32m━━━━━━━━━━[0m[37m━━━━━━━━━━[0m [1m3s[0m 26ms/step - loss: 169.7712 - mae: 9.8395
[1m130/248[0m [32m━━━━━━━━━━[0m[37m━━━━━━━━━━[0m [1m3s[0m 26ms/step - loss: 169.5942 - mae: 9.8353
[1m132/248[0m [32m━━━━━━━━━━[0m[37m━━━━━━━━━━[0m [1m3s[0m 26ms/step - loss: 169.4168 - mae: 9.8310
[1m135/248[0m [32m━━━━━━━━━━[0m[37m━━━━━━━━━━[0m [1m2s[0m 26ms/step - loss: 169.1443 - mae: 9.8243
[1m138/248[0m [32m━━━━━━━━━━━[0m[37m━━━━━━━━━[0m [1m2s[0m 26ms/step - loss: 168.8775 - mae: 9.8177
[1m141/248[0m [32m━━━━━━━━━━━[0m[37m━━━━━━━━━[0m [1m2s[0m 26ms/step - loss: 168.6198 - mae: 9.8113
[1m143/248[0m [32m━━━━━━━━━━━[0m[37m━━━━━━━━━[0m [1m2s[0m 26ms/step - loss: 168.4538 - mae: 9.8070
[1m145/248[0m [32m━━━━━━━━━━━[0m[37m━━━━━━━━━[0m [1m2s[0m 26ms/step - loss: 168.2983 - mae: 9.8030
[1m147/248[0m [32m━━━━━━━━━━━[0m[37m━━━━━━━━━[0m [1m2s[0m 26ms/step - loss: 168.1542 - mae: 9.7994
[1m149/248[0m [32m━━━━━━━━━━━━[0m[37m━━━━━━━━[0m [1m2s[0m 26ms/step - loss: 168.0139 - mae: 9.7959
[1m151/248[0m [32m━━━━━━━━━━━━[0m[37m━━━━━━━━[0m [1m2s[0m 26ms/step - loss: 167.8833 - mae: 9.7927
[1m153/248[0m [32m━━━━━━━━━━━━[0m[37m━━━━━━━━[0m [1m2s[0m 26ms/step - loss: 167.7600 - mae: 9.7899
[1m155/248[0m [32m━━━━━━━━━━━━[0m[37m━━━━━━━━[0m [1m2s[0m 26ms/step - loss: 167.6521 - mae: 9.7876
[1m157/248[0m [32m━━━━━━━━━━━━[0m[37m━━━━━━━━[0m [1m2s[0m 26ms/step - loss: 167.5406 - mae: 9.7851
[1m159/248[0m [32m━━━━━━━━━━━━[0m[37m━━━━━━━━[0m [1m2s[0m 26ms/step - loss: 167.4311 - mae: 9.7828
[1m161/248[0m [32m━━━━━━━━━━━━[0m[37m━━━━━━━━[0m [1m2s[0m 26ms/step - loss: 167.3250 - mae: 9.7805
[1m163/248[0m [32m━━━━━━━━━━━━━[0m[37m━━━━━━━[0m [1m2s[0m 26ms/step - loss: 167.2285 - mae: 9.7785
[1m165/248[0m [32m━━━━━━━━━━━━━[0m[37m━━━━━━━[0m [1m2s[0m 26ms/step - loss: 167.1381 - mae: 9.7767
[1m167/248[0m [32m━━━━━━━━━━━━━[0m[37m━━━━━━━[0m [1m2s[0m 26ms/step - loss: 167.0514 - mae: 9.7749
[1m169/248[0m [32m━━━━━━━━━━━━━[0m[37m━━━━━━━[0m [1m2s[0m 26ms/step - loss: 166.9685 - mae: 9.7734
[1m171/248[0m [32m━━━━━━━━━━━━━[0m[37m━━━━━━━[0m [1m1s[0m 26ms/step - loss: 166.8909 - mae: 9.7720
[1m173/248[0m [32m━━━━━━━━━━━━━[0m[37m━━━━━━━[0m [1m1s[0m 26ms/step - loss: 166.8150 - mae: 9.7706
[1m175/248[0m [32m━━━━━━━━━━━━━━[0m[37m━━━━━━[0m [1m1s[0m 26ms/step - loss: 166.7375 - mae: 9.7691
[1m177/248[0m [32m━━━━━━━━━━━━━━[0m[37m━━━━━━[0m [1m1s[0m 26ms/step - loss: 166.6626 - mae: 9.7677
[1m179/248[0m [32m━━━━━━━━━━━━━━[0m[37m━━━━━━[0m [1m1s[0m 26ms/step - loss: 166.5851 - mae: 9.7662
[1m181/248[0m [32m━━━━━━━━━━━━━━[0m[37m━━━━━━[0m [1m1s[0m 26ms/step - loss: 166.5092 - mae: 9.7647
[1m183/248[0m [32m━━━━━━━━━━━━━━[0m[37m━━━━━━[0m [1m1s[0m 26ms/step - loss: 166.4392 - mae: 9.7633
[1m185/248[0m [32m━━━━━━━━━━━━━━[0m[37m━━━━━━[0m [1m1s[0m 26ms/step - loss: 166.3730 - mae: 9.7620
[1m187/248[0m [32m━━━━━━━━━━━━━━━[0m[37m━━━━━[0m [1m1s[0m 26ms/step - loss: 166.3067 - mae: 9.7607
[1m189/248[0m [32m━━━━━━━━━━━━━━━[0m[37m━━━━━[0m [1m1s[0m 26ms/step - loss: 166.2424 - mae: 9.7594
[1m191/248[0m [32m━━━━━━━━━━━━━━━[0m[37m━━━━━[0m [1m1s[0m 26ms/step - loss: 166.1821 - mae: 9.7582
[1m193/248[0m [32m━━━━━━━━━━━━━━━[0m[37m━━━━━[0m [1m1s[0m 26ms/step - loss: 166.1271 - mae: 9.7572
[1m195/248[0m [32m━━━━━━━━━━━━━━━[0m[37m━━━━━[0m [1m1s[0m 26ms/step - loss: 166.0701 - mae: 9.7560
[1m197/248[0m [32m━━━━━━━━━━━━━━━[0m[37m━━━━━[0m [1m1s[0m 26ms/step - loss: 166.0117 - mae: 9.7549
[1m200/248[0m [32m━━━━━━━━━━━━━━━━[0m[37m━━━━[0m [1m1s[0m 26ms/step - loss: 165.9278 - mae: 9.7532
[1m202/248[0m [32m━━━━━━━━━━━━━━━━[0m[37m━━━━[0m [1m1s[0m 26ms/step - loss: 165.8766 - mae: 9.7522
[1m204/248[0m [32m━━━━━━━━━━━━━━━━[0m[37m━━━━[0m [1m1s[0m 26ms/step - loss: 165.8268 - mae: 9.7513
[1m206/248[0m [32m━━━━━━━━━━━━━━━━[0m[37m━━━━[0m [1m1s[0m 26ms/step - loss: 165.7794 - mae: 9.7504
[1m208/248[0m [32m━━━━━━━━━━━━━━━━[0m[37m━━━━[0m [1m1s[0m 26ms/step - loss: 165.7363 - mae: 9.7497
[1m210/248[0m [32m━━━━━━━━━━━━━━━━[0m[37m━━━━[0m [1m0s[0m 26ms/step - loss: 165.6956 - mae: 9.7490
[1m212/248[0m [32m━━━━━━━━━━━━━━━━━[0m[37m━━━[0m [1m0s[0m 26ms/step - loss: 165.6541 - mae: 9.7483
[1m214/248[0m [32m━━━━━━━━━━━━━━━━━[0m[37m━━━[0m [1m0s[0m 26ms/step - loss: 165.6109 - mae: 9.7474
[1m216/248[0m [32m━━━━━━━━━━━━━━━━━[0m[37m━━━[0m [1m0s[0m 26ms/step - loss: 165.5685 - mae: 9.7466
[1m218/248[0m [32m━━━━━━━━━━━━━━━━━[0m[37m━━━[0m [1m0s[0m 26ms/step - loss: 165.5246 - mae: 9.7458
[1m220/248[0m [32m━━━━━━━━━━━━━━━━━[0m[37m━━━[0m [1m0s[0m 26ms/step - loss: 165.4791 - mae: 9.7448
[1m222/248[0m [32m━━━━━━━━━━━━━━━━━[0m[37m━━━[0m [1m0s[0m 26ms/step - loss: 165.4345 - mae: 9.7439
[1m224/248[0m [32m━━━━━━━━━━━━━━━━━━[0m[37m━━[0m [1m0s[0m 26ms/step - loss: 165.3921 - mae: 9.7431
[1m226/248[0m [32m━━━━━━━━━━━━━━━━━━[0m[37m━━[0m [1m0s[0m 26ms/step - loss: 165.3548 - mae: 9.7424
[1m228/248[0m [32m━━━━━━━━━━━━━━━━━━[0m[37m━━[0m [1m0s[0m 26ms/step - loss: 165.3196 - mae: 9.7417
[1m230/248[0m [32m━━━━━━━━━━━━━━━━━━[0m[37m━━[0m [1m0s[0m 26ms/step - loss: 165.2854 - mae: 9.7411
[1m232/248[0m [32m━━━━━━━━━━━━━━━━━━[0m[37m━━[0m [1m0s[0m 26ms/step - loss: 165.2487 - mae: 9.7403
[1m234/248[0m [32m━━━━━━━━━━━━━━━━━━[0m[37m━━[0m [1m0s[0m 26ms/step - loss: 165.2071 - mae: 9.7394
[1m236/248[0m [32m━━━━━━━━━━━━━━━━━━━[0m[37m━[0m [1m0s[0m 26ms/step - loss: 165.1680 - mae: 9.7386
[1m238/248[0m [32m━━━━━━━━━━━━━━━━━━━[0m[37m━[0m [1m0s[0m 26ms/step - loss: 165.1303 - mae: 9.7378
[1m240/248[0m [32m━━━━━━━━━━━━━━━━━━━[0m[37m━[0m [1m0s[0m 26ms/step - loss: 165.0924 - mae: 9.7369
[1m242/248[0m [32m━━━━━━━━━━━━━━━━━━━[0m[37m━[0m [1m0s[0m 26ms/step - loss: 165.0550 - mae: 9.7361
[1m244/248[0m [32m━━━━━━━━━━━━━━━━━━━[0m[37m━[0m [1m0s[0m 26ms/step - loss: 165.0170 - mae: 9.7353
[1m246/248[0m [32m━━━━━━━━━━━━━━━━━━━[0m[37m━[0m [1m0s[0m 26ms/step - loss: 164.9783 - mae: 9.7344
Epoch 12: val_loss did not improve from 148.95491

Epoch 12: ReduceLROnPlateau reducing learning rate to 0.0002500000118743628.

[1m248/248[0m [32m━━━━━━━━━━━━━━━━━━━━[0m[37m[0m [1m7s[0m 28ms/step - loss: 164.9232 - mae: 9.7332 - val_loss: 178.9800 - val_mae: 9.8864 - learning_rate: 5.0000e-04
Epoch 13/75

[1m  1/248[0m [37m━━━━━━━━━━━━━━━━━━━━[0m [1m12s[0m 51ms/step - loss: 141.8230 - mae: 9.1262
[1m  3/248[0m [37m━━━━━━━━━━━━━━━━━━━━[0m [1m6s[0m 27ms/step - loss: 126.3147 - mae: 8.5736 
[1m  5/248[0m [37m━━━━━━━━━━━━━━━━━━━━[0m [1m6s[0m 26ms/step - loss: 129.5335 - mae: 8.6364
[1m  7/248[0m [37m━━━━━━━━━━━━━━━━━━━━[0m [1m6s[0m 26ms/step - loss: 136.9722 - mae: 8.8341
[1m  9/248[0m [37m━━━━━━━━━━━━━━━━━━━━[0m [1m6s[0m 26ms/step - loss: 139.7089 - mae: 8.9049
[1m 11/248[0m [37m━━━━━━━━━━━━━━━━━━━━[0m [1m6s[0m 26ms/step - loss: 142.6854 - mae: 8.9723
[1m 13/248[0m [32m━[0m[37m━━━━━━━━━━━━━━━━━━━[0m [1m6s[0m 26ms/step - loss: 144.7891 - mae: 9.0321
[1m 15/248[0m [32m━[0m[37m━━━━━━━━━━━━━━━━━━━[0m [1m6s[0m 26ms/step - loss: 146.8293 - mae: 9.0925
[1m 17/248[0m [32m━[0m[37m━━━━━━━━━━━━━━━━━━━[0m [1m6s[0m 26ms/step - loss: 148.1892 - mae: 9.1331
[1m 19/248[0m [32m━[0m[37m━━━━━━━━━━━━━━━━━━━[0m [1m5s[0m 26ms/step - loss: 149.2655 - mae: 9.1689
[1m 21/248[0m [32m━[0m[37m━━━━━━━━━━━━━━━━━━━[0m [1m5s[0m 26ms/step - loss: 149.8264 - mae: 9.1842
[1m 23/248[0m [32m━[0m[37m━━━━━━━━━━━━━━━━━━━[0m [1m5s[0m 26ms/step - loss: 150.0369 - mae: 9.1895
[1m 25/248[0m [32m━━[0m[37m━━━━━━━━━━━━━━━━━━[0m [1m5s[0m 26ms/step - loss: 150.0520 - mae: 9.1900
[1m 27/248[0m [32m━━[0m[37m━━━━━━━━━━━━━━━━━━[0m [1m5s[0m 26ms/step - loss: 149.8865 - mae: 9.1857
[1m 29/248[0m [32m━━[0m[37m━━━━━━━━━━━━━━━━━━[0m [1m5s[0m 26ms/step - loss: 149.7003 - mae: 9.1818
[1m 31/248[0m [32m━━[0m[37m━━━━━━━━━━━━━━━━━━[0m [1m5s[0m 26ms/step - loss: 149.4847 - mae: 9.1793
[1m 33/248[0m [32m━━[0m[37m━━━━━━━━━━━━━━━━━━[0m [1m5s[0m 26ms/step - loss: 149.3338 - mae: 9.1790
[1m 35/248[0m [32m━━[0m[37m━━━━━━━━━━━━━━━━━━[0m [1m5s[0m 26ms/step - loss: 149.1199 - mae: 9.1768
[1m 37/248[0m [32m━━[0m[37m━━━━━━━━━━━━━━━━━━[0m [1m5s[0m 26ms/step - loss: 148.8127 - mae: 9.1710
[1m 39/248[0m [32m━━━[0m[37m━━━━━━━━━━━━━━━━━[0m [1m5s[0m 26ms/step - loss: 148.5557 - mae: 9.1669
[1m 41/248[0m [32m━━━[0m[37m━━━━━━━━━━━━━━━━━[0m [1m5s[0m 26ms/step - loss: 148.3171 - mae: 9.1626
[1m 43/248[0m [32m━━━[0m[37m━━━━━━━━━━━━━━━━━[0m [1m5s[0m 26ms/step - loss: 148.0554 - mae: 9.1580
[1m 45/248[0m [32m━━━[0m[37m━━━━━━━━━━━━━━━━━[0m [1m5s[0m 26ms/step - loss: 147.7671 - mae: 9.1524
[1m 47/248[0m [32m━━━[0m[37m━━━━━━━━━━━━━━━━━[0m [1m5s[0m 26ms/step - loss: 147.4826 - mae: 9.1461
[1m 49/248[0m [32m━━━[0m[37m━━━━━━━━━━━━━━━━━[0m [1m5s[0m 26ms/step - loss: 147.2283 - mae: 9.1405
[1m 51/248[0m [32m━━━━[0m[37m━━━━━━━━━━━━━━━━[0m [1m5s[0m 26ms/step - loss: 146.9529 - mae: 9.1340
[1m 53/248[0m [32m━━━━[0m[37m━━━━━━━━━━━━━━━━[0m [1m5s[0m 26ms/step - loss: 146.7092 - mae: 9.1286
[1m 55/248[0m [32m━━━━[0m[37m━━━━━━━━━━━━━━━━[0m [1m5s[0m 26ms/step - loss: 146.4883 - mae: 9.1236
[1m 57/248[0m [32m━━━━[0m[37m━━━━━━━━━━━━━━━━[0m [1m5s[0m 26ms/step - loss: 146.2849 - mae: 9.1186
[1m 59/248[0m [32m━━━━[0m[37m━━━━━━━━━━━━━━━━[0m [1m4s[0m 26ms/step - loss: 146.0801 - mae: 9.1136
[1m 61/248[0m [32m━━━━[0m[37m━━━━━━━━━━━━━━━━[0m [1m4s[0m 26ms/step - loss: 145.8523 - mae: 9.1074
[1m 63/248[0m [32m━━━━━[0m[37m━━━━━━━━━━━━━━━[0m [1m4s[0m 26ms/step - loss: 145.6275 - mae: 9.1012
[1m 65/248[0m [32m━━━━━[0m[37m━━━━━━━━━━━━━━━[0m [1m4s[0m 26ms/step - loss: 145.4763 - mae: 9.0973
[1m 67/248[0m [32m━━━━━[0m[37m━━━━━━━━━━━━━━━[0m [1m4s[0m 26ms/step - loss: 145.3471 - mae: 9.0938
[1m 69/248[0m [32m━━━━━[0m[37m━━━━━━━━━━━━━━━[0m [1m4s[0m 26ms/step - loss: 145.1955 - mae: 9.0898
[1m 71/248[0m [32m━━━━━[0m[37m━━━━━━━━━━━━━━━[0m [1m4s[0m 26ms/step - loss: 145.0327 - mae: 9.0852
[1m 73/248[0m [32m━━━━━[0m[37m━━━━━━━━━━━━━━━[0m [1m4s[0m 26ms/step - loss: 144.8803 - mae: 9.0808
[1m 75/248[0m [32m━━━━━━[0m[37m━━━━━━━━━━━━━━[0m [1m4s[0m 26ms/step - loss: 144.7651 - mae: 9.0779
[1m 77/248[0m [32m━━━━━━[0m[37m━━━━━━━━━━━━━━[0m [1m4s[0m 26ms/step - loss: 144.6395 - mae: 9.0745
[1m 79/248[0m [32m━━━━━━[0m[37m━━━━━━━━━━━━━━[0m [1m4s[0m 26ms/step - loss: 144.5134 - mae: 9.0708
[1m 81/248[0m [32m━━━━━━[0m[37m━━━━━━━━━━━━━━[0m [1m4s[0m 26ms/step - loss: 144.4161 - mae: 9.0678
[1m 83/248[0m [32m━━━━━━[0m[37m━━━━━━━━━━━━━━[0m [1m4s[0m 26ms/step - loss: 144.3290 - mae: 9.0654
[1m 85/248[0m [32m━━━━━━[0m[37m━━━━━━━━━━━━━━[0m [1m4s[0m 26ms/step - loss: 144.2355 - mae: 9.0628
[1m 87/248[0m [32m━━━━━━━[0m[37m━━━━━━━━━━━━━[0m [1m4s[0m 26ms/step - loss: 144.1469 - mae: 9.0604
[1m 89/248[0m [32m━━━━━━━[0m[37m━━━━━━━━━━━━━[0m [1m4s[0m 26ms/step - loss: 144.0718 - mae: 9.0585
[1m 91/248[0m [32m━━━━━━━[0m[37m━━━━━━━━━━━━━[0m [1m4s[0m 26ms/step - loss: 143.9932 - mae: 9.0564
[1m 93/248[0m [32m━━━━━━━[0m[37m━━━━━━━━━━━━━[0m [1m4s[0m 26ms/step - loss: 143.9199 - mae: 9.0545
[1m 95/248[0m [32m━━━━━━━[0m[37m━━━━━━━━━━━━━[0m [1m4s[0m 26ms/step - loss: 143.8390 - mae: 9.0525
[1m 97/248[0m [32m━━━━━━━[0m[37m━━━━━━━━━━━━━[0m [1m3s[0m 26ms/step - loss: 143.7606 - mae: 9.0503
[1m 99/248[0m [32m━━━━━━━[0m[37m━━━━━━━━━━━━━[0m [1m3s[0m 26ms/step - loss: 143.6796 - mae: 9.0481
[1m101/248[0m [32m━━━━━━━━[0m[37m━━━━━━━━━━━━[0m [1m3s[0m 26ms/step - loss: 143.5919 - mae: 9.0459
[1m103/248[0m [32m━━━━━━━━[0m[37m━━━━━━━━━━━━[0m [1m3s[0m 27ms/step - loss: 143.5011 - mae: 9.0436
[1m105/248[0m [32m━━━━━━━━[0m[37m━━━━━━━━━━━━[0m [1m3s[0m 27ms/step - loss: 143.4084 - mae: 9.0413
[1m107/248[0m [32m━━━━━━━━[0m[37m━━━━━━━━━━━━[0m [1m3s[0m 27ms/step - loss: 143.3137 - mae: 9.0389
[1m109/248[0m [32m━━━━━━━━[0m[37m━━━━━━━━━━━━[0m [1m3s[0m 26ms/step - loss: 143.2311 - mae: 9.0368
[1m111/248[0m [32m━━━━━━━━[0m[37m━━━━━━━━━━━━[0m [1m3s[0m 26ms/step - loss: 143.1653 - mae: 9.0352
[1m113/248[0m [32m━━━━━━━━━[0m[37m━━━━━━━━━━━[0m [1m3s[0m 26ms/step - loss: 143.1058 - mae: 9.0339
[1m115/248[0m [32m━━━━━━━━━[0m[37m━━━━━━━━━━━[0m [1m3s[0m 26ms/step - loss: 143.0407 - mae: 9.0325
[1m117/248[0m [32m━━━━━━━━━[0m[37m━━━━━━━━━━━[0m [1m3s[0m 26ms/step - loss: 142.9702 - mae: 9.0310
[1m119/248[0m [32m━━━━━━━━━[0m[37m━━━━━━━━━━━[0m [1m3s[0m 26ms/step - loss: 142.9008 - mae: 9.0295
[1m121/248[0m [32m━━━━━━━━━[0m[37m━━━━━━━━━━━[0m [1m3s[0m 26ms/step - loss: 142.8404 - mae: 9.0283
[1m123/248[0m [32m━━━━━━━━━[0m[37m━━━━━━━━━━━[0m [1m3s[0m 26ms/step - loss: 142.7768 - mae: 9.0270
[1m125/248[0m [32m━━━━━━━━━━[0m[37m━━━━━━━━━━[0m [1m3s[0m 26ms/step - loss: 142.7105 - mae: 9.0256
[1m127/248[0m [32m━━━━━━━━━━[0m[37m━━━━━━━━━━[0m [1m3s[0m 26ms/step - loss: 142.6481 - mae: 9.0242
[1m129/248[0m [32m━━━━━━━━━━[0m[37m━━━━━━━━━━[0m [1m3s[0m 26ms/step - loss: 142.5826 - mae: 9.0226
[1m131/248[0m [32m━━━━━━━━━━[0m[37m━━━━━━━━━━[0m [1m3s[0m 26ms/step - loss: 142.5150 - mae: 9.0210
[1m133/248[0m [32m━━━━━━━━━━[0m[37m━━━━━━━━━━[0m [1m3s[0m 26ms/step - loss: 142.4428 - mae: 9.0192
[1m135/248[0m [32m━━━━━━━━━━[0m[37m━━━━━━━━━━[0m [1m2s[0m 26ms/step - loss: 142.3664 - mae: 9.0173
[1m137/248[0m [32m━━━━━━━━━━━[0m[37m━━━━━━━━━[0m [1m2s[0m 26ms/step - loss: 142.2851 - mae: 9.0152
[1m139/248[0m [32m━━━━━━━━━━━[0m[37m━━━━━━━━━[0m [1m2s[0m 26ms/step - loss: 142.2033 - mae: 9.0131
[1m141/248[0m [32m━━━━━━━━━━━[0m[37m━━━━━━━━━[0m [1m2s[0m 26ms/step - loss: 142.1246 - mae: 9.0112
[1m143/248[0m [32m━━━━━━━━━━━[0m[37m━━━━━━━━━[0m [1m2s[0m 26ms/step - loss: 142.0452 - mae: 9.0092
[1m145/248[0m [32m━━━━━━━━━━━[0m[37m━━━━━━━━━[0m [1m2s[0m 26ms/step - loss: 141.9749 - mae: 9.0074
[1m147/248[0m [32m━━━━━━━━━━━[0m[37m━━━━━━━━━[0m [1m2s[0m 26ms/step - loss: 141.9038 - mae: 9.0057
[1m149/248[0m [32m━━━━━━━━━━━━[0m[37m━━━━━━━━[0m [1m2s[0m 26ms/step - loss: 141.8312 - mae: 9.0039
[1m151/248[0m [32m━━━━━━━━━━━━[0m[37m━━━━━━━━[0m [1m2s[0m 26ms/step - loss: 141.7589 - mae: 9.0022
[1m153/248[0m [32m━━━━━━━━━━━━[0m[37m━━━━━━━━[0m [1m2s[0m 26ms/step - loss: 141.6874 - mae: 9.0005
[1m155/248[0m [32m━━━━━━━━━━━━[0m[37m━━━━━━━━[0m [1m2s[0m 26ms/step - loss: 141.6206 - mae: 8.9990
[1m157/248[0m [32m━━━━━━━━━━━━[0m[37m━━━━━━━━[0m [1m2s[0m 26ms/step - loss: 141.5532 - mae: 8.9974
[1m159/248[0m [32m━━━━━━━━━━━━[0m[37m━━━━━━━━[0m [1m2s[0m 26ms/step - loss: 141.4878 - mae: 8.9959
[1m161/248[0m [32m━━━━━━━━━━━━[0m[37m━━━━━━━━[0m [1m2s[0m 26ms/step - loss: 141.4275 - mae: 8.9946
[1m163/248[0m [32m━━━━━━━━━━━━━[0m[37m━━━━━━━[0m [1m2s[0m 26ms/step - loss: 141.3718 - mae: 8.9934
[1m165/248[0m [32m━━━━━━━━━━━━━[0m[37m━━━━━━━[0m [1m2s[0m 26ms/step - loss: 141.3196 - mae: 8.9923
[1m167/248[0m [32m━━━━━━━━━━━━━[0m[37m━━━━━━━[0m [1m2s[0m 26ms/step - loss: 141.2661 - mae: 8.9912
[1m169/248[0m [32m━━━━━━━━━━━━━[0m[37m━━━━━━━[0m [1m2s[0m 27ms/step - loss: 141.2141 - mae: 8.9902
[1m171/248[0m [32m━━━━━━━━━━━━━[0m[37m━━━━━━━[0m [1m2s[0m 27ms/step - loss: 141.1624 - mae: 8.9891
[1m173/248[0m [32m━━━━━━━━━━━━━[0m[37m━━━━━━━[0m [1m1s[0m 26ms/step - loss: 141.1124 - mae: 8.9881
[1m175/248[0m [32m━━━━━━━━━━━━━━[0m[37m━━━━━━[0m [1m1s[0m 27ms/step - loss: 141.0609 - mae: 8.9871
[1m177/248[0m [32m━━━━━━━━━━━━━━[0m[37m━━━━━━[0m [1m1s[0m 27ms/step - loss: 141.0137 - mae: 8.9861
[1m179/248[0m [32m━━━━━━━━━━━━━━[0m[37m━━━━━━[0m [1m1s[0m 27ms/step - loss: 140.9663 - mae: 8.9852
[1m181/248[0m [32m━━━━━━━━━━━━━━[0m[37m━━━━━━[0m [1m1s[0m 27ms/step - loss: 140.9194 - mae: 8.9842
[1m183/248[0m [32m━━━━━━━━━━━━━━[0m[37m━━━━━━[0m [1m1s[0m 27ms/step - loss: 140.8754 - mae: 8.9833
[1m185/248[0m [32m━━━━━━━━━━━━━━[0m[37m━━━━━━[0m [1m1s[0m 27ms/step - loss: 140.8325 - mae: 8.9824
[1m187/248[0m [32m━━━━━━━━━━━━━━━[0m[37m━━━━━[0m [1m1s[0m 27ms/step - loss: 140.7906 - mae: 8.9816
[1m189/248[0m [32m━━━━━━━━━━━━━━━[0m[37m━━━━━[0m [1m1s[0m 27ms/step - loss: 140.7502 - mae: 8.9808
[1m191/248[0m [32m━━━━━━━━━━━━━━━[0m[37m━━━━━[0m [1m1s[0m 27ms/step - loss: 140.7129 - mae: 8.9801
[1m193/248[0m [32m━━━━━━━━━━━━━━━[0m[37m━━━━━[0m [1m1s[0m 27ms/step - loss: 140.6748 - mae: 8.9793
[1m195/248[0m [32m━━━━━━━━━━━━━━━[0m[37m━━━━━[0m [1m1s[0m 27ms/step - loss: 140.6334 - mae: 8.9785
[1m197/248[0m [32m━━━━━━━━━━━━━━━[0m[37m━━━━━[0m [1m1s[0m 27ms/step - loss: 140.5921 - mae: 8.9776
[1m199/248[0m [32m━━━━━━━━━━━━━━━━[0m[37m━━━━[0m [1m1s[0m 27ms/step - loss: 140.5500 - mae: 8.9768
[1m201/248[0m [32m━━━━━━━━━━━━━━━━[0m[37m━━━━[0m [1m1s[0m 27ms/step - loss: 140.5077 - mae: 8.9758
[1m203/248[0m [32m━━━━━━━━━━━━━━━━[0m[37m━━━━[0m [1m1s[0m 27ms/step - loss: 140.4682 - mae: 8.9750
[1m205/248[0m [32m━━━━━━━━━━━━━━━━[0m[37m━━━━[0m [1m1s[0m 27ms/step - loss: 140.4276 - mae: 8.9741
[1m207/248[0m [32m━━━━━━━━━━━━━━━━[0m[37m━━━━[0m [1m1s[0m 27ms/step - loss: 140.3899 - mae: 8.9733
[1m209/248[0m [32m━━━━━━━━━━━━━━━━[0m[37m━━━━[0m [1m1s[0m 27ms/step - loss: 140.3548 - mae: 8.9726
[1m211/248[0m [32m━━━━━━━━━━━━━━━━━[0m[37m━━━[0m [1m0s[0m 27ms/step - loss: 140.3195 - mae: 8.9719
[1m213/248[0m [32m━━━━━━━━━━━━━━━━━[0m[37m━━━[0m [1m0s[0m 27ms/step - loss: 140.2842 - mae: 8.9711
[1m215/248[0m [32m━━━━━━━━━━━━━━━━━[0m[37m━━━[0m [1m0s[0m 27ms/step - loss: 140.2496 - mae: 8.9704
[1m217/248[0m [32m━━━━━━━━━━━━━━━━━[0m[37m━━━[0m [1m0s[0m 27ms/step - loss: 140.2144 - mae: 8.9696
[1m219/248[0m [32m━━━━━━━━━━━━━━━━━[0m[37m━━━[0m [1m0s[0m 27ms/step - loss: 140.1768 - mae: 8.9688
[1m221/248[0m [32m━━━━━━━━━━━━━━━━━[0m[37m━━━[0m [1m0s[0m 27ms/step - loss: 140.1383 - mae: 8.9679
[1m223/248[0m [32m━━━━━━━━━━━━━━━━━[0m[37m━━━[0m [1m0s[0m 27ms/step - loss: 140.1017 - mae: 8.9670
[1m225/248[0m [32m━━━━━━━━━━━━━━━━━━[0m[37m━━[0m [1m0s[0m 27ms/step - loss: 140.0672 - mae: 8.9663
[1m227/248[0m [32m━━━━━━━━━━━━━━━━━━[0m[37m━━[0m [1m0s[0m 27ms/step - loss: 140.0316 - mae: 8.9655
[1m229/248[0m [32m━━━━━━━━━━━━━━━━━━[0m[37m━━[0m [1m0s[0m 27ms/step - loss: 139.9966 - mae: 8.9647
[1m231/248[0m [32m━━━━━━━━━━━━━━━━━━[0m[37m━━[0m [1m0s[0m 27ms/step - loss: 139.9622 - mae: 8.9639
[1m233/248[0m [32m━━━━━━━━━━━━━━━━━━[0m[37m━━[0m [1m0s[0m 27ms/step - loss: 139.9271 - mae: 8.9630
[1m235/248[0m [32m━━━━━━━━━━━━━━━━━━[0m[37m━━[0m [1m0s[0m 27ms/step - loss: 139.8935 - mae: 8.9622
[1m237/248[0m [32m━━━━━━━━━━━━━━━━━━━[0m[37m━[0m [1m0s[0m 27ms/step - loss: 139.8628 - mae: 8.9615
[1m239/248[0m [32m━━━━━━━━━━━━━━━━━━━[0m[37m━[0m [1m0s[0m 27ms/step - loss: 139.8329 - mae: 8.9608
[1m241/248[0m [32m━━━━━━━━━━━━━━━━━━━[0m[37m━[0m [1m0s[0m 27ms/step - loss: 139.8027 - mae: 8.9602
[1m243/248[0m [32m━━━━━━━━━━━━━━━━━━━[0m[37m━[0m [1m0s[0m 27ms/step - loss: 139.7735 - mae: 8.9595
[1m245/248[0m [32m━━━━━━━━━━━━━━━━━━━[0m[37m━[0m [1m0s[0m 27ms/step - loss: 139.7430 - mae: 8.9588
[1m247/248[0m [32m━━━━━━━━━━━━━━━━━━━[0m[37m━[0m [1m0s[0m 27ms/step - loss: 139.7139 - mae: 8.9581
Epoch 13: val_loss did not improve from 148.95491

[1m248/248[0m [32m━━━━━━━━━━━━━━━━━━━━[0m[37m[0m [1m7s[0m 28ms/step - loss: 139.6881 - mae: 8.9575 - val_loss: 193.7854 - val_mae: 9.8323 - learning_rate: 2.5000e-04
Epoch 14/75

[1m  1/248[0m [37m━━━━━━━━━━━━━━━━━━━━[0m [1m20s[0m 83ms/step - loss: 199.4388 - mae: 10.9333
[1m  3/248[0m [37m━━━━━━━━━━━━━━━━━━━━[0m [1m6s[0m 28ms/step - loss: 154.9533 - mae: 9.4064  
[1m  5/248[0m [37m━━━━━━━━━━━━━━━━━━━━[0m [1m6s[0m 27ms/step - loss: 146.9227 - mae: 9.1274
[1m  7/248[0m [37m━━━━━━━━━━━━━━━━━━━━[0m [1m6s[0m 27ms/step - loss: 150.9229 - mae: 9.2303
[1m  9/248[0m [37m━━━━━━━━━━━━━━━━━━━━[0m [1m6s[0m 27ms/step - loss: 151.7253 - mae: 9.2527
[1m 11/248[0m [37m━━━━━━━━━━━━━━━━━━━━[0m [1m6s[0m 27ms/step - loss: 152.0066 - mae: 9.2592
[1m 13/248[0m [32m━[0m[37m━━━━━━━━━━━━━━━━━━━[0m [1m6s[0m 27ms/step - loss: 151.5892 - mae: 9.2555
[1m 15/248[0m [32m━[0m[37m━━━━━━━━━━━━━━━━━━━[0m [1m6s[0m 27ms/step - loss: 151.2072 - mae: 9.2580
[1m 17/248[0m [32m━[0m[37m━━━━━━━━━━━━━━━━━━━[0m [1m6s[0m 27ms/step - loss: 150.6158 - mae: 9.2488
[1m 19/248[0m [32m━[0m[37m━━━━━━━━━━━━━━━━━━━[0m [1m6s[0m 27ms/step - loss: 149.9649 - mae: 9.2368
[1m 21/248[0m [32m━[0m[37m━━━━━━━━━━━━━━━━━━━[0m [1m6s[0m 27ms/step - loss: 149.3579 - mae: 9.2302
[1m 23/248[0m [32m━[0m[37m━━━━━━━━━━━━━━━━━━━[0m [1m5s[0m 27ms/step - loss: 148.8719 - mae: 9.2260
[1m 25/248[0m [32m━━[0m[37m━━━━━━━━━━━━━━━━━━[0m [1m5s[0m 27ms/step - loss: 148.2573 - mae: 9.2159
[1m 27/248[0m [32m━━[0m[37m━━━━━━━━━━━━━━━━━━[0m [1m5s[0m 27ms/step - loss: 147.5768 - mae: 9.2011
[1m 29/248[0m [32m━━[0m[37m━━━━━━━━━━━━━━━━━━[0m [1m5s[0m 27ms/step - loss: 146.9317 - mae: 9.1862
[1m 31/248[0m [32m━━[0m[37m━━━━━━━━━━━━━━━━━━[0m [1m5s[0m 27ms/step - loss: 146.3952 - mae: 9.1753
[1m 34/248[0m [32m━━[0m[37m━━━━━━━━━━━━━━━━━━[0m [1m5s[0m 26ms/step - loss: 145.7229 - mae: 9.1610
[1m 36/248[0m [32m━━[0m[37m━━━━━━━━━━━━━━━━━━[0m [1m5s[0m 26ms/step - loss: 145.2423 - mae: 9.1488
[1m 38/248[0m [32m━━━[0m[37m━━━━━━━━━━━━━━━━━[0m [1m5s[0m 26ms/step - loss: 144.7811 - mae: 9.1362
[1m 40/248[0m [32m━━━[0m[37m━━━━━━━━━━━━━━━━━[0m [1m5s[0m 26ms/step - loss: 144.4078 - mae: 9.1256
[1m 42/248[0m [32m━━━[0m[37m━━━━━━━━━━━━━━━━━[0m [1m5s[0m 26ms/step - loss: 144.0986 - mae: 9.1171
[1m 44/248[0m [32m━━━[0m[37m━━━━━━━━━━━━━━━━━[0m [1m5s[0m 26ms/step - loss: 143.7973 - mae: 9.1088
[1m 46/248[0m [32m━━━[0m[37m━━━━━━━━━━━━━━━━━[0m [1m5s[0m 26ms/step - loss: 143.5338 - mae: 9.1019
[1m 48/248[0m [32m━━━[0m[37m━━━━━━━━━━━━━━━━━[0m [1m5s[0m 26ms/step - loss: 143.2740 - mae: 9.0947
[1m 50/248[0m [32m━━━━[0m[37m━━━━━━━━━━━━━━━━[0m [1m5s[0m 26ms/step - loss: 143.0463 - mae: 9.0886
[1m 52/248[0m [32m━━━━[0m[37m━━━━━━━━━━━━━━━━[0m [1m5s[0m 26ms/step - loss: 142.8276 - mae: 9.0828
[1m 54/248[0m [32m━━━━[0m[37m━━━━━━━━━━━━━━━━[0m [1m5s[0m 26ms/step - loss: 142.6252 - mae: 9.0776
[1m 56/248[0m [32m━━━━[0m[37m━━━━━━━━━━━━━━━━[0m [1m5s[0m 26ms/step - loss: 142.4178 - mae: 9.0720
[1m 58/248[0m [32m━━━━[0m[37m━━━━━━━━━━━━━━━━[0m [1m5s[0m 26ms/step - loss: 142.1851 - mae: 9.0651
[1m 60/248[0m [32m━━━━[0m[37m━━━━━━━━━━━━━━━━[0m [1m4s[0m 26ms/step - loss: 141.9448 - mae: 9.0580
[1m 62/248[0m [32m━━━━━[0m[37m━━━━━━━━━━━━━━━[0m [1m4s[0m 26ms/step - loss: 141.7186 - mae: 9.0515
[1m 64/248[0m [32m━━━━━[0m[37m━━━━━━━━━━━━━━━[0m [1m4s[0m 26ms/step - loss: 141.5110 - mae: 9.0453
[1m 66/248[0m [32m━━━━━[0m[37m━━━━━━━━━━━━━━━[0m [1m4s[0m 26ms/step - loss: 141.3334 - mae: 9.0398
[1m 68/248[0m [32m━━━━━[0m[37m━━━━━━━━━━━━━━━[0m [1m4s[0m 26ms/step - loss: 141.1385 - mae: 9.0337
[1m 70/248[0m [32m━━━━━[0m[37m━━━━━━━━━━━━━━━[0m [1m4s[0m 26ms/step - loss: 140.9585 - mae: 9.0281
[1m 71/248[0m [32m━━━━━[0m[37m━━━━━━━━━━━━━━━[0m [1m4s[0m 27ms/step - loss: 140.8656 - mae: 9.0251
[1m 73/248[0m [32m━━━━━[0m[37m━━━━━━━━━━━━━━━[0m [1m4s[0m 27ms/step - loss: 140.6850 - mae: 9.0188
[1m 75/248[0m [32m━━━━━━[0m[37m━━━━━━━━━━━━━━[0m [1m4s[0m 27ms/step - loss: 140.5279 - mae: 9.0134
[1m 77/248[0m [32m━━━━━━[0m[37m━━━━━━━━━━━━━━[0m [1m4s[0m 27ms/step - loss: 140.3621 - mae: 9.0078
[1m 79/248[0m [32m━━━━━━[0m[37m━━━━━━━━━━━━━━[0m [1m4s[0m 27ms/step - loss: 140.1870 - mae: 9.0016
[1m 81/248[0m [32m━━━━━━[0m[37m━━━━━━━━━━━━━━[0m [1m4s[0m 27ms/step - loss: 140.0239 - mae: 8.9958
[1m 83/248[0m [32m━━━━━━[0m[37m━━━━━━━━━━━━━━[0m [1m4s[0m 27ms/step - loss: 139.8700 - mae: 8.9904
[1m 85/248[0m [32m━━━━━━[0m[37m━━━━━━━━━━━━━━[0m [1m4s[0m 27ms/step - loss: 139.7184 - mae: 8.9852
[1m 87/248[0m [32m━━━━━━━[0m[37m━━━━━━━━━━━━━[0m [1m4s[0m 27ms/step - loss: 139.5782 - mae: 8.9801
[1m 89/248[0m [32m━━━━━━━[0m[37m━━━━━━━━━━━━━[0m [1m4s[0m 27ms/step - loss: 139.4571 - mae: 8.9756
[1m 91/248[0m [32m━━━━━━━[0m[37m━━━━━━━━━━━━━[0m [1m4s[0m 27ms/step - loss: 139.3484 - mae: 8.9715
[1m 93/248[0m [32m━━━━━━━[0m[37m━━━━━━━━━━━━━[0m [1m4s[0m 27ms/step - loss: 139.2470 - mae: 8.9677
[1m 95/248[0m [32m━━━━━━━[0m[37m━━━━━━━━━━━━━[0m [1m4s[0m 27ms/step - loss: 139.1508 - mae: 8.9641
[1m 97/248[0m [32m━━━━━━━[0m[37m━━━━━━━━━━━━━[0m [1m4s[0m 27ms/step - loss: 139.0577 - mae: 8.9604
[1m 99/248[0m [32m━━━━━━━[0m[37m━━━━━━━━━━━━━[0m [1m3s[0m 27ms/step - loss: 138.9609 - mae: 8.9566
[1m101/248[0m [32m━━━━━━━━[0m[37m━━━━━━━━━━━━[0m [1m3s[0m 27ms/step - loss: 138.8576 - mae: 8.9526
[1m103/248[0m [32m━━━━━━━━[0m[37m━━━━━━━━━━━━[0m [1m3s[0m 27ms/step - loss: 138.7554 - mae: 8.9488
[1m105/248[0m [32m━━━━━━━━[0m[37m━━━━━━━━━━━━[0m [1m3s[0m 27ms/step - loss: 138.6653 - mae: 8.9455
[1m107/248[0m [32m━━━━━━━━[0m[37m━━━━━━━━━━━━[0m [1m3s[0m 27ms/step - loss: 138.5769 - mae: 8.9422
[1m109/248[0m [32m━━━━━━━━[0m[37m━━━━━━━━━━━━[0m [1m3s[0m 27ms/step - loss: 138.4878 - mae: 8.9390
[1m111/248[0m [32m━━━━━━━━[0m[37m━━━━━━━━━━━━[0m [1m3s[0m 27ms/step - loss: 138.4090 - mae: 8.9361
[1m113/248[0m [32m━━━━━━━━━[0m[37m━━━━━━━━━━━[0m [1m3s[0m 27ms/step - loss: 138.3358 - mae: 8.9333
[1m115/248[0m [32m━━━━━━━━━[0m[37m━━━━━━━━━━━[0m [1m3s[0m 27ms/step - loss: 138.2609 - mae: 8.9307
[1m117/248[0m [32m━━━━━━━━━[0m[37m━━━━━━━━━━━[0m [1m3s[0m 27ms/step - loss: 138.1810 - mae: 8.9277
[1m119/248[0m [32m━━━━━━━━━[0m[37m━━━━━━━━━━━[0m [1m3s[0m 27ms/step - loss: 138.1014 - mae: 8.9247
[1m121/248[0m [32m━━━━━━━━━[0m[37m━━━━━━━━━━━[0m [1m3s[0m 27ms/step - loss: 138.0175 - mae: 8.9215
[1m123/248[0m [32m━━━━━━━━━[0m[37m━━━━━━━━━━━[0m [1m3s[0m 27ms/step - loss: 137.9271 - mae: 8.9181
[1m125/248[0m [32m━━━━━━━━━━[0m[37m━━━━━━━━━━[0m [1m3s[0m 27ms/step - loss: 137.8391 - mae: 8.9147
[1m127/248[0m [32m━━━━━━━━━━[0m[37m━━━━━━━━━━[0m [1m3s[0m 27ms/step - loss: 137.7533 - mae: 8.9113
[1m129/248[0m [32m━━━━━━━━━━[0m[37m━━━━━━━━━━[0m [1m3s[0m 26ms/step - loss: 137.6667 - mae: 8.9080
[1m131/248[0m [32m━━━━━━━━━━[0m[37m━━━━━━━━━━[0m [1m3s[0m 26ms/step - loss: 137.5804 - mae: 8.9047
[1m133/248[0m [32m━━━━━━━━━━[0m[37m━━━━━━━━━━[0m [1m3s[0m 26ms/step - loss: 137.4965 - mae: 8.9014
[1m135/248[0m [32m━━━━━━━━━━[0m[37m━━━━━━━━━━[0m [1m2s[0m 26ms/step - loss: 137.4092 - mae: 8.8981
[1m137/248[0m [32m━━━━━━━━━━━[0m[37m━━━━━━━━━[0m [1m2s[0m 27ms/step - loss: 137.3150 - mae: 8.8946
[1m139/248[0m [32m━━━━━━━━━━━[0m[37m━━━━━━━━━[0m [1m2s[0m 27ms/step - loss: 137.2199 - mae: 8.8911
[1m141/248[0m [32m━━━━━━━━━━━[0m[37m━━━━━━━━━[0m [1m2s[0m 27ms/step - loss: 137.1326 - mae: 8.8879
[1m143/248[0m [32m━━━━━━━━━━━[0m[37m━━━━━━━━━[0m [1m2s[0m 27ms/step - loss: 137.0494 - mae: 8.8848
[1m145/248[0m [32m━━━━━━━━━━━[0m[37m━━━━━━━━━[0m [1m2s[0m 27ms/step - loss: 136.9699 - mae: 8.8818
[1m147/248[0m [32m━━━━━━━━━━━[0m[37m━━━━━━━━━[0m [1m2s[0m 27ms/step - loss: 136.8943 - mae: 8.8790
[1m149/248[0m [32m━━━━━━━━━━━━[0m[37m━━━━━━━━[0m [1m2s[0m 27ms/step - loss: 136.8158 - mae: 8.8762
[1m151/248[0m [32m━━━━━━━━━━━━[0m[37m━━━━━━━━[0m [1m2s[0m 27ms/step - loss: 136.7394 - mae: 8.8734
[1m153/248[0m [32m━━━━━━━━━━━━[0m[37m━━━━━━━━[0m [1m2s[0m 27ms/step - loss: 136.6630 - mae: 8.8706
[1m155/248[0m [32m━━━━━━━━━━━━[0m[37m━━━━━━━━[0m [1m2s[0m 27ms/step - loss: 136.5889 - mae: 8.8681
[1m157/248[0m [32m━━━━━━━━━━━━[0m[37m━━━━━━━━[0m [1m2s[0m 27ms/step - loss: 136.5163 - mae: 8.8655
[1m159/248[0m [32m━━━━━━━━━━━━[0m[37m━━━━━━━━[0m [1m2s[0m 27ms/step - loss: 136.4446 - mae: 8.8631
[1m161/248[0m [32m━━━━━━━━━━━━[0m[37m━━━━━━━━[0m [1m2s[0m 27ms/step - loss: 136.3730 - mae: 8.8606
[1m163/248[0m [32m━━━━━━━━━━━━━[0m[37m━━━━━━━[0m [1m2s[0m 27ms/step - loss: 136.3065 - mae: 8.8584
[1m165/248[0m [32m━━━━━━━━━━━━━[0m[37m━━━━━━━[0m [1m2s[0m 27ms/step - loss: 136.2411 - mae: 8.8562
[1m167/248[0m [32m━━━━━━━━━━━━━[0m[37m━━━━━━━[0m [1m2s[0m 27ms/step - loss: 136.1712 - mae: 8.8540
[1m169/248[0m [32m━━━━━━━━━━━━━[0m[37m━━━━━━━[0m [1m2s[0m 27ms/step - loss: 136.0998 - mae: 8.8517
[1m171/248[0m [32m━━━━━━━━━━━━━[0m[37m━━━━━━━[0m [1m2s[0m 27ms/step - loss: 136.0283 - mae: 8.8494
[1m173/248[0m [32m━━━━━━━━━━━━━[0m[37m━━━━━━━[0m [1m2s[0m 27ms/step - loss: 135.9561 - mae: 8.8471
[1m175/248[0m [32m━━━━━━━━━━━━━━[0m[37m━━━━━━[0m [1m1s[0m 27ms/step - loss: 135.8871 - mae: 8.8448
[1m177/248[0m [32m━━━━━━━━━━━━━━[0m[37m━━━━━━[0m [1m1s[0m 27ms/step - loss: 135.8202 - mae: 8.8427
[1m179/248[0m [32m━━━━━━━━━━━━━━[0m[37m━━━━━━[0m [1m1s[0m 27ms/step - loss: 135.7531 - mae: 8.8405
[1m181/248[0m [32m━━━━━━━━━━━━━━[0m[37m━━━━━━[0m [1m1s[0m 27ms/step - loss: 135.6888 - mae: 8.8384
[1m183/248[0m [32m━━━━━━━━━━━━━━[0m[37m━━━━━━[0m [1m1s[0m 27ms/step - loss: 135.6280 - mae: 8.8364
[1m185/248[0m [32m━━━━━━━━━━━━━━[0m[37m━━━━━━[0m [1m1s[0m 27ms/step - loss: 135.5663 - mae: 8.8343
[1m187/248[0m [32m━━━━━━━━━━━━━━━[0m[37m━━━━━[0m [1m1s[0m 27ms/step - loss: 135.5055 - mae: 8.8323
[1m189/248[0m [32m━━━━━━━━━━━━━━━[0m[37m━━━━━[0m [1m1s[0m 27ms/step - loss: 135.4483 - mae: 8.8305
[1m191/248[0m [32m━━━━━━━━━━━━━━━[0m[37m━━━━━[0m [1m1s[0m 27ms/step - loss: 135.3943 - mae: 8.8286
[1m193/248[0m [32m━━━━━━━━━━━━━━━[0m[37m━━━━━[0m [1m1s[0m 27ms/step - loss: 135.3408 - mae: 8.8268
[1m195/248[0m [32m━━━━━━━━━━━━━━━[0m[37m━━━━━[0m [1m1s[0m 27ms/step - loss: 135.2885 - mae: 8.8251
[1m197/248[0m [32m━━━━━━━━━━━━━━━[0m[37m━━━━━[0m [1m1s[0m 27ms/step - loss: 135.2386 - mae: 8.8235
[1m199/248[0m [32m━━━━━━━━━━━━━━━━[0m[37m━━━━[0m [1m1s[0m 27ms/step - loss: 135.1902 - mae: 8.8219
[1m201/248[0m [32m━━━━━━━━━━━━━━━━[0m[37m━━━━[0m [1m1s[0m 27ms/step - loss: 135.1411 - mae: 8.8203
[1m203/248[0m [32m━━━━━━━━━━━━━━━━[0m[37m━━━━[0m [1m1s[0m 27ms/step - loss: 135.0949 - mae: 8.8188
[1m205/248[0m [32m━━━━━━━━━━━━━━━━[0m[37m━━━━[0m [1m1s[0m 27ms/step - loss: 135.0489 - mae: 8.8174
[1m207/248[0m [32m━━━━━━━━━━━━━━━━[0m[37m━━━━[0m [1m1s[0m 27ms/step - loss: 135.0029 - mae: 8.8159
[1m209/248[0m [32m━━━━━━━━━━━━━━━━[0m[37m━━━━[0m [1m1s[0m 27ms/step - loss: 134.9572 - mae: 8.8145
[1m211/248[0m [32m━━━━━━━━━━━━━━━━━[0m[37m━━━[0m [1m0s[0m 27ms/step - loss: 134.9097 - mae: 8.8130
[1m213/248[0m [32m━━━━━━━━━━━━━━━━━[0m[37m━━━[0m [1m0s[0m 27ms/step - loss: 134.8613 - mae: 8.8115
[1m215/248[0m [32m━━━━━━━━━━━━━━━━━[0m[37m━━━[0m [1m0s[0m 27ms/step - loss: 134.8116 - mae: 8.8099
[1m217/248[0m [32m━━━━━━━━━━━━━━━━━[0m[37m━━━[0m [1m0s[0m 27ms/step - loss: 134.7627 - mae: 8.8084
[1m219/248[0m [32m━━━━━━━━━━━━━━━━━[0m[37m━━━[0m [1m0s[0m 27ms/step - loss: 134.7132 - mae: 8.8069
[1m221/248[0m [32m━━━━━━━━━━━━━━━━━[0m[37m━━━[0m [1m0s[0m 27ms/step - loss: 134.6617 - mae: 8.8054
[1m223/248[0m [32m━━━━━━━━━━━━━━━━━[0m[37m━━━[0m [1m0s[0m 27ms/step - loss: 134.6138 - mae: 8.8039
[1m225/248[0m [32m━━━━━━━━━━━━━━━━━━[0m[37m━━[0m [1m0s[0m 27ms/step - loss: 134.5671 - mae: 8.8025
[1m227/248[0m [32m━━━━━━━━━━━━━━━━━━[0m[37m━━[0m [1m0s[0m 27ms/step - loss: 134.5196 - mae: 8.8011
[1m230/248[0m [32m━━━━━━━━━━━━━━━━━━[0m[37m━━[0m [1m0s[0m 27ms/step - loss: 134.4498 - mae: 8.7989
[1m232/248[0m [32m━━━━━━━━━━━━━━━━━━[0m[37m━━[0m [1m0s[0m 27ms/step - loss: 134.4033 - mae: 8.7975
[1m235/248[0m [32m━━━━━━━━━━━━━━━━━━[0m[37m━━[0m [1m0s[0m 27ms/step - loss: 134.3332 - mae: 8.7953
[1m237/248[0m [32m━━━━━━━━━━━━━━━━━━━[0m[37m━[0m [1m0s[0m 27ms/step - loss: 134.2889 - mae: 8.7940
[1m239/248[0m [32m━━━━━━━━━━━━━━━━━━━[0m[37m━[0m [1m0s[0m 27ms/step - loss: 134.2459 - mae: 8.7927
[1m241/248[0m [32m━━━━━━━━━━━━━━━━━━━[0m[37m━[0m [1m0s[0m 27ms/step - loss: 134.2036 - mae: 8.7914
[1m244/248[0m [32m━━━━━━━━━━━━━━━━━━━[0m[37m━[0m [1m0s[0m 27ms/step - loss: 134.1382 - mae: 8.7894
[1m247/248[0m [32m━━━━━━━━━━━━━━━━━━━[0m[37m━[0m [1m0s[0m 26ms/step - loss: 134.0735 - mae: 8.7874
Epoch 14: val_loss did not improve from 148.95491

[1m248/248[0m [32m━━━━━━━━━━━━━━━━━━━━[0m[37m[0m [1m7s[0m 28ms/step - loss: 134.0320 - mae: 8.7861 - val_loss: 206.9402 - val_mae: 9.9237 - learning_rate: 2.5000e-04
Epoch 15/75

[1m  1/248[0m [37m━━━━━━━━━━━━━━━━━━━━[0m [1m11s[0m 45ms/step - loss: 154.0024 - mae: 9.2697
[1m  3/248[0m [37m━━━━━━━━━━━━━━━━━━━━[0m [1m6s[0m 27ms/step - loss: 127.4102 - mae: 8.4615 
[1m  5/248[0m [37m━━━━━━━━━━━━━━━━━━━━[0m [1m6s[0m 26ms/step - loss: 125.5500 - mae: 8.4402
[1m  7/248[0m [37m━━━━━━━━━━━━━━━━━━━━[0m [1m6s[0m 26ms/step - loss: 131.9924 - mae: 8.6345
[1m  9/248[0m [37m━━━━━━━━━━━━━━━━━━━━[0m [1m6s[0m 26ms/step - loss: 133.4920 - mae: 8.6756
[1m 11/248[0m [37m━━━━━━━━━━━━━━━━━━━━[0m [1m6s[0m 26ms/step - loss: 135.1733 - mae: 8.7227
[1m 14/248[0m [32m━[0m[37m━━━━━━━━━━━━━━━━━━━[0m [1m6s[0m 26ms/step - loss: 136.3742 - mae: 8.7735
[1m 17/248[0m [32m━[0m[37m━━━━━━━━━━━━━━━━━━━[0m [1m5s[0m 26ms/step - loss: 136.8597 - mae: 8.7961
[1m 19/248[0m [32m━[0m[37m━━━━━━━━━━━━━━━━━━━[0m [1m5s[0m 26ms/step - loss: 136.9975 - mae: 8.8021
[1m 22/248[0m [32m━[0m[37m━━━━━━━━━━━━━━━━━━━[0m [1m5s[0m 25ms/step - loss: 137.0062 - mae: 8.8062
[1m 24/248[0m [32m━[0m[37m━━━━━━━━━━━━━━━━━━━[0m [1m5s[0m 25ms/step - loss: 136.8948 - mae: 8.8057
[1m 26/248[0m [32m━━[0m[37m━━━━━━━━━━━━━━━━━━[0m [1m5s[0m 25ms/step - loss: 136.5321 - mae: 8.7947
[1m 28/248[0m [32m━━[0m[37m━━━━━━━━━━━━━━━━━━[0m [1m5s[0m 26ms/step - loss: 136.0410 - mae: 8.7794
[1m 30/248[0m [32m━━[0m[37m━━━━━━━━━━━━━━━━━━[0m [1m5s[0m 26ms/step - loss: 135.6151 - mae: 8.7677
[1m 32/248[0m [32m━━[0m[37m━━━━━━━━━━━━━━━━━━[0m [1m5s[0m 26ms/step - loss: 135.1660 - mae: 8.7563
[1m 34/248[0m [32m━━[0m[37m━━━━━━━━━━━━━━━━━━[0m [1m5s[0m 26ms/step - loss: 134.7939 - mae: 8.7473
[1m 36/248[0m [32m━━[0m[37m━━━━━━━━━━━━━━━━━━[0m [1m5s[0m 26ms/step - loss: 134.4246 - mae: 8.7389
[1m 38/248[0m [32m━━━[0m[37m━━━━━━━━━━━━━━━━━[0m [1m5s[0m 26ms/step - loss: 134.1215 - mae: 8.7325
[1m 40/248[0m [32m━━━[0m[37m━━━━━━━━━━━━━━━━━[0m [1m5s[0m 26ms/step - loss: 133.8407 - mae: 8.7276
[1m 42/248[0m [32m━━━[0m[37m━━━━━━━━━━━━━━━━━[0m [1m5s[0m 26ms/step - loss: 133.5558 - mae: 8.7224
[1m 44/248[0m [32m━━━[0m[37m━━━━━━━━━━━━━━━━━[0m [1m5s[0m 26ms/step - loss: 133.2481 - mae: 8.7157
[1m 46/248[0m [32m━━━[0m[37m━━━━━━━━━━━━━━━━━[0m [1m5s[0m 26ms/step - loss: 132.9340 - mae: 8.7082
[1m 49/248[0m [32m━━━[0m[37m━━━━━━━━━━━━━━━━━[0m [1m5s[0m 26ms/step - loss: 132.4925 - mae: 8.6976
[1m 51/248[0m [32m━━━━[0m[37m━━━━━━━━━━━━━━━━[0m [1m5s[0m 26ms/step - loss: 132.2066 - mae: 8.6900
[1m 53/248[0m [32m━━━━[0m[37m━━━━━━━━━━━━━━━━[0m [1m5s[0m 26ms/step - loss: 131.9079 - mae: 8.6817
[1m 55/248[0m [32m━━━━[0m[37m━━━━━━━━━━━━━━━━[0m [1m4s[0m 26ms/step - loss: 131.6467 - mae: 8.6743
[1m 57/248[0m [32m━━━━[0m[37m━━━━━━━━━━━━━━━━[0m [1m4s[0m 26ms/step - loss: 131.4104 - mae: 8.6671
[1m 59/248[0m [32m━━━━[0m[37m━━━━━━━━━━━━━━━━[0m [1m4s[0m 26ms/step - loss: 131.1906 - mae: 8.6605
[1m 62/248[0m [32m━━━━━[0m[37m━━━━━━━━━━━━━━━[0m [1m4s[0m 26ms/step - loss: 130.8606 - mae: 8.6505
[1m 64/248[0m [32m━━━━━[0m[37m━━━━━━━━━━━━━━━[0m [1m4s[0m 26ms/step - loss: 130.6814 - mae: 8.6452
[1m 66/248[0m [32m━━━━━[0m[37m━━━━━━━━━━━━━━━[0m [1m4s[0m 26ms/step - loss: 130.5104 - mae: 8.6399
[1m 68/248[0m [32m━━━━━[0m[37m━━━━━━━━━━━━━━━[0m [1m4s[0m 26ms/step - loss: 130.3284 - mae: 8.6341
[1m 70/248[0m [32m━━━━━[0m[37m━━━━━━━━━━━━━━━[0m [1m4s[0m 26ms/step - loss: 130.1631 - mae: 8.6291
[1m 72/248[0m [32m━━━━━[0m[37m━━━━━━━━━━━━━━━[0m [1m4s[0m 26ms/step - loss: 129.9932 - mae: 8.6236
[1m 74/248[0m [32m━━━━━[0m[37m━━━━━━━━━━━━━━━[0m [1m4s[0m 26ms/step - loss: 129.8524 - mae: 8.6189
[1m 76/248[0m [32m━━━━━━[0m[37m━━━━━━━━━━━━━━[0m [1m4s[0m 26ms/step - loss: 129.7190 - mae: 8.6148
[1m 78/248[0m [32m━━━━━━[0m[37m━━━━━━━━━━━━━━[0m [1m4s[0m 26ms/step - loss: 129.5669 - mae: 8.6101
[1m 80/248[0m [32m━━━━━━[0m[37m━━━━━━━━━━━━━━[0m [1m4s[0m 26ms/step - loss: 129.4093 - mae: 8.6053
[1m 82/248[0m [32m━━━━━━[0m[37m━━━━━━━━━━━━━━[0m [1m4s[0m 26ms/step - loss: 129.2675 - mae: 8.6012
[1m 84/248[0m [32m━━━━━━[0m[37m━━━━━━━━━━━━━━[0m [1m4s[0m 26ms/step - loss: 129.1289 - mae: 8.5973
[1m 87/248[0m [32m━━━━━━━[0m[37m━━━━━━━━━━━━━[0m [1m4s[0m 26ms/step - loss: 128.9273 - mae: 8.5916
[1m 90/248[0m [32m━━━━━━━[0m[37m━━━━━━━━━━━━━[0m [1m4s[0m 26ms/step - loss: 128.7659 - mae: 8.5869
[1m 92/248[0m [32m━━━━━━━[0m[37m━━━━━━━━━━━━━[0m [1m4s[0m 26ms/step - loss: 128.6748 - mae: 8.5843
[1m 94/248[0m [32m━━━━━━━[0m[37m━━━━━━━━━━━━━[0m [1m3s[0m 26ms/step - loss: 128.5762 - mae: 8.5816
[1m 96/248[0m [32m━━━━━━━[0m[37m━━━━━━━━━━━━━[0m [1m3s[0m 26ms/step - loss: 128.4668 - mae: 8.5784
[1m 98/248[0m [32m━━━━━━━[0m[37m━━━━━━━━━━━━━[0m [1m3s[0m 26ms/step - loss: 128.3563 - mae: 8.5753
[1m100/248[0m [32m━━━━━━━━[0m[37m━━━━━━━━━━━━[0m [1m3s[0m 26ms/step - loss: 128.2487 - mae: 8.5725
[1m102/248[0m [32m━━━━━━━━[0m[37m━━━━━━━━━━━━[0m [1m3s[0m 26ms/step - loss: 128.1331 - mae: 8.5693
[1m105/248[0m [32m━━━━━━━━[0m[37m━━━━━━━━━━━━[0m [1m3s[0m 26ms/step - loss: 127.9565 - mae: 8.5645
[1m107/248[0m [32m━━━━━━━━[0m[37m━━━━━━━━━━━━[0m [1m3s[0m 26ms/step - loss: 127.8476 - mae: 8.5616
[1m110/248[0m [32m━━━━━━━━[0m[37m━━━━━━━━━━━━[0m [1m3s[0m 26ms/step - loss: 127.7061 - mae: 8.5578
[1m113/248[0m [32m━━━━━━━━━[0m[37m━━━━━━━━━━━[0m [1m3s[0m 26ms/step - loss: 127.5949 - mae: 8.5552
[1m115/248[0m [32m━━━━━━━━━[0m[37m━━━━━━━━━━━[0m [1m3s[0m 26ms/step - loss: 127.5211 - mae: 8.5535
[1m117/248[0m [32m━━━━━━━━━[0m[37m━━━━━━━━━━━[0m [1m3s[0m 26ms/step - loss: 127.4431 - mae: 8.5517
[1m120/248[0m [32m━━━━━━━━━[0m[37m━━━━━━━━━━━[0m [1m3s[0m 26ms/step - loss: 127.3310 - mae: 8.5489
[1m123/248[0m [32m━━━━━━━━━[0m[37m━━━━━━━━━━━[0m [1m3s[0m 26ms/step - loss: 127.2233 - mae: 8.5463
[1m126/248[0m [32m━━━━━━━━━━[0m[37m━━━━━━━━━━[0m [1m3s[0m 26ms/step - loss: 127.1185 - mae: 8.5438
[1m128/248[0m [32m━━━━━━━━━━[0m[37m━━━━━━━━━━[0m [1m3s[0m 26ms/step - loss: 127.0465 - mae: 8.5421
[1m130/248[0m [32m━━━━━━━━━━[0m[37m━━━━━━━━━━[0m [1m3s[0m 26ms/step - loss: 126.9758 - mae: 8.5405
[1m132/248[0m [32m━━━━━━━━━━[0m[37m━━━━━━━━━━[0m [1m2s[0m 26ms/step - loss: 126.9057 - mae: 8.5389
[1m134/248[0m [32m━━━━━━━━━━[0m[37m━━━━━━━━━━[0m [1m2s[0m 26ms/step - loss: 126.8363 - mae: 8.5372
[1m136/248[0m [32m━━━━━━━━━━[0m[37m━━━━━━━━━━[0m [1m2s[0m 26ms/step - loss: 126.7599 - mae: 8.5353
[1m139/248[0m [32m━━━━━━━━━━━[0m[37m━━━━━━━━━[0m [1m2s[0m 26ms/step - loss: 126.6422 - mae: 8.5323
[1m141/248[0m [32m━━━━━━━━━━━[0m[37m━━━━━━━━━[0m [1m2s[0m 26ms/step - loss: 126.5683 - mae: 8.5305
[1m143/248[0m [32m━━━━━━━━━━━[0m[37m━━━━━━━━━[0m [1m2s[0m 26ms/step - loss: 126.4985 - mae: 8.5288
[1m146/248[0m [32m━━━━━━━━━━━[0m[37m━━━━━━━━━[0m [1m2s[0m 26ms/step - loss: 126.4031 - mae: 8.5266
[1m148/248[0m [32m━━━━━━━━━━━[0m[37m━━━━━━━━━[0m [1m2s[0m 26ms/step - loss: 126.3406 - mae: 8.5252
[1m150/248[0m [32m━━━━━━━━━━━━[0m[37m━━━━━━━━[0m [1m2s[0m 26ms/step - loss: 126.2820 - mae: 8.5237
[1m152/248[0m [32m━━━━━━━━━━━━[0m[37m━━━━━━━━[0m [1m2s[0m 26ms/step - loss: 126.2275 - mae: 8.5225
[1m154/248[0m [32m━━━━━━━━━━━━[0m[37m━━━━━━━━[0m [1m2s[0m 26ms/step - loss: 126.1777 - mae: 8.5214
[1m156/248[0m [32m━━━━━━━━━━━━[0m[37m━━━━━━━━[0m [1m2s[0m 26ms/step - loss: 126.1307 - mae: 8.5203
[1m158/248[0m [32m━━━━━━━━━━━━[0m[37m━━━━━━━━[0m [1m2s[0m 26ms/step - loss: 126.0845 - mae: 8.5194
[1m160/248[0m [32m━━━━━━━━━━━━[0m[37m━━━━━━━━[0m [1m2s[0m 26ms/step - loss: 126.0424 - mae: 8.5185
[1m162/248[0m [32m━━━━━━━━━━━━━[0m[37m━━━━━━━[0m [1m2s[0m 26ms/step - loss: 126.0030 - mae: 8.5178
[1m164/248[0m [32m━━━━━━━━━━━━━[0m[37m━━━━━━━[0m [1m2s[0m 26ms/step - loss: 125.9653 - mae: 8.5170
[1m166/248[0m [32m━━━━━━━━━━━━━[0m[37m━━━━━━━[0m [1m2s[0m 26ms/step - loss: 125.9284 - mae: 8.5164
[1m168/248[0m [32m━━━━━━━━━━━━━[0m[37m━━━━━━━[0m [1m2s[0m 26ms/step - loss: 125.8935 - mae: 8.5157
[1m170/248[0m [32m━━━━━━━━━━━━━[0m[37m━━━━━━━[0m [1m2s[0m 26ms/step - loss: 125.8562 - mae: 8.5151
[1m172/248[0m [32m━━━━━━━━━━━━━[0m[37m━━━━━━━[0m [1m1s[0m 26ms/step - loss: 125.8160 - mae: 8.5143
[1m174/248[0m [32m━━━━━━━━━━━━━━[0m[37m━━━━━━[0m [1m1s[0m 26ms/step - loss: 125.7773 - mae: 8.5135
[1m176/248[0m [32m━━━━━━━━━━━━━━[0m[37m━━━━━━[0m [1m1s[0m 26ms/step - loss: 125.7400 - mae: 8.5128
[1m178/248[0m [32m━━━━━━━━━━━━━━[0m[37m━━━━━━[0m [1m1s[0m 26ms/step - loss: 125.7042 - mae: 8.5122
[1m180/248[0m [32m━━━━━━━━━━━━━━[0m[37m━━━━━━[0m [1m1s[0m 26ms/step - loss: 125.6665 - mae: 8.5115
[1m183/248[0m [32m━━━━━━━━━━━━━━[0m[37m━━━━━━[0m [1m1s[0m 26ms/step - loss: 125.6146 - mae: 8.5105
[1m185/248[0m [32m━━━━━━━━━━━━━━[0m[37m━━━━━━[0m [1m1s[0m 26ms/step - loss: 125.5788 - mae: 8.5098
[1m187/248[0m [32m━━━━━━━━━━━━━━━[0m[37m━━━━━[0m [1m1s[0m 26ms/step - loss: 125.5452 - mae: 8.5091
[1m189/248[0m [32m━━━━━━━━━━━━━━━[0m[37m━━━━━[0m [1m1s[0m 26ms/step - loss: 125.5142 - mae: 8.5086
[1m191/248[0m [32m━━━━━━━━━━━━━━━[0m[37m━━━━━[0m [1m1s[0m 26ms/step - loss: 125.4854 - mae: 8.5081
[1m193/248[0m [32m━━━━━━━━━━━━━━━[0m[37m━━━━━[0m [1m1s[0m 26ms/step - loss: 125.4592 - mae: 8.5077
[1m195/248[0m [32m━━━━━━━━━━━━━━━[0m[37m━━━━━[0m [1m1s[0m 26ms/step - loss: 125.4329 - mae: 8.5073
[1m197/248[0m [32m━━━━━━━━━━━━━━━[0m[37m━━━━━[0m [1m1s[0m 26ms/step - loss: 125.4098 - mae: 8.5071
[1m199/248[0m [32m━━━━━━━━━━━━━━━━[0m[37m━━━━[0m [1m1s[0m 26ms/step - loss: 125.3881 - mae: 8.5068
[1m201/248[0m [32m━━━━━━━━━━━━━━━━[0m[37m━━━━[0m [1m1s[0m 26ms/step - loss: 125.3673 - mae: 8.5066
[1m203/248[0m [32m━━━━━━━━━━━━━━━━[0m[37m━━━━[0m [1m1s[0m 26ms/step - loss: 125.3468 - mae: 8.5064
[1m205/248[0m [32m━━━━━━━━━━━━━━━━[0m[37m━━━━[0m [1m1s[0m 26ms/step - loss: 125.3240 - mae: 8.5060
[1m207/248[0m [32m━━━━━━━━━━━━━━━━[0m[37m━━━━[0m [1m1s[0m 26ms/step - loss: 125.3039 - mae: 8.5058
[1m209/248[0m [32m━━━━━━━━━━━━━━━━[0m[37m━━━━[0m [1m1s[0m 26ms/step - loss: 125.2840 - mae: 8.5056
[1m211/248[0m [32m━━━━━━━━━━━━━━━━━[0m[37m━━━[0m [1m0s[0m 26ms/step - loss: 125.2641 - mae: 8.5054
[1m213/248[0m [32m━━━━━━━━━━━━━━━━━[0m[37m━━━[0m [1m0s[0m 26ms/step - loss: 125.2437 - mae: 8.5051
[1m215/248[0m [32m━━━━━━━━━━━━━━━━━[0m[37m━━━[0m [1m0s[0m 26ms/step - loss: 125.2223 - mae: 8.5048
[1m218/248[0m [32m━━━━━━━━━━━━━━━━━[0m[37m━━━[0m [1m0s[0m 26ms/step - loss: 125.1896 - mae: 8.5042
[1m221/248[0m [32m━━━━━━━━━━━━━━━━━[0m[37m━━━[0m [1m0s[0m 26ms/step - loss: 125.1545 - mae: 8.5036
[1m224/248[0m [32m━━━━━━━━━━━━━━━━━━[0m[37m━━[0m [1m0s[0m 26ms/step - loss: 125.1199 - mae: 8.5030
[1m227/248[0m [32m━━━━━━━━━━━━━━━━━━[0m[37m━━[0m [1m0s[0m 26ms/step - loss: 125.0877 - mae: 8.5024
[1m230/248[0m [32m━━━━━━━━━━━━━━━━━━[0m[37m━━[0m [1m0s[0m 26ms/step - loss: 125.0518 - mae: 8.5017
[1m232/248[0m [32m━━━━━━━━━━━━━━━━━━[0m[37m━━[0m [1m0s[0m 26ms/step - loss: 125.0269 - mae: 8.5012
[1m234/248[0m [32m━━━━━━━━━━━━━━━━━━[0m[37m━━[0m [1m0s[0m 26ms/step - loss: 125.0004 - mae: 8.5006
[1m236/248[0m [32m━━━━━━━━━━━━━━━━━━━[0m[37m━[0m [1m0s[0m 26ms/step - loss: 124.9751 - mae: 8.5000
[1m238/248[0m [32m━━━━━━━━━━━━━━━━━━━[0m[37m━[0m [1m0s[0m 26ms/step - loss: 124.9521 - mae: 8.4995
[1m240/248[0m [32m━━━━━━━━━━━━━━━━━━━[0m[37m━[0m [1m0s[0m 26ms/step - loss: 124.9301 - mae: 8.4991
[1m242/248[0m [32m━━━━━━━━━━━━━━━━━━━[0m[37m━[0m [1m0s[0m 26ms/step - loss: 124.9075 - mae: 8.4986
[1m244/248[0m [32m━━━━━━━━━━━━━━━━━━━[0m[37m━[0m [1m0s[0m 26ms/step - loss: 124.8854 - mae: 8.4982
[1m246/248[0m [32m━━━━━━━━━━━━━━━━━━━[0m[37m━[0m [1m0s[0m 26ms/step - loss: 124.8633 - mae: 8.4977
Epoch 15: val_loss did not improve from 148.95491

[1m248/248[0m [32m━━━━━━━━━━━━━━━━━━━━[0m[37m[0m [1m7s[0m 27ms/step - loss: 124.8309 - mae: 8.4971 - val_loss: 220.8310 - val_mae: 10.7335 - learning_rate: 2.5000e-04
Epoch 16/75

[1m  1/248[0m [37m━━━━━━━━━━━━━━━━━━━━[0m [1m11s[0m 46ms/step - loss: 116.9001 - mae: 8.4019
[1m  3/248[0m [37m━━━━━━━━━━━━━━━━━━━━[0m [1m6s[0m 27ms/step - loss: 108.1938 - mae: 8.0384 
[1m  5/248[0m [37m━━━━━━━━━━━━━━━━━━━━[0m [1m6s[0m 26ms/step - loss: 111.9007 - mae: 8.1104
[1m  7/248[0m [37m━━━━━━━━━━━━━━━━━━━━[0m [1m6s[0m 26ms/step - loss: 118.8611 - mae: 8.3086
[1m  9/248[0m [37m━━━━━━━━━━━━━━━━━━━━[0m [1m6s[0m 26ms/step - loss: 121.7274 - mae: 8.3989
[1m 11/248[0m [37m━━━━━━━━━━━━━━━━━━━━[0m [1m6s[0m 26ms/step - loss: 123.9019 - mae: 8.4651
[1m 13/248[0m [32m━[0m[37m━━━━━━━━━━━━━━━━━━━[0m [1m6s[0m 26ms/step - loss: 125.3886 - mae: 8.5173
[1m 15/248[0m [32m━[0m[37m━━━━━━━━━━━━━━━━━━━[0m [1m6s[0m 26ms/step - loss: 126.5626 - mae: 8.5648
[1m 17/248[0m [32m━[0m[37m━━━━━━━━━━━━━━━━━━━[0m [1m6s[0m 26ms/step - loss: 127.1586 - mae: 8.5860
[1m 19/248[0m [32m━[0m[37m━━━━━━━━━━━━━━━━━━━[0m [1m5s[0m 26ms/step - loss: 127.5330 - mae: 8.5997
[1m 21/248[0m [32m━[0m[37m━━━━━━━━━━━━━━━━━━━[0m [1m5s[0m 26ms/step - loss: 127.6835 - mae: 8.6084
[1m 24/248[0m [32m━[0m[37m━━━━━━━━━━━━━━━━━━━[0m [1m5s[0m 26ms/step - loss: 127.7399 - mae: 8.6149
[1m 27/248[0m [32m━━[0m[37m━━━━━━━━━━━━━━━━━━[0m [1m5s[0m 26ms/step - loss: 127.4009 - mae: 8.6064
[1m 29/248[0m [32m━━[0m[37m━━━━━━━━━━━━━━━━━━[0m [1m5s[0m 26ms/step - loss: 127.1590 - mae: 8.5998
[1m 31/248[0m [32m━━[0m[37m━━━━━━━━━━━━━━━━━━[0m [1m5s[0m 26ms/step - loss: 126.9557 - mae: 8.5940
[1m 33/248[0m [32m━━[0m[37m━━━━━━━━━━━━━━━━━━[0m [1m5s[0m 26ms/step - loss: 126.7455 - mae: 8.5883
[1m 35/248[0m [32m━━[0m[37m━━━━━━━━━━━━━━━━━━[0m [1m5s[0m 26ms/step - loss: 126.4891 - mae: 8.5790
[1m 37/248[0m [32m━━[0m[37m━━━━━━━━━━━━━━━━━━[0m [1m5s[0m 26ms/step - loss: 126.2213 - mae: 8.5693
[1m 39/248[0m [32m━━━[0m[37m━━━━━━━━━━━━━━━━━[0m [1m5s[0m 26ms/step - loss: 125.9815 - mae: 8.5611
[1m 41/248[0m [32m━━━[0m[37m━━━━━━━━━━━━━━━━━[0m [1m5s[0m 26ms/step - loss: 125.7323 - mae: 8.5519
[1m 43/248[0m [32m━━━[0m[37m━━━━━━━━━━━━━━━━━[0m [1m5s[0m 26ms/step - loss: 125.4463 - mae: 8.5420
[1m 45/248[0m [32m━━━[0m[37m━━━━━━━━━━━━━━━━━[0m [1m5s[0m 26ms/step - loss: 125.1635 - mae: 8.5322
[1m 47/248[0m [32m━━━[0m[37m━━━━━━━━━━━━━━━━━[0m [1m5s[0m 26ms/step - loss: 124.8879 - mae: 8.5224
[1m 49/248[0m [32m━━━[0m[37m━━━━━━━━━━━━━━━━━[0m [1m5s[0m 26ms/step - loss: 124.6760 - mae: 8.5148
[1m 51/248[0m [32m━━━━[0m[37m━━━━━━━━━━━━━━━━[0m [1m5s[0m 26ms/step - loss: 124.4647 - mae: 8.5074
[1m 53/248[0m [32m━━━━[0m[37m━━━━━━━━━━━━━━━━[0m [1m5s[0m 26ms/step - loss: 124.2807 - mae: 8.5012
[1m 55/248[0m [32m━━━━[0m[37m━━━━━━━━━━━━━━━━[0m [1m5s[0m 26ms/step - loss: 124.1475 - mae: 8.4966
[1m 57/248[0m [32m━━━━[0m[37m━━━━━━━━━━━━━━━━[0m [1m5s[0m 26ms/step - loss: 124.0250 - mae: 8.4921
[1m 59/248[0m [32m━━━━[0m[37m━━━━━━━━━━━━━━━━[0m [1m4s[0m 26ms/step - loss: 123.9197 - mae: 8.4883
[1m 61/248[0m [32m━━━━[0m[37m━━━━━━━━━━━━━━━━[0m [1m4s[0m 26ms/step - loss: 123.7989 - mae: 8.4838
[1m 63/248[0m [32m━━━━━[0m[37m━━━━━━━━━━━━━━━[0m [1m4s[0m 26ms/step - loss: 123.6920 - mae: 8.4798
[1m 65/248[0m [32m━━━━━[0m[37m━━━━━━━━━━━━━━━[0m [1m4s[0m 26ms/step - loss: 123.6294 - mae: 8.4769
[1m 67/248[0m [32m━━━━━[0m[37m━━━━━━━━━━━━━━━[0m [1m4s[0m 26ms/step - loss: 123.5555 - mae: 8.4733
[1m 69/248[0m [32m━━━━━[0m[37m━━━━━━━━━━━━━━━[0m [1m4s[0m 26ms/step - loss: 123.4687 - mae: 8.4696
[1m 71/248[0m [32m━━━━━[0m[37m━━━━━━━━━━━━━━━[0m [1m4s[0m 26ms/step - loss: 123.3704 - mae: 8.4653
[1m 73/248[0m [32m━━━━━[0m[37m━━━━━━━━━━━━━━━[0m [1m4s[0m 26ms/step - loss: 123.2756 - mae: 8.4611
[1m 75/248[0m [32m━━━━━━[0m[37m━━━━━━━━━━━━━━[0m [1m4s[0m 26ms/step - loss: 123.1974 - mae: 8.4578
[1m 77/248[0m [32m━━━━━━[0m[37m━━━━━━━━━━━━━━[0m [1m4s[0m 26ms/step - loss: 123.1187 - mae: 8.4546
[1m 79/248[0m [32m━━━━━━[0m[37m━━━━━━━━━━━━━━[0m [1m4s[0m 26ms/step - loss: 123.0289 - mae: 8.4511
[1m 81/248[0m [32m━━━━━━[0m[37m━━━━━━━━━━━━━━[0m [1m4s[0m 26ms/step - loss: 122.9425 - mae: 8.4479
[1m 83/248[0m [32m━━━━━━[0m[37m━━━━━━━━━━━━━━[0m [1m4s[0m 26ms/step - loss: 122.8620 - mae: 8.4448
[1m 85/248[0m [32m━━━━━━[0m[37m━━━━━━━━━━━━━━[0m [1m4s[0m 26ms/step - loss: 122.7783 - mae: 8.4416
[1m 87/248[0m [32m━━━━━━━[0m[37m━━━━━━━━━━━━━[0m [1m4s[0m 26ms/step - loss: 122.6984 - mae: 8.4386
[1m 89/248[0m [32m━━━━━━━[0m[37m━━━━━━━━━━━━━[0m [1m4s[0m 26ms/step - loss: 122.6405 - mae: 8.4361
[1m 91/248[0m [32m━━━━━━━[0m[37m━━━━━━━━━━━━━[0m [1m4s[0m 26ms/step - loss: 122.5915 - mae: 8.4342
[1m 93/248[0m [32m━━━━━━━[0m[37m━━━━━━━━━━━━━[0m [1m4s[0m 26ms/step - loss: 122.5446 - mae: 8.4326
[1m 95/248[0m [32m━━━━━━━[0m[37m━━━━━━━━━━━━━[0m [1m4s[0m 26ms/step - loss: 122.4910 - mae: 8.4308
[1m 97/248[0m [32m━━━━━━━[0m[37m━━━━━━━━━━━━━[0m [1m3s[0m 26ms/step - loss: 122.4366 - mae: 8.4290
[1m 99/248[0m [32m━━━━━━━[0m[37m━━━━━━━━━━━━━[0m [1m3s[0m 26ms/step - loss: 122.3812 - mae: 8.4272
[1m101/248[0m [32m━━━━━━━━[0m[37m━━━━━━━━━━━━[0m [1m3s[0m 26ms/step - loss: 122.3240 - mae: 8.4254
[1m103/248[0m [32m━━━━━━━━[0m[37m━━━━━━━━━━━━[0m [1m3s[0m 26ms/step - loss: 122.2599 - mae: 8.4235
[1m105/248[0m [32m━━━━━━━━[0m[37m━━━━━━━━━━━━[0m [1m3s[0m 26ms/step - loss: 122.1960 - mae: 8.4217
[1m107/248[0m [32m━━━━━━━━[0m[37m━━━━━━━━━━━━[0m [1m3s[0m 26ms/step - loss: 122.1245 - mae: 8.4196
[1m109/248[0m [32m━━━━━━━━[0m[37m━━━━━━━━━━━━[0m [1m3s[0m 26ms/step - loss: 122.0622 - mae: 8.4177
[1m111/248[0m [32m━━━━━━━━[0m[37m━━━━━━━━━━━━[0m [1m3s[0m 26ms/step - loss: 122.0100 - mae: 8.4160
[1m114/248[0m [32m━━━━━━━━━[0m[37m━━━━━━━━━━━[0m [1m3s[0m 26ms/step - loss: 121.9282 - mae: 8.4135
[1m116/248[0m [32m━━━━━━━━━[0m[37m━━━━━━━━━━━[0m [1m3s[0m 26ms/step - loss: 121.8693 - mae: 8.4116
[1m119/248[0m [32m━━━━━━━━━[0m[37m━━━━━━━━━━━[0m [1m3s[0m 26ms/step - loss: 121.7924 - mae: 8.4093
[1m122/248[0m [32m━━━━━━━━━[0m[37m━━━━━━━━━━━[0m [1m3s[0m 26ms/step - loss: 121.7190 - mae: 8.4071
[1m124/248[0m [32m━━━━━━━━━━[0m[37m━━━━━━━━━━[0m [1m3s[0m 26ms/step - loss: 121.6639 - mae: 8.4054
[1m127/248[0m [32m━━━━━━━━━━[0m[37m━━━━━━━━━━[0m [1m3s[0m 26ms/step - loss: 121.5891 - mae: 8.4031
[1m130/248[0m [32m━━━━━━━━━━[0m[37m━━━━━━━━━━[0m [1m3s[0m 26ms/step - loss: 121.5150 - mae: 8.4007
[1m133/248[0m [32m━━━━━━━━━━[0m[37m━━━━━━━━━━[0m [1m2s[0m 26ms/step - loss: 121.4339 - mae: 8.3979
[1m136/248[0m [32m━━━━━━━━━━[0m[37m━━━━━━━━━━[0m [1m2s[0m 26ms/step - loss: 121.3437 - mae: 8.3948
[1m139/248[0m [32m━━━━━━━━━━━[0m[37m━━━━━━━━━[0m [1m2s[0m 26ms/step - loss: 121.2523 - mae: 8.3916
[1m142/248[0m [32m━━━━━━━━━━━[0m[37m━━━━━━━━━[0m [1m2s[0m 26ms/step - loss: 121.1661 - mae: 8.3886
[1m145/248[0m [32m━━━━━━━━━━━[0m[37m━━━━━━━━━[0m [1m2s[0m 26ms/step - loss: 121.0794 - mae: 8.3856
[1m148/248[0m [32m━━━━━━━━━━━[0m[37m━━━━━━━━━[0m [1m2s[0m 26ms/step - loss: 120.9983 - mae: 8.3828
[1m151/248[0m [32m━━━━━━━━━━━━[0m[37m━━━━━━━━[0m [1m2s[0m 26ms/step - loss: 120.9196 - mae: 8.3801
[1m153/248[0m [32m━━━━━━━━━━━━[0m[37m━━━━━━━━[0m [1m2s[0m 26ms/step - loss: 120.8657 - mae: 8.3783
[1m155/248[0m [32m━━━━━━━━━━━━[0m[37m━━━━━━━━[0m [1m2s[0m 26ms/step - loss: 120.8172 - mae: 8.3767
[1m157/248[0m [32m━━━━━━━━━━━━[0m[37m━━━━━━━━[0m [1m2s[0m 26ms/step - loss: 120.7685 - mae: 8.3751
[1m159/248[0m [32m━━━━━━━━━━━━[0m[37m━━━━━━━━[0m [1m2s[0m 26ms/step - loss: 120.7224 - mae: 8.3735
[1m161/248[0m [32m━━━━━━━━━━━━[0m[37m━━━━━━━━[0m [1m2s[0m 26ms/step - loss: 120.6790 - mae: 8.3720
[1m163/248[0m [32m━━━━━━━━━━━━━[0m[37m━━━━━━━[0m [1m2s[0m 26ms/step - loss: 120.6393 - mae: 8.3706
[1m166/248[0m [32m━━━━━━━━━━━━━[0m[37m━━━━━━━[0m [1m2s[0m 26ms/step - loss: 120.5796 - mae: 8.3686
[1m168/248[0m [32m━━━━━━━━━━━━━[0m[37m━━━━━━━[0m [1m2s[0m 26ms/step - loss: 120.5443 - mae: 8.3674
[1m170/248[0m [32m━━━━━━━━━━━━━[0m[37m━━━━━━━[0m [1m2s[0m 26ms/step - loss: 120.5081 - mae: 8.3662
[1m172/248[0m [32m━━━━━━━━━━━━━[0m[37m━━━━━━━[0m [1m1s[0m 26ms/step - loss: 120.4699 - mae: 8.3650
[1m174/248[0m [32m━━━━━━━━━━━━━━[0m[37m━━━━━━[0m [1m1s[0m 26ms/step - loss: 120.4321 - mae: 8.3638
[1m176/248[0m [32m━━━━━━━━━━━━━━[0m[37m━━━━━━[0m [1m1s[0m 26ms/step - loss: 120.3959 - mae: 8.3626
[1m178/248[0m [32m━━━━━━━━━━━━━━[0m[37m━━━━━━[0m [1m1s[0m 26ms/step - loss: 120.3617 - mae: 8.3615
[1m180/248[0m [32m━━━━━━━━━━━━━━[0m[37m━━━━━━[0m [1m1s[0m 26ms/step - loss: 120.3256 - mae: 8.3602
[1m182/248[0m [32m━━━━━━━━━━━━━━[0m[37m━━━━━━[0m [1m1s[0m 26ms/step - loss: 120.2916 - mae: 8.3591
[1m184/248[0m [32m━━━━━━━━━━━━━━[0m[37m━━━━━━[0m [1m1s[0m 26ms/step - loss: 120.2612 - mae: 8.3580
[1m186/248[0m [32m━━━━━━━━━━━━━━━[0m[37m━━━━━[0m [1m1s[0m 26ms/step - loss: 120.2276 - mae: 8.3568
[1m188/248[0m [32m━━━━━━━━━━━━━━━[0m[37m━━━━━[0m [1m1s[0m 26ms/step - loss: 120.1953 - mae: 8.3557
[1m190/248[0m [32m━━━━━━━━━━━━━━━[0m[37m━━━━━[0m [1m1s[0m 26ms/step - loss: 120.1625 - mae: 8.3546
[1m192/248[0m [32m━━━━━━━━━━━━━━━[0m[37m━━━━━[0m [1m1s[0m 26ms/step - loss: 120.1300 - mae: 8.3534
[1m194/248[0m [32m━━━━━━━━━━━━━━━[0m[37m━━━━━[0m [1m1s[0m 26ms/step - loss: 120.0965 - mae: 8.3521
[1m197/248[0m [32m━━━━━━━━━━━━━━━[0m[37m━━━━━[0m [1m1s[0m 26ms/step - loss: 120.0433 - mae: 8.3501
[1m200/248[0m [32m━━━━━━━━━━━━━━━━[0m[37m━━━━[0m [1m1s[0m 26ms/step - loss: 119.9905 - mae: 8.3482
[1m202/248[0m [32m━━━━━━━━━━━━━━━━[0m[37m━━━━[0m [1m1s[0m 26ms/step - loss: 119.9558 - mae: 8.3469
[1m204/248[0m [32m━━━━━━━━━━━━━━━━[0m[37m━━━━[0m [1m1s[0m 26ms/step - loss: 119.9216 - mae: 8.3457
[1m206/248[0m [32m━━━━━━━━━━━━━━━━[0m[37m━━━━[0m [1m1s[0m 26ms/step - loss: 119.8878 - mae: 8.3445
[1m208/248[0m [32m━━━━━━━━━━━━━━━━[0m[37m━━━━[0m [1m1s[0m 26ms/step - loss: 119.8555 - mae: 8.3433
[1m210/248[0m [32m━━━━━━━━━━━━━━━━[0m[37m━━━━[0m [1m0s[0m 26ms/step - loss: 119.8266 - mae: 8.3424
[1m212/248[0m [32m━━━━━━━━━━━━━━━━━[0m[37m━━━[0m [1m0s[0m 26ms/step - loss: 119.7976 - mae: 8.3413
[1m214/248[0m [32m━━━━━━━━━━━━━━━━━[0m[37m━━━[0m [1m0s[0m 26ms/step - loss: 119.7660 - mae: 8.3402
[1m216/248[0m [32m━━━━━━━━━━━━━━━━━[0m[37m━━━[0m [1m0s[0m 26ms/step - loss: 119.7331 - mae: 8.3391
[1m218/248[0m [32m━━━━━━━━━━━━━━━━━[0m[37m━━━[0m [1m0s[0m 26ms/step - loss: 119.6986 - mae: 8.3379
[1m220/248[0m [32m━━━━━━━━━━━━━━━━━[0m[37m━━━[0m [1m0s[0m 26ms/step - loss: 119.6629 - mae: 8.3366
[1m222/248[0m [32m━━━━━━━━━━━━━━━━━[0m[37m━━━[0m [1m0s[0m 26ms/step - loss: 119.6274 - mae: 8.3354
[1m224/248[0m [32m━━━━━━━━━━━━━━━━━━[0m[37m━━[0m [1m0s[0m 26ms/step - loss: 119.5939 - mae: 8.3343
[1m226/248[0m [32m━━━━━━━━━━━━━━━━━━[0m[37m━━[0m [1m0s[0m 26ms/step - loss: 119.5611 - mae: 8.3332
[1m228/248[0m [32m━━━━━━━━━━━━━━━━━━[0m[37m━━[0m [1m0s[0m 26ms/step - loss: 119.5288 - mae: 8.3322
[1m230/248[0m [32m━━━━━━━━━━━━━━━━━━[0m[37m━━[0m [1m0s[0m 26ms/step - loss: 119.4971 - mae: 8.3311
[1m232/248[0m [32m━━━━━━━━━━━━━━━━━━[0m[37m━━[0m [1m0s[0m 26ms/step - loss: 119.4644 - mae: 8.3300
[1m234/248[0m [32m━━━━━━━━━━━━━━━━━━[0m[37m━━[0m [1m0s[0m 26ms/step - loss: 119.4294 - mae: 8.3289
[1m236/248[0m [32m━━━━━━━━━━━━━━━━━━━[0m[37m━[0m [1m0s[0m 26ms/step - loss: 119.3960 - mae: 8.3278
[1m238/248[0m [32m━━━━━━━━━━━━━━━━━━━[0m[37m━[0m [1m0s[0m 26ms/step - loss: 119.3647 - mae: 8.3267
[1m241/248[0m [32m━━━━━━━━━━━━━━━━━━━[0m[37m━[0m [1m0s[0m 26ms/step - loss: 119.3168 - mae: 8.3251
[1m243/248[0m [32m━━━━━━━━━━━━━━━━━━━[0m[37m━[0m [1m0s[0m 26ms/step - loss: 119.2849 - mae: 8.3240
[1m245/248[0m [32m━━━━━━━━━━━━━━━━━━━[0m[37m━[0m [1m0s[0m 26ms/step - loss: 119.2521 - mae: 8.3228
[1m247/248[0m [32m━━━━━━━━━━━━━━━━━━━[0m[37m━[0m [1m0s[0m 26ms/step - loss: 119.2190 - mae: 8.3217
Epoch 16: val_loss did not improve from 148.95491

[1m248/248[0m [32m━━━━━━━━━━━━━━━━━━━━[0m[37m[0m [1m7s[0m 28ms/step - loss: 119.1876 - mae: 8.3205 - val_loss: 204.8143 - val_mae: 9.8465 - learning_rate: 2.5000e-04
Epoch 17/75

[1m  1/248[0m [37m━━━━━━━━━━━━━━━━━━━━[0m [1m11s[0m 48ms/step - loss: 183.7436 - mae: 9.9245
[1m  3/248[0m [37m━━━━━━━━━━━━━━━━━━━━[0m [1m6s[0m 27ms/step - loss: 145.8722 - mae: 8.9257 
[1m  5/248[0m [37m━━━━━━━━━━━━━━━━━━━━[0m [1m6s[0m 26ms/step - loss: 136.4004 - mae: 8.7281
[1m  7/248[0m [37m━━━━━━━━━━━━━━━━━━━━[0m [1m6s[0m 26ms/step - loss: 135.2898 - mae: 8.7691
[1m  9/248[0m [37m━━━━━━━━━━━━━━━━━━━━[0m [1m6s[0m 26ms/step - loss: 134.0023 - mae: 8.7813
[1m 11/248[0m [37m━━━━━━━━━━━━━━━━━━━━[0m [1m6s[0m 26ms/step - loss: 133.4776 - mae: 8.7920
[1m 13/248[0m [32m━[0m[37m━━━━━━━━━━━━━━━━━━━[0m [1m6s[0m 26ms/step - loss: 132.2769 - mae: 8.7755
[1m 15/248[0m [32m━[0m[37m━━━━━━━━━━━━━━━━━━━[0m [1m6s[0m 27ms/step - loss: 131.1256 - mae: 8.7541
[1m 17/248[0m [32m━[0m[37m━━━━━━━━━━━━━━━━━━━[0m [1m6s[0m 27ms/step - loss: 130.1977 - mae: 8.7320
[1m 19/248[0m [32m━[0m[37m━━━━━━━━━━━━━━━━━━━[0m [1m6s[0m 27ms/step - loss: 129.2167 - mae: 8.6999
[1m 21/248[0m [32m━[0m[37m━━━━━━━━━━━━━━━━━━━[0m [1m6s[0m 27ms/step - loss: 128.2889 - mae: 8.6689
[1m 23/248[0m [32m━[0m[37m━━━━━━━━━━━━━━━━━━━[0m [1m6s[0m 27ms/step - loss: 127.3605 - mae: 8.6394
[1m 25/248[0m [32m━━[0m[37m━━━━━━━━━━━━━━━━━━[0m [1m6s[0m 27ms/step - loss: 126.3812 - mae: 8.6079
[1m 27/248[0m [32m━━[0m[37m━━━━━━━━━━━━━━━━━━[0m [1m5s[0m 27ms/step - loss: 125.4071 - mae: 8.5757
[1m 29/248[0m [32m━━[0m[37m━━━━━━━━━━━━━━━━━━[0m [1m5s[0m 27ms/step - loss: 124.5738 - mae: 8.5473
[1m 31/248[0m [32m━━[0m[37m━━━━━━━━━━━━━━━━━━[0m [1m5s[0m 27ms/step - loss: 123.8973 - mae: 8.5252
[1m 33/248[0m [32m━━[0m[37m━━━━━━━━━━━━━━━━━━[0m [1m5s[0m 27ms/step - loss: 123.3395 - mae: 8.5064
[1m 35/248[0m [32m━━[0m[37m━━━━━━━━━━━━━━━━━━[0m [1m5s[0m 27ms/step - loss: 122.7931 - mae: 8.4880
[1m 37/248[0m [32m━━[0m[37m━━━━━━━━━━━━━━━━━━[0m [1m5s[0m 27ms/step - loss: 122.2452 - mae: 8.4687
[1m 39/248[0m [32m━━━[0m[37m━━━━━━━━━━━━━━━━━[0m [1m5s[0m 27ms/step - loss: 121.7656 - mae: 8.4512
[1m 41/248[0m [32m━━━[0m[37m━━━━━━━━━━━━━━━━━[0m [1m5s[0m 27ms/step - loss: 121.3451 - mae: 8.4354
[1m 43/248[0m [32m━━━[0m[37m━━━━━━━━━━━━━━━━━[0m [1m5s[0m 27ms/step - loss: 120.9651 - mae: 8.4211
[1m 45/248[0m [32m━━━[0m[37m━━━━━━━━━━━━━━━━━[0m [1m5s[0m 27ms/step - loss: 120.6016 - mae: 8.4077
[1m 47/248[0m [32m━━━[0m[37m━━━━━━━━━━━━━━━━━[0m [1m5s[0m 27ms/step - loss: 120.2268 - mae: 8.3939
[1m 49/248[0m [32m━━━[0m[37m━━━━━━━━━━━━━━━━━[0m [1m5s[0m 27ms/step - loss: 119.8873 - mae: 8.3815
[1m 51/248[0m [32m━━━━[0m[37m━━━━━━━━━━━━━━━━[0m [1m5s[0m 27ms/step - loss: 119.5727 - mae: 8.3697
[1m 53/248[0m [32m━━━━[0m[37m━━━━━━━━━━━━━━━━[0m [1m5s[0m 27ms/step - loss: 119.2567 - mae: 8.3583
[1m 55/248[0m [32m━━━━[0m[37m━━━━━━━━━━━━━━━━[0m [1m5s[0m 27ms/step - loss: 119.0117 - mae: 8.3485
[1m 57/248[0m [32m━━━━[0m[37m━━━━━━━━━━━━━━━━[0m [1m5s[0m 27ms/step - loss: 118.7792 - mae: 8.3388
[1m 59/248[0m [32m━━━━[0m[37m━━━━━━━━━━━━━━━━[0m [1m5s[0m 27ms/step - loss: 118.5762 - mae: 8.3304
[1m 61/248[0m [32m━━━━[0m[37m━━━━━━━━━━━━━━━━[0m [1m4s[0m 27ms/step - loss: 118.3664 - mae: 8.3215
[1m 63/248[0m [32m━━━━━[0m[37m━━━━━━━━━━━━━━━[0m [1m4s[0m 27ms/step - loss: 118.1658 - mae: 8.3129
[1m 65/248[0m [32m━━━━━[0m[37m━━━━━━━━━━━━━━━[0m [1m4s[0m 27ms/step - loss: 118.0228 - mae: 8.3062
[1m 67/248[0m [32m━━━━━[0m[37m━━━━━━━━━━━━━━━[0m [1m4s[0m 27ms/step - loss: 117.8986 - mae: 8.3003
[1m 69/248[0m [32m━━━━━[0m[37m━━━━━━━━━━━━━━━[0m [1m4s[0m 27ms/step - loss: 117.7942 - mae: 8.2950
[1m 71/248[0m [32m━━━━━[0m[37m━━━━━━━━━━━━━━━[0m [1m4s[0m 27ms/step - loss: 117.6762 - mae: 8.2893
[1m 73/248[0m [32m━━━━━[0m[37m━━━━━━━━━━━━━━━[0m [1m4s[0m 27ms/step - loss: 117.5642 - mae: 8.2838
[1m 75/248[0m [32m━━━━━━[0m[37m━━━━━━━━━━━━━━[0m [1m4s[0m 27ms/step - loss: 117.4736 - mae: 8.2791
[1m 77/248[0m [32m━━━━━━[0m[37m━━━━━━━━━━━━━━[0m [1m4s[0m 27ms/step - loss: 117.3660 - mae: 8.2741
[1m 79/248[0m [32m━━━━━━[0m[37m━━━━━━━━━━━━━━[0m [1m4s[0m 27ms/step - loss: 117.2457 - mae: 8.2685
[1m 81/248[0m [32m━━━━━━[0m[37m━━━━━━━━━━━━━━[0m [1m4s[0m 27ms/step - loss: 117.1285 - mae: 8.2631
[1m 83/248[0m [32m━━━━━━[0m[37m━━━━━━━━━━━━━━[0m [1m4s[0m 27ms/step - loss: 117.0151 - mae: 8.2577
[1m 85/248[0m [32m━━━━━━[0m[37m━━━━━━━━━━━━━━[0m [1m4s[0m 27ms/step - loss: 116.9013 - mae: 8.2525
[1m 87/248[0m [32m━━━━━━━[0m[37m━━━━━━━━━━━━━[0m [1m4s[0m 27ms/step - loss: 116.7909 - mae: 8.2475
[1m 89/248[0m [32m━━━━━━━[0m[37m━━━━━━━━━━━━━[0m [1m4s[0m 27ms/step - loss: 116.6892 - mae: 8.2428
[1m 90/248[0m [32m━━━━━━━[0m[37m━━━━━━━━━━━━━[0m [1m4s[0m 27ms/step - loss: 116.6430 - mae: 8.2407
[1m 92/248[0m [32m━━━━━━━[0m[37m━━━━━━━━━━━━━[0m [1m4s[0m 27ms/step - loss: 116.5563 - mae: 8.2366
[1m 94/248[0m [32m━━━━━━━[0m[37m━━━━━━━━━━━━━[0m [1m4s[0m 27ms/step - loss: 116.4803 - mae: 8.2331
[1m 96/248[0m [32m━━━━━━━[0m[37m━━━━━━━━━━━━━[0m [1m4s[0m 27ms/step - loss: 116.4077 - mae: 8.2298
[1m 98/248[0m [32m━━━━━━━[0m[37m━━━━━━━━━━━━━[0m [1m4s[0m 27ms/step - loss: 116.3254 - mae: 8.2263
[1m100/248[0m [32m━━━━━━━━[0m[37m━━━━━━━━━━━━[0m [1m3s[0m 27ms/step - loss: 116.2397 - mae: 8.2228
[1m102/248[0m [32m━━━━━━━━[0m[37m━━━━━━━━━━━━[0m [1m3s[0m 27ms/step - loss: 116.1437 - mae: 8.2189
[1m104/248[0m [32m━━━━━━━━[0m[37m━━━━━━━━━━━━[0m [1m3s[0m 27ms/step - loss: 116.0526 - mae: 8.2152
[1m106/248[0m [32m━━━━━━━━[0m[37m━━━━━━━━━━━━[0m [1m3s[0m 27ms/step - loss: 115.9618 - mae: 8.2117
[1m108/248[0m [32m━━━━━━━━[0m[37m━━━━━━━━━━━━[0m [1m3s[0m 27ms/step - loss: 115.8672 - mae: 8.2079
[1m110/248[0m [32m━━━━━━━━[0m[37m━━━━━━━━━━━━[0m [1m3s[0m 27ms/step - loss: 115.7836 - mae: 8.2046
[1m112/248[0m [32m━━━━━━━━━[0m[37m━━━━━━━━━━━[0m [1m3s[0m 27ms/step - loss: 115.6973 - mae: 8.2012
[1m114/248[0m [32m━━━━━━━━━[0m[37m━━━━━━━━━━━[0m [1m3s[0m 27ms/step - loss: 115.6058 - mae: 8.1976
[1m116/248[0m [32m━━━━━━━━━[0m[37m━━━━━━━━━━━[0m [1m3s[0m 27ms/step - loss: 115.5176 - mae: 8.1942
[1m118/248[0m [32m━━━━━━━━━[0m[37m━━━━━━━━━━━[0m [1m3s[0m 27ms/step - loss: 115.4336 - mae: 8.1909
[1m120/248[0m [32m━━━━━━━━━[0m[37m━━━━━━━━━━━[0m [1m3s[0m 27ms/step - loss: 115.3533 - mae: 8.1877
[1m122/248[0m [32m━━━━━━━━━[0m[37m━━━━━━━━━━━[0m [1m3s[0m 27ms/step - loss: 115.2717 - mae: 8.1844
[1m124/248[0m [32m━━━━━━━━━━[0m[37m━━━━━━━━━━[0m [1m3s[0m 27ms/step - loss: 115.1870 - mae: 8.1810
[1m126/248[0m [32m━━━━━━━━━━[0m[37m━━━━━━━━━━[0m [1m3s[0m 27ms/step - loss: 115.1051 - mae: 8.1777
[1m128/248[0m [32m━━━━━━━━━━[0m[37m━━━━━━━━━━[0m [1m3s[0m 27ms/step - loss: 115.0227 - mae: 8.1744
[1m130/248[0m [32m━━━━━━━━━━[0m[37m━━━━━━━━━━[0m [1m3s[0m 27ms/step - loss: 114.9436 - mae: 8.1712
[1m132/248[0m [32m━━━━━━━━━━[0m[37m━━━━━━━━━━[0m [1m3s[0m 27ms/step - loss: 114.8660 - mae: 8.1680
[1m134/248[0m [32m━━━━━━━━━━[0m[37m━━━━━━━━━━[0m [1m3s[0m 27ms/step - loss: 114.7892 - mae: 8.1649
[1m136/248[0m [32m━━━━━━━━━━[0m[37m━━━━━━━━━━[0m [1m3s[0m 27ms/step - loss: 114.7122 - mae: 8.1617
[1m138/248[0m [32m━━━━━━━━━━━[0m[37m━━━━━━━━━[0m [1m2s[0m 27ms/step - loss: 114.6343 - mae: 8.1586
[1m140/248[0m [32m━━━━━━━━━━━[0m[37m━━━━━━━━━[0m [1m2s[0m 27ms/step - loss: 114.5647 - mae: 8.1558
[1m142/248[0m [32m━━━━━━━━━━━[0m[37m━━━━━━━━━[0m [1m2s[0m 27ms/step - loss: 114.5003 - mae: 8.1531
[1m144/248[0m [32m━━━━━━━━━━━[0m[37m━━━━━━━━━[0m [1m2s[0m 27ms/step - loss: 114.4357 - mae: 8.1505
[1m146/248[0m [32m━━━━━━━━━━━[0m[37m━━━━━━━━━[0m [1m2s[0m 27ms/step - loss: 114.3741 - mae: 8.1481
[1m148/248[0m [32m━━━━━━━━━━━[0m[37m━━━━━━━━━[0m [1m2s[0m 27ms/step - loss: 114.3163 - mae: 8.1459
[1m150/248[0m [32m━━━━━━━━━━━━[0m[37m━━━━━━━━[0m [1m2s[0m 27ms/step - loss: 114.2567 - mae: 8.1437
[1m152/248[0m [32m━━━━━━━━━━━━[0m[37m━━━━━━━━[0m [1m2s[0m 27ms/step - loss: 114.1976 - mae: 8.1415
[1m154/248[0m [32m━━━━━━━━━━━━[0m[37m━━━━━━━━[0m [1m2s[0m 27ms/step - loss: 114.1375 - mae: 8.1393
[1m156/248[0m [32m━━━━━━━━━━━━[0m[37m━━━━━━━━[0m [1m2s[0m 27ms/step - loss: 114.0818 - mae: 8.1374
[1m158/248[0m [32m━━━━━━━━━━━━[0m[37m━━━━━━━━[0m [1m2s[0m 27ms/step - loss: 114.0315 - mae: 8.1356
[1m160/248[0m [32m━━━━━━━━━━━━[0m[37m━━━━━━━━[0m [1m2s[0m 27ms/step - loss: 113.9854 - mae: 8.1339
[1m162/248[0m [32m━━━━━━━━━━━━━[0m[37m━━━━━━━[0m [1m2s[0m 27ms/step - loss: 113.9400 - mae: 8.1324
[1m164/248[0m [32m━━━━━━━━━━━━━[0m[37m━━━━━━━[0m [1m2s[0m 27ms/step - loss: 113.8971 - mae: 8.1309
[1m166/248[0m [32m━━━━━━━━━━━━━[0m[37m━━━━━━━[0m [1m2s[0m 27ms/step - loss: 113.8563 - mae: 8.1295
[1m168/248[0m [32m━━━━━━━━━━━━━[0m[37m━━━━━━━[0m [1m2s[0m 27ms/step - loss: 113.8161 - mae: 8.1281
[1m170/248[0m [32m━━━━━━━━━━━━━[0m[37m━━━━━━━[0m [1m2s[0m 27ms/step - loss: 113.7738 - mae: 8.1267
[1m172/248[0m [32m━━━━━━━━━━━━━[0m[37m━━━━━━━[0m [1m2s[0m 27ms/step - loss: 113.7320 - mae: 8.1252
[1m174/248[0m [32m━━━━━━━━━━━━━━[0m[37m━━━━━━[0m [1m1s[0m 27ms/step - loss: 113.6899 - mae: 8.1237
[1m177/248[0m [32m━━━━━━━━━━━━━━[0m[37m━━━━━━[0m [1m1s[0m 27ms/step - loss: 113.6293 - mae: 8.1215
[1m179/248[0m [32m━━━━━━━━━━━━━━[0m[37m━━━━━━[0m [1m1s[0m 27ms/step - loss: 113.5870 - mae: 8.1200
[1m181/248[0m [32m━━━━━━━━━━━━━━[0m[37m━━━━━━[0m [1m1s[0m 27ms/step - loss: 113.5466 - mae: 8.1187
[1m183/248[0m [32m━━━━━━━━━━━━━━[0m[37m━━━━━━[0m [1m1s[0m 27ms/step - loss: 113.5108 - mae: 8.1175
[1m185/248[0m [32m━━━━━━━━━━━━━━[0m[37m━━━━━━[0m [1m1s[0m 27ms/step - loss: 113.4762 - mae: 8.1163
[1m187/248[0m [32m━━━━━━━━━━━━━━━[0m[37m━━━━━[0m [1m1s[0m 27ms/step - loss: 113.4435 - mae: 8.1152
[1m189/248[0m [32m━━━━━━━━━━━━━━━[0m[37m━━━━━[0m [1m1s[0m 27ms/step - loss: 113.4121 - mae: 8.1142
[1m191/248[0m [32m━━━━━━━━━━━━━━━[0m[37m━━━━━[0m [1m1s[0m 27ms/step - loss: 113.3827 - mae: 8.1133
[1m193/248[0m [32m━━━━━━━━━━━━━━━[0m[37m━━━━━[0m [1m1s[0m 27ms/step - loss: 113.3535 - mae: 8.1123
[1m195/248[0m [32m━━━━━━━━━━━━━━━[0m[37m━━━━━[0m [1m1s[0m 27ms/step - loss: 113.3237 - mae: 8.1113
[1m197/248[0m [32m━━━━━━━━━━━━━━━[0m[37m━━━━━[0m [1m1s[0m 27ms/step - loss: 113.2951 - mae: 8.1103
[1m199/248[0m [32m━━━━━━━━━━━━━━━━[0m[37m━━━━[0m [1m1s[0m 27ms/step - loss: 113.2696 - mae: 8.1095
[1m201/248[0m [32m━━━━━━━━━━━━━━━━[0m[37m━━━━[0m [1m1s[0m 27ms/step - loss: 113.2476 - mae: 8.1088
[1m203/248[0m [32m━━━━━━━━━━━━━━━━[0m[37m━━━━[0m [1m1s[0m 27ms/step - loss: 113.2287 - mae: 8.1082
[1m205/248[0m [32m━━━━━━━━━━━━━━━━[0m[37m━━━━[0m [1m1s[0m 27ms/step - loss: 113.2114 - mae: 8.1076
[1m207/248[0m [32m━━━━━━━━━━━━━━━━[0m[37m━━━━[0m [1m1s[0m 27ms/step - loss: 113.1951 - mae: 8.1072
[1m209/248[0m [32m━━━━━━━━━━━━━━━━[0m[37m━━━━[0m [1m1s[0m 27ms/step - loss: 113.1796 - mae: 8.1067
[1m211/248[0m [32m━━━━━━━━━━━━━━━━━[0m[37m━━━[0m [1m0s[0m 27ms/step - loss: 113.1642 - mae: 8.1063
[1m213/248[0m [32m━━━━━━━━━━━━━━━━━[0m[37m━━━[0m [1m0s[0m 27ms/step - loss: 113.1487 - mae: 8.1059
[1m215/248[0m [32m━━━━━━━━━━━━━━━━━[0m[37m━━━[0m [1m0s[0m 27ms/step - loss: 113.1321 - mae: 8.1054
[1m217/248[0m [32m━━━━━━━━━━━━━━━━━[0m[37m━━━[0m [1m0s[0m 27ms/step - loss: 113.1158 - mae: 8.1050
[1m219/248[0m [32m━━━━━━━━━━━━━━━━━[0m[37m━━━[0m [1m0s[0m 27ms/step - loss: 113.0996 - mae: 8.1045
[1m221/248[0m [32m━━━━━━━━━━━━━━━━━[0m[37m━━━[0m [1m0s[0m 27ms/step - loss: 113.0836 - mae: 8.1041
[1m223/248[0m [32m━━━━━━━━━━━━━━━━━[0m[37m━━━[0m [1m0s[0m 27ms/step - loss: 113.0703 - mae: 8.1038
[1m225/248[0m [32m━━━━━━━━━━━━━━━━━━[0m[37m━━[0m [1m0s[0m 27ms/step - loss: 113.0555 - mae: 8.1035
[1m227/248[0m [32m━━━━━━━━━━━━━━━━━━[0m[37m━━[0m [1m0s[0m 27ms/step - loss: 113.0403 - mae: 8.1031
[1m229/248[0m [32m━━━━━━━━━━━━━━━━━━[0m[37m━━[0m [1m0s[0m 27ms/step - loss: 113.0263 - mae: 8.1029
[1m231/248[0m [32m━━━━━━━━━━━━━━━━━━[0m[37m━━[0m [1m0s[0m 27ms/step - loss: 113.0124 - mae: 8.1026
[1m233/248[0m [32m━━━━━━━━━━━━━━━━━━[0m[37m━━[0m [1m0s[0m 27ms/step - loss: 112.9967 - mae: 8.1022
[1m235/248[0m [32m━━━━━━━━━━━━━━━━━━[0m[37m━━[0m [1m0s[0m 27ms/step - loss: 112.9797 - mae: 8.1017
[1m237/248[0m [32m━━━━━━━━━━━━━━━━━━━[0m[37m━[0m [1m0s[0m 27ms/step - loss: 112.9646 - mae: 8.1014
[1m239/248[0m [32m━━━━━━━━━━━━━━━━━━━[0m[37m━[0m [1m0s[0m 27ms/step - loss: 112.9496 - mae: 8.1010
[1m241/248[0m [32m━━━━━━━━━━━━━━━━━━━[0m[37m━[0m [1m0s[0m 27ms/step - loss: 112.9337 - mae: 8.1006
[1m244/248[0m [32m━━━━━━━━━━━━━━━━━━━[0m[37m━[0m [1m0s[0m 27ms/step - loss: 112.9117 - mae: 8.1001
[1m246/248[0m [32m━━━━━━━━━━━━━━━━━━━[0m[37m━[0m [1m0s[0m 27ms/step - loss: 112.8979 - mae: 8.0997
Epoch 17: val_loss did not improve from 148.95491

[1m248/248[0m [32m━━━━━━━━━━━━━━━━━━━━[0m[37m[0m [1m7s[0m 28ms/step - loss: 112.8774 - mae: 8.0992 - val_loss: 215.8809 - val_mae: 10.2643 - learning_rate: 2.5000e-04
Epoch 18/75

[1m  1/248[0m [37m━━━━━━━━━━━━━━━━━━━━[0m [1m11s[0m 46ms/step - loss: 125.6451 - mae: 8.4707
[1m  3/248[0m [37m━━━━━━━━━━━━━━━━━━━━[0m [1m6s[0m 25ms/step - loss: 123.3664 - mae: 8.3214 
[1m  5/248[0m [37m━━━━━━━━━━━━━━━━━━━━[0m [1m6s[0m 26ms/step - loss: 121.8002 - mae: 8.3143
[1m  7/248[0m [37m━━━━━━━━━━━━━━━━━━━━[0m [1m6s[0m 25ms/step - loss: 125.9617 - mae: 8.4956
[1m  9/248[0m [37m━━━━━━━━━━━━━━━━━━━━[0m [1m6s[0m 26ms/step - loss: 126.2954 - mae: 8.5239
[1m 11/248[0m [37m━━━━━━━━━━━━━━━━━━━━[0m [1m6s[0m 26ms/step - loss: 126.0304 - mae: 8.5274
[1m 13/248[0m [32m━[0m[37m━━━━━━━━━━━━━━━━━━━[0m [1m6s[0m 26ms/step - loss: 125.3419 - mae: 8.5160
[1m 15/248[0m [32m━[0m[37m━━━━━━━━━━━━━━━━━━━[0m [1m6s[0m 26ms/step - loss: 124.9520 - mae: 8.5139
[1m 17/248[0m [32m━[0m[37m━━━━━━━━━━━━━━━━━━━[0m [1m6s[0m 26ms/step - loss: 124.4790 - mae: 8.5081
[1m 19/248[0m [32m━[0m[37m━━━━━━━━━━━━━━━━━━━[0m [1m5s[0m 26ms/step - loss: 123.9583 - mae: 8.4998
[1m 21/248[0m [32m━[0m[37m━━━━━━━━━━━━━━━━━━━[0m [1m5s[0m 26ms/step - loss: 123.3156 - mae: 8.4828
[1m 23/248[0m [32m━[0m[37m━━━━━━━━━━━━━━━━━━━[0m [1m5s[0m 26ms/step - loss: 122.5790 - mae: 8.4619
[1m 25/248[0m [32m━━[0m[37m━━━━━━━━━━━━━━━━━━[0m [1m5s[0m 26ms/step - loss: 121.8200 - mae: 8.4389
[1m 27/248[0m [32m━━[0m[37m━━━━━━━━━━━━━━━━━━[0m [1m5s[0m 26ms/step - loss: 121.1501 - mae: 8.4190
[1m 29/248[0m [32m━━[0m[37m━━━━━━━━━━━━━━━━━━[0m [1m5s[0m 26ms/step - loss: 120.5935 - mae: 8.4017
[1m 31/248[0m [32m━━[0m[37m━━━━━━━━━━━━━━━━━━[0m [1m5s[0m 26ms/step - loss: 120.1032 - mae: 8.3863
[1m 33/248[0m [32m━━[0m[37m━━━━━━━━━━━━━━━━━━[0m [1m5s[0m 26ms/step - loss: 119.7575 - mae: 8.3760
[1m 35/248[0m [32m━━[0m[37m━━━━━━━━━━━━━━━━━━[0m [1m5s[0m 26ms/step - loss: 119.3604 - mae: 8.3634
[1m 37/248[0m [32m━━[0m[37m━━━━━━━━━━━━━━━━━━[0m [1m5s[0m 26ms/step - loss: 118.9409 - mae: 8.3494
[1m 39/248[0m [32m━━━[0m[37m━━━━━━━━━━━━━━━━━[0m [1m5s[0m 26ms/step - loss: 118.5474 - mae: 8.3364
[1m 41/248[0m [32m━━━[0m[37m━━━━━━━━━━━━━━━━━[0m [1m5s[0m 26ms/step - loss: 118.1802 - mae: 8.3234
[1m 43/248[0m [32m━━━[0m[37m━━━━━━━━━━━━━━━━━[0m [1m5s[0m 26ms/step - loss: 117.8180 - mae: 8.3105
[1m 45/248[0m [32m━━━[0m[37m━━━━━━━━━━━━━━━━━[0m [1m5s[0m 26ms/step - loss: 117.4828 - mae: 8.2985
[1m 47/248[0m [32m━━━[0m[37m━━━━━━━━━━━━━━━━━[0m [1m5s[0m 26ms/step - loss: 117.1196 - mae: 8.2853
[1m 49/248[0m [32m━━━[0m[37m━━━━━━━━━━━━━━━━━[0m [1m5s[0m 26ms/step - loss: 116.7690 - mae: 8.2727
[1m 51/248[0m [32m━━━━[0m[37m━━━━━━━━━━━━━━━━[0m [1m5s[0m 26ms/step - loss: 116.4325 - mae: 8.2606
[1m 53/248[0m [32m━━━━[0m[37m━━━━━━━━━━━━━━━━[0m [1m5s[0m 26ms/step - loss: 116.1390 - mae: 8.2500
[1m 55/248[0m [32m━━━━[0m[37m━━━━━━━━━━━━━━━━[0m [1m5s[0m 26ms/step - loss: 115.8914 - mae: 8.2407
[1m 57/248[0m [32m━━━━[0m[37m━━━━━━━━━━━━━━━━[0m [1m5s[0m 26ms/step - loss: 115.6435 - mae: 8.2315
[1m 59/248[0m [32m━━━━[0m[37m━━━━━━━━━━━━━━━━[0m [1m4s[0m 26ms/step - loss: 115.4095 - mae: 8.2229
[1m 61/248[0m [32m━━━━[0m[37m━━━━━━━━━━━━━━━━[0m [1m4s[0m 26ms/step - loss: 115.1719 - mae: 8.2141
[1m 63/248[0m [32m━━━━━[0m[37m━━━━━━━━━━━━━━━[0m [1m4s[0m 26ms/step - loss: 114.9552 - mae: 8.2060
[1m 65/248[0m [32m━━━━━[0m[37m━━━━━━━━━━━━━━━[0m [1m4s[0m 26ms/step - loss: 114.7717 - mae: 8.1990
[1m 67/248[0m [32m━━━━━[0m[37m━━━━━━━━━━━━━━━[0m [1m4s[0m 26ms/step - loss: 114.5861 - mae: 8.1916
[1m 69/248[0m [32m━━━━━[0m[37m━━━━━━━━━━━━━━━[0m [1m4s[0m 26ms/step - loss: 114.3971 - mae: 8.1841
[1m 71/248[0m [32m━━━━━[0m[37m━━━━━━━━━━━━━━━[0m [1m4s[0m 27ms/step - loss: 114.2088 - mae: 8.1764
[1m 73/248[0m [32m━━━━━[0m[37m━━━━━━━━━━━━━━━[0m [1m4s[0m 26ms/step - loss: 114.0457 - mae: 8.1694
[1m 75/248[0m [32m━━━━━━[0m[37m━━━━━━━━━━━━━━[0m [1m4s[0m 26ms/step - loss: 113.9019 - mae: 8.1633
[1m 78/248[0m [32m━━━━━━[0m[37m━━━━━━━━━━━━━━[0m [1m4s[0m 26ms/step - loss: 113.6739 - mae: 8.1541
[1m 80/248[0m [32m━━━━━━[0m[37m━━━━━━━━━━━━━━[0m [1m4s[0m 26ms/step - loss: 113.5281 - mae: 8.1482
[1m 82/248[0m [32m━━━━━━[0m[37m━━━━━━━━━━━━━━[0m [1m4s[0m 26ms/step - loss: 113.3929 - mae: 8.1426
[1m 84/248[0m [32m━━━━━━[0m[37m━━━━━━━━━━━━━━[0m [1m4s[0m 26ms/step - loss: 113.2682 - mae: 8.1373
[1m 86/248[0m [32m━━━━━━[0m[37m━━━━━━━━━━━━━━[0m [1m4s[0m 26ms/step - loss: 113.1467 - mae: 8.1325
[1m 88/248[0m [32m━━━━━━━[0m[37m━━━━━━━━━━━━━[0m [1m4s[0m 26ms/step - loss: 113.0371 - mae: 8.1280
[1m 90/248[0m [32m━━━━━━━[0m[37m━━━━━━━━━━━━━[0m [1m4s[0m 26ms/step - loss: 112.9327 - mae: 8.1236
[1m 92/248[0m [32m━━━━━━━[0m[37m━━━━━━━━━━━━━[0m [1m4s[0m 26ms/step - loss: 112.8329 - mae: 8.1193
[1m 94/248[0m [32m━━━━━━━[0m[37m━━━━━━━━━━━━━[0m [1m4s[0m 26ms/step - loss: 112.7477 - mae: 8.1157
[1m 96/248[0m [32m━━━━━━━[0m[37m━━━━━━━━━━━━━[0m [1m4s[0m 26ms/step - loss: 112.6763 - mae: 8.1125
[1m 98/248[0m [32m━━━━━━━[0m[37m━━━━━━━━━━━━━[0m [1m3s[0m 26ms/step - loss: 112.6014 - mae: 8.1093
[1m100/248[0m [32m━━━━━━━━[0m[37m━━━━━━━━━━━━[0m [1m3s[0m 26ms/step - loss: 112.5181 - mae: 8.1058
[1m102/248[0m [32m━━━━━━━━[0m[37m━━━━━━━━━━━━[0m [1m3s[0m 26ms/step - loss: 112.4304 - mae: 8.1023
[1m104/248[0m [32m━━━━━━━━[0m[37m━━━━━━━━━━━━[0m [1m3s[0m 26ms/step - loss: 112.3414 - mae: 8.0989
[1m106/248[0m [32m━━━━━━━━[0m[37m━━━━━━━━━━━━[0m [1m3s[0m 26ms/step - loss: 112.2492 - mae: 8.0953
[1m108/248[0m [32m━━━━━━━━[0m[37m━━━━━━━━━━━━[0m [1m3s[0m 26ms/step - loss: 112.1556 - mae: 8.0917
[1m110/248[0m [32m━━━━━━━━[0m[37m━━━━━━━━━━━━[0m [1m3s[0m 26ms/step - loss: 112.0801 - mae: 8.0886
[1m112/248[0m [32m━━━━━━━━━[0m[37m━━━━━━━━━━━[0m [1m3s[0m 26ms/step - loss: 112.0076 - mae: 8.0857
[1m114/248[0m [32m━━━━━━━━━[0m[37m━━━━━━━━━━━[0m [1m3s[0m 26ms/step - loss: 111.9385 - mae: 8.0829
[1m116/248[0m [32m━━━━━━━━━[0m[37m━━━━━━━━━━━[0m [1m3s[0m 26ms/step - loss: 111.8627 - mae: 8.0799
[1m118/248[0m [32m━━━━━━━━━[0m[37m━━━━━━━━━━━[0m [1m3s[0m 26ms/step - loss: 111.7896 - mae: 8.0769
[1m120/248[0m [32m━━━━━━━━━[0m[37m━━━━━━━━━━━[0m [1m3s[0m 26ms/step - loss: 111.7172 - mae: 8.0739
[1m122/248[0m [32m━━━━━━━━━[0m[37m━━━━━━━━━━━[0m [1m3s[0m 26ms/step - loss: 111.6421 - mae: 8.0708
[1m124/248[0m [32m━━━━━━━━━━[0m[37m━━━━━━━━━━[0m [1m3s[0m 26ms/step - loss: 111.5665 - mae: 8.0678
[1m126/248[0m [32m━━━━━━━━━━[0m[37m━━━━━━━━━━[0m [1m3s[0m 26ms/step - loss: 111.4931 - mae: 8.0649
[1m128/248[0m [32m━━━━━━━━━━[0m[37m━━━━━━━━━━[0m [1m3s[0m 26ms/step - loss: 111.4209 - mae: 8.0619
[1m130/248[0m [32m━━━━━━━━━━[0m[37m━━━━━━━━━━[0m [1m3s[0m 26ms/step - loss: 111.3494 - mae: 8.0590
[1m132/248[0m [32m━━━━━━━━━━[0m[37m━━━━━━━━━━[0m [1m3s[0m 26ms/step - loss: 111.2790 - mae: 8.0562
[1m134/248[0m [32m━━━━━━━━━━[0m[37m━━━━━━━━━━[0m [1m2s[0m 26ms/step - loss: 111.2119 - mae: 8.0535
[1m136/248[0m [32m━━━━━━━━━━[0m[37m━━━━━━━━━━[0m [1m2s[0m 26ms/step - loss: 111.1430 - mae: 8.0507
[1m138/248[0m [32m━━━━━━━━━━━[0m[37m━━━━━━━━━[0m [1m2s[0m 26ms/step - loss: 111.0695 - mae: 8.0478
[1m140/248[0m [32m━━━━━━━━━━━[0m[37m━━━━━━━━━[0m [1m2s[0m 26ms/step - loss: 110.9978 - mae: 8.0449
[1m142/248[0m [32m━━━━━━━━━━━[0m[37m━━━━━━━━━[0m [1m2s[0m 26ms/step - loss: 110.9287 - mae: 8.0422
[1m144/248[0m [32m━━━━━━━━━━━[0m[37m━━━━━━━━━[0m [1m2s[0m 26ms/step - loss: 110.8641 - mae: 8.0395
[1m146/248[0m [32m━━━━━━━━━━━[0m[37m━━━━━━━━━[0m [1m2s[0m 26ms/step - loss: 110.8054 - mae: 8.0371
[1m148/248[0m [32m━━━━━━━━━━━[0m[37m━━━━━━━━━[0m [1m2s[0m 26ms/step - loss: 110.7517 - mae: 8.0350
[1m150/248[0m [32m━━━━━━━━━━━━[0m[37m━━━━━━━━[0m [1m2s[0m 26ms/step - loss: 110.6950 - mae: 8.0327
[1m152/248[0m [32m━━━━━━━━━━━━[0m[37m━━━━━━━━[0m [1m2s[0m 26ms/step - loss: 110.6404 - mae: 8.0306
[1m155/248[0m [32m━━━━━━━━━━━━[0m[37m━━━━━━━━[0m [1m2s[0m 26ms/step - loss: 110.5658 - mae: 8.0278
[1m157/248[0m [32m━━━━━━━━━━━━[0m[37m━━━━━━━━[0m [1m2s[0m 26ms/step - loss: 110.5192 - mae: 8.0261
[1m159/248[0m [32m━━━━━━━━━━━━[0m[37m━━━━━━━━[0m [1m2s[0m 26ms/step - loss: 110.4750 - mae: 8.0244
[1m161/248[0m [32m━━━━━━━━━━━━[0m[37m━━━━━━━━[0m [1m2s[0m 26ms/step - loss: 110.4338 - mae: 8.0229
[1m163/248[0m [32m━━━━━━━━━━━━━[0m[37m━━━━━━━[0m [1m2s[0m 26ms/step - loss: 110.3948 - mae: 8.0215
[1m166/248[0m [32m━━━━━━━━━━━━━[0m[37m━━━━━━━[0m [1m2s[0m 26ms/step - loss: 110.3373 - mae: 8.0195
[1m168/248[0m [32m━━━━━━━━━━━━━[0m[37m━━━━━━━[0m [1m2s[0m 26ms/step - loss: 110.2965 - mae: 8.0180
[1m170/248[0m [32m━━━━━━━━━━━━━[0m[37m━━━━━━━[0m [1m2s[0m 26ms/step - loss: 110.2540 - mae: 8.0165
[1m172/248[0m [32m━━━━━━━━━━━━━[0m[37m━━━━━━━[0m [1m1s[0m 26ms/step - loss: 110.2129 - mae: 8.0151
[1m175/248[0m [32m━━━━━━━━━━━━━━[0m[37m━━━━━━[0m [1m1s[0m 26ms/step - loss: 110.1522 - mae: 8.0129
[1m177/248[0m [32m━━━━━━━━━━━━━━[0m[37m━━━━━━[0m [1m1s[0m 26ms/step - loss: 110.1110 - mae: 8.0114
[1m179/248[0m [32m━━━━━━━━━━━━━━[0m[37m━━━━━━[0m [1m1s[0m 26ms/step - loss: 110.0685 - mae: 8.0099
[1m181/248[0m [32m━━━━━━━━━━━━━━[0m[37m━━━━━━[0m [1m1s[0m 26ms/step - loss: 110.0262 - mae: 8.0084
[1m183/248[0m [32m━━━━━━━━━━━━━━[0m[37m━━━━━━[0m [1m1s[0m 26ms/step - loss: 109.9853 - mae: 8.0069
[1m185/248[0m [32m━━━━━━━━━━━━━━[0m[37m━━━━━━[0m [1m1s[0m 26ms/step - loss: 109.9426 - mae: 8.0054
[1m187/248[0m [32m━━━━━━━━━━━━━━━[0m[37m━━━━━[0m [1m1s[0m 26ms/step - loss: 109.8999 - mae: 8.0039
[1m189/248[0m [32m━━━━━━━━━━━━━━━[0m[37m━━━━━[0m [1m1s[0m 26ms/step - loss: 109.8594 - mae: 8.0025
[1m191/248[0m [32m━━━━━━━━━━━━━━━[0m[37m━━━━━[0m [1m1s[0m 26ms/step - loss: 109.8191 - mae: 8.0011
[1m194/248[0m [32m━━━━━━━━━━━━━━━[0m[37m━━━━━[0m [1m1s[0m 26ms/step - loss: 109.7641 - mae: 7.9991
[1m196/248[0m [32m━━━━━━━━━━━━━━━[0m[37m━━━━━[0m [1m1s[0m 26ms/step - loss: 109.7277 - mae: 7.9978
[1m199/248[0m [32m━━━━━━━━━━━━━━━━[0m[37m━━━━[0m [1m1s[0m 26ms/step - loss: 109.6772 - mae: 7.9960
[1m202/248[0m [32m━━━━━━━━━━━━━━━━[0m[37m━━━━[0m [1m1s[0m 26ms/step - loss: 109.6287 - mae: 7.9944
[1m204/248[0m [32m━━━━━━━━━━━━━━━━[0m[37m━━━━[0m [1m1s[0m 26ms/step - loss: 109.5975 - mae: 7.9933
[1m206/248[0m [32m━━━━━━━━━━━━━━━━[0m[37m━━━━[0m [1m1s[0m 26ms/step - loss: 109.5663 - mae: 7.9922
[1m209/248[0m [32m━━━━━━━━━━━━━━━━[0m[37m━━━━[0m [1m1s[0m 26ms/step - loss: 109.5207 - mae: 7.9907
[1m211/248[0m [32m━━━━━━━━━━━━━━━━━[0m[37m━━━[0m [1m0s[0m 26ms/step - loss: 109.4918 - mae: 7.9898
[1m213/248[0m [32m━━━━━━━━━━━━━━━━━[0m[37m━━━[0m [1m0s[0m 26ms/step - loss: 109.4612 - mae: 7.9887
[1m215/248[0m [32m━━━━━━━━━━━━━━━━━[0m[37m━━━[0m [1m0s[0m 26ms/step - loss: 109.4308 - mae: 7.9877
[1m217/248[0m [32m━━━━━━━━━━━━━━━━━[0m[37m━━━[0m [1m0s[0m 26ms/step - loss: 109.4000 - mae: 7.9866
[1m219/248[0m [32m━━━━━━━━━━━━━━━━━[0m[37m━━━[0m [1m0s[0m 26ms/step - loss: 109.3679 - mae: 7.9855
[1m221/248[0m [32m━━━━━━━━━━━━━━━━━[0m[37m━━━[0m [1m0s[0m 26ms/step - loss: 109.3353 - mae: 7.9843
[1m223/248[0m [32m━━━━━━━━━━━━━━━━━[0m[37m━━━[0m [1m0s[0m 26ms/step - loss: 109.3039 - mae: 7.9832
[1m225/248[0m [32m━━━━━━━━━━━━━━━━━━[0m[37m━━[0m [1m0s[0m 26ms/step - loss: 109.2726 - mae: 7.9822
[1m227/248[0m [32m━━━━━━━━━━━━━━━━━━[0m[37m━━[0m [1m0s[0m 26ms/step - loss: 109.2406 - mae: 7.9811
[1m229/248[0m [32m━━━━━━━━━━━━━━━━━━[0m[37m━━[0m [1m0s[0m 26ms/step - loss: 109.2102 - mae: 7.9800
[1m231/248[0m [32m━━━━━━━━━━━━━━━━━━[0m[37m━━[0m [1m0s[0m 26ms/step - loss: 109.1810 - mae: 7.9790
[1m234/248[0m [32m━━━━━━━━━━━━━━━━━━[0m[37m━━[0m [1m0s[0m 26ms/step - loss: 109.1368 - mae: 7.9774
[1m237/248[0m [32m━━━━━━━━━━━━━━━━━━━[0m[37m━[0m [1m0s[0m 26ms/step - loss: 109.0942 - mae: 7.9758
[1m240/248[0m [32m━━━━━━━━━━━━━━━━━━━[0m[37m━[0m [1m0s[0m 26ms/step - loss: 109.0546 - mae: 7.9743
[1m242/248[0m [32m━━━━━━━━━━━━━━━━━━━[0m[37m━[0m [1m0s[0m 26ms/step - loss: 109.0300 - mae: 7.9734
[1m245/248[0m [32m━━━━━━━━━━━━━━━━━━━[0m[37m━[0m [1m0s[0m 26ms/step - loss: 108.9926 - mae: 7.9720
[1m247/248[0m [32m━━━━━━━━━━━━━━━━━━━[0m[37m━[0m [1m0s[0m 26ms/step - loss: 108.9689 - mae: 7.9712
Epoch 18: val_loss did not improve from 148.95491

Epoch 18: ReduceLROnPlateau reducing learning rate to 0.0001250000059371814.

[1m248/248[0m [32m━━━━━━━━━━━━━━━━━━━━[0m[37m[0m [1m7s[0m 28ms/step - loss: 108.9476 - mae: 7.9704 - val_loss: 212.7428 - val_mae: 9.9714 - learning_rate: 2.5000e-04
Epoch 18: early stopping
Restoring model weights from the end of the best epoch: 6.

Final NASA Test Metrics
RMSE       : 14.870
MAE        : 11.601
R2         : 0.872
NASA Score : 374.047

============================================================
Dataset: FD001 | Model: cnn_lstm
============================================================
Train engines : 100
Test engines  : 100
Train windows : 17731
Test windows  : 100
Window shape  : (30, 14)

Running 5-Fold Engine-wise Cross Validation...
Epoch 30: early stopping
Restoring model weights from the end of the best epoch: 15.
Fold 1: RMSE=16.248 MAE=11.204 R2=0.849 NASA=21680.206
Epoch 23: early stopping
Restoring model weights from the end of the best epoch: 8.
Fold 2: RMSE=18.307 MAE=12.727 R2=0.808 NASA=47543.529
Epoch 21: early stopping
Restoring model weights from the end of the best epoch: 6.
Fold 3: RMSE=13.218 MAE=9.324 R2=0.900 NASA=11921.498
Epoch 25: early stopping
Restoring model weights from the end of the best epoch: 10.
Fold 4: RMSE=18.709 MAE=12.784 R2=0.800 NASA=55461.562
Epoch 45: early stopping
Restoring model weights from the end of the best epoch: 30.
Fold 5: RMSE=14.976 MAE=10.628 R2=0.872 NASA=15425.899

Cross-Validation Average
RMSE       : 16.292
MAE        : 11.333
R2         : 0.846
NASA Score : 30406.539

Training Final CNN-LSTM Model...
Epoch details are shown below.
Epoch 1/100

Epoch 1: val_loss improved from inf to 813.59967, saving model to E:\PdM\models\FD001_cnn_lstm.keras
248/248 - 6s - 26ms/step - loss: 4177.5151 - mae: 52.9196 - val_loss: 813.5997 - val_mae: 25.0361 - learning_rate: 2.0000e-04
Epoch 2/100

Epoch 2: val_loss improved from 813.59967 to 300.56598, saving model to E:\PdM\models\FD001_cnn_lstm.keras
248/248 - 3s - 14ms/step - loss: 457.2873 - mae: 17.1321 - val_loss: 300.5660 - val_mae: 13.6595 - learning_rate: 2.0000e-04
Epoch 3/100

Epoch 3: val_loss improved from 300.56598 to 269.68280, saving model to E:\PdM\models\FD001_cnn_lstm.keras
248/248 - 3s - 13ms/step - loss: 353.9989 - mae: 14.4542 - val_loss: 269.6828 - val_mae: 12.1952 - learning_rate: 2.0000e-04
Epoch 4/100

Epoch 4: val_loss improved from 269.68280 to 235.88022, saving model to E:\PdM\models\FD001_cnn_lstm.keras
248/248 - 3s - 13ms/step - loss: 276.9418 - mae: 12.7407 - val_loss: 235.8802 - val_mae: 10.5062 - learning_rate: 2.0000e-04
Epoch 5/100

Epoch 5: val_loss improved from 235.88022 to 223.74966, saving model to E:\PdM\models\FD001_cnn_lstm.keras
248/248 - 3s - 13ms/step - loss: 196.0033 - mae: 10.6496 - val_loss: 223.7497 - val_mae: 10.5294 - learning_rate: 2.0000e-04
Epoch 6/100

Epoch 6: val_loss improved from 223.74966 to 217.57506, saving model to E:\PdM\models\FD001_cnn_lstm.keras
248/248 - 3s - 13ms/step - loss: 162.5620 - mae: 9.7059 - val_loss: 217.5751 - val_mae: 9.9988 - learning_rate: 2.0000e-04
Epoch 7/100

Epoch 7: val_loss did not improve from 217.57506
248/248 - 3s - 13ms/step - loss: 143.6116 - mae: 9.1061 - val_loss: 233.1365 - val_mae: 10.2524 - learning_rate: 2.0000e-04
Epoch 8/100

Epoch 8: val_loss improved from 217.57506 to 214.84315, saving model to E:\PdM\models\FD001_cnn_lstm.keras
248/248 - 3s - 12ms/step - loss: 129.1326 - mae: 8.6679 - val_loss: 214.8432 - val_mae: 10.2914 - learning_rate: 2.0000e-04
Epoch 9/100

Epoch 9: val_loss did not improve from 214.84315
248/248 - 3s - 13ms/step - loss: 117.5637 - mae: 8.3001 - val_loss: 254.5626 - val_mae: 10.9323 - learning_rate: 2.0000e-04
Epoch 10/100

Epoch 10: val_loss did not improve from 214.84315
248/248 - 3s - 12ms/step - loss: 106.0786 - mae: 7.8691 - val_loss: 240.4269 - val_mae: 10.3784 - learning_rate: 2.0000e-04
Epoch 11/100

Epoch 11: val_loss did not improve from 214.84315
248/248 - 3s - 12ms/step - loss: 100.0849 - mae: 7.6693 - val_loss: 239.5764 - val_mae: 10.1531 - learning_rate: 2.0000e-04
Epoch 12/100

Epoch 12: val_loss did not improve from 214.84315
248/248 - 3s - 12ms/step - loss: 96.1211 - mae: 7.4882 - val_loss: 239.0620 - val_mae: 10.6346 - learning_rate: 2.0000e-04
Epoch 13/100

Epoch 13: val_loss did not improve from 214.84315
248/248 - 3s - 12ms/step - loss: 89.8250 - mae: 7.2611 - val_loss: 253.2376 - val_mae: 10.2128 - learning_rate: 2.0000e-04
Epoch 14/100

Epoch 14: val_loss did not improve from 214.84315

Epoch 14: ReduceLROnPlateau reducing learning rate to 9.999999747378752e-05.
248/248 - 3s - 12ms/step - loss: 88.0465 - mae: 7.1810 - val_loss: 250.2826 - val_mae: 10.7432 - learning_rate: 2.0000e-04
Epoch 15/100

Epoch 15: val_loss did not improve from 214.84315
248/248 - 3s - 12ms/step - loss: 78.2984 - mae: 6.8166 - val_loss: 243.2261 - val_mae: 10.6506 - learning_rate: 1.0000e-04
Epoch 16/100

Epoch 16: val_loss did not improve from 214.84315
248/248 - 3s - 12ms/step - loss: 77.7223 - mae: 6.8162 - val_loss: 257.4244 - val_mae: 11.0045 - learning_rate: 1.0000e-04
Epoch 17/100

Epoch 17: val_loss did not improve from 214.84315
248/248 - 3s - 12ms/step - loss: 75.9221 - mae: 6.7276 - val_loss: 250.5476 - val_mae: 10.7028 - learning_rate: 1.0000e-04
Epoch 18/100

Epoch 18: val_loss did not improve from 214.84315
248/248 - 3s - 12ms/step - loss: 74.5678 - mae: 6.6647 - val_loss: 252.0127 - val_mae: 10.8979 - learning_rate: 1.0000e-04
Epoch 19/100

Epoch 19: val_loss did not improve from 214.84315
248/248 - 3s - 12ms/step - loss: 71.8154 - mae: 6.5451 - val_loss: 250.2343 - val_mae: 10.6873 - learning_rate: 1.0000e-04
Epoch 20/100

Epoch 20: val_loss did not improve from 214.84315

Epoch 20: ReduceLROnPlateau reducing learning rate to 4.999999873689376e-05.
248/248 - 3s - 12ms/step - loss: 69.4494 - mae: 6.4413 - val_loss: 254.9893 - val_mae: 10.9921 - learning_rate: 1.0000e-04
Epoch 21/100

Epoch 21: val_loss did not improve from 214.84315
248/248 - 3s - 12ms/step - loss: 68.1679 - mae: 6.3924 - val_loss: 267.6214 - val_mae: 11.0297 - learning_rate: 5.0000e-05
Epoch 22/100

Epoch 22: val_loss did not improve from 214.84315
248/248 - 3s - 12ms/step - loss: 66.4300 - mae: 6.3211 - val_loss: 260.5269 - val_mae: 10.7943 - learning_rate: 5.0000e-05
Epoch 23/100

Epoch 23: val_loss did not improve from 214.84315
248/248 - 5s - 21ms/step - loss: 65.7436 - mae: 6.2944 - val_loss: 269.8001 - val_mae: 11.0205 - learning_rate: 5.0000e-05
Epoch 23: early stopping
Restoring model weights from the end of the best epoch: 8.
============================================================
Model path: WindowsPath('E:/PdM/models/FD001_cnn_lstm.keras')
Exists: True
Is dir: True
============================================================

Best Epoch: 8
Best Validation Loss: 214.84315
Early stopping activated at epoch 23.

Final NASA Test Metrics
RMSE       : 16.980
MAE        : 12.089
R2         : 0.833
NASA Score : 636.654

Constant sensor report saved to:
E:\PdM\outputs\constant_sensors\FD002_constant_sensors.txt

Low variance sensor report saved to:
E:\PdM\outputs\low_variance_sensors\FD002_low_variance_sensors.txt

Unique operating conditions: 9824

========================================
Operating Regime Analysis : FD002
========================================
Samples              : 53759
Features             : 3
Cluster Range        : 2 - 10

Evaluating candidate clusters...

Evaluating K = 2
Evaluating K = 3
Evaluating K = 4
Evaluating K = 5
Evaluating K = 6
Evaluating K = 7
Evaluating K = 8
Evaluating K = 9
Evaluating K = 10

========================================
Cluster Evaluation Metrics
========================================
   Clusters     Inertia  ...  Davies_Bouldin  Calinski_Harabasz
0         2  71267.1151  ...          0.6091       6.789473e+04
1         3  16998.2963  ...          0.3121       2.281360e+05
2         4   5613.7910  ...          0.2199       4.968524e+05
3         5   1133.9468  ...          0.1072       1.897869e+06
4         6      0.2350  ...          0.0045       7.377668e+09
5         7      0.1876  ...          0.1126       7.702519e+09
6         8      0.1573  ...          0.1939       7.884369e+09
7         9      0.1276  ...          0.2564       8.499977e+09
8        10      0.0984  ...          0.3022       9.808113e+09

[9 rows x 5 columns]

Cluster metrics saved to:
E:\PdM\dataset\processed\regime_analysis\FD002\FD002_cluster_metrics.csv

========================================
Best Cluster Count by Metric
========================================
Silhouette Score     : 6
Davies-Bouldin Index : 6
Calinski-Harabasz    : 10
Elbow Method         : 2

========================================
Final Recommendation
========================================
Recommended K : 6

Vote Summary
K = 2 : 1 vote(s)
K = 6 : 2 vote(s)
K = 10 : 1 vote(s)

Recommendation saved to:
E:\PdM\dataset\processed\regime_analysis\FD002\FD002_best_k.json

Evaluation plots saved successfully.

Optimal Clusters : 6

Fitted 6 regime scalers.

Operating regime preprocessing completed.
E:\PdM\src\preprocess\regime_processor.py:179: FutureWarning: Setting an item of incompatible dtype is deprecated and will raise an error in a future version of pandas. Value '[-0.75709823 -1.46698662 -0.75709823 ...  2.08245531  2.08245531
  2.08245531]' has dtype incompatible with int64, please explicitly cast to a compatible dtype first.
  dataframe.loc[
E:\PdM\src\preprocess\regime_processor.py:179: FutureWarning: Setting an item of incompatible dtype is deprecated and will raise an error in a future version of pandas. Value '[ 0.66267854 -0.75709823 -0.75709823 ...  0.66267854 -0.04720985
 -0.04720985]' has dtype incompatible with int64, please explicitly cast to a compatible dtype first.
  dataframe.loc[

Train Regime Distribution
Regime_ID
0    13458
1     8044
2     8122
3     8002
4     8096
5     8037
Name: count, dtype: int64

Test Regime Distribution
Regime_ID
0    8483
1    5148
2    5063
3    5042
4    5107
5    5148
Name: count, dtype: int64

============================================================
Dataset: FD002 | Model: xgboost
============================================================
Train engines : 260
Test engines  : 259
Train windows : 46219
Test windows  : 259
Window shape  : (30, 21)

Running 5-Fold Engine-wise Cross Validation...
Fold 1: RMSE=17.001 MAE=12.810 R2=0.835 NASA=51074.457
Fold 2: RMSE=15.101 MAE=11.227 R2=0.869 NASA=45129.972
Fold 3: RMSE=15.738 MAE=11.796 R2=0.858 NASA=42908.608
Fold 4: RMSE=16.552 MAE=12.370 R2=0.843 NASA=57017.750
Fold 5: RMSE=17.516 MAE=13.194 R2=0.824 NASA=58272.413

Cross-Validation Average
RMSE       : 16.382
MAE        : 12.279
R2         : 0.846
NASA Score : 50880.640

Training Final Model...
Selected Trees: 929

Final NASA Test Metrics
RMSE       : 27.753
MAE        : 18.447
R2         : 0.734
NASA Score : 9987.664

============================================================
Dataset: FD002 | Model: lstm
============================================================
Train engines : 260
Test engines  : 259
Train windows : 46219
Test windows  : 259
Window shape  : (30, 21)

Running 5-Fold Engine-wise Cross Validation...
Epoch 14: early stopping
Restoring model weights from the end of the best epoch: 2.
Fold 1: RMSE=16.359 MAE=11.970 R2=0.847 NASA=48138.244
Epoch 17: early stopping
Restoring model weights from the end of the best epoch: 5.
Fold 2: RMSE=15.486 MAE=10.508 R2=0.863 NASA=63584.371
Epoch 23: early stopping
Restoring model weights from the end of the best epoch: 11.
Fold 3: RMSE=15.545 MAE=11.764 R2=0.862 NASA=40017.552
Epoch 13: early stopping
Restoring model weights from the end of the best epoch: 1.
Fold 4: RMSE=16.586 MAE=12.711 R2=0.842 NASA=60547.542
Epoch 19: early stopping
Restoring model weights from the end of the best epoch: 7.
Fold 5: RMSE=17.222 MAE=12.076 R2=0.830 NASA=86114.085

Cross-Validation Average
RMSE       : 16.239
MAE        : 11.805
R2         : 0.849
NASA Score : 59680.359

Training Final Model...
Epoch 1/75

[1m  1/653[0m [37m━━━━━━━━━━━━━━━━━━━━[0m [1m38:25[0m 4s/step - loss: 6966.9580 - mae: 71.2850
[1m  3/653[0m [37m━━━━━━━━━━━━━━━━━━━━[0m [1m22s[0m 34ms/step - loss: 7312.7378 - mae: 73.6118
[1m  5/653[0m [37m━━━━━━━━━━━━━━━━━━━━[0m [1m21s[0m 34ms/step - loss: 7364.3794 - mae: 74.1042
[1m  7/653[0m [37m━━━━━━━━━━━━━━━━━━━━[0m [1m21s[0m 33ms/step - loss: 7322.6147 - mae: 73.9814
[1m  9/653[0m [37m━━━━━━━━━━━━━━━━━━━━[0m [1m21s[0m 33ms/step - loss: 7319.2964 - mae: 74.0675
[1m 11/653[0m [37m━━━━━━━━━━━━━━━━━━━━[0m [1m21s[0m 33ms/step - loss: 7311.3584 - mae: 74.0948
[1m 13/653[0m [37m━━━━━━━━━━━━━━━━━━━━[0m [1m20s[0m 33ms/step - loss: 7304.0532 - mae: 74.1190
[1m 15/653[0m [37m━━━━━━━━━━━━━━━━━━━━[0m [1m20s[0m 33ms/step - loss: 7300.3267 - mae: 74.1646
[1m 17/653[0m [37m━━━━━━━━━━━━━━━━━━━━[0m [1m20s[0m 33ms/step - loss: 7295.6968 - mae: 74.1993
[1m 19/653[0m [37m━━━━━━━━━━━━━━━━━━━━[0m [1m20s[0m 33ms/step - loss: 7293.2646 - mae: 74.2250
[1m 21/653[0m [37m━━━━━━━━━━━━━━━━━━━━[0m [1m20s[0m 33ms/step - loss: 7291.5850 - mae: 74.2468
[1m 23/653[0m [37m━━━━━━━━━━━━━━━━━━━━[0m [1m20s[0m 32ms/step - loss: 7290.6338 - mae: 74.2810
[1m 25/653[0m [37m━━━━━━━━━━━━━━━━━━━━[0m [1m20s[0m 32ms/step - loss: 7287.0967 - mae: 74.3053
[1m 27/653[0m [37m━━━━━━━━━━━━━━━━━━━━[0m [1m20s[0m 32ms/step - loss: 7281.5151 - mae: 74.3117
[1m 29/653[0m [37m━━━━━━━━━━━━━━━━━━━━[0m [1m19s[0m 32ms/step - loss: 7276.1465 - mae: 74.3187
[1m 31/653[0m [37m━━━━━━━━━━━━━━━━━━━━[0m [1m19s[0m 32ms/step - loss: 7273.9224 - mae: 74.3474
[1m 33/653[0m [32m━[0m[37m━━━━━━━━━━━━━━━━━━━[0m [1m19s[0m 32ms/step - loss: 7270.1079 - mae: 74.3582
[1m 35/653[0m [32m━[0m[37m━━━━━━━━━━━━━━━━━━━[0m [1m19s[0m 32ms/step - loss: 7264.7104 - mae: 74.3534
[1m 37/653[0m [32m━[0m[37m━━━━━━━━━━━━━━━━━━━[0m [1m19s[0m 32ms/step - loss: 7259.3921 - mae: 74.3474
[1m 39/653[0m [32m━[0m[37m━━━━━━━━━━━━━━━━━━━[0m [1m19s[0m 32ms/step - loss: 7252.5352 - mae: 74.3333
[1m 41/653[0m [32m━[0m[37m━━━━━━━━━━━━━━━━━━━[0m [1m19s[0m 32ms/step - loss: 7244.4692 - mae: 74.3134
[1m 43/653[0m [32m━[0m[37m━━━━━━━━━━━━━━━━━━━[0m [1m19s[0m 32ms/step - loss: 7236.7783 - mae: 74.2972
[1m 45/653[0m [32m━[0m[37m━━━━━━━━━━━━━━━━━━━[0m [1m19s[0m 32ms/step - loss: 7227.8110 - mae: 74.2705
[1m 46/653[0m [32m━[0m[37m━━━━━━━━━━━━━━━━━━━[0m [1m19s[0m 33ms/step - loss: 7223.1216 - mae: 74.2552
[1m 48/653[0m [32m━[0m[37m━━━━━━━━━━━━━━━━━━━[0m [1m19s[0m 33ms/step - loss: 7213.2222 - mae: 74.2210
[1m 50/653[0m [32m━[0m[37m━━━━━━━━━━━━━━━━━━━[0m [1m19s[0m 33ms/step - loss: 7202.7280 - mae: 74.1823
[1m 52/653[0m [32m━[0m[37m━━━━━━━━━━━━━━━━━━━[0m [1m19s[0m 33ms/step - loss: 7190.9834 - mae: 74.1350
[1m 54/653[0m [32m━[0m[37m━━━━━━━━━━━━━━━━━━━[0m [1m19s[0m 33ms/step - loss: 7177.4248 - mae: 74.0737
[1m 56/653[0m [32m━[0m[37m━━━━━━━━━━━━━━━━━━━[0m [1m19s[0m 33ms/step - loss: 7163.2188 - mae: 74.0086
[1m 58/653[0m [32m━[0m[37m━━━━━━━━━━━━━━━━━━━[0m [1m19s[0m 33ms/step - loss: 7147.7646 - mae: 73.9356
[1m 60/653[0m [32m━[0m[37m━━━━━━━━━━━━━━━━━━━[0m [1m19s[0m 33ms/step - loss: 7131.0791 - mae: 73.8545
[1m 62/653[0m [32m━[0m[37m━━━━━━━━━━━━━━━━━━━[0m [1m19s[0m 33ms/step - loss: 7113.7031 - mae: 73.7689
[1m 64/653[0m [32m━[0m[37m━━━━━━━━━━━━━━━━━━━[0m [1m19s[0m 33ms/step - loss: 7095.9297 - mae: 73.6806
[1m 66/653[0m [32m━━[0m[37m━━━━━━━━━━━━━━━━━━[0m [1m19s[0m 32ms/step - loss: 7077.4888 - mae: 73.5866
[1m 68/653[0m [32m━━[0m[37m━━━━━━━━━━━━━━━━━━[0m [1m18s[0m 32ms/step - loss: 7058.2900 - mae: 73.4866
[1m 70/653[0m [32m━━[0m[37m━━━━━━━━━━━━━━━━━━[0m [1m18s[0m 32ms/step - loss: 7038.6235 - mae: 73.3835
[1m 72/653[0m [32m━━[0m[37m━━━━━━━━━━━━━━━━━━[0m [1m18s[0m 32ms/step - loss: 7018.2666 - mae: 73.2748
[1m 74/653[0m [32m━━[0m[37m━━━━━━━━━━━━━━━━━━[0m [1m18s[0m 32ms/step - loss: 6997.5127 - mae: 73.1624
[1m 76/653[0m [32m━━[0m[37m━━━━━━━━━━━━━━━━━━[0m [1m18s[0m 32ms/step - loss: 6976.3730 - mae: 73.0468
[1m 78/653[0m [32m━━[0m[37m━━━━━━━━━━━━━━━━━━[0m [1m18s[0m 32ms/step - loss: 6954.4468 - mae: 72.9241
[1m 80/653[0m [32m━━[0m[37m━━━━━━━━━━━━━━━━━━[0m [1m18s[0m 32ms/step - loss: 6932.1670 - mae: 72.7983
[1m 82/653[0m [32m━━[0m[37m━━━━━━━━━━━━━━━━━━[0m [1m18s[0m 32ms/step - loss: 6909.2988 - mae: 72.6679
[1m 84/653[0m [32m━━[0m[37m━━━━━━━━━━━━━━━━━━[0m [1m18s[0m 32ms/step - loss: 6885.9155 - mae: 72.5326
[1m 86/653[0m [32m━━[0m[37m━━━━━━━━━━━━━━━━━━[0m [1m18s[0m 32ms/step - loss: 6861.9673 - mae: 72.3918
[1m 88/653[0m [32m━━[0m[37m━━━━━━━━━━━━━━━━━━[0m [1m18s[0m 32ms/step - loss: 6837.3862 - mae: 72.2456
[1m 90/653[0m [32m━━[0m[37m━━━━━━━━━━━━━━━━━━[0m [1m18s[0m 32ms/step - loss: 6812.2773 - mae: 72.0942
[1m 92/653[0m [32m━━[0m[37m━━━━━━━━━━━━━━━━━━[0m [1m18s[0m 33ms/step - loss: 6786.8359 - mae: 71.9390
[1m 94/653[0m [32m━━[0m[37m━━━━━━━━━━━━━━━━━━[0m [1m18s[0m 33ms/step - loss: 6760.8350 - mae: 71.7777
[1m 96/653[0m [32m━━[0m[37m━━━━━━━━━━━━━━━━━━[0m [1m18s[0m 33ms/step - loss: 6734.3418 - mae: 71.6111
[1m 98/653[0m [32m━━━[0m[37m━━━━━━━━━━━━━━━━━[0m [1m18s[0m 33ms/step - loss: 6707.3403 - mae: 71.4386
[1m100/653[0m [32m━━━[0m[37m━━━━━━━━━━━━━━━━━[0m [1m18s[0m 33ms/step - loss: 6679.9165 - mae: 71.2615
[1m102/653[0m [32m━━━[0m[37m━━━━━━━━━━━━━━━━━[0m [1m18s[0m 33ms/step - loss: 6652.1812 - mae: 71.0806
[1m104/653[0m [32m━━━[0m[37m━━━━━━━━━━━━━━━━━[0m [1m18s[0m 33ms/step - loss: 6624.0679 - mae: 70.8951
[1m106/653[0m [32m━━━[0m[37m━━━━━━━━━━━━━━━━━[0m [1m17s[0m 33ms/step - loss: 6595.4985 - mae: 70.7035
[1m108/653[0m [32m━━━[0m[37m━━━━━━━━━━━━━━━━━[0m [1m17s[0m 33ms/step - loss: 6566.6328 - mae: 70.5077
[1m110/653[0m [32m━━━[0m[37m━━━━━━━━━━━━━━━━━[0m [1m17s[0m 33ms/step - loss: 6537.5801 - mae: 70.3089
[1m112/653[0m [32m━━━[0m[37m━━━━━━━━━━━━━━━━━[0m [1m17s[0m 33ms/step - loss: 6508.2080 - mae: 70.1050
[1m114/653[0m [32m━━━[0m[37m━━━━━━━━━━━━━━━━━[0m [1m17s[0m 33ms/step - loss: 6478.5605 - mae: 69.8964
[1m116/653[0m [32m━━━[0m[37m━━━━━━━━━━━━━━━━━[0m [1m17s[0m 33ms/step - loss: 6448.7114 - mae: 69.6842
[1m118/653[0m [32m━━━[0m[37m━━━━━━━━━━━━━━━━━[0m [1m17s[0m 33ms/step - loss: 6418.7607 - mae: 69.4696
[1m120/653[0m [32m━━━[0m[37m━━━━━━━━━━━━━━━━━[0m [1m17s[0m 33ms/step - loss: 6388.6997 - mae: 69.2518
[1m122/653[0m [32m━━━[0m[37m━━━━━━━━━━━━━━━━━[0m [1m17s[0m 33ms/step - loss: 6358.5601 - mae: 69.0312
[1m124/653[0m [32m━━━[0m[37m━━━━━━━━━━━━━━━━━[0m [1m17s[0m 33ms/step - loss: 6328.3989 - mae: 68.8083
[1m126/653[0m [32m━━━[0m[37m━━━━━━━━━━━━━━━━━[0m [1m17s[0m 33ms/step - loss: 6298.2988 - mae: 68.5846
[1m128/653[0m [32m━━━[0m[37m━━━━━━━━━━━━━━━━━[0m [1m17s[0m 33ms/step - loss: 6268.2505 - mae: 68.3596
[1m130/653[0m [32m━━━[0m[37m━━━━━━━━━━━━━━━━━[0m [1m17s[0m 33ms/step - loss: 6238.2759 - mae: 68.1340
[1m132/653[0m [32m━━━━[0m[37m━━━━━━━━━━━━━━━━[0m [1m17s[0m 33ms/step - loss: 6208.4087 - mae: 67.9081
[1m134/653[0m [32m━━━━[0m[37m━━━━━━━━━━━━━━━━[0m [1m17s[0m 33ms/step - loss: 6178.6509 - mae: 67.6817
[1m136/653[0m [32m━━━━[0m[37m━━━━━━━━━━━━━━━━[0m [1m17s[0m 33ms/step - loss: 6148.9355 - mae: 67.4537
[1m138/653[0m [32m━━━━[0m[37m━━━━━━━━━━━━━━━━[0m [1m17s[0m 33ms/step - loss: 6119.3066 - mae: 67.2251
[1m140/653[0m [32m━━━━[0m[37m━━━━━━━━━━━━━━━━[0m [1m17s[0m 33ms/step - loss: 6089.8096 - mae: 66.9967
[1m142/653[0m [32m━━━━[0m[37m━━━━━━━━━━━━━━━━[0m [1m17s[0m 33ms/step - loss: 6060.4453 - mae: 66.7682
[1m144/653[0m [32m━━━━[0m[37m━━━━━━━━━━━━━━━━[0m [1m17s[0m 33ms/step - loss: 6031.2295 - mae: 66.5399
[1m146/653[0m [32m━━━━[0m[37m━━━━━━━━━━━━━━━━[0m [1m16s[0m 33ms/step - loss: 6002.1538 - mae: 66.3117
[1m148/653[0m [32m━━━━[0m[37m━━━━━━━━━━━━━━━━[0m [1m16s[0m 34ms/step - loss: 5973.2227 - mae: 66.0834
[1m150/653[0m [32m━━━━[0m[37m━━━━━━━━━━━━━━━━[0m [1m16s[0m 34ms/step - loss: 5944.4883 - mae: 65.8560
[1m152/653[0m [32m━━━━[0m[37m━━━━━━━━━━━━━━━━[0m [1m16s[0m 34ms/step - loss: 5915.9482 - mae: 65.6295
[1m154/653[0m [32m━━━━[0m[37m━━━━━━━━━━━━━━━━[0m [1m16s[0m 34ms/step - loss: 5887.6064 - mae: 65.4039
[1m156/653[0m [32m━━━━[0m[37m━━━━━━━━━━━━━━━━[0m [1m16s[0m 34ms/step - loss: 5859.4468 - mae: 65.1789
[1m158/653[0m [32m━━━━[0m[37m━━━━━━━━━━━━━━━━[0m [1m16s[0m 34ms/step - loss: 5831.4941 - mae: 64.9548
[1m160/653[0m [32m━━━━[0m[37m━━━━━━━━━━━━━━━━[0m [1m16s[0m 34ms/step - loss: 5803.7544 - mae: 64.7317
[1m162/653[0m [32m━━━━[0m[37m━━━━━━━━━━━━━━━━[0m [1m16s[0m 34ms/step - loss: 5776.2212 - mae: 64.5093
[1m164/653[0m [32m━━━━━[0m[37m━━━━━━━━━━━━━━━[0m [1m16s[0m 34ms/step - loss: 5748.9019 - mae: 64.2879
[1m166/653[0m [32m━━━━━[0m[37m━━━━━━━━━━━━━━━[0m [1m16s[0m 34ms/step - loss: 5721.7861 - mae: 64.0673
[1m168/653[0m [32m━━━━━[0m[37m━━━━━━━━━━━━━━━[0m [1m16s[0m 34ms/step - loss: 5694.8828 - mae: 63.8479
[1m170/653[0m [32m━━━━━[0m[37m━━━━━━━━━━━━━━━[0m [1m16s[0m 34ms/step - loss: 5668.2144 - mae: 63.6300
[1m172/653[0m [32m━━━━━[0m[37m━━━━━━━━━━━━━━━[0m [1m16s[0m 34ms/step - loss: 5641.7695 - mae: 63.4135
[1m174/653[0m [32m━━━━━[0m[37m━━━━━━━━━━━━━━━[0m [1m16s[0m 34ms/step - loss: 5615.5493 - mae: 63.1984
[1m176/653[0m [32m━━━━━[0m[37m━━━━━━━━━━━━━━━[0m [1m16s[0m 34ms/step - loss: 5589.5571 - mae: 62.9849
[1m178/653[0m [32m━━━━━[0m[37m━━━━━━━━━━━━━━━[0m [1m16s[0m 34ms/step - loss: 5563.8052 - mae: 62.7730
[1m180/653[0m [32m━━━━━[0m[37m━━━━━━━━━━━━━━━[0m [1m15s[0m 34ms/step - loss: 5538.2842 - mae: 62.5625
[1m182/653[0m [32m━━━━━[0m[37m━━━━━━━━━━━━━━━[0m [1m15s[0m 34ms/step - loss: 5512.9956 - mae: 62.3537
[1m184/653[0m [32m━━━━━[0m[37m━━━━━━━━━━━━━━━[0m [1m15s[0m 34ms/step - loss: 5487.9380 - mae: 62.1464
[1m186/653[0m [32m━━━━━[0m[37m━━━━━━━━━━━━━━━[0m [1m15s[0m 34ms/step - loss: 5463.0928 - mae: 61.9405
[1m188/653[0m [32m━━━━━[0m[37m━━━━━━━━━━━━━━━[0m [1m15s[0m 34ms/step - loss: 5438.4775 - mae: 61.7362
[1m190/653[0m [32m━━━━━[0m[37m━━━━━━━━━━━━━━━[0m [1m15s[0m 34ms/step - loss: 5414.0791 - mae: 61.5335
[1m192/653[0m [32m━━━━━[0m[37m━━━━━━━━━━━━━━━[0m [1m15s[0m 34ms/step - loss: 5389.8916 - mae: 61.3320
[1m194/653[0m [32m━━━━━[0m[37m━━━━━━━━━━━━━━━[0m [1m15s[0m 34ms/step - loss: 5365.9302 - mae: 61.1321
[1m196/653[0m [32m━━━━━━[0m[37m━━━━━━━━━━━━━━[0m [1m15s[0m 34ms/step - loss: 5342.1938 - mae: 60.9339
[1m198/653[0m [32m━━━━━━[0m[37m━━━━━━━━━━━━━━[0m [1m15s[0m 34ms/step - loss: 5318.7002 - mae: 60.7377
[1m199/653[0m [32m━━━━━━[0m[37m━━━━━━━━━━━━━━[0m [1m15s[0m 34ms/step - loss: 5307.0371 - mae: 60.6401
[1m201/653[0m [32m━━━━━━[0m[37m━━━━━━━━━━━━━━[0m [1m15s[0m 34ms/step - loss: 5283.8618 - mae: 60.4459
[1m203/653[0m [32m━━━━━━[0m[37m━━━━━━━━━━━━━━[0m [1m15s[0m 34ms/step - loss: 5260.9160 - mae: 60.2533
[1m205/653[0m [32m━━━━━━[0m[37m━━━━━━━━━━━━━━[0m [1m15s[0m 34ms/step - loss: 5238.1816 - mae: 60.0621
[1m207/653[0m [32m━━━━━━[0m[37m━━━━━━━━━━━━━━[0m [1m15s[0m 34ms/step - loss: 5215.6562 - mae: 59.8723
[1m209/653[0m [32m━━━━━━[0m[37m━━━━━━━━━━━━━━[0m [1m15s[0m 34ms/step - loss: 5193.3330 - mae: 59.6839
[1m211/653[0m [32m━━━━━━[0m[37m━━━━━━━━━━━━━━[0m [1m15s[0m 34ms/step - loss: 5171.2168 - mae: 59.4969
[1m213/653[0m [32m━━━━━━[0m[37m━━━━━━━━━━━━━━[0m [1m14s[0m 34ms/step - loss: 5149.3115 - mae: 59.3116
[1m215/653[0m [32m━━━━━━[0m[37m━━━━━━━━━━━━━━[0m [1m14s[0m 34ms/step - loss: 5127.6167 - mae: 59.1277
[1m217/653[0m [32m━━━━━━[0m[37m━━━━━━━━━━━━━━[0m [1m14s[0m 34ms/step - loss: 5106.1143 - mae: 58.9452
[1m219/653[0m [32m━━━━━━[0m[37m━━━━━━━━━━━━━━[0m [1m14s[0m 34ms/step - loss: 5084.8032 - mae: 58.7641
[1m221/653[0m [32m━━━━━━[0m[37m━━━━━━━━━━━━━━[0m [1m14s[0m 34ms/step - loss: 5063.6836 - mae: 58.5843
[1m223/653[0m [32m━━━━━━[0m[37m━━━━━━━━━━━━━━[0m [1m14s[0m 34ms/step - loss: 5042.7632 - mae: 58.4061
[1m225/653[0m [32m━━━━━━[0m[37m━━━━━━━━━━━━━━[0m [1m14s[0m 34ms/step - loss: 5022.0391 - mae: 58.2295
[1m227/653[0m [32m━━━━━━[0m[37m━━━━━━━━━━━━━━[0m [1m14s[0m 34ms/step - loss: 5001.5225 - mae: 58.0544
[1m229/653[0m [32m━━━━━━━[0m[37m━━━━━━━━━━━━━[0m [1m14s[0m 34ms/step - loss: 4981.2065 - mae: 57.8810
[1m231/653[0m [32m━━━━━━━[0m[37m━━━━━━━━━━━━━[0m [1m14s[0m 34ms/step - loss: 4961.0752 - mae: 57.7088
[1m233/653[0m [32m━━━━━━━[0m[37m━━━━━━━━━━━━━[0m [1m14s[0m 34ms/step - loss: 4941.1299 - mae: 57.5380
[1m235/653[0m [32m━━━━━━━[0m[37m━━━━━━━━━━━━━[0m [1m14s[0m 34ms/step - loss: 4921.3638 - mae: 57.3686
[1m237/653[0m [32m━━━━━━━[0m[37m━━━━━━━━━━━━━[0m [1m14s[0m 34ms/step - loss: 4901.7734 - mae: 57.2004
[1m239/653[0m [32m━━━━━━━[0m[37m━━━━━━━━━━━━━[0m [1m14s[0m 34ms/step - loss: 4882.3628 - mae: 57.0336
[1m241/653[0m [32m━━━━━━━[0m[37m━━━━━━━━━━━━━[0m [1m14s[0m 34ms/step - loss: 4863.1196 - mae: 56.8680
[1m243/653[0m [32m━━━━━━━[0m[37m━━━━━━━━━━━━━[0m [1m14s[0m 34ms/step - loss: 4844.0537 - mae: 56.7037
[1m245/653[0m [32m━━━━━━━[0m[37m━━━━━━━━━━━━━[0m [1m13s[0m 34ms/step - loss: 4825.1665 - mae: 56.5409
[1m247/653[0m [32m━━━━━━━[0m[37m━━━━━━━━━━━━━[0m [1m13s[0m 34ms/step - loss: 4806.4512 - mae: 56.3794
[1m249/653[0m [32m━━━━━━━[0m[37m━━━━━━━━━━━━━[0m [1m13s[0m 34ms/step - loss: 4787.9097 - mae: 56.2193
[1m251/653[0m [32m━━━━━━━[0m[37m━━━━━━━━━━━━━[0m [1m13s[0m 34ms/step - loss: 4769.5332 - mae: 56.0604
[1m253/653[0m [32m━━━━━━━[0m[37m━━━━━━━━━━━━━[0m [1m13s[0m 34ms/step - loss: 4751.3262 - mae: 55.9030
[1m255/653[0m [32m━━━━━━━[0m[37m━━━━━━━━━━━━━[0m [1m13s[0m 34ms/step - loss: 4733.2891 - mae: 55.7469
[1m257/653[0m [32m━━━━━━━[0m[37m━━━━━━━━━━━━━[0m [1m13s[0m 34ms/step - loss: 4715.4155 - mae: 55.5920
[1m259/653[0m [32m━━━━━━━[0m[37m━━━━━━━━━━━━━[0m [1m13s[0m 34ms/step - loss: 4697.6992 - mae: 55.4384
[1m261/653[0m [32m━━━━━━━[0m[37m━━━━━━━━━━━━━[0m [1m13s[0m 34ms/step - loss: 4680.1382 - mae: 55.2860
[1m263/653[0m [32m━━━━━━━━[0m[37m━━━━━━━━━━━━[0m [1m13s[0m 34ms/step - loss: 4662.7285 - mae: 55.1347
[1m265/653[0m [32m━━━━━━━━[0m[37m━━━━━━━━━━━━[0m [1m13s[0m 34ms/step - loss: 4645.4673 - mae: 54.9846
[1m267/653[0m [32m━━━━━━━━[0m[37m━━━━━━━━━━━━[0m [1m13s[0m 34ms/step - loss: 4628.3652 - mae: 54.8357
[1m269/653[0m [32m━━━━━━━━[0m[37m━━━━━━━━━━━━[0m [1m13s[0m 34ms/step - loss: 4611.4185 - mae: 54.6882
[1m271/653[0m [32m━━━━━━━━[0m[37m━━━━━━━━━━━━[0m [1m13s[0m 34ms/step - loss: 4594.6191 - mae: 54.5419
[1m273/653[0m [32m━━━━━━━━[0m[37m━━━━━━━━━━━━[0m [1m13s[0m 34ms/step - loss: 4577.9731 - mae: 54.3968
[1m275/653[0m [32m━━━━━━━━[0m[37m━━━━━━━━━━━━[0m [1m12s[0m 34ms/step - loss: 4561.4717 - mae: 54.2529
[1m277/653[0m [32m━━━━━━━━[0m[37m━━━━━━━━━━━━[0m [1m12s[0m 34ms/step - loss: 4545.1094 - mae: 54.1101
[1m279/653[0m [32m━━━━━━━━[0m[37m━━━━━━━━━━━━[0m [1m12s[0m 34ms/step - loss: 4528.8809 - mae: 53.9682
[1m281/653[0m [32m━━━━━━━━[0m[37m━━━━━━━━━━━━[0m [1m12s[0m 34ms/step - loss: 4512.7954 - mae: 53.8276
[1m283/653[0m [32m━━━━━━━━[0m[37m━━━━━━━━━━━━[0m [1m12s[0m 34ms/step - loss: 4496.8467 - mae: 53.6880
[1m285/653[0m [32m━━━━━━━━[0m[37m━━━━━━━━━━━━[0m [1m12s[0m 34ms/step - loss: 4481.0356 - mae: 53.5496
[1m287/653[0m [32m━━━━━━━━[0m[37m━━━━━━━━━━━━[0m [1m12s[0m 34ms/step - loss: 4465.3608 - mae: 53.4122
[1m289/653[0m [32m━━━━━━━━[0m[37m━━━━━━━━━━━━[0m [1m12s[0m 34ms/step - loss: 4449.8223 - mae: 53.2760
[1m291/653[0m [32m━━━━━━━━[0m[37m━━━━━━━━━━━━[0m [1m12s[0m 34ms/step - loss: 4434.4204 - mae: 53.1410
[1m293/653[0m [32m━━━━━━━━[0m[37m━━━━━━━━━━━━[0m [1m12s[0m 34ms/step - loss: 4419.1470 - mae: 53.0070
[1m295/653[0m [32m━━━━━━━━━[0m[37m━━━━━━━━━━━[0m [1m12s[0m 34ms/step - loss: 4403.9961 - mae: 52.8740
[1m297/653[0m [32m━━━━━━━━━[0m[37m━━━━━━━━━━━[0m [1m12s[0m 34ms/step - loss: 4388.9702 - mae: 52.7419
[1m299/653[0m [32m━━━━━━━━━[0m[37m━━━━━━━━━━━[0m [1m12s[0m 34ms/step - loss: 4374.0747 - mae: 52.6110
[1m301/653[0m [32m━━━━━━━━━[0m[37m━━━━━━━━━━━[0m [1m12s[0m 34ms/step - loss: 4359.3018 - mae: 52.4812
[1m303/653[0m [32m━━━━━━━━━[0m[37m━━━━━━━━━━━[0m [1m11s[0m 34ms/step - loss: 4344.6470 - mae: 52.3523
[1m305/653[0m [32m━━━━━━━━━[0m[37m━━━━━━━━━━━[0m [1m11s[0m 34ms/step - loss: 4330.1147 - mae: 52.2245
[1m307/653[0m [32m━━━━━━━━━[0m[37m━━━━━━━━━━━[0m [1m11s[0m 34ms/step - loss: 4315.7056 - mae: 52.0977
[1m309/653[0m [32m━━━━━━━━━[0m[37m━━━━━━━━━━━[0m [1m11s[0m 34ms/step - loss: 4301.4106 - mae: 51.9719
[1m311/653[0m [32m━━━━━━━━━[0m[37m━━━━━━━━━━━[0m [1m11s[0m 34ms/step - loss: 4287.2300 - mae: 51.8471
[1m313/653[0m [32m━━━━━━━━━[0m[37m━━━━━━━━━━━[0m [1m11s[0m 34ms/step - loss: 4273.1650 - mae: 51.7232
[1m315/653[0m [32m━━━━━━━━━[0m[37m━━━━━━━━━━━[0m [1m11s[0m 34ms/step - loss: 4259.2124 - mae: 51.6003
[1m317/653[0m [32m━━━━━━━━━[0m[37m━━━━━━━━━━━[0m [1m11s[0m 34ms/step - loss: 4245.3682 - mae: 51.4782
[1m319/653[0m [32m━━━━━━━━━[0m[37m━━━━━━━━━━━[0m [1m11s[0m 34ms/step - loss: 4231.6304 - mae: 51.3570
[1m321/653[0m [32m━━━━━━━━━[0m[37m━━━━━━━━━━━[0m [1m11s[0m 34ms/step - loss: 4218.0024 - mae: 51.2367
[1m323/653[0m [32m━━━━━━━━━[0m[37m━━━━━━━━━━━[0m [1m11s[0m 34ms/step - loss: 4204.4805 - mae: 51.1172
[1m325/653[0m [32m━━━━━━━━━[0m[37m━━━━━━━━━━━[0m [1m11s[0m 34ms/step - loss: 4191.0645 - mae: 50.9987
[1m327/653[0m [32m━━━━━━━━━━[0m[37m━━━━━━━━━━[0m [1m11s[0m 34ms/step - loss: 4177.7529 - mae: 50.8809
[1m329/653[0m [32m━━━━━━━━━━[0m[37m━━━━━━━━━━[0m [1m11s[0m 34ms/step - loss: 4164.5435 - mae: 50.7640
[1m331/653[0m [32m━━━━━━━━━━[0m[37m━━━━━━━━━━[0m [1m11s[0m 34ms/step - loss: 4151.4419 - mae: 50.6481
[1m333/653[0m [32m━━━━━━━━━━[0m[37m━━━━━━━━━━[0m [1m10s[0m 34ms/step - loss: 4138.4390 - mae: 50.5329
[1m335/653[0m [32m━━━━━━━━━━[0m[37m━━━━━━━━━━[0m [1m10s[0m 34ms/step - loss: 4125.5386 - mae: 50.4187
[1m337/653[0m [32m━━━━━━━━━━[0m[37m━━━━━━━━━━[0m [1m10s[0m 34ms/step - loss: 4112.7339 - mae: 50.3051
[1m339/653[0m [32m━━━━━━━━━━[0m[37m━━━━━━━━━━[0m [1m10s[0m 34ms/step - loss: 4100.0239 - mae: 50.1924
[1m341/653[0m [32m━━━━━━━━━━[0m[37m━━━━━━━━━━[0m [1m10s[0m 34ms/step - loss: 4087.4082 - mae: 50.0803
[1m343/653[0m [32m━━━━━━━━━━[0m[37m━━━━━━━━━━[0m [1m10s[0m 34ms/step - loss: 4074.8918 - mae: 49.9691
[1m345/653[0m [32m━━━━━━━━━━[0m[37m━━━━━━━━━━[0m [1m10s[0m 34ms/step - loss: 4062.4697 - mae: 49.8587
[1m347/653[0m [32m━━━━━━━━━━[0m[37m━━━━━━━━━━[0m [1m10s[0m 34ms/step - loss: 4050.1414 - mae: 49.7491
[1m349/653[0m [32m━━━━━━━━━━[0m[37m━━━━━━━━━━[0m [1m10s[0m 34ms/step - loss: 4037.9084 - mae: 49.6403
[1m351/653[0m [32m━━━━━━━━━━[0m[37m━━━━━━━━━━[0m [1m10s[0m 34ms/step - loss: 4025.7659 - mae: 49.5322
[1m353/653[0m [32m━━━━━━━━━━[0m[37m━━━━━━━━━━[0m [1m10s[0m 34ms/step - loss: 4013.7114 - mae: 49.4249
[1m355/653[0m [32m━━━━━━━━━━[0m[37m━━━━━━━━━━[0m [1m10s[0m 34ms/step - loss: 4001.7449 - mae: 49.3183
[1m357/653[0m [32m━━━━━━━━━━[0m[37m━━━━━━━━━━[0m [1m10s[0m 34ms/step - loss: 3989.8691 - mae: 49.2125
[1m359/653[0m [32m━━━━━━━━━━[0m[37m━━━━━━━━━━[0m [1m10s[0m 34ms/step - loss: 3978.0789 - mae: 49.1074
[1m361/653[0m [32m━━━━━━━━━━━[0m[37m━━━━━━━━━[0m [1m10s[0m 34ms/step - loss: 3966.3743 - mae: 49.0029
[1m363/653[0m [32m━━━━━━━━━━━[0m[37m━━━━━━━━━[0m [1m9s[0m 34ms/step - loss: 3954.7603 - mae: 48.8994 
[1m365/653[0m [32m━━━━━━━━━━━[0m[37m━━━━━━━━━[0m [1m9s[0m 34ms/step - loss: 3943.2349 - mae: 48.7966
[1m367/653[0m [32m━━━━━━━━━━━[0m[37m━━━━━━━━━[0m [1m9s[0m 34ms/step - loss: 3931.7932 - mae: 48.6945
[1m369/653[0m [32m━━━━━━━━━━━[0m[37m━━━━━━━━━[0m [1m9s[0m 34ms/step - loss: 3920.4326 - mae: 48.5931
[1m371/653[0m [32m━━━━━━━━━━━[0m[37m━━━━━━━━━[0m [1m9s[0m 34ms/step - loss: 3909.1541 - mae: 48.4925
[1m373/653[0m [32m━━━━━━━━━━━[0m[37m━━━━━━━━━[0m [1m9s[0m 34ms/step - loss: 3897.9590 - mae: 48.3925
[1m375/653[0m [32m━━━━━━━━━━━[0m[37m━━━━━━━━━[0m [1m9s[0m 34ms/step - loss: 3886.8428 - mae: 48.2932
[1m377/653[0m [32m━━━━━━━━━━━[0m[37m━━━━━━━━━[0m [1m9s[0m 34ms/step - loss: 3875.8083 - mae: 48.1946
[1m379/653[0m [32m━━━━━━━━━━━[0m[37m━━━━━━━━━[0m [1m9s[0m 34ms/step - loss: 3864.8547 - mae: 48.0967
[1m381/653[0m [32m━━━━━━━━━━━[0m[37m━━━━━━━━━[0m [1m9s[0m 34ms/step - loss: 3853.9790 - mae: 47.9994
[1m383/653[0m [32m━━━━━━━━━━━[0m[37m━━━━━━━━━[0m [1m9s[0m 34ms/step - loss: 3843.1838 - mae: 47.9029
[1m385/653[0m [32m━━━━━━━━━━━[0m[37m━━━━━━━━━[0m [1m9s[0m 34ms/step - loss: 3832.4690 - mae: 47.8072
[1m387/653[0m [32m━━━━━━━━━━━[0m[37m━━━━━━━━━[0m [1m9s[0m 34ms/step - loss: 3821.8301 - mae: 47.7121
[1m389/653[0m [32m━━━━━━━━━━━[0m[37m━━━━━━━━━[0m [1m9s[0m 34ms/step - loss: 3811.2649 - mae: 47.6176
[1m391/653[0m [32m━━━━━━━━━━━[0m[37m━━━━━━━━━[0m [1m9s[0m 34ms/step - loss: 3800.7727 - mae: 47.5237
[1m393/653[0m [32m━━━━━━━━━━━━[0m[37m━━━━━━━━[0m [1m8s[0m 34ms/step - loss: 3790.3528 - mae: 47.4305
[1m395/653[0m [32m━━━━━━━━━━━━[0m[37m━━━━━━━━[0m [1m8s[0m 34ms/step - loss: 3780.0037 - mae: 47.3379
[1m397/653[0m [32m━━━━━━━━━━━━[0m[37m━━━━━━━━[0m [1m8s[0m 34ms/step - loss: 3769.7246 - mae: 47.2458
[1m399/653[0m [32m━━━━━━━━━━━━[0m[37m━━━━━━━━[0m [1m8s[0m 34ms/step - loss: 3759.5164 - mae: 47.1544
[1m401/653[0m [32m━━━━━━━━━━━━[0m[37m━━━━━━━━[0m [1m8s[0m 34ms/step - loss: 3749.3767 - mae: 47.0635
[1m403/653[0m [32m━━━━━━━━━━━━[0m[37m━━━━━━━━[0m [1m8s[0m 34ms/step - loss: 3739.3054 - mae: 46.9732
[1m405/653[0m [32m━━━━━━━━━━━━[0m[37m━━━━━━━━[0m [1m8s[0m 34ms/step - loss: 3729.3003 - mae: 46.8835
[1m407/653[0m [32m━━━━━━━━━━━━[0m[37m━━━━━━━━[0m [1m8s[0m 34ms/step - loss: 3719.3633 - mae: 46.7944
[1m409/653[0m [32m━━━━━━━━━━━━[0m[37m━━━━━━━━[0m [1m8s[0m 34ms/step - loss: 3709.4929 - mae: 46.7059
[1m411/653[0m [32m━━━━━━━━━━━━[0m[37m━━━━━━━━[0m [1m8s[0m 34ms/step - loss: 3699.6936 - mae: 46.6180
[1m413/653[0m [32m━━━━━━━━━━━━[0m[37m━━━━━━━━[0m [1m8s[0m 34ms/step - loss: 3689.9619 - mae: 46.5308
[1m415/653[0m [32m━━━━━━━━━━━━[0m[37m━━━━━━━━[0m [1m8s[0m 34ms/step - loss: 3680.2974 - mae: 46.4441
[1m417/653[0m [32m━━━━━━━━━━━━[0m[37m━━━━━━━━[0m [1m8s[0m 34ms/step - loss: 3670.6970 - mae: 46.3580
[1m419/653[0m [32m━━━━━━━━━━━━[0m[37m━━━━━━━━[0m [1m8s[0m 34ms/step - loss: 3661.1628 - mae: 46.2725
[1m421/653[0m [32m━━━━━━━━━━━━[0m[37m━━━━━━━━[0m [1m8s[0m 34ms/step - loss: 3651.6892 - mae: 46.1875
[1m423/653[0m [32m━━━━━━━━━━━━[0m[37m━━━━━━━━[0m [1m7s[0m 34ms/step - loss: 3642.2769 - mae: 46.1030
[1m425/653[0m [32m━━━━━━━━━━━━━[0m[37m━━━━━━━[0m [1m7s[0m 34ms/step - loss: 3632.9248 - mae: 46.0191
[1m427/653[0m [32m━━━━━━━━━━━━━[0m[37m━━━━━━━[0m [1m7s[0m 34ms/step - loss: 3623.6348 - mae: 45.9356
[1m429/653[0m [32m━━━━━━━━━━━━━[0m[37m━━━━━━━[0m [1m7s[0m 34ms/step - loss: 3614.4070 - mae: 45.8527
[1m431/653[0m [32m━━━━━━━━━━━━━[0m[37m━━━━━━━[0m [1m7s[0m 34ms/step - loss: 3605.2410 - mae: 45.7704
[1m433/653[0m [32m━━━━━━━━━━━━━[0m[37m━━━━━━━[0m [1m7s[0m 34ms/step - loss: 3596.1394 - mae: 45.6887
[1m435/653[0m [32m━━━━━━━━━━━━━[0m[37m━━━━━━━[0m [1m7s[0m 34ms/step - loss: 3587.1028 - mae: 45.6076
[1m437/653[0m [32m━━━━━━━━━━━━━[0m[37m━━━━━━━[0m [1m7s[0m 34ms/step - loss: 3578.1262 - mae: 45.5270
[1m439/653[0m [32m━━━━━━━━━━━━━[0m[37m━━━━━━━[0m [1m7s[0m 34ms/step - loss: 3569.2056 - mae: 45.4469
[1m441/653[0m [32m━━━━━━━━━━━━━[0m[37m━━━━━━━[0m [1m7s[0m 34ms/step - loss: 3560.3389 - mae: 45.3673
[1m443/653[0m [32m━━━━━━━━━━━━━[0m[37m━━━━━━━[0m [1m7s[0m 35ms/step - loss: 3551.5288 - mae: 45.2881
[1m445/653[0m [32m━━━━━━━━━━━━━[0m[37m━━━━━━━[0m [1m7s[0m 35ms/step - loss: 3542.7759 - mae: 45.2095
[1m447/653[0m [32m━━━━━━━━━━━━━[0m[37m━━━━━━━[0m [1m7s[0m 34ms/step - loss: 3534.0803 - mae: 45.1314
[1m449/653[0m [32m━━━━━━━━━━━━━[0m[37m━━━━━━━[0m [1m7s[0m 34ms/step - loss: 3525.4402 - mae: 45.0537
[1m451/653[0m [32m━━━━━━━━━━━━━[0m[37m━━━━━━━[0m [1m6s[0m 34ms/step - loss: 3516.8538 - mae: 44.9766
[1m453/653[0m [32m━━━━━━━━━━━━━[0m[37m━━━━━━━[0m [1m6s[0m 34ms/step - loss: 3508.3201 - mae: 44.8998
[1m455/653[0m [32m━━━━━━━━━━━━━[0m[37m━━━━━━━[0m [1m6s[0m 35ms/step - loss: 3499.8386 - mae: 44.8236
[1m457/653[0m [32m━━━━━━━━━━━━━[0m[37m━━━━━━━[0m [1m6s[0m 34ms/step - loss: 3491.4099 - mae: 44.7478
[1m459/653[0m [32m━━━━━━━━━━━━━━[0m[37m━━━━━━[0m [1m6s[0m 34ms/step - loss: 3483.0320 - mae: 44.6724
[1m461/653[0m [32m━━━━━━━━━━━━━━[0m[37m━━━━━━[0m [1m6s[0m 34ms/step - loss: 3474.7031 - mae: 44.5975
[1m463/653[0m [32m━━━━━━━━━━━━━━[0m[37m━━━━━━[0m [1m6s[0m 34ms/step - loss: 3466.4255 - mae: 44.5230
[1m465/653[0m [32m━━━━━━━━━━━━━━[0m[37m━━━━━━[0m [1m6s[0m 34ms/step - loss: 3458.1963 - mae: 44.4489
[1m467/653[0m [32m━━━━━━━━━━━━━━[0m[37m━━━━━━[0m [1m6s[0m 34ms/step - loss: 3450.0164 - mae: 44.3752
[1m469/653[0m [32m━━━━━━━━━━━━━━[0m[37m━━━━━━[0m [1m6s[0m 34ms/step - loss: 3441.8865 - mae: 44.3020
[1m471/653[0m [32m━━━━━━━━━━━━━━[0m[37m━━━━━━[0m [1m6s[0m 34ms/step - loss: 3433.8044 - mae: 44.2292
[1m473/653[0m [32m━━━━━━━━━━━━━━[0m[37m━━━━━━[0m [1m6s[0m 34ms/step - loss: 3425.7705 - mae: 44.1568
[1m475/653[0m [32m━━━━━━━━━━━━━━[0m[37m━━━━━━[0m [1m6s[0m 34ms/step - loss: 3417.7839 - mae: 44.0848
[1m477/653[0m [32m━━━━━━━━━━━━━━[0m[37m━━━━━━[0m [1m6s[0m 34ms/step - loss: 3409.8438 - mae: 44.0132
[1m479/653[0m [32m━━━━━━━━━━━━━━[0m[37m━━━━━━[0m [1m5s[0m 34ms/step - loss: 3401.9507 - mae: 43.9420
[1m481/653[0m [32m━━━━━━━━━━━━━━[0m[37m━━━━━━[0m [1m5s[0m 34ms/step - loss: 3394.1038 - mae: 43.8712
[1m483/653[0m [32m━━━━━━━━━━━━━━[0m[37m━━━━━━[0m [1m5s[0m 34ms/step - loss: 3386.3013 - mae: 43.8008
[1m485/653[0m [32m━━━━━━━━━━━━━━[0m[37m━━━━━━[0m [1m5s[0m 34ms/step - loss: 3378.5425 - mae: 43.7307
[1m487/653[0m [32m━━━━━━━━━━━━━━[0m[37m━━━━━━[0m [1m5s[0m 34ms/step - loss: 3370.8293 - mae: 43.6609
[1m489/653[0m [32m━━━━━━━━━━━━━━[0m[37m━━━━━━[0m [1m5s[0m 34ms/step - loss: 3363.1606 - mae: 43.5916
[1m491/653[0m [32m━━━━━━━━━━━━━━━[0m[37m━━━━━[0m [1m5s[0m 34ms/step - loss: 3355.5371 - mae: 43.5226
[1m493/653[0m [32m━━━━━━━━━━━━━━━[0m[37m━━━━━[0m [1m5s[0m 34ms/step - loss: 3347.9583 - mae: 43.4540
[1m495/653[0m [32m━━━━━━━━━━━━━━━[0m[37m━━━━━[0m [1m5s[0m 34ms/step - loss: 3340.4241 - mae: 43.3859
[1m497/653[0m [32m━━━━━━━━━━━━━━━[0m[37m━━━━━[0m [1m5s[0m 34ms/step - loss: 3332.9331 - mae: 43.3180
[1m499/653[0m [32m━━━━━━━━━━━━━━━[0m[37m━━━━━[0m [1m5s[0m 34ms/step - loss: 3325.4854 - mae: 43.2506
[1m501/653[0m [32m━━━━━━━━━━━━━━━[0m[37m━━━━━[0m [1m5s[0m 34ms/step - loss: 3318.0820 - mae: 43.1836
[1m503/653[0m [32m━━━━━━━━━━━━━━━[0m[37m━━━━━[0m [1m5s[0m 34ms/step - loss: 3310.7222 - mae: 43.1170
[1m505/653[0m [32m━━━━━━━━━━━━━━━[0m[37m━━━━━[0m [1m5s[0m 34ms/step - loss: 3303.4065 - mae: 43.0508
[1m507/653[0m [32m━━━━━━━━━━━━━━━[0m[37m━━━━━[0m [1m5s[0m 34ms/step - loss: 3296.1318 - mae: 42.9850
[1m509/653[0m [32m━━━━━━━━━━━━━━━[0m[37m━━━━━[0m [1m4s[0m 34ms/step - loss: 3288.8965 - mae: 42.9195
[1m511/653[0m [32m━━━━━━━━━━━━━━━[0m[37m━━━━━[0m [1m4s[0m 34ms/step - loss: 3281.7026 - mae: 42.8543
[1m513/653[0m [32m━━━━━━━━━━━━━━━[0m[37m━━━━━[0m [1m4s[0m 34ms/step - loss: 3274.5493 - mae: 42.7895
[1m515/653[0m [32m━━━━━━━━━━━━━━━[0m[37m━━━━━[0m [1m4s[0m 34ms/step - loss: 3267.4390 - mae: 42.7252
[1m517/653[0m [32m━━━━━━━━━━━━━━━[0m[37m━━━━━[0m [1m4s[0m 34ms/step - loss: 3260.3687 - mae: 42.6612
[1m519/653[0m [32m━━━━━━━━━━━━━━━[0m[37m━━━━━[0m [1m4s[0m 34ms/step - loss: 3253.3374 - mae: 42.5975
[1m521/653[0m [32m━━━━━━━━━━━━━━━[0m[37m━━━━━[0m [1m4s[0m 35ms/step - loss: 3246.3472 - mae: 42.5343
[1m523/653[0m [32m━━━━━━━━━━━━━━━━[0m[37m━━━━[0m [1m4s[0m 35ms/step - loss: 3239.3960 - mae: 42.4713
[1m525/653[0m [32m━━━━━━━━━━━━━━━━[0m[37m━━━━[0m [1m4s[0m 35ms/step - loss: 3232.4832 - mae: 42.4087
[1m527/653[0m [32m━━━━━━━━━━━━━━━━[0m[37m━━━━[0m [1m4s[0m 35ms/step - loss: 3225.6086 - mae: 42.3465
[1m529/653[0m [32m━━━━━━━━━━━━━━━━[0m[37m━━━━[0m [1m4s[0m 35ms/step - loss: 3218.7708 - mae: 42.2845
[1m531/653[0m [32m━━━━━━━━━━━━━━━━[0m[37m━━━━[0m [1m4s[0m 35ms/step - loss: 3211.9707 - mae: 42.2228
[1m533/653[0m [32m━━━━━━━━━━━━━━━━[0m[37m━━━━[0m [1m4s[0m 35ms/step - loss: 3205.2078 - mae: 42.1615
[1m535/653[0m [32m━━━━━━━━━━━━━━━━[0m[37m━━━━[0m [1m4s[0m 35ms/step - loss: 3198.4839 - mae: 42.1006
[1m537/653[0m [32m━━━━━━━━━━━━━━━━[0m[37m━━━━[0m [1m4s[0m 35ms/step - loss: 3191.7966 - mae: 42.0399
[1m539/653[0m [32m━━━━━━━━━━━━━━━━[0m[37m━━━━[0m [1m3s[0m 35ms/step - loss: 3185.1458 - mae: 41.9796
[1m541/653[0m [32m━━━━━━━━━━━━━━━━[0m[37m━━━━[0m [1m3s[0m 34ms/step - loss: 3178.5312 - mae: 41.9196
[1m543/653[0m [32m━━━━━━━━━━━━━━━━[0m[37m━━━━[0m [1m3s[0m 34ms/step - loss: 3171.9539 - mae: 41.8599
[1m545/653[0m [32m━━━━━━━━━━━━━━━━[0m[37m━━━━[0m [1m3s[0m 34ms/step - loss: 3165.4116 - mae: 41.8005
[1m547/653[0m [32m━━━━━━━━━━━━━━━━[0m[37m━━━━[0m [1m3s[0m 34ms/step - loss: 3158.9053 - mae: 41.7415
[1m549/653[0m [32m━━━━━━━━━━━━━━━━[0m[37m━━━━[0m [1m3s[0m 35ms/step - loss: 3152.4343 - mae: 41.6828
[1m551/653[0m [32m━━━━━━━━━━━━━━━━[0m[37m━━━━[0m [1m3s[0m 35ms/step - loss: 3145.9966 - mae: 41.6243
[1m553/653[0m [32m━━━━━━━━━━━━━━━━[0m[37m━━━━[0m [1m3s[0m 35ms/step - loss: 3139.5918 - mae: 41.5662
[1m555/653[0m [32m━━━━━━━━━━━━━━━━[0m[37m━━━━[0m [1m3s[0m 35ms/step - loss: 3133.2205 - mae: 41.5083
[1m557/653[0m [32m━━━━━━━━━━━━━━━━━[0m[37m━━━[0m [1m3s[0m 35ms/step - loss: 3126.8826 - mae: 41.4507
[1m559/653[0m [32m━━━━━━━━━━━━━━━━━[0m[37m━━━[0m [1m3s[0m 35ms/step - loss: 3120.5776 - mae: 41.3934
[1m561/653[0m [32m━━━━━━━━━━━━━━━━━[0m[37m━━━[0m [1m3s[0m 35ms/step - loss: 3114.3049 - mae: 41.3363
[1m563/653[0m [32m━━━━━━━━━━━━━━━━━[0m[37m━━━[0m [1m3s[0m 35ms/step - loss: 3108.0637 - mae: 41.2795
[1m565/653[0m [32m━━━━━━━━━━━━━━━━━[0m[37m━━━[0m [1m3s[0m 35ms/step - loss: 3101.8540 - mae: 41.2230
[1m567/653[0m [32m━━━━━━━━━━━━━━━━━[0m[37m━━━[0m [1m2s[0m 35ms/step - loss: 3095.6765 - mae: 41.1667
[1m569/653[0m [32m━━━━━━━━━━━━━━━━━[0m[37m━━━[0m [1m2s[0m 35ms/step - loss: 3089.5300 - mae: 41.1107
[1m571/653[0m [32m━━━━━━━━━━━━━━━━━[0m[37m━━━[0m [1m2s[0m 35ms/step - loss: 3083.4146 - mae: 41.0549
[1m573/653[0m [32m━━━━━━━━━━━━━━━━━[0m[37m━━━[0m [1m2s[0m 35ms/step - loss: 3077.3306 - mae: 40.9995
[1m575/653[0m [32m━━━━━━━━━━━━━━━━━[0m[37m━━━[0m [1m2s[0m 35ms/step - loss: 3071.2764 - mae: 40.9443
[1m577/653[0m [32m━━━━━━━━━━━━━━━━━[0m[37m━━━[0m [1m2s[0m 35ms/step - loss: 3065.2520 - mae: 40.8893
[1m579/653[0m [32m━━━━━━━━━━━━━━━━━[0m[37m━━━[0m [1m2s[0m 35ms/step - loss: 3059.2576 - mae: 40.8345
[1m581/653[0m [32m━━━━━━━━━━━━━━━━━[0m[37m━━━[0m [1m2s[0m 35ms/step - loss: 3053.2922 - mae: 40.7800
[1m583/653[0m [32m━━━━━━━━━━━━━━━━━[0m[37m━━━[0m [1m2s[0m 35ms/step - loss: 3047.3557 - mae: 40.7258
[1m585/653[0m [32m━━━━━━━━━━━━━━━━━[0m[37m━━━[0m [1m2s[0m 35ms/step - loss: 3041.4480 - mae: 40.6717
[1m587/653[0m [32m━━━━━━━━━━━━━━━━━[0m[37m━━━[0m [1m2s[0m 35ms/step - loss: 3035.5691 - mae: 40.6180
[1m589/653[0m [32m━━━━━━━━━━━━━━━━━━[0m[37m━━[0m [1m2s[0m 35ms/step - loss: 3029.7192 - mae: 40.5644
[1m591/653[0m [32m━━━━━━━━━━━━━━━━━━[0m[37m━━[0m [1m2s[0m 35ms/step - loss: 3023.8977 - mae: 40.5111
[1m593/653[0m [32m━━━━━━━━━━━━━━━━━━[0m[37m━━[0m [1m2s[0m 35ms/step - loss: 3018.1052 - mae: 40.4581
[1m595/653[0m [32m━━━━━━━━━━━━━━━━━━[0m[37m━━[0m [1m2s[0m 35ms/step - loss: 3012.3403 - mae: 40.4053
[1m597/653[0m [32m━━━━━━━━━━━━━━━━━━[0m[37m━━[0m [1m1s[0m 35ms/step - loss: 3006.6025 - mae: 40.3527
[1m599/653[0m [32m━━━━━━━━━━━━━━━━━━[0m[37m━━[0m [1m1s[0m 35ms/step - loss: 3000.8931 - mae: 40.3003
[1m601/653[0m [32m━━━━━━━━━━━━━━━━━━[0m[37m━━[0m [1m1s[0m 35ms/step - loss: 2995.2102 - mae: 40.2482
[1m603/653[0m [32m━━━━━━━━━━━━━━━━━━[0m[37m━━[0m [1m1s[0m 35ms/step - loss: 2989.5540 - mae: 40.1963
[1m605/653[0m [32m━━━━━━━━━━━━━━━━━━[0m[37m━━[0m [1m1s[0m 35ms/step - loss: 2983.9243 - mae: 40.1446
[1m607/653[0m [32m━━━━━━━━━━━━━━━━━━[0m[37m━━[0m [1m1s[0m 35ms/step - loss: 2978.3215 - mae: 40.0932
[1m609/653[0m [32m━━━━━━━━━━━━━━━━━━[0m[37m━━[0m [1m1s[0m 35ms/step - loss: 2972.7451 - mae: 40.0419
[1m611/653[0m [32m━━━━━━━━━━━━━━━━━━[0m[37m━━[0m [1m1s[0m 35ms/step - loss: 2967.1968 - mae: 39.9910
[1m613/653[0m [32m━━━━━━━━━━━━━━━━━━[0m[37m━━[0m [1m1s[0m 35ms/step - loss: 2961.6758 - mae: 39.9402
[1m615/653[0m [32m━━━━━━━━━━━━━━━━━━[0m[37m━━[0m [1m1s[0m 35ms/step - loss: 2956.1809 - mae: 39.8897
[1m617/653[0m [32m━━━━━━━━━━━━━━━━━━[0m[37m━━[0m [1m1s[0m 35ms/step - loss: 2950.7112 - mae: 39.8394
[1m619/653[0m [32m━━━━━━━━━━━━━━━━━━[0m[37m━━[0m [1m1s[0m 35ms/step - loss: 2945.2664 - mae: 39.7893
[1m621/653[0m [32m━━━━━━━━━━━━━━━━━━━[0m[37m━[0m [1m1s[0m 35ms/step - loss: 2939.8464 - mae: 39.7394
[1m623/653[0m [32m━━━━━━━━━━━━━━━━━━━[0m[37m━[0m [1m1s[0m 35ms/step - loss: 2934.4524 - mae: 39.6897
[1m625/653[0m [32m━━━━━━━━━━━━━━━━━━━[0m[37m━[0m [1m0s[0m 35ms/step - loss: 2929.0833 - mae: 39.6403
[1m627/653[0m [32m━━━━━━━━━━━━━━━━━━━[0m[37m━[0m [1m0s[0m 35ms/step - loss: 2923.7402 - mae: 39.5911
[1m629/653[0m [32m━━━━━━━━━━━━━━━━━━━[0m[37m━[0m [1m0s[0m 35ms/step - loss: 2918.4231 - mae: 39.5421
[1m631/653[0m [32m━━━━━━━━━━━━━━━━━━━[0m[37m━[0m [1m0s[0m 35ms/step - loss: 2913.1299 - mae: 39.4933
[1m633/653[0m [32m━━━━━━━━━━━━━━━━━━━[0m[37m━[0m [1m0s[0m 35ms/step - loss: 2907.8616 - mae: 39.4447
[1m635/653[0m [32m━━━━━━━━━━━━━━━━━━━[0m[37m━[0m [1m0s[0m 35ms/step - loss: 2902.6184 - mae: 39.3963
[1m637/653[0m [32m━━━━━━━━━━━━━━━━━━━[0m[37m━[0m [1m0s[0m 35ms/step - loss: 2897.3997 - mae: 39.3482
[1m639/653[0m [32m━━━━━━━━━━━━━━━━━━━[0m[37m━[0m [1m0s[0m 35ms/step - loss: 2892.2046 - mae: 39.3003
[1m641/653[0m [32m━━━━━━━━━━━━━━━━━━━[0m[37m━[0m [1m0s[0m 35ms/step - loss: 2887.0334 - mae: 39.2525
[1m643/653[0m [32m━━━━━━━━━━━━━━━━━━━[0m[37m━[0m [1m0s[0m 35ms/step - loss: 2881.8853 - mae: 39.2050
[1m645/653[0m [32m━━━━━━━━━━━━━━━━━━━[0m[37m━[0m [1m0s[0m 35ms/step - loss: 2876.7603 - mae: 39.1577
[1m647/653[0m [32m━━━━━━━━━━━━━━━━━━━[0m[37m━[0m [1m0s[0m 35ms/step - loss: 2871.6580 - mae: 39.1105
[1m649/653[0m [32m━━━━━━━━━━━━━━━━━━━[0m[37m━[0m [1m0s[0m 35ms/step - loss: 2866.5789 - mae: 39.0636
[1m651/653[0m [32m━━━━━━━━━━━━━━━━━━━[0m[37m━[0m [1m0s[0m 35ms/step - loss: 2861.5225 - mae: 39.0168
[1m653/653[0m [32m━━━━━━━━━━━━━━━━━━━━[0m[37m[0m [1m0s[0m 35ms/step - loss: 2856.4902 - mae: 38.9703
Epoch 1: val_loss improved from inf to 303.75662, saving model to E:\PdM\models\FD002_lstm.keras

[1m653/653[0m [32m━━━━━━━━━━━━━━━━━━━━[0m[37m[0m [1m28s[0m 37ms/step - loss: 2853.9846 - mae: 38.9472 - val_loss: 303.7566 - val_mae: 13.1005 - learning_rate: 5.0000e-04
Epoch 2/75

[1m  1/653[0m [37m━━━━━━━━━━━━━━━━━━━━[0m [1m40s[0m 62ms/step - loss: 229.3612 - mae: 11.5490
[1m  3/653[0m [37m━━━━━━━━━━━━━━━━━━━━[0m [1m24s[0m 38ms/step - loss: 249.9836 - mae: 12.1639
[1m  5/653[0m [37m━━━━━━━━━━━━━━━━━━━━[0m [1m24s[0m 38ms/step - loss: 282.5851 - mae: 12.7240
[1m  7/653[0m [37m━━━━━━━━━━━━━━━━━━━━[0m [1m24s[0m 39ms/step - loss: 309.0813 - mae: 13.2935
[1m  9/653[0m [37m━━━━━━━━━━━━━━━━━━━━[0m [1m24s[0m 39ms/step - loss: 321.6740 - mae: 13.6042
[1m 11/653[0m [37m━━━━━━━━━━━━━━━━━━━━[0m [1m25s[0m 39ms/step - loss: 330.8568 - mae: 13.8134
[1m 13/653[0m [37m━━━━━━━━━━━━━━━━━━━━[0m [1m24s[0m 39ms/step - loss: 335.7875 - mae: 13.9324
[1m 15/653[0m [37m━━━━━━━━━━━━━━━━━━━━[0m [1m24s[0m 39ms/step - loss: 338.6056 - mae: 14.0216
[1m 17/653[0m [37m━━━━━━━━━━━━━━━━━━━━[0m [1m24s[0m 38ms/step - loss: 340.0039 - mae: 14.0781
[1m 19/653[0m [37m━━━━━━━━━━━━━━━━━━━━[0m [1m23s[0m 38ms/step - loss: 340.8351 - mae: 14.1156
[1m 21/653[0m [37m━━━━━━━━━━━━━━━━━━━━[0m [1m23s[0m 37ms/step - loss: 341.3040 - mae: 14.1441
[1m 23/653[0m [37m━━━━━━━━━━━━━━━━━━━━[0m [1m23s[0m 37ms/step - loss: 342.3601 - mae: 14.1819
[1m 25/653[0m [37m━━━━━━━━━━━━━━━━━━━━[0m [1m23s[0m 37ms/step - loss: 343.5954 - mae: 14.2185
[1m 27/653[0m [37m━━━━━━━━━━━━━━━━━━━━[0m [1m23s[0m 37ms/step - loss: 344.5123 - mae: 14.2478
[1m 29/653[0m [37m━━━━━━━━━━━━━━━━━━━━[0m [1m23s[0m 37ms/step - loss: 345.0577 - mae: 14.2647
[1m 31/653[0m [37m━━━━━━━━━━━━━━━━━━━━[0m [1m23s[0m 37ms/step - loss: 346.1281 - mae: 14.2921
[1m 33/653[0m [32m━[0m[37m━━━━━━━━━━━━━━━━━━━[0m [1m23s[0m 37ms/step - loss: 346.9171 - mae: 14.3138
[1m 35/653[0m [32m━[0m[37m━━━━━━━━━━━━━━━━━━━[0m [1m23s[0m 38ms/step - loss: 347.4425 - mae: 14.3309
[1m 37/653[0m [32m━[0m[37m━━━━━━━━━━━━━━━━━━━[0m [1m23s[0m 38ms/step - loss: 347.9545 - mae: 14.3491
[1m 39/653[0m [32m━[0m[37m━━━━━━━━━━━━━━━━━━━[0m [1m23s[0m 38ms/step - loss: 348.3886 - mae: 14.3646
[1m 41/653[0m [32m━[0m[37m━━━━━━━━━━━━━━━━━━━[0m [1m23s[0m 38ms/step - loss: 348.7173 - mae: 14.3764
[1m 43/653[0m [32m━[0m[37m━━━━━━━━━━━━━━━━━━━[0m [1m22s[0m 37ms/step - loss: 349.0868 - mae: 14.3897
[1m 45/653[0m [32m━[0m[37m━━━━━━━━━━━━━━━━━━━[0m [1m22s[0m 37ms/step - loss: 349.2443 - mae: 14.3966
[1m 47/653[0m [32m━[0m[37m━━━━━━━━━━━━━━━━━━━[0m [1m22s[0m 37ms/step - loss: 349.3056 - mae: 14.4011
[1m 49/653[0m [32m━[0m[37m━━━━━━━━━━━━━━━━━━━[0m [1m22s[0m 37ms/step - loss: 349.5547 - mae: 14.4086
[1m 51/653[0m [32m━[0m[37m━━━━━━━━━━━━━━━━━━━[0m [1m22s[0m 37ms/step - loss: 349.6922 - mae: 14.4134
[1m 53/653[0m [32m━[0m[37m━━━━━━━━━━━━━━━━━━━[0m [1m22s[0m 37ms/step - loss: 349.8458 - mae: 14.4171
[1m 55/653[0m [32m━[0m[37m━━━━━━━━━━━━━━━━━━━[0m [1m22s[0m 37ms/step - loss: 349.9539 - mae: 14.4191
[1m 57/653[0m [32m━[0m[37m━━━━━━━━━━━━━━━━━━━[0m [1m21s[0m 37ms/step - loss: 350.1150 - mae: 14.4221
[1m 59/653[0m [32m━[0m[37m━━━━━━━━━━━━━━━━━━━[0m [1m21s[0m 36ms/step - loss: 350.2148 - mae: 14.4240
[1m 61/653[0m [32m━[0m[37m━━━━━━━━━━━━━━━━━━━[0m [1m21s[0m 36ms/step - loss: 350.3035 - mae: 14.4261
[1m 63/653[0m [32m━[0m[37m━━━━━━━━━━━━━━━━━━━[0m [1m21s[0m 36ms/step - loss: 350.4577 - mae: 14.4312
[1m 65/653[0m [32m━[0m[37m━━━━━━━━━━━━━━━━━━━[0m [1m21s[0m 36ms/step - loss: 350.6357 - mae: 14.4364
[1m 67/653[0m [32m━━[0m[37m━━━━━━━━━━━━━━━━━━[0m [1m20s[0m 36ms/step - loss: 350.7179 - mae: 14.4390
[1m 69/653[0m [32m━━[0m[37m━━━━━━━━━━━━━━━━━━[0m [1m20s[0m 36ms/step - loss: 350.8190 - mae: 14.4413
[1m 71/653[0m [32m━━[0m[37m━━━━━━━━━━━━━━━━━━[0m [1m20s[0m 35ms/step - loss: 350.8787 - mae: 14.4430
[1m 73/653[0m [32m━━[0m[37m━━━━━━━━━━━━━━━━━━[0m [1m20s[0m 35ms/step - loss: 350.9219 - mae: 14.4444
[1m 75/653[0m [32m━━[0m[37m━━━━━━━━━━━━━━━━━━[0m [1m20s[0m 35ms/step - loss: 350.9897 - mae: 14.4466
[1m 77/653[0m [32m━━[0m[37m━━━━━━━━━━━━━━━━━━[0m [1m20s[0m 35ms/step - loss: 351.0261 - mae: 14.4482
[1m 79/653[0m [32m━━[0m[37m━━━━━━━━━━━━━━━━━━[0m [1m19s[0m 35ms/step - loss: 351.0460 - mae: 14.4495
[1m 81/653[0m [32m━━[0m[37m━━━━━━━━━━━━━━━━━━[0m [1m19s[0m 35ms/step - loss: 351.0291 - mae: 14.4502
[1m 83/653[0m [32m━━[0m[37m━━━━━━━━━━━━━━━━━━[0m [1m19s[0m 34ms/step - loss: 350.9738 - mae: 14.4497
[1m 85/653[0m [32m━━[0m[37m━━━━━━━━━━━━━━━━━━[0m [1m19s[0m 34ms/step - loss: 350.9885 - mae: 14.4508
[1m 87/653[0m [32m━━[0m[37m━━━━━━━━━━━━━━━━━━[0m [1m19s[0m 34ms/step - loss: 350.9675 - mae: 14.4510
[1m 89/653[0m [32m━━[0m[37m━━━━━━━━━━━━━━━━━━[0m [1m19s[0m 34ms/step - loss: 350.9094 - mae: 14.4501
[1m 91/653[0m [32m━━[0m[37m━━━━━━━━━━━━━━━━━━[0m [1m19s[0m 34ms/step - loss: 350.8640 - mae: 14.4493
[1m 93/653[0m [32m━━[0m[37m━━━━━━━━━━━━━━━━━━[0m [1m19s[0m 34ms/step - loss: 350.8295 - mae: 14.4484
[1m 95/653[0m [32m━━[0m[37m━━━━━━━━━━━━━━━━━━[0m [1m18s[0m 34ms/step - loss: 350.8041 - mae: 14.4478
[1m 97/653[0m [32m━━[0m[37m━━━━━━━━━━━━━━━━━━[0m [1m18s[0m 34ms/step - loss: 350.8132 - mae: 14.4478
[1m 99/653[0m [32m━━━[0m[37m━━━━━━━━━━━━━━━━━[0m [1m18s[0m 34ms/step - loss: 350.8244 - mae: 14.4480
[1m101/653[0m [32m━━━[0m[37m━━━━━━━━━━━━━━━━━[0m [1m18s[0m 34ms/step - loss: 350.8259 - mae: 14.4484
[1m103/653[0m [32m━━━[0m[37m━━━━━━━━━━━━━━━━━[0m [1m18s[0m 34ms/step - loss: 350.8397 - mae: 14.4492
[1m105/653[0m [32m━━━[0m[37m━━━━━━━━━━━━━━━━━[0m [1m18s[0m 34ms/step - loss: 350.8808 - mae: 14.4504
[1m107/653[0m [32m━━━[0m[37m━━━━━━━━━━━━━━━━━[0m [1m18s[0m 34ms/step - loss: 350.9244 - mae: 14.4514
[1m109/653[0m [32m━━━[0m[37m━━━━━━━━━━━━━━━━━[0m [1m18s[0m 34ms/step - loss: 350.9821 - mae: 14.4529
[1m111/653[0m [32m━━━[0m[37m━━━━━━━━━━━━━━━━━[0m [1m18s[0m 34ms/step - loss: 351.0468 - mae: 14.4542
[1m113/653[0m [32m━━━[0m[37m━━━━━━━━━━━━━━━━━[0m [1m18s[0m 34ms/step - loss: 351.0881 - mae: 14.4549
[1m115/653[0m [32m━━━[0m[37m━━━━━━━━━━━━━━━━━[0m [1m18s[0m 34ms/step - loss: 351.1069 - mae: 14.4551
[1m117/653[0m [32m━━━[0m[37m━━━━━━━━━━━━━━━━━[0m [1m18s[0m 34ms/step - loss: 351.1076 - mae: 14.4551
[1m119/653[0m [32m━━━[0m[37m━━━━━━━━━━━━━━━━━[0m [1m17s[0m 34ms/step - loss: 351.0985 - mae: 14.4548
[1m121/653[0m [32m━━━[0m[37m━━━━━━━━━━━━━━━━━[0m [1m17s[0m 33ms/step - loss: 351.0715 - mae: 14.4541
[1m123/653[0m [32m━━━[0m[37m━━━━━━━━━━━━━━━━━[0m [1m17s[0m 33ms/step - loss: 351.0394 - mae: 14.4533
[1m125/653[0m [32m━━━[0m[37m━━━━━━━━━━━━━━━━━[0m [1m17s[0m 33ms/step - loss: 351.0000 - mae: 14.4521
[1m127/653[0m [32m━━━[0m[37m━━━━━━━━━━━━━━━━━[0m [1m17s[0m 33ms/step - loss: 350.9845 - mae: 14.4513
[1m129/653[0m [32m━━━[0m[37m━━━━━━━━━━━━━━━━━[0m [1m17s[0m 33ms/step - loss: 350.9886 - mae: 14.4510
[1m131/653[0m [32m━━━━[0m[37m━━━━━━━━━━━━━━━━[0m [1m17s[0m 33ms/step - loss: 351.0412 - mae: 14.4518
[1m133/653[0m [32m━━━━[0m[37m━━━━━━━━━━━━━━━━[0m [1m17s[0m 33ms/step - loss: 351.1516 - mae: 14.4538
[1m135/653[0m [32m━━━━[0m[37m━━━━━━━━━━━━━━━━[0m [1m17s[0m 33ms/step - loss: 351.2428 - mae: 14.4553
[1m137/653[0m [32m━━━━[0m[37m━━━━━━━━━━━━━━━━[0m [1m17s[0m 33ms/step - loss: 351.3150 - mae: 14.4563
[1m139/653[0m [32m━━━━[0m[37m━━━━━━━━━━━━━━━━[0m [1m16s[0m 33ms/step - loss: 351.3853 - mae: 14.4572
[1m141/653[0m [32m━━━━[0m[37m━━━━━━━━━━━━━━━━[0m [1m16s[0m 33ms/step - loss: 351.4822 - mae: 14.4588
[1m143/653[0m [32m━━━━[0m[37m━━━━━━━━━━━━━━━━[0m [1m16s[0m 33ms/step - loss: 351.5737 - mae: 14.4602
[1m145/653[0m [32m━━━━[0m[37m━━━━━━━━━━━━━━━━[0m [1m16s[0m 33ms/step - loss: 351.6805 - mae: 14.4620
[1m147/653[0m [32m━━━━[0m[37m━━━━━━━━━━━━━━━━[0m [1m16s[0m 33ms/step - loss: 351.7892 - mae: 14.4637
[1m149/653[0m [32m━━━━[0m[37m━━━━━━━━━━━━━━━━[0m [1m16s[0m 33ms/step - loss: 351.9019 - mae: 14.4654
[1m151/653[0m [32m━━━━[0m[37m━━━━━━━━━━━━━━━━[0m [1m16s[0m 33ms/step - loss: 352.0123 - mae: 14.4672
[1m153/653[0m [32m━━━━[0m[37m━━━━━━━━━━━━━━━━[0m [1m16s[0m 33ms/step - loss: 352.1187 - mae: 14.4688
[1m155/653[0m [32m━━━━[0m[37m━━━━━━━━━━━━━━━━[0m [1m16s[0m 33ms/step - loss: 352.2228 - mae: 14.4703
[1m157/653[0m [32m━━━━[0m[37m━━━━━━━━━━━━━━━━[0m [1m16s[0m 33ms/step - loss: 352.3149 - mae: 14.4715
[1m159/653[0m [32m━━━━[0m[37m━━━━━━━━━━━━━━━━[0m [1m16s[0m 33ms/step - loss: 352.4052 - mae: 14.4726
[1m161/653[0m [32m━━━━[0m[37m━━━━━━━━━━━━━━━━[0m [1m16s[0m 33ms/step - loss: 352.4894 - mae: 14.4736
[1m163/653[0m [32m━━━━[0m[37m━━━━━━━━━━━━━━━━[0m [1m16s[0m 33ms/step - loss: 352.5650 - mae: 14.4743
[1m165/653[0m [32m━━━━━[0m[37m━━━━━━━━━━━━━━━[0m [1m16s[0m 33ms/step - loss: 352.6293 - mae: 14.4748
[1m167/653[0m [32m━━━━━[0m[37m━━━━━━━━━━━━━━━[0m [1m16s[0m 33ms/step - loss: 352.6787 - mae: 14.4750
[1m169/653[0m [32m━━━━━[0m[37m━━━━━━━━━━━━━━━[0m [1m16s[0m 33ms/step - loss: 352.7215 - mae: 14.4750
[1m171/653[0m [32m━━━━━[0m[37m━━━━━━━━━━━━━━━[0m [1m16s[0m 33ms/step - loss: 352.7592 - mae: 14.4750
[1m173/653[0m [32m━━━━━[0m[37m━━━━━━━━━━━━━━━[0m [1m16s[0m 33ms/step - loss: 352.7984 - mae: 14.4749
[1m175/653[0m [32m━━━━━[0m[37m━━━━━━━━━━━━━━━[0m [1m15s[0m 33ms/step - loss: 352.8354 - mae: 14.4750
[1m177/653[0m [32m━━━━━[0m[37m━━━━━━━━━━━━━━━[0m [1m15s[0m 33ms/step - loss: 352.8729 - mae: 14.4751
[1m179/653[0m [32m━━━━━[0m[37m━━━━━━━━━━━━━━━[0m [1m15s[0m 33ms/step - loss: 352.9062 - mae: 14.4752
[1m181/653[0m [32m━━━━━[0m[37m━━━━━━━━━━━━━━━[0m [1m15s[0m 33ms/step - loss: 352.9287 - mae: 14.4750
[1m183/653[0m [32m━━━━━[0m[37m━━━━━━━━━━━━━━━[0m [1m15s[0m 33ms/step - loss: 352.9605 - mae: 14.4751
[1m185/653[0m [32m━━━━━[0m[37m━━━━━━━━━━━━━━━[0m [1m15s[0m 33ms/step - loss: 352.9873 - mae: 14.4751
[1m187/653[0m [32m━━━━━[0m[37m━━━━━━━━━━━━━━━[0m [1m15s[0m 33ms/step - loss: 353.0031 - mae: 14.4750
[1m189/653[0m [32m━━━━━[0m[37m━━━━━━━━━━━━━━━[0m [1m15s[0m 33ms/step - loss: 353.0153 - mae: 14.4749
[1m191/653[0m [32m━━━━━[0m[37m━━━━━━━━━━━━━━━[0m [1m15s[0m 34ms/step - loss: 353.0261 - mae: 14.4747
[1m193/653[0m [32m━━━━━[0m[37m━━━━━━━━━━━━━━━[0m [1m15s[0m 34ms/step - loss: 353.0408 - mae: 14.4745
[1m195/653[0m [32m━━━━━[0m[37m━━━━━━━━━━━━━━━[0m [1m15s[0m 34ms/step - loss: 353.0497 - mae: 14.4742
[1m197/653[0m [32m━━━━━━[0m[37m━━━━━━━━━━━━━━[0m [1m15s[0m 33ms/step - loss: 353.0760 - mae: 14.4743
[1m199/653[0m [32m━━━━━━[0m[37m━━━━━━━━━━━━━━[0m [1m15s[0m 33ms/step - loss: 353.0998 - mae: 14.4743
[1m201/653[0m [32m━━━━━━[0m[37m━━━━━━━━━━━━━━[0m [1m15s[0m 33ms/step - loss: 353.1200 - mae: 14.4742
[1m203/653[0m [32m━━━━━━[0m[37m━━━━━━━━━━━━━━[0m [1m15s[0m 33ms/step - loss: 353.1341 - mae: 14.4740
[1m205/653[0m [32m━━━━━━[0m[37m━━━━━━━━━━━━━━[0m [1m14s[0m 33ms/step - loss: 353.1436 - mae: 14.4738
[1m207/653[0m [32m━━━━━━[0m[37m━━━━━━━━━━━━━━[0m [1m14s[0m 33ms/step - loss: 353.1595 - mae: 14.4737
[1m209/653[0m [32m━━━━━━[0m[37m━━━━━━━━━━━━━━[0m [1m14s[0m 33ms/step - loss: 353.1711 - mae: 14.4735
[1m211/653[0m [32m━━━━━━[0m[37m━━━━━━━━━━━━━━[0m [1m14s[0m 33ms/step - loss: 353.1770 - mae: 14.4732
[1m213/653[0m [32m━━━━━━[0m[37m━━━━━━━━━━━━━━[0m [1m14s[0m 33ms/step - loss: 353.1797 - mae: 14.4728
[1m215/653[0m [32m━━━━━━[0m[37m━━━━━━━━━━━━━━[0m [1m14s[0m 34ms/step - loss: 353.1868 - mae: 14.4725
[1m217/653[0m [32m━━━━━━[0m[37m━━━━━━━━━━━━━━[0m [1m14s[0m 34ms/step - loss: 353.1913 - mae: 14.4721
[1m219/653[0m [32m━━━━━━[0m[37m━━━━━━━━━━━━━━[0m [1m14s[0m 34ms/step - loss: 353.1901 - mae: 14.4716
[1m221/653[0m [32m━━━━━━[0m[37m━━━━━━━━━━━━━━[0m [1m14s[0m 33ms/step - loss: 353.1822 - mae: 14.4710
[1m223/653[0m [32m━━━━━━[0m[37m━━━━━━━━━━━━━━[0m [1m14s[0m 33ms/step - loss: 353.1769 - mae: 14.4704
[1m225/653[0m [32m━━━━━━[0m[37m━━━━━━━━━━━━━━[0m [1m14s[0m 34ms/step - loss: 353.1762 - mae: 14.4699
[1m227/653[0m [32m━━━━━━[0m[37m━━━━━━━━━━━━━━[0m [1m14s[0m 34ms/step - loss: 353.1772 - mae: 14.4696
[1m229/653[0m [32m━━━━━━━[0m[37m━━━━━━━━━━━━━[0m [1m14s[0m 34ms/step - loss: 353.1784 - mae: 14.4691
[1m231/653[0m [32m━━━━━━━[0m[37m━━━━━━━━━━━━━[0m [1m14s[0m 34ms/step - loss: 353.1757 - mae: 14.4687
[1m233/653[0m [32m━━━━━━━[0m[37m━━━━━━━━━━━━━[0m [1m14s[0m 34ms/step - loss: 353.1753 - mae: 14.4683
[1m235/653[0m [32m━━━━━━━[0m[37m━━━━━━━━━━━━━[0m [1m13s[0m 33ms/step - loss: 353.1686 - mae: 14.4677
[1m237/653[0m [32m━━━━━━━[0m[37m━━━━━━━━━━━━━[0m [1m13s[0m 33ms/step - loss: 353.1583 - mae: 14.4671
[1m239/653[0m [32m━━━━━━━[0m[37m━━━━━━━━━━━━━[0m [1m13s[0m 33ms/step - loss: 353.1511 - mae: 14.4664
[1m241/653[0m [32m━━━━━━━[0m[37m━━━━━━━━━━━━━[0m [1m13s[0m 33ms/step - loss: 353.1412 - mae: 14.4658
[1m243/653[0m [32m━━━━━━━[0m[37m━━━━━━━━━━━━━[0m [1m13s[0m 33ms/step - loss: 353.1280 - mae: 14.4650
[1m245/653[0m [32m━━━━━━━[0m[37m━━━━━━━━━━━━━[0m [1m13s[0m 34ms/step - loss: 353.1176 - mae: 14.4643
[1m247/653[0m [32m━━━━━━━[0m[37m━━━━━━━━━━━━━[0m [1m13s[0m 34ms/step - loss: 353.1025 - mae: 14.4635
[1m249/653[0m [32m━━━━━━━[0m[37m━━━━━━━━━━━━━[0m [1m13s[0m 34ms/step - loss: 353.0894 - mae: 14.4628
[1m251/653[0m [32m━━━━━━━[0m[37m━━━━━━━━━━━━━[0m [1m13s[0m 34ms/step - loss: 353.0736 - mae: 14.4621
[1m253/653[0m [32m━━━━━━━[0m[37m━━━━━━━━━━━━━[0m [1m13s[0m 34ms/step - loss: 353.0563 - mae: 14.4613
[1m255/653[0m [32m━━━━━━━[0m[37m━━━━━━━━━━━━━[0m [1m13s[0m 34ms/step - loss: 353.0414 - mae: 14.4605
[1m257/653[0m [32m━━━━━━━[0m[37m━━━━━━━━━━━━━[0m [1m13s[0m 34ms/step - loss: 353.0258 - mae: 14.4598
[1m259/653[0m [32m━━━━━━━[0m[37m━━━━━━━━━━━━━[0m [1m13s[0m 34ms/step - loss: 353.0087 - mae: 14.4591
[1m261/653[0m [32m━━━━━━━[0m[37m━━━━━━━━━━━━━[0m [1m13s[0m 34ms/step - loss: 352.9900 - mae: 14.4584
[1m263/653[0m [32m━━━━━━━━[0m[37m━━━━━━━━━━━━[0m [1m13s[0m 34ms/step - loss: 352.9650 - mae: 14.4574
[1m265/653[0m [32m━━━━━━━━[0m[37m━━━━━━━━━━━━[0m [1m13s[0m 34ms/step - loss: 352.9359 - mae: 14.4564
[1m267/653[0m [32m━━━━━━━━[0m[37m━━━━━━━━━━━━[0m [1m12s[0m 34ms/step - loss: 352.9117 - mae: 14.4556
[1m269/653[0m [32m━━━━━━━━[0m[37m━━━━━━━━━━━━[0m [1m12s[0m 34ms/step - loss: 352.8875 - mae: 14.4547
[1m271/653[0m [32m━━━━━━━━[0m[37m━━━━━━━━━━━━[0m [1m12s[0m 34ms/step - loss: 352.8647 - mae: 14.4540
[1m273/653[0m [32m━━━━━━━━[0m[37m━━━━━━━━━━━━[0m [1m12s[0m 34ms/step - loss: 352.8441 - mae: 14.4533
[1m275/653[0m [32m━━━━━━━━[0m[37m━━━━━━━━━━━━[0m [1m12s[0m 34ms/step - loss: 352.8209 - mae: 14.4525
[1m277/653[0m [32m━━━━━━━━[0m[37m━━━━━━━━━━━━[0m [1m12s[0m 34ms/step - loss: 352.7949 - mae: 14.4517
[1m279/653[0m [32m━━━━━━━━[0m[37m━━━━━━━━━━━━[0m [1m12s[0m 34ms/step - loss: 352.7647 - mae: 14.4507
[1m281/653[0m [32m━━━━━━━━[0m[37m━━━━━━━━━━━━[0m [1m12s[0m 34ms/step - loss: 352.7370 - mae: 14.4498
[1m283/653[0m [32m━━━━━━━━[0m[37m━━━━━━━━━━━━[0m [1m12s[0m 34ms/step - loss: 352.7076 - mae: 14.4489
[1m285/653[0m [32m━━━━━━━━[0m[37m━━━━━━━━━━━━[0m [1m12s[0m 34ms/step - loss: 352.6795 - mae: 14.4481
[1m287/653[0m [32m━━━━━━━━[0m[37m━━━━━━━━━━━━[0m [1m12s[0m 34ms/step - loss: 352.6542 - mae: 14.4472
[1m289/653[0m [32m━━━━━━━━[0m[37m━━━━━━━━━━━━[0m [1m12s[0m 34ms/step - loss: 352.6285 - mae: 14.4465
[1m291/653[0m [32m━━━━━━━━[0m[37m━━━━━━━━━━━━[0m [1m12s[0m 34ms/step - loss: 352.6025 - mae: 14.4456
[1m293/653[0m [32m━━━━━━━━[0m[37m━━━━━━━━━━━━[0m [1m12s[0m 34ms/step - loss: 352.5733 - mae: 14.4448
[1m295/653[0m [32m━━━━━━━━━[0m[37m━━━━━━━━━━━[0m [1m12s[0m 34ms/step - loss: 352.5424 - mae: 14.4439
[1m297/653[0m [32m━━━━━━━━━[0m[37m━━━━━━━━━━━[0m [1m11s[0m 34ms/step - loss: 352.5113 - mae: 14.4429
[1m299/653[0m [32m━━━━━━━━━[0m[37m━━━━━━━━━━━[0m [1m11s[0m 34ms/step - loss: 352.4850 - mae: 14.4421
[1m301/653[0m [32m━━━━━━━━━[0m[37m━━━━━━━━━━━[0m [1m11s[0m 34ms/step - loss: 352.4584 - mae: 14.4412
[1m303/653[0m [32m━━━━━━━━━[0m[37m━━━━━━━━━━━[0m [1m11s[0m 34ms/step - loss: 352.4303 - mae: 14.4404
[1m305/653[0m [32m━━━━━━━━━[0m[37m━━━━━━━━━━━[0m [1m11s[0m 34ms/step - loss: 352.4046 - mae: 14.4396
[1m307/653[0m [32m━━━━━━━━━[0m[37m━━━━━━━━━━━[0m [1m11s[0m 34ms/step - loss: 352.3792 - mae: 14.4388
[1m309/653[0m [32m━━━━━━━━━[0m[37m━━━━━━━━━━━[0m [1m11s[0m 34ms/step - loss: 352.3526 - mae: 14.4380
[1m311/653[0m [32m━━━━━━━━━[0m[37m━━━━━━━━━━━[0m [1m11s[0m 34ms/step - loss: 352.3257 - mae: 14.4372
[1m313/653[0m [32m━━━━━━━━━[0m[37m━━━━━━━━━━━[0m [1m11s[0m 34ms/step - loss: 352.2981 - mae: 14.4364
[1m315/653[0m [32m━━━━━━━━━[0m[37m━━━━━━━━━━━[0m [1m11s[0m 34ms/step - loss: 352.2707 - mae: 14.4356
[1m317/653[0m [32m━━━━━━━━━[0m[37m━━━━━━━━━━━[0m [1m11s[0m 34ms/step - loss: 352.2419 - mae: 14.4348
[1m319/653[0m [32m━━━━━━━━━[0m[37m━━━━━━━━━━━[0m [1m11s[0m 34ms/step - loss: 352.2115 - mae: 14.4339
[1m321/653[0m [32m━━━━━━━━━[0m[37m━━━━━━━━━━━[0m [1m11s[0m 34ms/step - loss: 352.1862 - mae: 14.4332
[1m323/653[0m [32m━━━━━━━━━[0m[37m━━━━━━━━━━━[0m [1m11s[0m 34ms/step - loss: 352.1621 - mae: 14.4325
[1m325/653[0m [32m━━━━━━━━━[0m[37m━━━━━━━━━━━[0m [1m11s[0m 34ms/step - loss: 352.1360 - mae: 14.4317
[1m327/653[0m [32m━━━━━━━━━━[0m[37m━━━━━━━━━━[0m [1m10s[0m 34ms/step - loss: 352.1070 - mae: 14.4308
[1m329/653[0m [32m━━━━━━━━━━[0m[37m━━━━━━━━━━[0m [1m10s[0m 34ms/step - loss: 352.0773 - mae: 14.4300
[1m331/653[0m [32m━━━━━━━━━━[0m[37m━━━━━━━━━━[0m [1m10s[0m 34ms/step - loss: 352.0528 - mae: 14.4292
[1m333/653[0m [32m━━━━━━━━━━[0m[37m━━━━━━━━━━[0m [1m10s[0m 34ms/step - loss: 352.0266 - mae: 14.4284
[1m335/653[0m [32m━━━━━━━━━━[0m[37m━━━━━━━━━━[0m [1m10s[0m 34ms/step - loss: 352.0008 - mae: 14.4277
[1m337/653[0m [32m━━━━━━━━━━[0m[37m━━━━━━━━━━[0m [1m10s[0m 34ms/step - loss: 351.9745 - mae: 14.4269
[1m339/653[0m [32m━━━━━━━━━━[0m[37m━━━━━━━━━━[0m [1m10s[0m 34ms/step - loss: 351.9478 - mae: 14.4262
[1m341/653[0m [32m━━━━━━━━━━[0m[37m━━━━━━━━━━[0m [1m10s[0m 34ms/step - loss: 351.9171 - mae: 14.4253
[1m343/653[0m [32m━━━━━━━━━━[0m[37m━━━━━━━━━━[0m [1m10s[0m 34ms/step - loss: 351.8847 - mae: 14.4245
[1m345/653[0m [32m━━━━━━━━━━[0m[37m━━━━━━━━━━[0m [1m10s[0m 34ms/step - loss: 351.8506 - mae: 14.4235
[1m347/653[0m [32m━━━━━━━━━━[0m[37m━━━━━━━━━━[0m [1m10s[0m 34ms/step - loss: 351.8152 - mae: 14.4225
[1m349/653[0m [32m━━━━━━━━━━[0m[37m━━━━━━━━━━[0m [1m10s[0m 34ms/step - loss: 351.7785 - mae: 14.4216
[1m351/653[0m [32m━━━━━━━━━━[0m[37m━━━━━━━━━━[0m [1m10s[0m 34ms/step - loss: 351.7395 - mae: 14.4206
[1m353/653[0m [32m━━━━━━━━━━[0m[37m━━━━━━━━━━[0m [1m10s[0m 34ms/step - loss: 351.7017 - mae: 14.4196
[1m355/653[0m [32m━━━━━━━━━━[0m[37m━━━━━━━━━━[0m [1m10s[0m 34ms/step - loss: 351.6625 - mae: 14.4186
[1m357/653[0m [32m━━━━━━━━━━[0m[37m━━━━━━━━━━[0m [1m9s[0m 34ms/step - loss: 351.6313 - mae: 14.4177 
[1m359/653[0m [32m━━━━━━━━━━[0m[37m━━━━━━━━━━[0m [1m9s[0m 34ms/step - loss: 351.6002 - mae: 14.4168
[1m361/653[0m [32m━━━━━━━━━━━[0m[37m━━━━━━━━━[0m [1m9s[0m 34ms/step - loss: 351.5678 - mae: 14.4159
[1m363/653[0m [32m━━━━━━━━━━━[0m[37m━━━━━━━━━[0m [1m9s[0m 34ms/step - loss: 351.5358 - mae: 14.4150
[1m365/653[0m [32m━━━━━━━━━━━[0m[37m━━━━━━━━━[0m [1m9s[0m 34ms/step - loss: 351.5063 - mae: 14.4143
[1m367/653[0m [32m━━━━━━━━━━━[0m[37m━━━━━━━━━[0m [1m9s[0m 34ms/step - loss: 351.4770 - mae: 14.4135
[1m369/653[0m [32m━━━━━━━━━━━[0m[37m━━━━━━━━━[0m [1m9s[0m 34ms/step - loss: 351.4482 - mae: 14.4128
[1m371/653[0m [32m━━━━━━━━━━━[0m[37m━━━━━━━━━[0m [1m9s[0m 34ms/step - loss: 351.4186 - mae: 14.4121
[1m373/653[0m [32m━━━━━━━━━━━[0m[37m━━━━━━━━━[0m [1m9s[0m 34ms/step - loss: 351.3905 - mae: 14.4115
[1m375/653[0m [32m━━━━━━━━━━━[0m[37m━━━━━━━━━[0m [1m9s[0m 34ms/step - loss: 351.3614 - mae: 14.4108
[1m377/653[0m [32m━━━━━━━━━━━[0m[37m━━━━━━━━━[0m [1m9s[0m 34ms/step - loss: 351.3305 - mae: 14.4101
[1m379/653[0m [32m━━━━━━━━━━━[0m[37m━━━━━━━━━[0m [1m9s[0m 34ms/step - loss: 351.2994 - mae: 14.4093
[1m381/653[0m [32m━━━━━━━━━━━[0m[37m━━━━━━━━━[0m [1m9s[0m 34ms/step - loss: 351.2689 - mae: 14.4086
[1m383/653[0m [32m━━━━━━━━━━━[0m[37m━━━━━━━━━[0m [1m9s[0m 34ms/step - loss: 351.2402 - mae: 14.4079
[1m385/653[0m [32m━━━━━━━━━━━[0m[37m━━━━━━━━━[0m [1m9s[0m 34ms/step - loss: 351.2137 - mae: 14.4072
[1m387/653[0m [32m━━━━━━━━━━━[0m[37m━━━━━━━━━[0m [1m8s[0m 34ms/step - loss: 351.1888 - mae: 14.4066
[1m389/653[0m [32m━━━━━━━━━━━[0m[37m━━━━━━━━━[0m [1m8s[0m 34ms/step - loss: 351.1652 - mae: 14.4060
[1m391/653[0m [32m━━━━━━━━━━━[0m[37m━━━━━━━━━[0m [1m8s[0m 34ms/step - loss: 351.1403 - mae: 14.4053
[1m393/653[0m [32m━━━━━━━━━━━━[0m[37m━━━━━━━━[0m [1m8s[0m 34ms/step - loss: 351.1170 - mae: 14.4047
[1m395/653[0m [32m━━━━━━━━━━━━[0m[37m━━━━━━━━[0m [1m8s[0m 34ms/step - loss: 351.0928 - mae: 14.4041
[1m397/653[0m [32m━━━━━━━━━━━━[0m[37m━━━━━━━━[0m [1m8s[0m 34ms/step - loss: 351.0677 - mae: 14.4035
[1m399/653[0m [32m━━━━━━━━━━━━[0m[37m━━━━━━━━[0m [1m8s[0m 34ms/step - loss: 351.0421 - mae: 14.4028
[1m401/653[0m [32m━━━━━━━━━━━━[0m[37m━━━━━━━━[0m [1m8s[0m 34ms/step - loss: 351.0178 - mae: 14.4023
[1m403/653[0m [32m━━━━━━━━━━━━[0m[37m━━━━━━━━[0m [1m8s[0m 34ms/step - loss: 350.9940 - mae: 14.4016
[1m405/653[0m [32m━━━━━━━━━━━━[0m[37m━━━━━━━━[0m [1m8s[0m 34ms/step - loss: 350.9720 - mae: 14.4011
[1m407/653[0m [32m━━━━━━━━━━━━[0m[37m━━━━━━━━[0m [1m8s[0m 34ms/step - loss: 350.9518 - mae: 14.4006
[1m409/653[0m [32m━━━━━━━━━━━━[0m[37m━━━━━━━━[0m [1m8s[0m 34ms/step - loss: 350.9327 - mae: 14.4002
[1m411/653[0m [32m━━━━━━━━━━━━[0m[37m━━━━━━━━[0m [1m8s[0m 34ms/step - loss: 350.9170 - mae: 14.3998
[1m413/653[0m [32m━━━━━━━━━━━━[0m[37m━━━━━━━━[0m [1m8s[0m 34ms/step - loss: 350.9013 - mae: 14.3994
[1m415/653[0m [32m━━━━━━━━━━━━[0m[37m━━━━━━━━[0m [1m8s[0m 34ms/step - loss: 350.8871 - mae: 14.3991
[1m417/653[0m [32m━━━━━━━━━━━━[0m[37m━━━━━━━━[0m [1m7s[0m 34ms/step - loss: 350.8730 - mae: 14.3988
[1m419/653[0m [32m━━━━━━━━━━━━[0m[37m━━━━━━━━[0m [1m7s[0m 34ms/step - loss: 350.8593 - mae: 14.3985
[1m421/653[0m [32m━━━━━━━━━━━━[0m[37m━━━━━━━━[0m [1m7s[0m 34ms/step - loss: 350.8440 - mae: 14.3982
[1m423/653[0m [32m━━━━━━━━━━━━[0m[37m━━━━━━━━[0m [1m7s[0m 34ms/step - loss: 350.8280 - mae: 14.3979
[1m425/653[0m [32m━━━━━━━━━━━━━[0m[37m━━━━━━━[0m [1m7s[0m 34ms/step - loss: 350.8123 - mae: 14.3975
[1m427/653[0m [32m━━━━━━━━━━━━━[0m[37m━━━━━━━[0m [1m7s[0m 34ms/step - loss: 350.7961 - mae: 14.3972
[1m429/653[0m [32m━━━━━━━━━━━━━[0m[37m━━━━━━━[0m [1m7s[0m 34ms/step - loss: 350.7794 - mae: 14.3968
[1m431/653[0m [32m━━━━━━━━━━━━━[0m[37m━━━━━━━[0m [1m7s[0m 34ms/step - loss: 350.7640 - mae: 14.3964
[1m433/653[0m [32m━━━━━━━━━━━━━[0m[37m━━━━━━━[0m [1m7s[0m 34ms/step - loss: 350.7492 - mae: 14.3961
[1m435/653[0m [32m━━━━━━━━━━━━━[0m[37m━━━━━━━[0m [1m7s[0m 34ms/step - loss: 350.7346 - mae: 14.3957
[1m437/653[0m [32m━━━━━━━━━━━━━[0m[37m━━━━━━━[0m [1m7s[0m 34ms/step - loss: 350.7184 - mae: 14.3953
[1m439/653[0m [32m━━━━━━━━━━━━━[0m[37m━━━━━━━[0m [1m7s[0m 34ms/step - loss: 350.7024 - mae: 14.3950
[1m441/653[0m [32m━━━━━━━━━━━━━[0m[37m━━━━━━━[0m [1m7s[0m 34ms/step - loss: 350.6851 - mae: 14.3946
[1m443/653[0m [32m━━━━━━━━━━━━━[0m[37m━━━━━━━[0m [1m7s[0m 34ms/step - loss: 350.6692 - mae: 14.3942
[1m445/653[0m [32m━━━━━━━━━━━━━[0m[37m━━━━━━━[0m [1m7s[0m 34ms/step - loss: 350.6528 - mae: 14.3938
[1m447/653[0m [32m━━━━━━━━━━━━━[0m[37m━━━━━━━[0m [1m6s[0m 34ms/step - loss: 350.6356 - mae: 14.3934
[1m449/653[0m [32m━━━━━━━━━━━━━[0m[37m━━━━━━━[0m [1m6s[0m 34ms/step - loss: 350.6195 - mae: 14.3930
[1m451/653[0m [32m━━━━━━━━━━━━━[0m[37m━━━━━━━[0m [1m6s[0m 34ms/step - loss: 350.6042 - mae: 14.3926
[1m453/653[0m [32m━━━━━━━━━━━━━[0m[37m━━━━━━━[0m [1m6s[0m 34ms/step - loss: 350.5888 - mae: 14.3923
[1m455/653[0m [32m━━━━━━━━━━━━━[0m[37m━━━━━━━[0m [1m6s[0m 34ms/step - loss: 350.5739 - mae: 14.3919
[1m457/653[0m [32m━━━━━━━━━━━━━[0m[37m━━━━━━━[0m [1m6s[0m 34ms/step - loss: 350.5588 - mae: 14.3915
[1m459/653[0m [32m━━━━━━━━━━━━━━[0m[37m━━━━━━[0m [1m6s[0m 34ms/step - loss: 350.5422 - mae: 14.3911
[1m461/653[0m [32m━━━━━━━━━━━━━━[0m[37m━━━━━━[0m [1m6s[0m 34ms/step - loss: 350.5241 - mae: 14.3907
[1m463/653[0m [32m━━━━━━━━━━━━━━[0m[37m━━━━━━[0m [1m6s[0m 34ms/step - loss: 350.5066 - mae: 14.3903
[1m465/653[0m [32m━━━━━━━━━━━━━━[0m[37m━━━━━━[0m [1m6s[0m 34ms/step - loss: 350.4888 - mae: 14.3899
[1m467/653[0m [32m━━━━━━━━━━━━━━[0m[37m━━━━━━[0m [1m6s[0m 34ms/step - loss: 350.4713 - mae: 14.3894
[1m469/653[0m [32m━━━━━━━━━━━━━━[0m[37m━━━━━━[0m [1m6s[0m 34ms/step - loss: 350.4534 - mae: 14.3890
[1m471/653[0m [32m━━━━━━━━━━━━━━[0m[37m━━━━━━[0m [1m6s[0m 34ms/step - loss: 350.4349 - mae: 14.3886
[1m473/653[0m [32m━━━━━━━━━━━━━━[0m[37m━━━━━━[0m [1m6s[0m 34ms/step - loss: 350.4161 - mae: 14.3881
[1m475/653[0m [32m━━━━━━━━━━━━━━[0m[37m━━━━━━[0m [1m6s[0m 34ms/step - loss: 350.3965 - mae: 14.3876
[1m477/653[0m [32m━━━━━━━━━━━━━━[0m[37m━━━━━━[0m [1m5s[0m 34ms/step - loss: 350.3771 - mae: 14.3871
[1m479/653[0m [32m━━━━━━━━━━━━━━[0m[37m━━━━━━[0m [1m5s[0m 34ms/step - loss: 350.3579 - mae: 14.3866
[1m481/653[0m [32m━━━━━━━━━━━━━━[0m[37m━━━━━━[0m [1m5s[0m 34ms/step - loss: 350.3382 - mae: 14.3861
[1m483/653[0m [32m━━━━━━━━━━━━━━[0m[37m━━━━━━[0m [1m5s[0m 34ms/step - loss: 350.3168 - mae: 14.3855
[1m485/653[0m [32m━━━━━━━━━━━━━━[0m[37m━━━━━━[0m [1m5s[0m 34ms/step - loss: 350.2934 - mae: 14.3849
[1m487/653[0m [32m━━━━━━━━━━━━━━[0m[37m━━━━━━[0m [1m5s[0m 34ms/step - loss: 350.2696 - mae: 14.3843
[1m489/653[0m [32m━━━━━━━━━━━━━━[0m[37m━━━━━━[0m [1m5s[0m 34ms/step - loss: 350.2451 - mae: 14.3837
[1m491/653[0m [32m━━━━━━━━━━━━━━━[0m[37m━━━━━[0m [1m5s[0m 34ms/step - loss: 350.2201 - mae: 14.3831
[1m493/653[0m [32m━━━━━━━━━━━━━━━[0m[37m━━━━━[0m [1m5s[0m 34ms/step - loss: 350.1951 - mae: 14.3824
[1m495/653[0m [32m━━━━━━━━━━━━━━━[0m[37m━━━━━[0m [1m5s[0m 34ms/step - loss: 350.1706 - mae: 14.3818
[1m497/653[0m [32m━━━━━━━━━━━━━━━[0m[37m━━━━━[0m [1m5s[0m 34ms/step - loss: 350.1463 - mae: 14.3812
[1m499/653[0m [32m━━━━━━━━━━━━━━━[0m[37m━━━━━[0m [1m5s[0m 34ms/step - loss: 350.1219 - mae: 14.3806
[1m501/653[0m [32m━━━━━━━━━━━━━━━[0m[37m━━━━━[0m [1m5s[0m 34ms/step - loss: 350.0971 - mae: 14.3800
[1m503/653[0m [32m━━━━━━━━━━━━━━━[0m[37m━━━━━[0m [1m5s[0m 34ms/step - loss: 350.0728 - mae: 14.3794
[1m505/653[0m [32m━━━━━━━━━━━━━━━[0m[37m━━━━━[0m [1m5s[0m 34ms/step - loss: 350.0495 - mae: 14.3788
[1m507/653[0m [32m━━━━━━━━━━━━━━━[0m[37m━━━━━[0m [1m4s[0m 34ms/step - loss: 350.0274 - mae: 14.3783
[1m509/653[0m [32m━━━━━━━━━━━━━━━[0m[37m━━━━━[0m [1m4s[0m 34ms/step - loss: 350.0048 - mae: 14.3777
[1m511/653[0m [32m━━━━━━━━━━━━━━━[0m[37m━━━━━[0m [1m4s[0m 34ms/step - loss: 349.9821 - mae: 14.3771
[1m513/653[0m [32m━━━━━━━━━━━━━━━[0m[37m━━━━━[0m [1m4s[0m 34ms/step - loss: 349.9591 - mae: 14.3766
[1m515/653[0m [32m━━━━━━━━━━━━━━━[0m[37m━━━━━[0m [1m4s[0m 34ms/step - loss: 349.9365 - mae: 14.3760
[1m517/653[0m [32m━━━━━━━━━━━━━━━[0m[37m━━━━━[0m [1m4s[0m 34ms/step - loss: 349.9137 - mae: 14.3755
[1m519/653[0m [32m━━━━━━━━━━━━━━━[0m[37m━━━━━[0m [1m4s[0m 34ms/step - loss: 349.8906 - mae: 14.3749
[1m521/653[0m [32m━━━━━━━━━━━━━━━[0m[37m━━━━━[0m [1m4s[0m 34ms/step - loss: 349.8686 - mae: 14.3744
[1m523/653[0m [32m━━━━━━━━━━━━━━━━[0m[37m━━━━[0m [1m4s[0m 34ms/step - loss: 349.8463 - mae: 14.3738
[1m525/653[0m [32m━━━━━━━━━━━━━━━━[0m[37m━━━━[0m [1m4s[0m 34ms/step - loss: 349.8234 - mae: 14.3733
[1m527/653[0m [32m━━━━━━━━━━━━━━━━[0m[37m━━━━[0m [1m4s[0m 34ms/step - loss: 349.8009 - mae: 14.3727
[1m529/653[0m [32m━━━━━━━━━━━━━━━━[0m[37m━━━━[0m [1m4s[0m 34ms/step - loss: 349.7782 - mae: 14.3721
[1m531/653[0m [32m━━━━━━━━━━━━━━━━[0m[37m━━━━[0m [1m4s[0m 34ms/step - loss: 349.7554 - mae: 14.3716
[1m533/653[0m [32m━━━━━━━━━━━━━━━━[0m[37m━━━━[0m [1m4s[0m 34ms/step - loss: 349.7322 - mae: 14.3710
[1m535/653[0m [32m━━━━━━━━━━━━━━━━[0m[37m━━━━[0m [1m3s[0m 34ms/step - loss: 349.7091 - mae: 14.3704
[1m537/653[0m [32m━━━━━━━━━━━━━━━━[0m[37m━━━━[0m [1m3s[0m 34ms/step - loss: 349.6855 - mae: 14.3698
[1m539/653[0m [32m━━━━━━━━━━━━━━━━[0m[37m━━━━[0m [1m3s[0m 34ms/step - loss: 349.6616 - mae: 14.3692
[1m541/653[0m [32m━━━━━━━━━━━━━━━━[0m[37m━━━━[0m [1m3s[0m 34ms/step - loss: 349.6380 - mae: 14.3687
[1m543/653[0m [32m━━━━━━━━━━━━━━━━[0m[37m━━━━[0m [1m3s[0m 34ms/step - loss: 349.6157 - mae: 14.3681
[1m545/653[0m [32m━━━━━━━━━━━━━━━━[0m[37m━━━━[0m [1m3s[0m 34ms/step - loss: 349.5931 - mae: 14.3676
[1m547/653[0m [32m━━━━━━━━━━━━━━━━[0m[37m━━━━[0m [1m3s[0m 34ms/step - loss: 349.5715 - mae: 14.3670
[1m549/653[0m [32m━━━━━━━━━━━━━━━━[0m[37m━━━━[0m [1m3s[0m 34ms/step - loss: 349.5495 - mae: 14.3665
[1m551/653[0m [32m━━━━━━━━━━━━━━━━[0m[37m━━━━[0m [1m3s[0m 34ms/step - loss: 349.5268 - mae: 14.3660
[1m553/653[0m [32m━━━━━━━━━━━━━━━━[0m[37m━━━━[0m [1m3s[0m 34ms/step - loss: 349.5040 - mae: 14.3654
[1m555/653[0m [32m━━━━━━━━━━━━━━━━[0m[37m━━━━[0m [1m3s[0m 34ms/step - loss: 349.4812 - mae: 14.3649
[1m557/653[0m [32m━━━━━━━━━━━━━━━━━[0m[37m━━━[0m [1m3s[0m 34ms/step - loss: 349.4585 - mae: 14.3643
[1m559/653[0m [32m━━━━━━━━━━━━━━━━━[0m[37m━━━[0m [1m3s[0m 34ms/step - loss: 349.4359 - mae: 14.3638
[1m561/653[0m [32m━━━━━━━━━━━━━━━━━[0m[37m━━━[0m [1m3s[0m 34ms/step - loss: 349.4124 - mae: 14.3632
[1m563/653[0m [32m━━━━━━━━━━━━━━━━━[0m[37m━━━[0m [1m3s[0m 34ms/step - loss: 349.3884 - mae: 14.3626
[1m565/653[0m [32m━━━━━━━━━━━━━━━━━[0m[37m━━━[0m [1m2s[0m 34ms/step - loss: 349.3639 - mae: 14.3620
[1m567/653[0m [32m━━━━━━━━━━━━━━━━━[0m[37m━━━[0m [1m2s[0m 34ms/step - loss: 349.3388 - mae: 14.3614
[1m569/653[0m [32m━━━━━━━━━━━━━━━━━[0m[37m━━━[0m [1m2s[0m 34ms/step - loss: 349.3133 - mae: 14.3608
[1m571/653[0m [32m━━━━━━━━━━━━━━━━━[0m[37m━━━[0m [1m2s[0m 34ms/step - loss: 349.2872 - mae: 14.3602
[1m573/653[0m [32m━━━━━━━━━━━━━━━━━[0m[37m━━━[0m [1m2s[0m 34ms/step - loss: 349.2616 - mae: 14.3596
[1m575/653[0m [32m━━━━━━━━━━━━━━━━━[0m[37m━━━[0m [1m2s[0m 34ms/step - loss: 349.2358 - mae: 14.3590
[1m577/653[0m [32m━━━━━━━━━━━━━━━━━[0m[37m━━━[0m [1m2s[0m 34ms/step - loss: 349.2095 - mae: 14.3584
[1m579/653[0m [32m━━━━━━━━━━━━━━━━━[0m[37m━━━[0m [1m2s[0m 34ms/step - loss: 349.1824 - mae: 14.3578
[1m581/653[0m [32m━━━━━━━━━━━━━━━━━[0m[37m━━━[0m [1m2s[0m 34ms/step - loss: 349.1544 - mae: 14.3571
[1m583/653[0m [32m━━━━━━━━━━━━━━━━━[0m[37m━━━[0m [1m2s[0m 34ms/step - loss: 349.1250 - mae: 14.3564
[1m585/653[0m [32m━━━━━━━━━━━━━━━━━[0m[37m━━━[0m [1m2s[0m 34ms/step - loss: 349.0951 - mae: 14.3557
[1m587/653[0m [32m━━━━━━━━━━━━━━━━━[0m[37m━━━[0m [1m2s[0m 34ms/step - loss: 349.0644 - mae: 14.3550
[1m589/653[0m [32m━━━━━━━━━━━━━━━━━━[0m[37m━━[0m [1m2s[0m 34ms/step - loss: 349.0334 - mae: 14.3543
[1m591/653[0m [32m━━━━━━━━━━━━━━━━━━[0m[37m━━[0m [1m2s[0m 34ms/step - loss: 349.0024 - mae: 14.3536
[1m593/653[0m [32m━━━━━━━━━━━━━━━━━━[0m[37m━━[0m [1m2s[0m 34ms/step - loss: 348.9722 - mae: 14.3529
[1m595/653[0m [32m━━━━━━━━━━━━━━━━━━[0m[37m━━[0m [1m1s[0m 34ms/step - loss: 348.9411 - mae: 14.3522
[1m597/653[0m [32m━━━━━━━━━━━━━━━━━━[0m[37m━━[0m [1m1s[0m 34ms/step - loss: 348.9090 - mae: 14.3514
[1m599/653[0m [32m━━━━━━━━━━━━━━━━━━[0m[37m━━[0m [1m1s[0m 34ms/step - loss: 348.8760 - mae: 14.3507
[1m601/653[0m [32m━━━━━━━━━━━━━━━━━━[0m[37m━━[0m [1m1s[0m 34ms/step - loss: 348.8424 - mae: 14.3499
[1m603/653[0m [32m━━━━━━━━━━━━━━━━━━[0m[37m━━[0m [1m1s[0m 34ms/step - loss: 348.8084 - mae: 14.3491
[1m605/653[0m [32m━━━━━━━━━━━━━━━━━━[0m[37m━━[0m [1m1s[0m 34ms/step - loss: 348.7739 - mae: 14.3483
[1m607/653[0m [32m━━━━━━━━━━━━━━━━━━[0m[37m━━[0m [1m1s[0m 34ms/step - loss: 348.7385 - mae: 14.3475
[1m609/653[0m [32m━━━━━━━━━━━━━━━━━━[0m[37m━━[0m [1m1s[0m 34ms/step - loss: 348.7034 - mae: 14.3467
[1m611/653[0m [32m━━━━━━━━━━━━━━━━━━[0m[37m━━[0m [1m1s[0m 34ms/step - loss: 348.6691 - mae: 14.3459
[1m613/653[0m [32m━━━━━━━━━━━━━━━━━━[0m[37m━━[0m [1m1s[0m 34ms/step - loss: 348.6356 - mae: 14.3451
[1m615/653[0m [32m━━━━━━━━━━━━━━━━━━[0m[37m━━[0m [1m1s[0m 34ms/step - loss: 348.6017 - mae: 14.3443
[1m617/653[0m [32m━━━━━━━━━━━━━━━━━━[0m[37m━━[0m [1m1s[0m 34ms/step - loss: 348.5671 - mae: 14.3435
[1m619/653[0m [32m━━━━━━━━━━━━━━━━━━[0m[37m━━[0m [1m1s[0m 34ms/step - loss: 348.5321 - mae: 14.3427
[1m621/653[0m [32m━━━━━━━━━━━━━━━━━━━[0m[37m━[0m [1m1s[0m 34ms/step - loss: 348.4963 - mae: 14.3418
[1m623/653[0m [32m━━━━━━━━━━━━━━━━━━━[0m[37m━[0m [1m1s[0m 34ms/step - loss: 348.4606 - mae: 14.3410
[1m625/653[0m [32m━━━━━━━━━━━━━━━━━━━[0m[37m━[0m [1m0s[0m 34ms/step - loss: 348.4245 - mae: 14.3402
[1m627/653[0m [32m━━━━━━━━━━━━━━━━━━━[0m[37m━[0m [1m0s[0m 34ms/step - loss: 348.3900 - mae: 14.3394
[1m629/653[0m [32m━━━━━━━━━━━━━━━━━━━[0m[37m━[0m [1m0s[0m 34ms/step - loss: 348.3556 - mae: 14.3386
[1m631/653[0m [32m━━━━━━━━━━━━━━━━━━━[0m[37m━[0m [1m0s[0m 34ms/step - loss: 348.3205 - mae: 14.3377
[1m633/653[0m [32m━━━━━━━━━━━━━━━━━━━[0m[37m━[0m [1m0s[0m 34ms/step - loss: 348.2862 - mae: 14.3369
[1m635/653[0m [32m━━━━━━━━━━━━━━━━━━━[0m[37m━[0m [1m0s[0m 34ms/step - loss: 348.2529 - mae: 14.3361
[1m637/653[0m [32m━━━━━━━━━━━━━━━━━━━[0m[37m━[0m [1m0s[0m 34ms/step - loss: 348.2204 - mae: 14.3354
[1m639/653[0m [32m━━━━━━━━━━━━━━━━━━━[0m[37m━[0m [1m0s[0m 34ms/step - loss: 348.1885 - mae: 14.3346
[1m641/653[0m [32m━━━━━━━━━━━━━━━━━━━[0m[37m━[0m [1m0s[0m 34ms/step - loss: 348.1566 - mae: 14.3339
[1m643/653[0m [32m━━━━━━━━━━━━━━━━━━━[0m[37m━[0m [1m0s[0m 34ms/step - loss: 348.1247 - mae: 14.3331
[1m645/653[0m [32m━━━━━━━━━━━━━━━━━━━[0m[37m━[0m [1m0s[0m 34ms/step - loss: 348.0925 - mae: 14.3323
[1m647/653[0m [32m━━━━━━━━━━━━━━━━━━━[0m[37m━[0m [1m0s[0m 34ms/step - loss: 348.0602 - mae: 14.3316
[1m649/653[0m [32m━━━━━━━━━━━━━━━━━━━[0m[37m━[0m [1m0s[0m 34ms/step - loss: 348.0277 - mae: 14.3308
[1m651/653[0m [32m━━━━━━━━━━━━━━━━━━━[0m[37m━[0m [1m0s[0m 34ms/step - loss: 347.9947 - mae: 14.3301
[1m653/653[0m [32m━━━━━━━━━━━━━━━━━━━━[0m[37m[0m [1m0s[0m 34ms/step - loss: 347.9621 - mae: 14.3293
Epoch 2: val_loss improved from 303.75662 to 278.79807, saving model to E:\PdM\models\FD002_lstm.keras
Traceback (most recent call last):
  File "E:\PdM\main.py", line 160, in <module>
    main()
  File "E:\PdM\main.py", line 118, in main
    _, predictions = trainer.train(bundle)
  File "E:\PdM\src\lstm_trainer.py", line 239, in train
    history = final_model.fit(
  File "C:\Users\mshet\AppData\Local\Programs\Python\Python310\lib\site-packages\keras\src\utils\traceback_utils.py", line 122, in error_handler
    raise e.with_traceback(filtered_tb) from None
  File "C:\Users\mshet\AppData\Local\Programs\Python\Python310\lib\site-packages\keras\src\saving\saving_lib.py", line 143, in save_model
    with open(filepath, "wb") as f:
OSError: [Errno 22] Invalid argument: 'E:\\PdM\\models\\FD002_lstm.keras'
