Sample,Feature,Feature_Value,SHAP_Value,Influence,Prediction,Actual_RUL
0,Regime_ID,2.18,1.2427985094836913,increases predicted RUL,30.23091697692871,18.0
0,Sensor_1,0.02752901618547321,0.5165498194983229,increases predicted RUL,30.23091697692871,18.0
0,Sensor_2,1.2488989294579502,-3.5750421916600317,decreases predicted RUL,30.23091697692871,18.0
0,Sensor_3,1.2024760218030668,-4.5084196254611015,decreases predicted RUL,30.23091697692871,18.0
0,Sensor_4,1.3582870536456295,-0.15570514975115657,decreases predicted RUL,30.23091697692871,18.0
0,Sensor_5,-0.05470548113518114,-0.47096182859968394,decreases predicted RUL,30.23091697692871,18.0
0,Sensor_6,0.7543729660494687,-4.889034234452993,decreases predicted RUL,30.23091697692871,18.0
0,Sensor_7,-0.6878360362842615,-2.3566628857515752,decreases predicted RUL,30.23091697692871,18.0
0,Sensor_8,1.4210107347136787,-1.6244536533704377,decreases predicted RUL,30.23091697692871,18.0
0,Sensor_9,1.7318856021249998,-13.242570682428777,decreases predicted RUL,30.23091697692871,18.0
0,Sensor_10,-0.20825695112411552,-1.1486139075423125,decreases predicted RUL,30.23091697692871,18.0
0,Sensor_11,1.5243230828016565,-3.9203829802572727,decreases predicted RUL,30.23091697692871,18.0
0,Sensor_12,-0.8939668497781917,-2.141643652692437,decreases predicted RUL,30.23091697692871,18.0
0,Sensor_13,1.4078916425307195,3.833760310539219,increases predicted RUL,30.23091697692871,18.0
0,Sensor_14,1.499726772195582,1.1261994116939604,increases predicted RUL,30.23091697692871,18.0
0,Sensor_15,1.4255832873053498,-17.712312368676066,decreases predicted RUL,30.23091697692871,18.0
0,Sensor_17,1.2709446640716404,1.3174269990995526,increases predicted RUL,30.23091697692871,18.0
0,Sensor_18,0.0,0.0,decreases predicted RUL,30.23091697692871,18.0
0,Sensor_19,0.028201445609280677,-0.4527322016656399,decreases predicted RUL,30.23091697692871,18.0
0,Sensor_20,-0.7280629203424591,0.6076835116837174,increases predicted RUL,30.23091697692871,18.0
0,Sensor_21,-0.867141621775162,3.144120938843116,increases predicted RUL,30.23091697692871,18.0
0,Sensor_11_diff1,0.0028782694755713576,-0.060489985335152596,decreases predicted RUL,30.23091697692871,18.0
0,Sensor_11_roll_mean5,1.7383575681340262,1.9392258236184716,increases predicted RUL,30.23091697692871,18.0
0,Sensor_11_roll_std5,-0.20598082339374663,0.20150627568364143,increases predicted RUL,30.23091697692871,18.0
0,Sensor_4_diff1,0.00359387279792065,0.7702220461796969,increases predicted RUL,30.23091697692871,18.0
0,Sensor_4_roll_mean5,1.6518170673397032,3.683891119500913,increases predicted RUL,30.23091697692871,18.0
0,Sensor_4_roll_std5,-0.01286413277526389,0.681529788649641,increases predicted RUL,30.23091697692871,18.0
0,Sensor_15_diff1,0.014760632021387141,0.3940766346640885,increases predicted RUL,30.23091697692871,18.0
0,Sensor_15_roll_mean5,1.739966446997205,9.352989460341632,increases predicted RUL,30.23091697692871,18.0
0,Sensor_15_roll_std5,0.2533241616272512,0.11441890385685838,increases predicted RUL,30.23091697692871,18.0
0,Sensor_12_diff1,-0.0022940420852766764,0.47990189399570227,increases predicted RUL,30.23091697692871,18.0
0,Sensor_12_roll_mean5,-1.3082865740442053,4.228250493179075,increases predicted RUL,30.23091697692871,18.0
0,Sensor_12_roll_std5,0.7354782615539038,-0.2725522757973522,decreases predicted RUL,30.23091697692871,18.0
0,Sensor_13_diff1,0.03291813398783373,-0.7096820715814829,decreases predicted RUL,30.23091697692871,18.0
0,Sensor_13_roll_mean5,1.8444796834267292,-1.1399650620296597,decreases predicted RUL,30.23091697692871,18.0
0,Sensor_13_roll_std5,-0.45696405243919974,0.36326292832382023,increases predicted RUL,30.23091697692871,18.0
0,Sensor_8_diff1,0.012556396320631477,-0.5408704228466377,decreases predicted RUL,30.23091697692871,18.0
0,Sensor_8_roll_mean5,1.8824213820114288,0.4476053877733648,increases predicted RUL,30.23091697692871,18.0
0,Sensor_8_roll_std5,-0.5387533394307216,-0.1723414317239076,decreases predicted RUL,30.23091697692871,18.0
0,Regime_OneHot_0,-0.021606785446338712,0.45826238254085183,increases predicted RUL,30.23091697692871,18.0
0,Regime_OneHot_1,0.0869567441398173,-0.008221649273764342,decreases predicted RUL,30.23091697692871,18.0
0,Regime_OneHot_2,0.025643544064860597,0.8616850358666852,increases predicted RUL,30.23091697692871,18.0
0,Regime_OneHot_3,-0.02820144560840073,0.18170467048184946,increases predicted RUL,30.23091697692871,18.0
0,Regime_OneHot_4,-0.02925837103743791,0.07056135009042919,increases predicted RUL,30.23091697692871,18.0
0,Regime_OneHot_5,-0.028724213634657846,-1.0841217937413603,decreases predicted RUL,30.23091697692871,18.0
1,Regime_ID,1.88,2.2585857049562037,increases predicted RUL,104.22381591796875,79.0
1,Sensor_1,-0.1352068735542743,-2.4483601126703434,decreases predicted RUL,104.22381591796875,79.0
1,Sensor_2,-0.29030229727731793,3.0992824351997115,increases predicted RUL,104.22381591796875,79.0
1,Sensor_3,-0.18184747832585357,3.377120500750607,increases predicted RUL,104.22381591796875,79.0
1,Sensor_4,-0.08141897485661426,3.975424822419882,increases predicted RUL,104.22381591796875,79.0
1,Sensor_5,0.10139701021663841,-1.0293176836275961,decreases predicted RUL,104.22381591796875,79.0
1,Sensor_6,-0.10318334188721506,0.005375729873776436,increases predicted RUL,104.22381591796875,79.0
1,Sensor_7,-0.04850032995862419,-1.5462161309551448,decreases predicted RUL,104.22381591796875,79.0
1,Sensor_8,-0.3009089980924567,0.6954670282575535,increases predicted RUL,104.22381591796875,79.0
1,Sensor_9,-0.40291842791410526,4.5830471445806324,increases predicted RUL,104.22381591796875,79.0
1,Sensor_10,-0.13658556830389051,-0.8010821641655639,decreases predicted RUL,104.22381591796875,79.0
1,Sensor_11,-0.20011936626273724,5.919926636852324,increases predicted RUL,104.22381591796875,79.0
1,Sensor_12,-0.13963532324383268,0.538927542977035,increases predicted RUL,104.22381591796875,79.0
1,Sensor_13,-0.3316444454693787,-2.835340610239655,decreases predicted RUL,104.22381591796875,79.0
1,Sensor_14,-0.42621712525769245,-0.8985230656398926,decreases predicted RUL,104.22381591796875,79.0
1,Sensor_15,-0.10658722889499156,9.003929571073968,increases predicted RUL,104.22381591796875,79.0
1,Sensor_17,-0.15515305440423238,3.6011044287588447,increases predicted RUL,104.22381591796875,79.0
1,Sensor_18,0.0,0.0,decreases predicted RUL,104.22381591796875,79.0
1,Sensor_19,-0.02779870433709024,1.2303891299816314,increases predicted RUL,104.22381591796875,79.0
1,Sensor_20,0.34275459578600226,1.8266031333478168,increases predicted RUL,104.22381591796875,79.0
1,Sensor_21,-0.036305998575194134,3.321327712852508,increases predicted RUL,104.22381591796875,79.0
1,Sensor_11_diff1,-0.006743000392451039,0.15675865951925516,increases predicted RUL,104.22381591796875,79.0
1,Sensor_11_roll_mean5,-0.20932695722887726,1.7049057430122048,increases predicted RUL,104.22381591796875,79.0
1,Sensor_11_roll_std5,0.6138425517691307,1.2262993034964893,increases predicted RUL,104.22381591796875,79.0
1,Sensor_4_diff1,0.01623342734752936,-2.0588593794964254,decreases predicted RUL,104.22381591796875,79.0
1,Sensor_4_roll_mean5,-0.10648761987204189,0.4587382235331461,increases predicted RUL,104.22381591796875,79.0
1,Sensor_4_roll_std5,0.39598815966009004,3.829562032595277,increases predicted RUL,104.22381591796875,79.0
1,Sensor_15_diff1,-0.024970533486782534,1.764993046876043,increases predicted RUL,104.22381591796875,79.0
1,Sensor_15_roll_mean5,-0.1025315698433443,-0.6185431415215135,decreases predicted RUL,104.22381591796875,79.0
1,Sensor_15_roll_std5,0.4308926215769974,-1.7756868756841868,decreases predicted RUL,104.22381591796875,79.0
1,Sensor_12_diff1,-0.004317547313067025,-0.8651298299664631,decreases predicted RUL,104.22381591796875,79.0
1,Sensor_12_roll_mean5,-0.20491950399011497,-0.9389951698249206,decreases predicted RUL,104.22381591796875,79.0
1,Sensor_12_roll_std5,0.05072826283339786,1.9453306016512215,increases predicted RUL,104.22381591796875,79.0
1,Sensor_13_diff1,-0.0017231336098759552,-1.217766278423369,decreases predicted RUL,104.22381591796875,79.0
1,Sensor_13_roll_mean5,-0.439177488608232,1.8361657485365868,increases predicted RUL,104.22381591796875,79.0
1,Sensor_13_roll_std5,-0.9594258376302875,-1.1514426656067371,decreases predicted RUL,104.22381591796875,79.0
1,Sensor_8_diff1,0.021578103910004823,-1.4563989728922024,decreases predicted RUL,104.22381591796875,79.0
1,Sensor_8_roll_mean5,-0.4266793485433347,0.34180136177747045,increases predicted RUL,104.22381591796875,79.0
1,Sensor_8_roll_std5,-0.900053418418646,2.186900288099423,increases predicted RUL,104.22381591796875,79.0
1,Regime_OneHot_0,0.25576294089103874,-0.12696770019829273,decreases predicted RUL,104.22381591796875,79.0
1,Regime_OneHot_1,-0.025364665605464295,2.17625862773275,increases predicted RUL,104.22381591796875,79.0
1,Regime_OneHot_2,-0.14201226307516476,0.18294688290916383,increases predicted RUL,104.22381591796875,79.0
1,Regime_OneHot_3,0.027798704336460024,1.5426941411569715,increases predicted RUL,104.22381591796875,79.0
1,Regime_OneHot_4,-0.029258371037438016,-1.477661345852539,decreases predicted RUL,104.22381591796875,79.0
1,Regime_OneHot_5,-0.14066554840070528,-1.1082011497346684,decreases predicted RUL,104.22381591796875,79.0
2,Regime_ID,2.42,-0.512132731731981,decreases predicted RUL,103.78192138671875,106.0
2,Sensor_1,-0.03059094443586515,-0.018327683676034212,decreases predicted RUL,103.78192138671875,106.0
2,Sensor_2,-0.15640400527106219,6.805542093235999,increases predicted RUL,103.78192138671875,106.0
2,Sensor_3,-0.05181187913417626,0.45303880400024354,increases predicted RUL,103.78192138671875,106.0
2,Sensor_4,0.15456307149562482,6.646698675118387,increases predicted RUL,103.78192138671875,106.0
2,Sensor_5,0.1335357584361306,-1.8941928736749105,decreases predicted RUL,103.78192138671875,106.0
2,Sensor_6,-0.15639438481879786,1.5003347522579134,increases predicted RUL,103.78192138671875,106.0
2,Sensor_7,-0.15903166576669855,5.439658172428608,increases predicted RUL,103.78192138671875,106.0
2,Sensor_8,-0.25984127736022133,0.49868760351091623,increases predicted RUL,103.78192138671875,106.0
2,Sensor_9,-0.44816352643872037,1.0135616539046168,increases predicted RUL,103.78192138671875,106.0
2,Sensor_10,-0.052716591984233396,-0.8517377117168508,decreases predicted RUL,103.78192138671875,106.0
2,Sensor_11,-0.00019219456567881764,5.51073170080781,increases predicted RUL,103.78192138671875,106.0
2,Sensor_12,-0.07031292006929384,3.9554199199192226,increases predicted RUL,103.78192138671875,106.0
2,Sensor_13,-0.24620573454364855,-1.562010459812882,decreases predicted RUL,103.78192138671875,106.0
2,Sensor_14,-0.4900938665685341,-0.5938336871913634,decreases predicted RUL,103.78192138671875,106.0
2,Sensor_15,0.06049827263250222,10.937955113593489,increases predicted RUL,103.78192138671875,106.0
2,Sensor_17,-0.0024605753788201758,3.825184629065916,increases predicted RUL,103.78192138671875,106.0
2,Sensor_18,0.0,0.0,decreases predicted RUL,103.78192138671875,106.0
2,Sensor_19,-0.02779870433709024,-2.016888446873054,decreases predicted RUL,103.78192138671875,106.0
2,Sensor_20,0.016492681990642487,-0.19096426735632122,decreases predicted RUL,103.78192138671875,106.0
2,Sensor_21,0.13572090181135146,-2.3811436716932803,decreases predicted RUL,103.78192138671875,106.0
2,Sensor_11_diff1,-0.015346119180777947,0.05972157511860132,increases predicted RUL,103.78192138671875,106.0
2,Sensor_11_roll_mean5,0.013867948811893136,1.6896915071993135,increases predicted RUL,103.78192138671875,106.0
2,Sensor_11_roll_std5,-0.47915456553149727,0.36285345954820514,increases predicted RUL,103.78192138671875,106.0
2,Sensor_4_diff1,0.0012511432127804412,-2.3184884628280997,decreases predicted RUL,103.78192138671875,106.0
2,Sensor_4_roll_mean5,0.21822290751250176,3.942977133207023,increases predicted RUL,103.78192138671875,106.0
2,Sensor_4_roll_std5,-0.17461347229886826,-3.841819299850613,decreases predicted RUL,103.78192138671875,106.0
2,Sensor_15_diff1,-0.007041381834470533,1.0187580869533122,increases predicted RUL,103.78192138671875,106.0
2,Sensor_15_roll_mean5,0.09360351509053379,-1.790593521669507,decreases predicted RUL,103.78192138671875,106.0
2,Sensor_15_roll_std5,-0.5169910745880133,-0.5393448038084898,decreases predicted RUL,103.78192138671875,106.0
2,Sensor_12_diff1,0.005051965406973169,1.0935179623775184,increases predicted RUL,103.78192138671875,106.0
2,Sensor_12_roll_mean5,-0.10789879480824391,-3.062374897795962,decreases predicted RUL,103.78192138671875,106.0
2,Sensor_12_roll_std5,-0.2969272498015932,-1.0159436016328982,decreases predicted RUL,103.78192138671875,106.0
2,Sensor_13_diff1,-0.0033445128951613027,0.2264499394223094,increases predicted RUL,103.78192138671875,106.0
2,Sensor_13_roll_mean5,-0.31141820753378374,-0.16620929120108485,decreases predicted RUL,103.78192138671875,106.0
2,Sensor_13_roll_std5,-0.5423666353274748,2.748972273664549,increases predicted RUL,103.78192138671875,106.0
2,Sensor_8_diff1,0.0008548092399339852,-0.5390869585680775,decreases predicted RUL,103.78192138671875,106.0
2,Sensor_8_roll_mean5,-0.34152033461533365,0.793384937918745,increases predicted RUL,103.78192138671875,106.0
2,Sensor_8_roll_std5,-0.4644813444192809,2.203835236374289,increases predicted RUL,103.78192138671875,106.0
2,Regime_OneHot_0,-0.06783507316923496,0.8791356517467648,increases predicted RUL,103.78192138671875,106.0
2,Regime_OneHot_1,-0.13768607535074603,-0.3866190684493631,decreases predicted RUL,103.78192138671875,106.0
2,Regime_OneHot_2,0.08152881311153568,0.27715784404426813,increases predicted RUL,103.78192138671875,106.0
2,Regime_OneHot_3,0.027798704336460044,0.8717326070182025,increases predicted RUL,103.78192138671875,106.0
2,Regime_OneHot_4,0.19450393372338368,0.42123786732554436,increases predicted RUL,103.78192138671875,106.0
2,Regime_OneHot_5,-0.08469488101768147,1.275968549773097,increases predicted RUL,103.78192138671875,106.0
3,Regime_ID,2.24,0.005243041843641549,increases predicted RUL,72.19552612304688,110.0
3,Sensor_1,-0.14683086567854198,1.6497294097207487,increases predicted RUL,72.19552612304688,110.0
3,Sensor_2,0.26630332561348385,-1.54720190865919,decreases predicted RUL,72.19552612304688,110.0
3,Sensor_3,0.11652210723852775,0.9254225715994835,increases predicted RUL,72.19552612304688,110.0
3,Sensor_4,0.5095023859895713,0.7259512130403891,increases predicted RUL,72.19552612304688,110.0
3,Sensor_5,0.08303201123407135,1.830929948715493,increases predicted RUL,72.19552612304688,110.0
3,Sensor_6,0.09127879985249386,1.0328542892821133,increases predicted RUL,72.19552612304688,110.0
3,Sensor_7,-0.19678889559419996,1.9635453512892127,increases predicted RUL,72.19552612304688,110.0
3,Sensor_8,0.1040563985295341,0.351686490335851,increases predicted RUL,72.19552612304688,110.0
3,Sensor_9,0.04247075372774248,1.7061220626346767,increases predicted RUL,72.19552612304688,110.0
3,Sensor_10,-0.0455799598395543,-0.47024578088894486,decreases predicted RUL,72.19552612304688,110.0
3,Sensor_11,0.40519301987438355,-0.3242492629215121,decreases predicted RUL,72.19552612304688,110.0
3,Sensor_12,-0.0784225030388487,2.444373374339193,increases predicted RUL,72.19552612304688,110.0
3,Sensor_13,0.00884659235201176,0.6106657746131532,increases predicted RUL,72.19552612304688,110.0
3,Sensor_14,-0.05805563550238055,0.5598603138932958,increases predicted RUL,72.19552612304688,110.0
3,Sensor_15,0.4617303009376441,-3.9351963509689085,decreases predicted RUL,72.19552612304688,110.0
3,Sensor_17,0.24172833742387068,1.32649399433285,increases predicted RUL,72.19552612304688,110.0
3,Sensor_18,0.0,0.0,decreases predicted RUL,72.19552612304688,110.0
3,Sensor_19,-0.02779870433709026,0.40450549125671387,increases predicted RUL,72.19552612304688,110.0
3,Sensor_20,-0.3139885255512746,-1.4973561796359718,decreases predicted RUL,72.19552612304688,110.0
3,Sensor_21,-0.2838672821914137,1.210104750294704,increases predicted RUL,72.19552612304688,110.0
3,Sensor_11_diff1,-0.011657511520035828,0.2976310234516859,increases predicted RUL,72.19552612304688,110.0
3,Sensor_11_roll_mean5,0.45978890996215216,2.6634722528979182,increases predicted RUL,72.19552612304688,110.0
3,Sensor_11_roll_std5,-0.14850920718188687,-0.8051102363970131,decreases predicted RUL,72.19552612304688,110.0
3,Sensor_4_diff1,0.002271662032820607,2.565614319872111,increases predicted RUL,72.19552612304688,110.0
3,Sensor_4_roll_mean5,0.6273878738517861,4.302236995659769,increases predicted RUL,72.19552612304688,110.0
3,Sensor_4_roll_std5,0.2689660834608056,-2.3918747608549893,decreases predicted RUL,72.19552612304688,110.0
3,Sensor_15_diff1,-0.01802446931773304,-0.05698577826842666,decreases predicted RUL,72.19552612304688,110.0
3,Sensor_15_roll_mean5,0.5710537020897266,4.385469978209585,increases predicted RUL,72.19552612304688,110.0
3,Sensor_15_roll_std5,-0.4438318796371292,-0.7346606645733118,decreases predicted RUL,72.19552612304688,110.0
3,Sensor_12_diff1,0.003368649106235104,-0.5428927548055071,decreases predicted RUL,72.19552612304688,110.0
3,Sensor_12_roll_mean5,-0.11387133819273655,-2.61039592360612,decreases predicted RUL,72.19552612304688,110.0
3,Sensor_12_roll_std5,0.030283733450426925,-0.35784138191957027,decreases predicted RUL,72.19552612304688,110.0
3,Sensor_13_diff1,-0.009193642383163798,-0.7183263825718313,decreases predicted RUL,72.19552612304688,110.0
3,Sensor_13_roll_mean5,0.04732545927126447,-0.8738804200547747,decreases predicted RUL,72.19552612304688,110.0
3,Sensor_13_roll_std5,-1.009841194419464,1.0520617682486773,increases predicted RUL,72.19552612304688,110.0
3,Sensor_8_diff1,0.0060350603860509725,-0.44185340918193106,decreases predicted RUL,72.19552612304688,110.0
3,Sensor_8_roll_mean5,0.14837807027836367,-0.047131818428169936,decreases predicted RUL,72.19552612304688,110.0
3,Sensor_8_roll_std5,-0.8244626116037875,0.7629629115108401,increases predicted RUL,72.19552612304688,110.0
3,Regime_OneHot_0,0.07084978999945386,-2.2802195308031514,decreases predicted RUL,72.19552612304688,110.0
3,Regime_OneHot_1,-0.08152537047810508,-1.4950167665956542,decreases predicted RUL,72.19552612304688,110.0
3,Regime_OneHot_2,-0.08612699402848975,-0.94946483313106,decreases predicted RUL,72.19552612304688,110.0
3,Regime_OneHot_3,0.027798704336460003,0.48872826260048896,increases predicted RUL,72.19552612304688,110.0
3,Regime_OneHot_4,0.13856335753317844,2.0277310349047184,increases predicted RUL,72.19552612304688,110.0
3,Regime_OneHot_5,-0.08469488101768155,0.43803129595471546,increases predicted RUL,72.19552612304688,110.0
4,Regime_ID,2.7,-0.06750146047852468,decreases predicted RUL,17.684343338012695,15.0
4,Sensor_1,-0.053838928684400544,0.3299496575491503,increases predicted RUL,17.684343338012695,15.0
4,Sensor_2,0.8916576955048862,-3.3968119970049884,decreases predicted RUL,17.684343338012695,15.0
4,Sensor_3,0.7412170457252288,-3.3033731137402356,decreases predicted RUL,17.684343338012695,15.0
4,Sensor_4,0.6947925416226381,-3.672387281898409,decreases predicted RUL,17.684343338012695,15.0
4,Sensor_5,-0.1006179785915986,0.11117388919228688,increases predicted RUL,17.684343338012695,15.0
4,Sensor_6,0.5078561928316299,-1.7552884178003296,decreases predicted RUL,17.684343338012695,15.0
4,Sensor_7,-0.3165285921118823,0.0770409443648532,increases predicted RUL,17.684343338012695,15.0
4,Sensor_8,1.6868052949723629,-1.6534481920534745,decreases predicted RUL,17.684343338012695,15.0
4,Sensor_9,2.2023731453821505,-9.61757681146264,decreases predicted RUL,17.684343338012695,15.0
4,Sensor_10,0.18239331226842875,1.8847490157932043,increases predicted RUL,17.684343338012695,15.0
4,Sensor_11,0.5600253225239464,-2.077864582883194,decreases predicted RUL,17.684343338012695,15.0
4,Sensor_12,-0.17436922018145615,-1.4105686275288463,decreases predicted RUL,17.684343338012695,15.0
4,Sensor_13,1.7402384089211262,-1.8358738030074164,decreases predicted RUL,17.684343338012695,15.0
4,Sensor_14,2.138003402184654,1.0482916847104207,increases predicted RUL,17.684343338012695,15.0
4,Sensor_15,0.5831788078668995,-2.617423592018895,decreases predicted RUL,17.684343338012695,15.0
4,Sensor_17,0.7100605860394257,-1.3771885003661737,decreases predicted RUL,17.684343338012695,15.0
4,Sensor_18,0.0,0.0,decreases predicted RUL,17.684343338012695,15.0
4,Sensor_19,0.02820144560928077,0.7068973618152086,increases predicted RUL,17.684343338012695,15.0
4,Sensor_20,-0.47147768335870827,-0.5761558683589101,decreases predicted RUL,17.684343338012695,15.0
4,Sensor_21,-0.23734434844110758,-0.1998769196216017,decreases predicted RUL,17.684343338012695,15.0
4,Sensor_11_diff1,0.03190778398122637,-1.2418371167732403,decreases predicted RUL,17.684343338012695,15.0
4,Sensor_11_roll_mean5,0.6129731654880003,-1.1898240599548444,decreases predicted RUL,17.684343338012695,15.0
4,Sensor_11_roll_std5,0.08885888090159437,-0.715069143785513,decreases predicted RUL,17.684343338012695,15.0
4,Sensor_4_diff1,0.017926738804153713,-1.097315630177036,decreases predicted RUL,17.684343338012695,15.0
4,Sensor_4_roll_mean5,0.8086160288331454,-0.8811097191646695,decreases predicted RUL,17.684343338012695,15.0
4,Sensor_4_roll_std5,-0.06341364097976637,0.470446234488918,increases predicted RUL,17.684343338012695,15.0
4,Sensor_15_diff1,-0.0179004919811177,-0.15598130656871945,decreases predicted RUL,17.684343338012695,15.0
4,Sensor_15_roll_mean5,0.7183227975560341,1.7121410525869578,increases predicted RUL,17.684343338012695,15.0
4,Sensor_15_roll_std5,0.032881509046964894,-0.5745028518140316,decreases predicted RUL,17.684343338012695,15.0
4,Sensor_12_diff1,0.024252264371588637,0.46805743663571775,increases predicted RUL,17.684343338012695,15.0
4,Sensor_12_roll_mean5,-0.273200697666064,-0.367798566869169,decreases predicted RUL,17.684343338012695,15.0
4,Sensor_12_roll_std5,-0.1565989733947406,-0.008386911016714294,decreases predicted RUL,17.684343338012695,15.0
4,Sensor_13_diff1,0.06864737938729833,-0.15162292552849976,decreases predicted RUL,17.684343338012695,15.0
4,Sensor_13_roll_mean5,2.218316184540131,0.31597896944731474,increases predicted RUL,17.684343338012695,15.0
4,Sensor_13_roll_std5,0.21492157569158798,-2.4470108758396236,decreases predicted RUL,17.684343338012695,15.0
4,Sensor_8_diff1,0.06975038521568118,0.258281099202577,increases predicted RUL,17.684343338012695,15.0
4,Sensor_8_roll_mean5,2.1468706840524536,1.4688313632505015,increases predicted RUL,17.684343338012695,15.0
4,Sensor_8_roll_std5,0.2728674691440938,-1.131556480861036,decreases predicted RUL,17.684343338012695,15.0
4,Regime_OneHot_0,-0.1140633608921312,0.26505020646436606,increases predicted RUL,17.684343338012695,15.0
4,Regime_OneHot_1,-0.0815253704781051,-1.265693085766543,decreases predicted RUL,17.684343338012695,15.0
4,Regime_OneHot_2,-0.0861269940284897,-0.11449927382636815,decreases predicted RUL,17.684343338012695,15.0
4,Regime_OneHot_3,-0.028201445608400606,-0.9437226818117779,decreases predicted RUL,17.684343338012695,15.0
4,Regime_OneHot_4,0.082622781342973,0.22685165947768837,increases predicted RUL,17.684343338012695,15.0
4,Regime_OneHot_5,0.25112912328046105,-0.1428305361441744,decreases predicted RUL,17.684343338012695,15.0
5,Regime_ID,2.74,0.016818109434098005,increases predicted RUL,120.37870788574219,155.0
5,Sensor_1,-0.23982280267268344,1.7489662606967613,increases predicted RUL,120.37870788574219,155.0
5,Sensor_2,-0.5439344437232306,5.806028342223726,increases predicted RUL,120.37870788574219,155.0
5,Sensor_3,-0.5871388788560968,5.896509844111279,increases predicted RUL,120.37870788574219,155.0
5,Sensor_4,-0.6320053291291622,0.7161493320018053,increases predicted RUL,120.37870788574219,155.0
5,Sensor_5,-0.2888592181629104,-0.16785986220929772,decreases predicted RUL,120.37870788574219,155.0
5,Sensor_6,-0.24502987430720713,-0.3479614877142012,decreases predicted RUL,120.37870788574219,155.0
5,Sensor_7,0.5794474550408445,4.977221758104861,increases predicted RUL,120.37870788574219,155.0
5,Sensor_8,-0.505180318837123,-1.244238183950074,decreases predicted RUL,120.37870788574219,155.0
5,Sensor_9,-0.34374854005663447,4.152617229614407,increases predicted RUL,120.37870788574219,155.0
5,Sensor_10,-0.004185597461639604,-0.8471813986179768,decreases predicted RUL,120.37870788574219,155.0
5,Sensor_11,-0.6092521738392179,12.109439691761509,increases predicted RUL,120.37870788574219,155.0
5,Sensor_12,0.5212582897394465,2.013854513410479,increases predicted RUL,120.37870788574219,155.0
5,Sensor_13,-0.4581477505599061,-1.499359061010182,decreases predicted RUL,120.37870788574219,155.0
5,Sensor_14,-0.22508155468793614,0.10831183008849621,increases predicted RUL,120.37870788574219,155.0
5,Sensor_15,-0.7828599576480988,22.25001545017585,increases predicted RUL,120.37870788574219,155.0
5,Sensor_17,-0.42095280500063514,3.900624813279137,increases predicted RUL,120.37870788574219,155.0
5,Sensor_18,0.0,0.0,decreases predicted RUL,120.37870788574219,155.0
5,Sensor_19,0.028201445609280732,-1.0594902109587565,decreases predicted RUL,120.37870788574219,155.0
5,Sensor_20,0.3812203664703233,0.9341318713195506,increases predicted RUL,120.37870788574219,155.0
5,Sensor_21,0.6913232609189354,-0.3263113247230649,decreases predicted RUL,120.37870788574219,155.0
5,Sensor_11_diff1,0.0023381359458964444,0.7619556030258536,increases predicted RUL,120.37870788574219,155.0
5,Sensor_11_roll_mean5,-0.6908011049890597,0.16888532415032387,increases predicted RUL,120.37870788574219,155.0
5,Sensor_11_roll_std5,0.5088096868797983,2.4100395009154454,increases predicted RUL,120.37870788574219,155.0
5,Sensor_4_diff1,-0.033377114708120575,1.1293849041685462,increases predicted RUL,120.37870788574219,155.0
5,Sensor_4_roll_mean5,-0.7218286771611649,-5.988302622456104,decreases predicted RUL,120.37870788574219,155.0
5,Sensor_4_roll_std5,0.09789501044323251,1.729314080439508,increases predicted RUL,120.37870788574219,155.0
5,Sensor_15_diff1,-0.02607735906400231,-0.5750177977788553,decreases predicted RUL,120.37870788574219,155.0
5,Sensor_15_roll_mean5,-0.9110077258761992,-2.7279931902885437,decreases predicted RUL,120.37870788574219,155.0
5,Sensor_15_roll_std5,-0.5083571866907032,2.901409962796606,increases predicted RUL,120.37870788574219,155.0
5,Sensor_12_diff1,-0.026600824384285255,-0.3200623830780387,decreases predicted RUL,120.37870788574219,155.0
5,Sensor_12_roll_mean5,0.8283987551436626,1.6666123382747173,increases predicted RUL,120.37870788574219,155.0
5,Sensor_12_roll_std5,-0.14573850494635945,0.11483869940275326,increases predicted RUL,120.37870788574219,155.0
5,Sensor_13_diff1,-0.015706679112308962,-0.3145522866398096,decreases predicted RUL,120.37870788574219,155.0
5,Sensor_13_roll_mean5,-0.5989059988092464,0.8125324598804582,increases predicted RUL,120.37870788574219,155.0
5,Sensor_13_roll_std5,-0.3918812321009405,2.3239503814838827,increases predicted RUL,120.37870788574219,155.0
5,Sensor_8_diff1,-0.009295868970479168,-1.1720645305758808,decreases predicted RUL,120.37870788574219,155.0
5,Sensor_8_roll_mean5,-0.6649418377645182,3.232818678370677,increases predicted RUL,120.37870788574219,155.0
5,Sensor_8_roll_std5,-0.4200885255631648,-0.1570145315490663,decreases predicted RUL,120.37870788574219,155.0
5,Regime_OneHot_0,-0.2527482240608199,0.014442243613302708,increases predicted RUL,120.37870788574219,155.0
5,Regime_OneHot_1,0.1431174490124579,0.02889664506074041,increases predicted RUL,120.37870788574219,155.0
5,Regime_OneHot_2,-0.19789753212183986,0.17151661455864087,increases predicted RUL,120.37870788574219,155.0
5,Regime_OneHot_3,-0.02820144560840073,-0.4623647902626544,decreases predicted RUL,120.37870788574219,155.0
5,Regime_OneHot_4,0.25044450991358935,-0.677683230896946,decreases predicted RUL,120.37870788574219,155.0
5,Regime_OneHot_5,0.13918778851441346,-0.04234993876889348,decreases predicted RUL,120.37870788574219,155.0
6,Regime_ID,2.04,-0.16594772203825414,decreases predicted RUL,22.919055938720703,6.0
6,Sensor_1,-0.0770869129329359,0.1783725762506947,increases predicted RUL,22.919055938720703,6.0
6,Sensor_2,1.0289273930358567,-2.676777840591967,decreases predicted RUL,22.919055938720703,6.0
6,Sensor_3,0.8570527451372,-2.833517974242568,decreases predicted RUL,22.919055938720703,6.0
6,Sensor_4,1.1204273706461674,-5.100570437323768,decreases predicted RUL,22.919055938720703,6.0
6,Sensor_5,0.037119513777653865,0.4764549355022609,increases predicted RUL,22.919055938720703,6.0
6,Sensor_6,0.054434863769993506,0.7825339497067034,increases predicted RUL,22.919055938720703,6.0
6,Sensor_7,-1.0312701082488294,-3.4333917798940092,decreases predicted RUL,22.919055938720703,6.0
6,Sensor_8,-0.5761387608261577,0.14723080582916737,increases predicted RUL,22.919055938720703,6.0
6,Sensor_9,-1.4959281764060268,4.966675270348787,increases predicted RUL,22.919055938720703,6.0
6,Sensor_10,-0.3014426589675759,-0.6564478847431019,decreases predicted RUL,22.919055938720703,6.0
6,Sensor_11,1.47447458410265,-8.425468882545829,decreases predicted RUL,22.919055938720703,6.0
6,Sensor_12,-1.1607942712853652,-1.8234929151367396,decreases predicted RUL,22.919055938720703,6.0
6,Sensor_13,-0.5085891660099824,-0.2736337981186807,decreases predicted RUL,22.919055938720703,6.0
6,Sensor_14,-1.7503192058258548,-0.46159712551161647,decreases predicted RUL,22.919055938720703,6.0
6,Sensor_15,1.1465140401774545,-13.70997230685316,decreases predicted RUL,22.919055938720703,6.0
6,Sensor_17,0.7699190985328017,-1.9280209329444915,decreases predicted RUL,22.919055938720703,6.0
6,Sensor_18,0.0,0.0,decreases predicted RUL,22.919055938720703,6.0
6,Sensor_19,0.14020174550202266,0.08761371835134923,increases predicted RUL,22.919055938720703,6.0
6,Sensor_20,-0.6523705935708647,-0.5069409278221428,decreases predicted RUL,22.919055938720703,6.0
6,Sensor_21,-0.7519665868460406,1.1659742376068607,increases predicted RUL,22.919055938720703,6.0
6,Sensor_11_diff1,0.013574526477392497,0.7585677119204774,increases predicted RUL,22.919055938720703,6.0
6,Sensor_11_roll_mean5,1.633741523030885,2.784578898921609,increases predicted RUL,22.919055938720703,6.0
6,Sensor_11_roll_std5,0.706157383823505,-0.15454402193427086,decreases predicted RUL,22.919055938720703,6.0
6,Sensor_4_diff1,0.006859865018501958,-0.5607130923308432,decreases predicted RUL,22.919055938720703,6.0
6,Sensor_4_roll_mean5,1.3010612721285133,3.2545804008841515,increases predicted RUL,22.919055938720703,6.0
6,Sensor_4_roll_std5,-0.4000598253175318,0.9855846373829991,increases predicted RUL,22.919055938720703,6.0
6,Sensor_15_diff1,0.036886309383573665,-0.1659700752934441,decreases predicted RUL,22.919055938720703,6.0
6,Sensor_15_roll_mean5,1.3539060812320747,1.0659215999767184,increases predicted RUL,22.919055938720703,6.0
6,Sensor_15_roll_std5,0.4552192005023702,0.9573106894968078,increases predicted RUL,22.919055938720703,6.0
6,Sensor_12_diff1,-0.03774923780178994,-0.17997004464268684,decreases predicted RUL,22.919055938720703,6.0
6,Sensor_12_roll_mean5,-1.6533552749415839,1.4655271244700998,increases predicted RUL,22.919055938720703,6.0
6,Sensor_12_roll_std5,-0.23511579812136646,0.15130685362964869,increases predicted RUL,22.919055938720703,6.0
6,Sensor_13_diff1,-0.08525924590399413,3.0561364765744656,increases predicted RUL,22.919055938720703,6.0
6,Sensor_13_roll_mean5,-0.5856204242788163,0.13064591051079333,increases predicted RUL,22.919055938720703,6.0
6,Sensor_13_roll_std5,2.1720297889823983,-4.911011348478496,decreases predicted RUL,22.919055938720703,6.0
6,Sensor_8_diff1,-0.10104776144110797,1.7477908600121737,increases predicted RUL,22.919055938720703,6.0
6,Sensor_8_roll_mean5,-0.6701660991253162,-0.038781795650720596,decreases predicted RUL,22.919055938720703,6.0
6,Sensor_8_roll_std5,2.200812194920081,-3.701760510331951,decreases predicted RUL,22.919055938720703,6.0
6,Regime_OneHot_0,0.16330636544524624,-0.7950410335324705,decreases predicted RUL,22.919055938720703,6.0
6,Regime_OneHot_1,-0.02536466560546432,-0.8861092764418572,decreases predicted RUL,22.919055938720703,6.0
6,Regime_OneHot_2,-0.030241724981814495,-0.12772302411030978,decreases predicted RUL,22.919055938720703,6.0
6,Regime_OneHot_3,-0.1402017454981221,-0.6929461246472783,decreases predicted RUL,22.919055938720703,6.0
6,Regime_OneHot_4,0.082622781342973,0.13964996216236614,increases predicted RUL,22.919055938720703,6.0
6,Regime_OneHot_5,-0.08469488101768151,-0.6382481924374588,decreases predicted RUL,22.919055938720703,6.0
7,Regime_ID,2.12,-1.132738103158772,decreases predicted RUL,74.47051239013672,90.0
7,Sensor_1,0.015905024061205583,-1.3830739929253468,decreases predicted RUL,74.47051239013672,90.0
7,Sensor_2,0.609017661092254,-2.9623127073282376,decreases predicted RUL,74.47051239013672,90.0
7,Sensor_3,0.3302118366346386,-1.215933422499802,decreases predicted RUL,74.47051239013672,90.0
7,Sensor_4,0.6089546246327601,1.9094593987247208,increases predicted RUL,74.47051239013672,90.0
7,Sensor_5,-0.12357422731980738,-1.4142571676056832,decreases predicted RUL,74.47051239013672,90.0
7,Sensor_6,0.2484580838321792,-2.4417793061584234,decreases predicted RUL,74.47051239013672,90.0
7,Sensor_7,-0.6382094250339596,-1.6309116315096617,decreases predicted RUL,74.47051239013672,90.0
7,Sensor_8,0.23111202846463008,1.083253963617608,increases predicted RUL,74.47051239013672,90.0
7,Sensor_9,0.2200619901959083,-4.526591568021104,decreases predicted RUL,74.47051239013672,90.0
7,Sensor_10,0.12938514878313143,1.7498208809265634,increases predicted RUL,74.47051239013672,90.0
7,Sensor_11,0.6169076141100294,0.6290349391056225,increases predicted RUL,74.47051239013672,90.0
7,Sensor_12,-0.6141772003856283,-1.4960896861739457,decreases predicted RUL,74.47051239013672,90.0
7,Sensor_13,0.26371780205164624,3.5959815197857097,increases predicted RUL,74.47051239013672,90.0
7,Sensor_14,0.05115165990172937,1.1812466499395669,increases predicted RUL,74.47051239013672,90.0
7,Sensor_15,0.5133090687332873,-8.0396834067069,decreases predicted RUL,74.47051239013672,90.0
7,Sensor_17,0.5048681704388397,0.8291842141188681,increases predicted RUL,74.47051239013672,90.0
7,Sensor_18,0.0,0.0,decreases predicted RUL,74.47051239013672,90.0
7,Sensor_19,0.02820144560928071,2.130205645749811,increases predicted RUL,74.47051239013672,90.0
7,Sensor_20,-0.2762729924358113,0.9471318451687694,increases predicted RUL,74.47051239013672,90.0
7,Sensor_21,-0.18271773170322236,0.08616721350699663,increases predicted RUL,74.47051239013672,90.0
7,Sensor_11_diff1,0.016689148440804723,2.122540476033464,increases predicted RUL,74.47051239013672,90.0
7,Sensor_11_roll_mean5,0.7237974070596443,4.493277556146495,increases predicted RUL,74.47051239013672,90.0
7,Sensor_11_roll_std5,0.01221620785464653,1.1414987712341826,increases predicted RUL,74.47051239013672,90.0
7,Sensor_4_diff1,-0.020474772711150734,2.7770342119038105,increases predicted RUL,74.47051239013672,90.0
7,Sensor_4_roll_mean5,0.7731243107377281,3.633049630210735,increases predicted RUL,74.47051239013672,90.0
7,Sensor_4_roll_std5,-0.15973293194254679,-1.2200265522114933,decreases predicted RUL,74.47051239013672,90.0
7,Sensor_15_diff1,0.008360083048853644,0.03790036286227405,increases predicted RUL,74.47051239013672,90.0
7,Sensor_15_roll_mean5,0.6230600427298749,2.7744865515560377,increases predicted RUL,74.47051239013672,90.0
7,Sensor_15_roll_std5,0.045515376039362614,-0.7502905143192038,decreases predicted RUL,74.47051239013672,90.0
7,Sensor_12_diff1,0.030773584560797807,0.30104568239767104,increases predicted RUL,74.47051239013672,90.0
7,Sensor_12_roll_mean5,-0.9056913348089292,2.031112372991629,increases predicted RUL,74.47051239013672,90.0
7,Sensor_12_roll_std5,-0.19978946276408316,1.9822995285503566,increases predicted RUL,74.47051239013672,90.0
7,Sensor_13_diff1,0.011023144420834368,-1.4495708020403981,decreases predicted RUL,74.47051239013672,90.0
7,Sensor_13_roll_mean5,0.36639711891806137,-3.002104512997903,decreases predicted RUL,74.47051239013672,90.0
7,Sensor_13_roll_std5,-0.3227831943428728,3.5522250414360315,increases predicted RUL,74.47051239013672,90.0
7,Sensor_8_diff1,0.0006088598823301195,-0.7882625788915902,decreases predicted RUL,74.47051239013672,90.0
7,Sensor_8_roll_mean5,0.3096638434230403,0.45968367741443217,increases predicted RUL,74.47051239013672,90.0
7,Sensor_8_roll_std5,-0.8897650841769869,3.5266017505782656,increases predicted RUL,74.47051239013672,90.0
7,Regime_OneHot_0,-0.0678350731692349,2.474939442006871,increases predicted RUL,74.47051239013672,90.0
7,Regime_OneHot_1,0.19927815388509879,3.9283813362708315,increases predicted RUL,74.47051239013672,90.0
7,Regime_OneHot_2,0.02564354406486057,0.3125364560401067,increases predicted RUL,74.47051239013672,90.0
7,Regime_OneHot_3,-0.02820144560840072,0.9186371469986625,increases predicted RUL,74.47051239013672,90.0
7,Regime_OneHot_4,-0.029258371037437954,0.0976565470919013,increases predicted RUL,74.47051239013672,90.0
7,Regime_OneHot_5,-0.08469488101768162,-0.37122568883933127,decreases predicted RUL,74.47051239013672,90.0
8,Regime_ID,1.84,-0.9976115497993305,decreases predicted RUL,14.628292083740234,11.0
8,Sensor_1,0.039153008309740917,0.5950995769526344,increases predicted RUL,14.628292083740234,11.0
8,Sensor_2,0.5597789443285339,-2.810409616678953,decreases predicted RUL,14.628292083740234,11.0
8,Sensor_3,0.5856900895344975,-2.5159788672172,decreases predicted RUL,14.628292083740234,11.0
8,Sensor_4,0.702892043833009,-4.968434533162508,decreases predicted RUL,14.628292083740234,11.0
8,Sensor_5,0.08303201123407136,0.27479267012677155,increases predicted RUL,14.628292083740234,11.0
8,Sensor_6,0.45700154253680636,-1.2920932690612972,decreases predicted RUL,14.628292083740234,11.0
8,Sensor_7,-0.29127875887789517,-0.5753821051039267,decreases predicted RUL,14.628292083740234,11.0
8,Sensor_8,0.8215843516219556,-0.9786153044551611,decreases predicted RUL,14.628292083740234,11.0
8,Sensor_9,1.0890686239840623,-5.291242472594604,decreases predicted RUL,14.628292083740234,11.0
8,Sensor_10,-0.04275590636832545,-0.3912152425991735,decreases predicted RUL,14.628292083740234,11.0
8,Sensor_11,0.6396681691872519,-6.704994294559583,decreases predicted RUL,14.628292083740234,11.0
8,Sensor_12,-0.42406980852242737,-0.9636819841107354,decreases predicted RUL,14.628292083740234,11.0
8,Sensor_13,0.8185594234825753,-0.7854444372205762,decreases predicted RUL,14.628292083740234,11.0
8,Sensor_14,0.993487288743472,0.8285887017846107,increases predicted RUL,14.628292083740234,11.0
8,Sensor_15,0.3633616654262402,-3.357008744511404,decreases predicted RUL,14.628292083740234,11.0
8,Sensor_17,0.4634518127713212,-1.3136222955654375,decreases predicted RUL,14.628292083740234,11.0
8,Sensor_18,0.0,0.0,decreases predicted RUL,14.628292083740234,11.0
8,Sensor_19,0.14020174550202275,0.16764569421866327,increases predicted RUL,14.628292083740234,11.0
8,Sensor_20,-0.5946681893812233,-0.43711777660791995,decreases predicted RUL,14.628292083740234,11.0
8,Sensor_21,-0.18379241147906464,-0.9966923472238705,decreases predicted RUL,14.628292083740234,11.0
8,Sensor_11_diff1,0.061590291503266795,-1.2339841143693775,decreases predicted RUL,14.628292083740234,11.0
8,Sensor_11_roll_mean5,0.6551366604455157,-3.8573002137127332,decreases predicted RUL,14.628292083740234,11.0
8,Sensor_11_roll_std5,-0.10356584256706267,0.12573282654921059,increases predicted RUL,14.628292083740234,11.0
8,Sensor_4_diff1,0.06473248632540311,-0.02229107078164816,decreases predicted RUL,14.628292083740234,11.0
8,Sensor_4_roll_mean5,0.7744747589920621,-0.11291705362964422,decreases predicted RUL,14.628292083740234,11.0
8,Sensor_4_roll_std5,0.4801654558358715,-0.0014461763203144073,decreases predicted RUL,14.628292083740234,11.0
8,Sensor_15_diff1,0.013484321635751783,0.6478861310752109,increases predicted RUL,14.628292083740234,11.0
8,Sensor_15_roll_mean5,0.422067059671639,-0.6718634918797761,decreases predicted RUL,14.628292083740234,11.0
8,Sensor_15_roll_std5,0.2049821363096939,-0.0007040865311864763,decreases predicted RUL,14.628292083740234,11.0
8,Sensor_12_diff1,-0.04212233454013304,-0.40969775919802487,decreases predicted RUL,14.628292083740234,11.0
8,Sensor_12_roll_mean5,-0.5614202932865,0.13510127963672858,increases predicted RUL,14.628292083740234,11.0
8,Sensor_12_roll_std5,-0.3031836320854058,0.18589613819494843,increases predicted RUL,14.628292083740234,11.0
8,Sensor_13_diff1,0.028230316991939463,-0.12882547068875283,decreases predicted RUL,14.628292083740234,11.0
8,Sensor_13_roll_mean5,1.0201595102743795,0.4683982270071283,increases predicted RUL,14.628292083740234,11.0
8,Sensor_13_roll_std5,-0.2523036255349681,-0.005292751229717396,decreases predicted RUL,14.628292083740234,11.0
8,Sensor_8_diff1,0.021238265938104142,-0.5999328284378862,decreases predicted RUL,14.628292083740234,11.0
8,Sensor_8_roll_mean5,1.051769508317293,0.26988856634125113,increases predicted RUL,14.628292083740234,11.0
8,Sensor_8_roll_std5,-0.3882660996542073,-0.37030282137857284,decreases predicted RUL,14.628292083740234,11.0
8,Regime_OneHot_0,0.2557629408910387,-0.822878310107626,decreases predicted RUL,14.628292083740234,11.0
8,Regime_OneHot_1,-0.025364665605464333,-0.07066931857843883,decreases predicted RUL,14.628292083740234,11.0
8,Regime_OneHot_2,0.025643544064860597,-0.10193255520789535,decreases predicted RUL,14.628292083740234,11.0
8,Regime_OneHot_3,-0.14020174549812198,-0.3413016229023924,decreases predicted RUL,14.628292083740234,11.0
8,Regime_OneHot_4,-0.08519894722764337,0.2734730418014806,increases predicted RUL,14.628292083740234,11.0
8,Regime_OneHot_5,-0.08469488101768154,-0.999154859688133,decreases predicted RUL,14.628292083740234,11.0
9,Regime_ID,2.38,1.3279179139062762,increases predicted RUL,89.72349548339844,79.0
9,Sensor_1,-0.12358288143000663,0.531758600496687,increases predicted RUL,89.72349548339844,79.0
9,Sensor_2,-0.4710720922097088,3.3195814350037836,increases predicted RUL,89.72349548339844,79.0
9,Sensor_3,-0.30694833910829455,0.7706686720484868,increases predicted RUL,89.72349548339844,79.0
9,Sensor_4,-0.25772450140351144,2.244710643251892,increases predicted RUL,89.72349548339844,79.0
9,Sensor_5,0.0325282640320121,2.2953105960041285,increases predicted RUL,89.72349548339844,79.0
9,Sensor_6,-0.06312453816853739,3.0930603854358196,increases predicted RUL,89.72349548339844,79.0
9,Sensor_7,0.11990619246928848,-0.10598870471585542,decreases predicted RUL,89.72349548339844,79.0
9,Sensor_8,-0.12581237354217004,0.5407361977850087,increases predicted RUL,89.72349548339844,79.0
9,Sensor_9,0.048704701163195786,3.0110606574453413,increases predicted RUL,89.72349548339844,79.0
9,Sensor_10,0.01846600935599064,-0.7013853318640031,decreases predicted RUL,89.72349548339844,79.0
9,Sensor_11,-0.20372204571863836,4.048454670934007,increases predicted RUL,89.72349548339844,79.0
9,Sensor_12,0.030719690471921232,-2.3612972765695304,decreases predicted RUL,89.72349548339844,79.0
9,Sensor_13,-0.12113567434731522,-0.34520203206920996,decreases predicted RUL,89.72349548339844,79.0
9,Sensor_14,0.11653828876430873,1.7941404285375029,increases predicted RUL,89.72349548339844,79.0
9,Sensor_15,-0.27565648167066464,13.91629227111116,increases predicted RUL,89.72349548339844,79.0
9,Sensor_17,-0.1426147504146379,1.746899230638519,increases predicted RUL,89.72349548339844,79.0
9,Sensor_18,0.0,0.0,decreases predicted RUL,89.72349548339844,79.0
9,Sensor_19,-0.08379885428346119,-1.0602946947328746,decreases predicted RUL,89.72349548339844,79.0
9,Sensor_20,0.19448710769339775,0.10032241558656096,increases predicted RUL,89.72349548339844,79.0
9,Sensor_21,0.0025591830192973042,-0.10059701465070248,decreases predicted RUL,89.72349548339844,79.0
9,Sensor_11_diff1,-0.03109675696459001,0.3404419831931591,increases predicted RUL,89.72349548339844,79.0
9,Sensor_11_roll_mean5,-0.21030953178078465,-1.4333866502856836,decreases predicted RUL,89.72349548339844,79.0
9,Sensor_11_roll_std5,-0.06398498406273757,2.0004005250521004,increases predicted RUL,89.72349548339844,79.0
9,Sensor_4_diff1,-0.008469094895605989,-0.9182980693876743,decreases predicted RUL,89.72349548339844,79.0
9,Sensor_4_roll_mean5,-0.27132736233183274,-5.796222328324802,decreases predicted RUL,89.72349548339844,79.0
9,Sensor_4_roll_std5,0.11005666577989663,-1.0438927526120096,decreases predicted RUL,89.72349548339844,79.0
9,Sensor_15_diff1,0.012248804817189707,0.8481723797740415,increases predicted RUL,89.72349548339844,79.0
9,Sensor_15_roll_mean5,-0.3054580788295406,-1.5361025789752603,decreases predicted RUL,89.72349548339844,79.0
9,Sensor_15_roll_std5,0.4343204786600686,0.0011317927855998278,increases predicted RUL,89.72349548339844,79.0
9,Sensor_12_diff1,0.004493624313987307,0.6686614589416422,increases predicted RUL,89.72349548339844,79.0
9,Sensor_12_roll_mean5,0.1004560415393769,-0.97781354887411,decreases predicted RUL,89.72349548339844,79.0
9,Sensor_12_roll_std5,-0.14687970678606818,-1.7044194003101438,decreases predicted RUL,89.72349548339844,79.0
9,Sensor_13_diff1,-0.0031152740731395967,-0.48426807654323056,decreases predicted RUL,89.72349548339844,79.0
9,Sensor_13_roll_mean5,-0.17317276936793138,-1.2259959294460714,decreases predicted RUL,89.72349548339844,79.0
9,Sensor_13_roll_std5,-0.6101062109702994,3.5115497559309006,increases predicted RUL,89.72349548339844,79.0
9,Sensor_8_diff1,-0.01034622285552748,-1.0166445699287578,decreases predicted RUL,89.72349548339844,79.0
9,Sensor_8_roll_mean5,-0.15172752032943543,0.41830807365477085,increases predicted RUL,89.72349548339844,79.0
9,Sensor_8_roll_std5,-0.4306325244181871,0.8223044986953028,increases predicted RUL,89.72349548339844,79.0
9,Regime_OneHot_0,-0.16029164861502743,0.1845054430887103,increases predicted RUL,89.72349548339844,79.0
9,Regime_OneHot_1,0.03079603926717649,-1.7924393264111131,decreases predicted RUL,89.72349548339844,79.0
9,Regime_OneHot_2,0.025643544064860593,-0.5080137349432334,decreases predicted RUL,89.72349548339844,79.0
9,Regime_OneHot_3,0.08379885428132078,0.608050333103165,increases predicted RUL,89.72349548339844,79.0
9,Regime_OneHot_4,0.25044450991358913,2.737287818279583,increases predicted RUL,89.72349548339844,79.0
9,Regime_OneHot_5,-0.19663621578372883,-0.288470717263408,decreases predicted RUL,89.72349548339844,79.0
10,Regime_ID,2.1,-0.22374337795190513,decreases predicted RUL,7.629087924957275,6.0
10,Sensor_1,-0.06546292080866828,-0.10917883764977887,decreases predicted RUL,7.629087924957275,6.0
10,Sensor_2,0.4851914115654917,-2.7495060204382753,decreases predicted RUL,7.629087924957275,6.0
10,Sensor_3,0.3530722808362495,-2.2672188507276587,decreases predicted RUL,7.629087924957275,6.0
10,Sensor_4,0.7425266440560084,-4.757113269995898,decreases predicted RUL,7.629087924957275,6.0
10,Sensor_5,0.11517075945356363,-0.2519646165892482,decreases predicted RUL,7.629087924957275,6.0
10,Sensor_6,0.22958502984399135,-0.900803848868236,decreases predicted RUL,7.629087924957275,6.0
10,Sensor_7,-0.37697784461757683,-1.5278646952938288,decreases predicted RUL,7.629087924957275,6.0
10,Sensor_8,-0.07936861506146008,0.24046683066990227,increases predicted RUL,7.629087924957275,6.0
10,Sensor_9,-0.4271457288346918,1.0448599230730906,increases predicted RUL,7.629087924957275,6.0
10,Sensor_10,-0.08388233542949494,-0.4350752682003076,decreases predicted RUL,7.629087924957275,6.0
10,Sensor_11,0.7222517798901532,-6.169423058556276,decreases predicted RUL,7.629087924957275,6.0
10,Sensor_12,-0.5860580100276724,-2.997017580550164,decreases predicted RUL,7.629087924957275,6.0
10,Sensor_13,-0.031708200055799336,0.022590831737034023,increases predicted RUL,7.629087924957275,6.0
10,Sensor_14,-0.6279712460114242,0.15570133400615305,increases predicted RUL,7.629087924957275,6.0
10,Sensor_15,0.6775783763702827,-6.034243890695507,decreases predicted RUL,7.629087924957275,6.0
10,Sensor_17,0.4653212749021874,-2.2990168027672553,decreases predicted RUL,7.629087924957275,6.0
10,Sensor_18,0.0,0.0,decreases predicted RUL,7.629087924957275,6.0
10,Sensor_19,0.08420159555565174,0.15188113192562014,increases predicted RUL,7.629087924957275,6.0
10,Sensor_20,-0.4222609695316654,-1.198617151065264,decreases predicted RUL,7.629087924957275,6.0
10,Sensor_21,-0.0785454109280731,-1.0021623644279316,decreases predicted RUL,7.629087924957275,6.0
10,Sensor_11_diff1,0.08037973696235336,-1.3438743212027475,decreases predicted RUL,7.629087924957275,6.0
10,Sensor_11_roll_mean5,0.710472223503081,-3.580796053633094,decreases predicted RUL,7.629087924957275,6.0
10,Sensor_11_roll_std5,-0.026307995407359917,-0.6338771164882928,decreases predicted RUL,7.629087924957275,6.0
10,Sensor_4_diff1,0.04167512134047593,-0.7074527931399643,decreases predicted RUL,7.629087924957275,6.0
10,Sensor_4_roll_mean5,0.8083078606933606,-0.7407789453864098,decreases predicted RUL,7.629087924957275,6.0
10,Sensor_4_roll_std5,-0.7025779410910539,0.13746014016214758,increases predicted RUL,7.629087924957275,6.0
10,Sensor_15_diff1,0.034561513207325895,-0.7127340724136957,decreases predicted RUL,7.629087924957275,6.0
10,Sensor_15_roll_mean5,0.731683060264762,-0.4364749648957513,decreases predicted RUL,7.629087924957275,6.0
10,Sensor_15_roll_std5,0.3991155970631142,-0.4744527647853829,decreases predicted RUL,7.629087924957275,6.0
10,Sensor_12_diff1,-0.003526715087986927,-0.24627491609953722,decreases predicted RUL,7.629087924957275,6.0
10,Sensor_12_roll_mean5,-0.8258804771677746,-0.17535045386466663,decreases predicted RUL,7.629087924957275,6.0
10,Sensor_12_roll_std5,0.4207532629594133,0.3283021522220224,increases predicted RUL,7.629087924957275,6.0
10,Sensor_13_diff1,0.0416053506175845,-0.038308611954562366,decreases predicted RUL,7.629087924957275,6.0
10,Sensor_13_roll_mean5,-0.11266428254442996,0.0005969818303128704,increases predicted RUL,7.629087924957275,6.0
10,Sensor_13_roll_std5,0.2876564948671577,-2.5612472165958025,decreases predicted RUL,7.629087924957275,6.0
10,Sensor_8_diff1,0.04952301802013244,-0.7627010222349782,decreases predicted RUL,7.629087924957275,6.0
10,Sensor_8_roll_mean5,-0.19322900644458432,-0.2869336685471353,decreases predicted RUL,7.629087924957275,6.0
10,Sensor_8_roll_std5,0.2897300988102342,-1.7637208459927933,decreases predicted RUL,7.629087924957275,6.0
10,Regime_OneHot_0,0.11707807772235009,-0.49728512629008037,decreases predicted RUL,7.629087924957275,6.0
10,Regime_OneHot_1,-0.08152537047810508,-0.6261451266182121,decreases predicted RUL,7.629087924957275,6.0
10,Regime_OneHot_2,0.025643544064860562,-0.0280011292124982,decreases predicted RUL,7.629087924957275,6.0
10,Regime_OneHot_3,-0.08420159555326136,-0.8546576632361393,decreases predicted RUL,7.629087924957275,6.0
10,Regime_OneHot_4,0.13856335753317844,-0.06339604721870273,decreases predicted RUL,7.629087924957275,6.0
10,Regime_OneHot_5,-0.14066554840070522,-0.20401973645493854,decreases predicted RUL,7.629087924957275,6.0
11,Regime_ID,2.2,-2.5441066136118025,decreases predicted RUL,110.25770568847656,73.0
11,Sensor_1,-0.05383892868440055,-0.2014582484262064,decreases predicted RUL,110.25770568847656,73.0
11,Sensor_2,-0.23604861684590067,5.90108516998589,increases predicted RUL,110.25770568847656,73.0
11,Sensor_3,-0.17763362327629525,6.952447412360925,increases predicted RUL,110.25770568847656,73.0
11,Sensor_4,-0.09985810430057672,3.178341843886301,increases predicted RUL,110.25770568847656,73.0
11,Sensor_5,-0.2613117196890599,-4.374298331327736,decreases predicted RUL,110.25770568847656,73.0
11,Sensor_6,-0.22368298985237645,1.1993121335835895,increases predicted RUL,110.25770568847656,73.0
11,Sensor_7,0.13743529787630382,0.1077426727861166,increases predicted RUL,110.25770568847656,73.0
11,Sensor_8,-0.3551898731038933,-0.21217137292114785,decreases predicted RUL,110.25770568847656,73.0
11,Sensor_9,-0.5466751600488754,7.110032694414258,increases predicted RUL,110.25770568847656,73.0
11,Sensor_10,-0.022865356507140236,-0.7040874753147364,decreases predicted RUL,110.25770568847656,73.0
11,Sensor_11,-0.02121161101096044,6.6069676543120295,increases predicted RUL,110.25770568847656,73.0
11,Sensor_12,0.1041154533912314,4.010705001768656,increases predicted RUL,110.25770568847656,73.0
11,Sensor_13,-0.3592462066506794,-2.536300225474406,decreases predicted RUL,110.25770568847656,73.0
11,Sensor_14,-0.47243146942951436,-2.128334380337037,decreases predicted RUL,110.25770568847656,73.0
11,Sensor_15,-0.02596442948038619,9.21399871702306,increases predicted RUL,110.25770568847656,73.0
11,Sensor_17,-0.15270522080942492,-0.03312672977335751,decreases predicted RUL,110.25770568847656,73.0
11,Sensor_18,0.0,0.0,decreases predicted RUL,110.25770568847656,73.0
11,Sensor_19,0.14020174550202275,-0.3714253203943372,decreases predicted RUL,110.25770568847656,73.0
11,Sensor_20,0.01841951855059947,0.6831981159048155,increases predicted RUL,110.25770568847656,73.0
11,Sensor_21,0.09630434430124263,-0.001578093389980495,decreases predicted RUL,110.25770568847656,73.0
11,Sensor_11_diff1,0.03400414649146679,-0.5000300058163702,decreases predicted RUL,110.25770568847656,73.0
11,Sensor_11_roll_mean5,-0.02250773175118878,1.7383112327661365,increases predicted RUL,110.25770568847656,73.0
11,Sensor_11_roll_std5,0.5169212763755777,1.9055853034369648,increases predicted RUL,110.25770568847656,73.0
11,Sensor_4_diff1,-0.016640928871803705,2.275859364308417,increases predicted RUL,110.25770568847656,73.0
11,Sensor_4_roll_mean5,-0.12268145448653173,-1.2455180653487332,decreases predicted RUL,110.25770568847656,73.0
11,Sensor_4_roll_std5,0.829309123554743,2.4634141185088083,increases predicted RUL,110.25770568847656,73.0
11,Sensor_15_diff1,-0.020990574216937823,-0.004603428300470114,decreases predicted RUL,110.25770568847656,73.0
11,Sensor_15_roll_mean5,0.0014212729670960995,-1.5763139044865966,decreases predicted RUL,110.25770568847656,73.0
11,Sensor_15_roll_std5,-0.1584318278388057,1.6039147312985733,increases predicted RUL,110.25770568847656,73.0
11,Sensor_12_diff1,0.007744563043535963,0.7959602534538135,increases predicted RUL,110.25770568847656,73.0
11,Sensor_12_roll_mean5,0.162117138599546,-1.1470165232167346,decreases predicted RUL,110.25770568847656,73.0
11,Sensor_12_roll_std5,-0.33341058570588283,-0.8957648982759565,decreases predicted RUL,110.25770568847656,73.0
11,Sensor_13_diff1,-0.010097110066293151,-0.7811273992992938,decreases predicted RUL,110.25770568847656,73.0
11,Sensor_13_roll_mean5,-0.4729730379967563,0.46402510395273566,increases predicted RUL,110.25770568847656,73.0
11,Sensor_13_roll_std5,-0.846626900852979,1.1347034652717412,increases predicted RUL,110.25770568847656,73.0
11,Sensor_8_diff1,-0.006488962318523697,-0.34055592212826014,decreases predicted RUL,110.25770568847656,73.0
11,Sensor_8_roll_mean5,-0.4805656885616097,1.0382909884210676,increases predicted RUL,110.25770568847656,73.0
11,Sensor_8_roll_std5,-0.8920656941282904,2.1851558657363057,increases predicted RUL,110.25770568847656,73.0
11,Regime_OneHot_0,0.024621502276557614,0.7594548018823843,increases predicted RUL,110.25770568847656,73.0
11,Regime_OneHot_1,0.19927815388509879,5.140795945713762,increases predicted RUL,110.25770568847656,73.0
11,Regime_OneHot_2,-0.1420122630751648,1.5682383986422792,increases predicted RUL,110.25770568847656,73.0
11,Regime_OneHot_3,-0.140201745498122,-1.7646932693896815,decreases predicted RUL,110.25770568847656,73.0
11,Regime_OneHot_4,-0.08519894722764347,0.276948532438837,increases predicted RUL,110.25770568847656,73.0
11,Regime_OneHot_5,0.13918778851441352,3.2731003924272954,increases predicted RUL,110.25770568847656,73.0
12,Regime_ID,2.44,-0.5608472359599546,decreases predicted RUL,22.805171966552734,30.0
12,Sensor_1,-0.1352068735542743,0.299449750687927,increases predicted RUL,22.805171966552734,30.0
12,Sensor_2,0.2914995703004502,-1.4611589058768004,decreases predicted RUL,22.805171966552734,30.0
12,Sensor_3,-0.009129575288082782,-0.6775497496128082,decreases predicted RUL,22.805171966552734,30.0
12,Sensor_4,0.18827112150532443,-1.3904471804853529,decreases predicted RUL,22.805171966552734,30.0
12,Sensor_5,-0.0409317318982559,0.17999859526753426,increases predicted RUL,22.805171966552734,30.0
12,Sensor_6,0.11143134241193307,1.0125803535338491,increases predicted RUL,22.805171966552734,30.0
12,Sensor_7,-0.28758642296737613,-1.0644445719663054,decreases predicted RUL,22.805171966552734,30.0
12,Sensor_8,-0.3333988320569307,0.04581465863157064,increases predicted RUL,22.805171966552734,30.0
12,Sensor_9,-0.8403790046421484,3.479605460073799,increases predicted RUL,22.805171966552734,30.0
12,Sensor_10,-0.0005129354937134773,-0.9844954893615068,decreases predicted RUL,22.805171966552734,30.0
12,Sensor_11,0.23154906291834554,-3.8390259582083672,decreases predicted RUL,22.805171966552734,30.0
12,Sensor_12,-0.1978545161729183,-0.43579229403985664,decreases predicted RUL,22.805171966552734,30.0
12,Sensor_13,-0.4923629267176992,-0.3424023799598217,decreases predicted RUL,22.805171966552734,30.0
12,Sensor_14,-0.8118877403364082,-1.0219260744634084,decreases predicted RUL,22.805171966552734,30.0
12,Sensor_15,0.12247457601222866,0.1595612212549895,increases predicted RUL,22.805171966552734,30.0
12,Sensor_17,-0.08130925522075211,-3.678680411016103,decreases predicted RUL,22.805171966552734,30.0
12,Sensor_18,0.0,0.0,decreases predicted RUL,22.805171966552734,30.0
12,Sensor_19,0.14020174550202275,-0.28076578001491725,decreases predicted RUL,22.805171966552734,30.0
12,Sensor_20,0.03690535947247885,-1.1489991343114525,decreases predicted RUL,22.805171966552734,30.0
12,Sensor_21,-0.23590678960333997,-0.2957691490300931,decreases predicted RUL,22.805171966552734,30.0
12,Sensor_11_diff1,0.010625306242175597,-0.48573093209415674,decreases predicted RUL,22.805171966552734,30.0
12,Sensor_11_roll_mean5,0.246582017835581,-4.687560363672674,decreases predicted RUL,22.805171966552734,30.0
12,Sensor_11_roll_std5,0.08326651380567572,-1.0138455356936902,decreases predicted RUL,22.805171966552734,30.0
12,Sensor_4_diff1,-0.004745562921059285,0.04337610071524978,increases predicted RUL,22.805171966552734,30.0
12,Sensor_4_roll_mean5,0.20373371420029443,-1.429019576869905,decreases predicted RUL,22.805171966552734,30.0
12,Sensor_4_roll_std5,0.10366929354809287,-0.36594703343871515,decreases predicted RUL,22.805171966552734,30.0
12,Sensor_15_diff1,0.07168846365322054,-0.8627816926600644,decreases predicted RUL,22.805171966552734,30.0
12,Sensor_15_roll_mean5,0.05673778754163873,-1.0819558518996928,decreases predicted RUL,22.805171966552734,30.0
12,Sensor_15_roll_std5,0.27936677993299164,-1.113723737129476,decreases predicted RUL,22.805171966552734,30.0
12,Sensor_12_diff1,0.026042768664006656,-0.19091411295812577,decreases predicted RUL,22.805171966552734,30.0
12,Sensor_12_roll_mean5,-0.3097395625253032,-0.9006386320106685,decreases predicted RUL,22.805171966552734,30.0
12,Sensor_12_roll_std5,0.5842738586786943,1.0519798304885626,increases predicted RUL,22.805171966552734,30.0
12,Sensor_13_diff1,-0.03071251788476234,-0.14011334342649207,decreases predicted RUL,22.805171966552734,30.0
12,Sensor_13_roll_mean5,-0.6432363508150926,-0.7825574624002911,decreases predicted RUL,22.805171966552734,30.0
12,Sensor_13_roll_std5,-0.20518767068735272,-1.2438032482750714,decreases predicted RUL,22.805171966552734,30.0
12,Sensor_8_diff1,-0.030290051538249155,-0.062061513046501204,decreases predicted RUL,22.805171966552734,30.0
12,Sensor_8_roll_mean5,-0.44293851125459816,-0.17564482060970477,decreases predicted RUL,22.805171966552734,30.0
12,Sensor_8_roll_std5,-0.04735461744921652,-1.4822568572199089,decreases predicted RUL,22.805171966552734,30.0
12,Regime_OneHot_0,0.024621502276557544,0.33051554043777287,increases predicted RUL,22.805171966552734,30.0
12,Regime_OneHot_1,-0.08152537047810508,-1.7632492104312405,decreases predicted RUL,22.805171966552734,30.0
12,Regime_OneHot_2,-0.08612699402848963,-0.24606024436070584,decreases predicted RUL,22.805171966552734,30.0
12,Regime_OneHot_3,-0.14020174549812206,-0.7574992021545768,decreases predicted RUL,22.805171966552734,30.0
12,Regime_OneHot_4,0.19450393372338376,-0.29235716207767837,decreases predicted RUL,22.805171966552734,30.0
12,Regime_OneHot_5,0.08321712113138964,0.23171282152179629,increases predicted RUL,22.805171966552734,30.0
13,Regime_ID,2.0,1.1848852517432533,increases predicted RUL,23.557945251464844,11.0
13,Sensor_1,0.13214494530388243,0.09009074472487555,increases predicted RUL,23.557945251464844,11.0
13,Sensor_2,1.1616199600418822,-2.9478219725424424,decreases predicted RUL,23.557945251464844,11.0
13,Sensor_3,1.0653959380211686,-3.690623248461634,decreases predicted RUL,23.557945251464844,11.0
13,Sensor_4,1.2992068904127732,-2.203894574777223,decreases predicted RUL,23.557945251464844,11.0
13,Sensor_5,-0.10980047808288214,0.02633580914698541,increases predicted RUL,23.557945251464844,11.0
13,Sensor_6,0.3518031897966378,-1.5859220616985112,decreases predicted RUL,23.557945251464844,11.0
13,Sensor_7,-1.1360041675086576,-2.9921057738247328,decreases predicted RUL,23.557945251464844,11.0
13,Sensor_8,0.174753892392826,0.677063029143028,increases predicted RUL,23.557945251464844,11.0
13,Sensor_9,-0.7628957554250252,3.1669919861014932,increases predicted RUL,23.557945251464844,11.0
13,Sensor_10,-0.17930030881439474,-1.0872171252558473,decreases predicted RUL,23.557945251464844,11.0
13,Sensor_11,1.5012607840103809,-6.376387087628245,decreases predicted RUL,23.557945251464844,11.0
13,Sensor_12,-1.258854302509186,-3.254270960082067,decreases predicted RUL,23.557945251464844,11.0
13,Sensor_13,0.08749548719312612,1.0676614763215184,increases predicted RUL,23.557945251464844,11.0
13,Sensor_14,-1.0894191006309593,-0.09849152184324339,decreases predicted RUL,23.557945251464844,11.0
13,Sensor_15,1.4476478539781348,-14.357519827783108,decreases predicted RUL,23.557945251464844,11.0
13,Sensor_17,0.9669703670530125,-3.1670241914107464,decreases predicted RUL,23.557945251464844,11.0
13,Sensor_18,0.0,0.0,decreases predicted RUL,23.557945251464844,11.0
13,Sensor_19,0.14020174550202275,-0.21921059815213084,decreases predicted RUL,23.557945251464844,11.0
13,Sensor_20,-0.9860220418778957,0.4888077399227768,increases predicted RUL,23.557945251464844,11.0
13,Sensor_21,-0.7774623354305783,1.1783216716721654,increases predicted RUL,23.557945251464844,11.0
13,Sensor_11_diff1,-0.011678157629039993,-0.2496531940996647,decreases predicted RUL,23.557945251464844,11.0
13,Sensor_11_roll_mean5,1.7191978563554267,2.0126492818817496,increases predicted RUL,23.557945251464844,11.0
13,Sensor_11_roll_std5,0.359266594679956,-0.6957870636833832,decreases predicted RUL,23.557945251464844,11.0
13,Sensor_4_diff1,0.027771602101067553,0.10863079980481416,increases predicted RUL,23.557945251464844,11.0
13,Sensor_4_roll_mean5,1.5422199502092309,1.7548685693182051,increases predicted RUL,23.557945251464844,11.0
13,Sensor_4_roll_std5,0.0317532049013886,0.04798309807665646,increases predicted RUL,23.557945251464844,11.0
13,Sensor_15_diff1,0.008214498107109442,-0.7239625196089037,decreases predicted RUL,23.557945251464844,11.0
13,Sensor_15_roll_mean5,1.7534088971587927,4.002967217937112,increases predicted RUL,23.557945251464844,11.0
13,Sensor_15_roll_std5,-0.4354223561605485,0.31656398696941324,increases predicted RUL,23.557945251464844,11.0
13,Sensor_12_diff1,-0.015742026807364556,-0.8432416156865656,decreases predicted RUL,23.557945251464844,11.0
13,Sensor_12_roll_mean5,-1.8272794452909622,2.8779748576371276,increases predicted RUL,23.557945251464844,11.0
13,Sensor_12_roll_std5,-0.31427736090384145,-1.0324972339585656,decreases predicted RUL,23.557945251464844,11.0
13,Sensor_13_diff1,-0.031157164311916608,1.3418898885138333,increases predicted RUL,23.557945251464844,11.0
13,Sensor_13_roll_mean5,0.14228646378592358,-0.7384170488221571,decreases predicted RUL,23.557945251464844,11.0
13,Sensor_13_roll_std5,1.8788722817168062,-3.989850649610162,decreases predicted RUL,23.557945251464844,11.0
13,Sensor_8_diff1,-0.026773921548969844,1.1844333079498028,increases predicted RUL,23.557945251464844,11.0
13,Sensor_8_roll_mean5,0.24104307995486177,0.4563839668408036,increases predicted RUL,23.557945251464844,11.0
13,Sensor_8_roll_std5,1.8175353426624286,-3.2882840987294912,decreases predicted RUL,23.557945251464844,11.0
13,Regime_OneHot_0,-0.021606785446338702,-0.147671356680803,decreases predicted RUL,23.557945251464844,11.0
13,Regime_OneHot_1,0.19927815388509867,0.8633782861725194,increases predicted RUL,23.557945251464844,11.0
13,Regime_OneHot_2,0.13741408215821085,0.1708167200558819,increases predicted RUL,23.557945251464844,11.0
13,Regime_OneHot_3,-0.140201745498122,-0.2614108541747555,decreases predicted RUL,23.557945251464844,11.0
13,Regime_OneHot_4,-0.08519894722764337,-0.573541751364246,decreases predicted RUL,23.557945251464844,11.0
13,Regime_OneHot_5,-0.08469488101768162,-0.13276711385697126,decreases predicted RUL,23.557945251464844,11.0
14,Regime_ID,2.46,-0.24564922554418445,decreases predicted RUL,32.070770263671875,37.0
14,Sensor_1,0.20188889804948848,-0.5770811752881855,decreases predicted RUL,32.070770263671875,37.0
14,Sensor_2,0.3531868700245673,-3.0221969336271286,decreases predicted RUL,32.070770263671875,37.0
14,Sensor_3,0.33419378332466027,-0.8664414845407009,decreases predicted RUL,32.070770263671875,37.0
14,Sensor_4,0.5777086674203091,-1.2402470633387566,decreases predicted RUL,32.070770263671875,37.0
14,Sensor_5,-0.2521292201977763,0.5513196033425629,increases predicted RUL,32.070770263671875,37.0
14,Sensor_6,0.09334656680032502,-0.7087041790582589,decreases predicted RUL,32.070770263671875,37.0
14,Sensor_7,-0.4358655753944945,-4.754217540845275,decreases predicted RUL,32.070770263671875,37.0
14,Sensor_8,-0.04829922106662863,0.7215970132965595,increases predicted RUL,32.070770263671875,37.0
14,Sensor_9,-0.7095976330824932,3.8032669327803887,increases predicted RUL,32.070770263671875,37.0
14,Sensor_10,-0.16713761897715154,-0.8549853053118568,decreases predicted RUL,32.070770263671875,37.0
14,Sensor_11,0.5619181521114984,-4.545570659684017,decreases predicted RUL,32.070770263671875,37.0
14,Sensor_12,-0.6454089059768835,-3.639964838337619,decreases predicted RUL,32.070770263671875,37.0
14,Sensor_13,-0.04717624150684571,-0.1649643560522236,decreases predicted RUL,32.070770263671875,37.0
14,Sensor_14,-0.780711111360011,-1.1990957586094737,decreases predicted RUL,32.070770263671875,37.0
14,Sensor_15,0.4099810895195695,-2.583633310161531,decreases predicted RUL,32.070770263671875,37.0
14,Sensor_17,0.30162762376355845,-1.3691790862940252,decreases predicted RUL,32.070770263671875,37.0
14,Sensor_18,0.0,0.0,decreases predicted RUL,32.070770263671875,37.0
14,Sensor_19,0.1962018954483933,0.7018093694932759,increases predicted RUL,32.070770263671875,37.0
14,Sensor_20,-0.4103764937607321,0.5608629674825352,increases predicted RUL,32.070770263671875,37.0
14,Sensor_21,-0.14531511616895731,-2.1983599382801913,decreases predicted RUL,32.070770263671875,37.0
14,Sensor_11_diff1,0.01207626226550115,-0.600723132956773,decreases predicted RUL,32.070770263671875,37.0
14,Sensor_11_roll_mean5,0.6228114273450834,-1.7276629960397258,decreases predicted RUL,32.070770263671875,37.0
14,Sensor_11_roll_std5,-0.3314631407360423,-0.7699199037524522,decreases predicted RUL,32.070770263671875,37.0
14,Sensor_4_diff1,-0.019125072451694192,-0.3091589700197801,decreases predicted RUL,32.070770263671875,37.0
14,Sensor_4_roll_mean5,0.702103510333749,1.3123547248542309,increases predicted RUL,32.070770263671875,37.0
14,Sensor_4_roll_std5,-0.12218171842564673,0.5726168615510687,increases predicted RUL,32.070770263671875,37.0
14,Sensor_15_diff1,0.026486228806376723,-1.1267735473811626,decreases predicted RUL,32.070770263671875,37.0
14,Sensor_15_roll_mean5,0.45483076166794967,0.9395463734981604,increases predicted RUL,32.070770263671875,37.0
14,Sensor_15_roll_std5,-0.3493578371098719,0.010091407311847433,increases predicted RUL,32.070770263671875,37.0
14,Sensor_12_diff1,-0.06328888330493845,-1.090665826224722,decreases predicted RUL,32.070770263671875,37.0
14,Sensor_12_roll_mean5,-0.8991069233131773,0.9610381355741993,increases predicted RUL,32.070770263671875,37.0
14,Sensor_12_roll_std5,-0.2283136722756247,1.0792501744581386,increases predicted RUL,32.070770263671875,37.0
14,Sensor_13_diff1,0.03322232350933857,-0.6659878615173511,decreases predicted RUL,32.070770263671875,37.0
14,Sensor_13_roll_mean5,-0.09555575382680744,-1.010757676383946,decreases predicted RUL,32.070770263671875,37.0
14,Sensor_13_roll_std5,0.3330511896065139,1.6922624595172238,increases predicted RUL,32.070770263671875,37.0
14,Sensor_8_diff1,0.030845988608341566,0.3468817019602284,increases predicted RUL,32.070770263671875,37.0
14,Sensor_8_roll_mean5,-0.0971424756724162,-0.5694729773749714,decreases predicted RUL,32.070770263671875,37.0
14,Sensor_8_roll_std5,0.2558323700914243,-1.4908653309103101,decreases predicted RUL,32.070770263671875,37.0
14,Regime_OneHot_0,-0.25274822406081987,1.9063097637845203,increases predicted RUL,32.070770263671875,37.0
14,Regime_OneHot_1,0.19927815388509845,-2.0967954953666776,decreases predicted RUL,32.070770263671875,37.0
14,Regime_OneHot_2,0.19329935120488595,0.8608153387140192,increases predicted RUL,32.070770263671875,37.0
14,Regime_OneHot_3,-0.19620189544298308,-1.6444266006583348,decreases predicted RUL,32.070770263671875,37.0
14,Regime_OneHot_4,-0.029258371037437954,-1.3415656875586137,decreases predicted RUL,32.070770263671875,37.0
14,Regime_OneHot_5,0.13918778851441352,-0.5241886945441365,decreases predicted RUL,32.070770263671875,37.0
15,Regime_ID,2.2,0.8864336210535839,increases predicted RUL,76.03791809082031,67.0
15,Sensor_1,-0.030590944435865203,0.863869589753449,increases predicted RUL,76.03791809082031,67.0
15,Sensor_2,-0.39513881703058296,3.299651018343866,increases predicted RUL,76.03791809082031,67.0
15,Sensor_3,-0.6181680761991941,4.426695595844649,increases predicted RUL,76.03791809082031,67.0
15,Sensor_4,-0.48961283997051097,0.8220267575234175,increases predicted RUL,76.03791809082031,67.0
15,Sensor_5,0.05089326301457911,0.8535176876466721,increases predicted RUL,76.03791809082031,67.0
15,Sensor_6,-0.6953597034105716,1.1050870926701464,increases predicted RUL,76.03791809082031,67.0
15,Sensor_7,0.21594008556820746,3.3477493692189455,increases predicted RUL,76.03791809082031,67.0
15,Sensor_8,-0.7745139827997342,-1.2468226364580914,decreases predicted RUL,76.03791809082031,67.0
15,Sensor_9,-1.1020268135621307,8.134810397401452,increases predicted RUL,76.03791809082031,67.0
15,Sensor_10,-0.015405596259718334,-1.2639251656655688,decreases predicted RUL,76.03791809082031,67.0
15,Sensor_11,-0.472450719883475,6.284826634684578,increases predicted RUL,76.03791809082031,67.0
15,Sensor_12,0.23392271973443993,4.935824936255813,increases predicted RUL,76.03791809082031,67.0
15,Sensor_13,-0.7518963206956726,-1.4648940705228597,decreases predicted RUL,76.03791809082031,67.0
15,Sensor_14,-1.0902465961187724,-4.598983994219452,decreases predicted RUL,76.03791809082031,67.0
15,Sensor_15,-0.4344827912840737,6.123447450809181,increases predicted RUL,76.03791809082031,67.0
15,Sensor_17,-0.5046708807545522,1.4035769423935562,increases predicted RUL,76.03791809082031,67.0
15,Sensor_18,0.0,0.0,decreases predicted RUL,76.03791809082031,67.0
15,Sensor_19,0.02820144560928074,2.7485295007936656,increases predicted RUL,76.03791809082031,67.0
15,Sensor_20,0.2074891320595686,-0.3476430585142225,decreases predicted RUL,76.03791809082031,67.0
15,Sensor_21,0.17998584623067096,-1.3647661483846605,decreases predicted RUL,76.03791809082031,67.0
15,Sensor_11_diff1,-0.026771822182861643,0.17437584698200226,increases predicted RUL,76.03791809082031,67.0
15,Sensor_11_roll_mean5,-0.48973879278941196,-0.4346568664768711,decreases predicted RUL,76.03791809082031,67.0
15,Sensor_11_roll_std5,0.1098323136433239,-0.44364518858492374,decreases predicted RUL,76.03791809082031,67.0
15,Sensor_4_diff1,0.01696237077724641,0.43802894084365107,increases predicted RUL,76.03791809082031,67.0
15,Sensor_4_roll_mean5,-0.5818735730010812,-3.518919246882433,decreases predicted RUL,76.03791809082031,67.0
15,Sensor_4_roll_std5,-0.09033165457090223,-2.6542738652788103,decreases predicted RUL,76.03791809082031,67.0
15,Sensor_15_diff1,-8.06674645926675e-05,2.0069302497431636,increases predicted RUL,76.03791809082031,67.0
15,Sensor_15_roll_mean5,-0.548318858193337,-8.997153894975781,decreases predicted RUL,76.03791809082031,67.0
15,Sensor_15_roll_std5,0.16592593821738508,-2.071414426463889,decreases predicted RUL,76.03791809082031,67.0
15,Sensor_12_diff1,0.02477005706300104,-0.018433482793625444,decreases predicted RUL,76.03791809082031,67.0
15,Sensor_12_roll_mean5,0.321840097652073,-0.8360184270422906,decreases predicted RUL,76.03791809082031,67.0
15,Sensor_12_roll_std5,-0.02028244906272715,0.42522456651568064,increases predicted RUL,76.03791809082031,67.0
15,Sensor_13_diff1,-0.017291978793017176,1.0705393729149364,increases predicted RUL,76.03791809082031,67.0
15,Sensor_13_roll_mean5,-0.9883026332738037,1.0949235942680389,increases predicted RUL,76.03791809082031,67.0
15,Sensor_13_roll_std5,-0.3507212414835204,1.7111162450164557,increases predicted RUL,76.03791809082031,67.0
15,Sensor_8_diff1,-0.017749286349821876,0.36195548879913986,increases predicted RUL,76.03791809082031,67.0
15,Sensor_8_roll_mean5,-1.0176679916665483,0.16327471192926168,increases predicted RUL,76.03791809082031,67.0
15,Sensor_8_roll_std5,-0.30862674129278495,-1.5349836535169743,decreases predicted RUL,76.03791809082031,67.0
15,Regime_OneHot_0,0.02462150227655753,-0.7642034634482116,decreases predicted RUL,76.03791809082031,67.0
15,Regime_OneHot_1,-0.025364665605464336,0.704334715846926,increases predicted RUL,76.03791809082031,67.0
15,Regime_OneHot_2,0.02564354406486057,0.10585554677527398,increases predicted RUL,76.03791809082031,67.0
15,Regime_OneHot_3,-0.028201445608400714,-0.1652125520631671,decreases predicted RUL,76.03791809082031,67.0
15,Regime_OneHot_4,0.08262278134297298,-0.07960699684917927,decreases predicted RUL,76.03791809082031,67.0
15,Regime_OneHot_5,-0.0846948810176816,-1.839236913016066,decreases predicted RUL,76.03791809082031,67.0
16,Regime_ID,2.16,-0.7847825314383954,decreases predicted RUL,63.58591842651367,68.0
16,Sensor_1,0.03915300830974094,-2.3584930630959207,decreases predicted RUL,63.58591842651367,68.0
16,Sensor_2,-0.12696176242136742,1.764424297871301,increases predicted RUL,63.58591842651367,68.0
16,Sensor_3,-0.0019947012930289177,0.2521486687473953,increases predicted RUL,63.58591842651367,68.0
16,Sensor_4,0.09558975143841625,2.7288324208930135,increases predicted RUL,63.58591842651367,68.0
16,Sensor_5,-0.11898297757416566,0.9794277080800384,increases predicted RUL,63.58591842651367,68.0
16,Sensor_6,-0.013946228121656452,2.374800311663421,increases predicted RUL,63.58591842651367,68.0
16,Sensor_7,0.04268441898181988,3.8030923870392144,increases predicted RUL,63.58591842651367,68.0
16,Sensor_8,0.07997343523575001,0.9834838179522194,increases predicted RUL,63.58591842651367,68.0
16,Sensor_9,0.15681561041249908,2.665659467689693,increases predicted RUL,63.58591842651367,68.0
16,Sensor_10,-0.008939535731419073,-0.9848512364260387,decreases predicted RUL,63.58591842651367,68.0
16,Sensor_11,0.042394830659527365,-0.5357124397996813,decreases predicted RUL,63.58591842651367,68.0
16,Sensor_12,-0.023897147852994766,-1.5388449223246425,decreases predicted RUL,63.58591842651367,68.0
16,Sensor_13,0.10831109343089007,0.2912759976752568,increases predicted RUL,63.58591842651367,68.0
16,Sensor_14,0.14124753631171766,1.166075229877606,increases predicted RUL,63.58591842651367,68.0
16,Sensor_15,-0.14274331922627992,1.5386736001819372,increases predicted RUL,63.58591842651367,68.0
16,Sensor_17,0.17242544918927,-1.04132881318219,decreases predicted RUL,63.58591842651367,68.0
16,Sensor_18,0.0,0.0,decreases predicted RUL,63.58591842651367,68.0
16,Sensor_19,0.028201445609280795,-2.8987637277896283,decreases predicted RUL,63.58591842651367,68.0
16,Sensor_20,0.02498295406727167,-0.4880731806624681,decreases predicted RUL,63.58591842651367,68.0
16,Sensor_21,0.07580339353382692,-0.5684054552402813,decreases predicted RUL,63.58591842651367,68.0
16,Sensor_11_diff1,-0.0019455538396467454,-0.8986172860022634,decreases predicted RUL,63.58591842651367,68.0
16,Sensor_11_roll_mean5,0.0385779449067149,-3.5724444287479855,decreases predicted RUL,63.58591842651367,68.0
16,Sensor_11_roll_std5,-0.038780723050407785,-0.16812944610137492,decreases predicted RUL,63.58591842651367,68.0
16,Sensor_4_diff1,-0.011360604612619287,1.5345386615663301,increases predicted RUL,63.58591842651367,68.0
16,Sensor_4_roll_mean5,0.13274960809143094,-0.27106334239942953,decreases predicted RUL,63.58591842651367,68.0
16,Sensor_4_roll_std5,-0.12452603661270865,1.3332550283521414,increases predicted RUL,63.58591842651367,68.0
16,Sensor_15_diff1,0.035176643117638344,-1.3458751742728055,decreases predicted RUL,63.58591842651367,68.0
16,Sensor_15_roll_mean5,-0.23469800817527875,-8.343828762881458,decreases predicted RUL,63.58591842651367,68.0
16,Sensor_15_roll_std5,0.0180668517524253,-0.43725663190707564,decreases predicted RUL,63.58591842651367,68.0
16,Sensor_12_diff1,0.004416161561166408,-0.4474626678857021,decreases predicted RUL,63.58591842651367,68.0
16,Sensor_12_roll_mean5,-0.013224946677575568,-1.478223626036197,decreases predicted RUL,63.58591842651367,68.0
16,Sensor_12_roll_std5,0.4348421587792262,1.9915076267207041,increases predicted RUL,63.58591842651367,68.0
16,Sensor_13_diff1,-0.012084010093231368,-0.4082676344551146,decreases predicted RUL,63.58591842651367,68.0
16,Sensor_13_roll_mean5,0.15915661337594753,-1.03924520307919,decreases predicted RUL,63.58591842651367,68.0
16,Sensor_13_roll_std5,-0.729387268592427,1.8943530161632225,increases predicted RUL,63.58591842651367,68.0
16,Sensor_8_diff1,-0.007739908579075707,-0.44597687385976315,decreases predicted RUL,63.58591842651367,68.0
16,Sensor_8_roll_mean5,0.11207035142003206,-0.5985395326279104,decreases predicted RUL,63.58591842651367,68.0
16,Sensor_8_roll_std5,-0.7288755530013584,3.08574276935542,increases predicted RUL,63.58591842651367,68.0
16,Regime_OneHot_0,0.0708497899994538,1.2650324297137558,increases predicted RUL,63.58591842651367,68.0
16,Regime_OneHot_1,0.08695674413981722,-0.08454476171755232,decreases predicted RUL,63.58591842651367,68.0
16,Regime_OneHot_2,-0.08612699402848968,-0.6284510644618422,decreases predicted RUL,63.58591842651367,68.0
16,Regime_OneHot_3,-0.02820144560840062,3.2363913113076705,increases predicted RUL,63.58591842651367,68.0
16,Regime_OneHot_4,-0.19708009960805442,-1.3829281374346465,decreases predicted RUL,63.58591842651367,68.0
16,Regime_OneHot_5,0.13918778851441327,1.0952138063730672,increases predicted RUL,63.58591842651367,68.0
17,Regime_ID,1.9,0.3322247825562954,increases predicted RUL,120.61913299560547,99.0
17,Sensor_1,-0.1407130206076882,-0.2984027024358511,decreases predicted RUL,120.61913299560547,99.0
17,Sensor_2,-0.4163498192919111,6.077950358041562,increases predicted RUL,120.61913299560547,99.0
17,Sensor_3,-0.40302290469572805,4.59106968191918,increases predicted RUL,120.61913299560547,99.0
17,Sensor_4,-0.5395634152234005,7.214559192347224,increases predicted RUL,120.61913299560547,99.0
17,Sensor_5,0.0442678536595381,-0.46919694112148136,decreases predicted RUL,120.61913299560547,99.0
17,Sensor_6,-0.6739076560902454,3.284373520603367,increases predicted RUL,120.61913299560547,99.0
17,Sensor_7,-0.0757747857988113,1.8989332189667039,increases predicted RUL,120.61913299560547,99.0
17,Sensor_8,-0.6512327350571243,0.7441680835618172,increases predicted RUL,120.61913299560547,99.0
17,Sensor_9,-0.8746914502104672,8.327297169016674,increases predicted RUL,120.61913299560547,99.0
17,Sensor_10,-0.10576706171970232,-0.6734752847332857,decreases predicted RUL,120.61913299560547,99.0
17,Sensor_11,-0.5882580380650583,9.490792566211894,increases predicted RUL,120.61913299560547,99.0
17,Sensor_12,0.4614333123962875,4.02105575425594,increases predicted RUL,120.61913299560547,99.0
17,Sensor_13,-0.7162330176338959,-2.535151635296643,decreases predicted RUL,120.61913299560547,99.0
17,Sensor_14,-0.8374557710537793,-1.541064019780606,decreases predicted RUL,120.61913299560547,99.0
17,Sensor_15,-0.47727921022317704,13.366816115914844,increases predicted RUL,120.61913299560547,99.0
17,Sensor_17,-0.3164689311635795,3.991547928773798,increases predicted RUL,120.61913299560547,99.0
17,Sensor_18,0.0,0.0,decreases predicted RUL,120.61913299560547,99.0
17,Sensor_19,-0.16715479466011643,0.19649190777272452,increases predicted RUL,120.61913299560547,99.0
17,Sensor_20,0.1852952546484278,1.288951758760959,increases predicted RUL,120.61913299560547,99.0
17,Sensor_21,0.5155764744565596,1.2396860015578568,increases predicted RUL,120.61913299560547,99.0
17,Sensor_11_diff1,0.002800513189583127,-0.6416198597289622,decreases predicted RUL,120.61913299560547,99.0
17,Sensor_11_roll_mean5,-0.6671085719314065,4.419611574150622,increases predicted RUL,120.61913299560547,99.0
17,Sensor_11_roll_std5,-0.32855667599688543,-0.6196998206432909,decreases predicted RUL,120.61913299560547,99.0
17,Sensor_4_diff1,-0.027559890612503732,-0.7886376068927348,decreases predicted RUL,120.61913299560547,99.0
17,Sensor_4_roll_mean5,-0.6066969594621595,1.364883840942639,increases predicted RUL,120.61913299560547,99.0
17,Sensor_4_roll_std5,-0.8242285679812867,-2.337724288809113,decreases predicted RUL,120.61913299560547,99.0
17,Sensor_15_diff1,-0.026910933121837993,0.36970245745033026,increases predicted RUL,120.61913299560547,99.0
17,Sensor_15_roll_mean5,-0.5748679669535605,-0.7860167250037193,decreases predicted RUL,120.61913299560547,99.0
17,Sensor_15_roll_std5,-0.5826299071232528,0.06898961319893715,increases predicted RUL,120.61913299560547,99.0
17,Sensor_12_diff1,-0.004749317113964863,0.15509673027554527,increases predicted RUL,120.61913299560547,99.0
17,Sensor_12_roll_mean5,0.6898623717641129,-0.6509716028813273,decreases predicted RUL,120.61913299560547,99.0
17,Sensor_12_roll_std5,-0.6152194246258493,-1.988946596509777,decreases predicted RUL,120.61913299560547,99.0
17,Sensor_13_diff1,0.005288418497143248,-0.9270670139812864,decreases predicted RUL,120.61913299560547,99.0
17,Sensor_13_roll_mean5,-0.985286387336467,2.0198210040689446,increases predicted RUL,120.61913299560547,99.0
17,Sensor_13_roll_std5,-0.933543749055231,-1.268484266474843,decreases predicted RUL,120.61913299560547,99.0
17,Sensor_8_diff1,0.0008597034260751746,-1.0800539555493742,decreases predicted RUL,120.61913299560547,99.0
17,Sensor_8_roll_mean5,-0.88583814284063,0.8830289598263334,increases predicted RUL,120.61913299560547,99.0
17,Sensor_8_roll_std5,-0.9291932050061521,0.850460980043863,increases predicted RUL,120.61913299560547,99.0
17,Regime_OneHot_0,-0.02160678544633866,-0.535288605839014,decreases predicted RUL,120.61913299560547,99.0
17,Regime_OneHot_1,-0.19384678022338694,-1.0383875940460712,decreases predicted RUL,120.61913299560547,99.0
17,Regime_OneHot_2,-0.30966807021518994,0.28475817083381116,increases predicted RUL,120.61913299560547,99.0
17,Regime_OneHot_3,0.08379885428132079,-1.1016825006809086,decreases predicted RUL,120.61913299560547,99.0
17,Regime_OneHot_4,-0.141139523417849,-0.5600757797947153,decreases predicted RUL,120.61913299560547,99.0
17,Regime_OneHot_5,0.027246453748365936,0.8445689996588044,increases predicted RUL,120.61913299560547,99.0
18,Regime_ID,2.0,-0.6085596652701497,decreases predicted RUL,39.70027542114258,22.0
18,Sensor_1,0.26000885867082696,-1.1283189159003086,decreases predicted RUL,39.70027542114258,22.0
18,Sensor_2,0.21842558133871623,-2.446914533386007,decreases predicted RUL,39.70027542114258,22.0
18,Sensor_3,0.41003676408481854,-2.892224233582965,decreases predicted RUL,39.70027542114258,22.0
18,Sensor_4,0.34248748418595043,-2.842006459250115,decreases predicted RUL,39.70027542114258,22.0
18,Sensor_5,-0.03634048215261415,-0.8546654530800879,decreases predicted RUL,39.70027542114258,22.0
18,Sensor_6,0.8497653684805863,-2.7963570822030306,decreases predicted RUL,39.70027542114258,22.0
18,Sensor_7,-0.05739279645397383,0.490377030801028,increases predicted RUL,39.70027542114258,22.0
18,Sensor_8,1.8521172473089391,-0.39737432915717363,decreases predicted RUL,39.70027542114258,22.0
18,Sensor_9,2.805553223453308,-25.113533971831203,decreases predicted RUL,39.70027542114258,22.0
18,Sensor_10,0.6948433449204281,10.43241460333229,increases predicted RUL,39.70027542114258,22.0
18,Sensor_11,0.17791134234727068,-2.941501247754786,decreases predicted RUL,39.70027542114258,22.0
18,Sensor_12,0.04127096303522192,2.188662168220617,increases predicted RUL,39.70027542114258,22.0
18,Sensor_13,1.8295878193909922,5.651763041969389,increases predicted RUL,39.70027542114258,22.0
18,Sensor_14,2.877634441665955,4.059996565541951,increases predicted RUL,39.70027542114258,22.0
18,Sensor_15,0.3128632943301157,-1.713974143145606,decreases predicted RUL,39.70027542114258,22.0
18,Sensor_17,0.4192482339410855,-2.4490868630819023,decreases predicted RUL,39.70027542114258,22.0
18,Sensor_18,0.0,0.0,decreases predicted RUL,39.70027542114258,22.0
18,Sensor_19,0.02820144560928073,-0.6184437861666083,decreases predicted RUL,39.70027542114258,22.0
18,Sensor_20,-0.08170403588755279,-0.21272082629729994,decreases predicted RUL,39.70027542114258,22.0
18,Sensor_21,-0.24253534606055807,-0.7049612086266279,decreases predicted RUL,39.70027542114258,22.0
18,Sensor_11_diff1,-0.009378341696467115,0.11174762062728405,increases predicted RUL,39.70027542114258,22.0
18,Sensor_11_roll_mean5,0.22347486378562245,-0.19587482349015772,decreases predicted RUL,39.70027542114258,22.0
18,Sensor_11_roll_std5,-0.34227496016694714,-0.3165414236718789,decreases predicted RUL,39.70027542114258,22.0
18,Sensor_4_diff1,-0.00703435537986395,-1.438114533375483,decreases predicted RUL,39.70027542114258,22.0
18,Sensor_4_roll_mean5,0.41882852710118196,-0.24766562273725867,decreases predicted RUL,39.70027542114258,22.0
18,Sensor_4_roll_std5,0.5592015015200603,0.38449499814305454,increases predicted RUL,39.70027542114258,22.0
18,Sensor_15_diff1,0.0060684968464945884,0.16635297564789653,increases predicted RUL,39.70027542114258,22.0
18,Sensor_15_roll_mean5,0.36570189199346215,2.3732015774876345,increases predicted RUL,39.70027542114258,22.0
18,Sensor_15_roll_std5,1.1470865740994924,1.1410527396947145,increases predicted RUL,39.70027542114258,22.0
18,Sensor_12_diff1,0.0018078554667306107,0.22233323683030903,increases predicted RUL,39.70027542114258,22.0
18,Sensor_12_roll_mean5,0.04630599929582022,-1.0966156876529567,decreases predicted RUL,39.70027542114258,22.0
18,Sensor_12_roll_std5,-0.42970691636396724,0.49400605662958696,increases predicted RUL,39.70027542114258,22.0
18,Sensor_13_diff1,0.016098455826091214,2.173125971108675,increases predicted RUL,39.70027542114258,22.0
18,Sensor_13_roll_mean5,2.497765188529411,3.6379473097622395,increases predicted RUL,39.70027542114258,22.0
18,Sensor_13_roll_std5,1.729158310260782,-2.8303039739839733,decreases predicted RUL,39.70027542114258,22.0
18,Sensor_8_diff1,-0.006304140025868943,4.3648306033574045,increases predicted RUL,39.70027542114258,22.0
18,Sensor_8_roll_mean5,2.52421147878835,-7.9857612093910575,decreases predicted RUL,39.70027542114258,22.0
18,Sensor_8_roll_std5,1.7465150172777293,-0.5496808929601684,decreases predicted RUL,39.70027542114258,22.0
18,Regime_OneHot_0,-0.021606785446338712,0.10515183443203568,increases predicted RUL,39.70027542114258,22.0
18,Regime_OneHot_1,0.14311744901245801,0.7037070160731673,increases predicted RUL,39.70027542114258,22.0
18,Regime_OneHot_2,0.193299351204886,-0.9983769941609353,decreases predicted RUL,39.70027542114258,22.0
18,Regime_OneHot_3,-0.02820144560840072,0.08198685658862814,increases predicted RUL,39.70027542114258,22.0
18,Regime_OneHot_4,-0.25302067579826004,-0.16301010486495215,decreases predicted RUL,39.70027542114258,22.0
18,Regime_OneHot_5,-0.028724213634657846,0.31268639606423676,increases predicted RUL,39.70027542114258,22.0
19,Regime_ID,2.26,-0.6922471845755354,decreases predicted RUL,58.51675796508789,54.0
19,Sensor_1,0.1437689374281501,0.43819732405245304,increases predicted RUL,58.51675796508789,54.0
19,Sensor_2,-0.05117744094399995,-0.03092322451993823,decreases predicted RUL,58.51675796508789,54.0
19,Sensor_3,-0.07862196595864114,1.3921611258556368,increases predicted RUL,58.51675796508789,54.0
19,Sensor_4,-0.04278636213660433,-1.5123336093965918,decreases predicted RUL,58.51675796508789,54.0
19,Sensor_5,0.08762326097971311,2.699178075767122,increases predicted RUL,58.51675796508789,54.0
19,Sensor_6,-0.0615356453412578,2.249387440715509,increases predicted RUL,58.51675796508789,54.0
19,Sensor_7,-0.08519029848725829,-0.2821659119799733,decreases predicted RUL,58.51675796508789,54.0
19,Sensor_8,-0.10299368632798439,0.4816705584526062,increases predicted RUL,58.51675796508789,54.0
19,Sensor_9,-0.09928599762194848,2.468797796871513,increases predicted RUL,58.51675796508789,54.0
19,Sensor_10,0.05617349081835048,-1.1533611737249885,decreases predicted RUL,58.51675796508789,54.0
19,Sensor_11,-0.09013860828813716,2.159706128994003,increases predicted RUL,58.51675796508789,54.0
19,Sensor_12,0.09464976115026234,-0.7548228902742267,decreases predicted RUL,58.51675796508789,54.0
19,Sensor_13,-0.06904896870451695,-0.47959606221411377,decreases predicted RUL,58.51675796508789,54.0
19,Sensor_14,-0.16422766510656753,0.36351238563656807,increases predicted RUL,58.51675796508789,54.0
19,Sensor_15,0.030987324383843485,2.600176252424717,increases predicted RUL,58.51675796508789,54.0
19,Sensor_17,-0.17855483038388445,-0.6458966376958415,decreases predicted RUL,58.51675796508789,54.0
19,Sensor_18,0.0,0.0,decreases predicted RUL,58.51675796508789,54.0
19,Sensor_19,-0.13979900422983219,0.6185924877645448,increases predicted RUL,58.51675796508789,54.0
19,Sensor_20,0.004890109244608074,0.23960324906511232,increases predicted RUL,58.51675796508789,54.0
19,Sensor_21,0.11999992249772466,-1.9648549229605123,decreases predicted RUL,58.51675796508789,54.0
19,Sensor_11_diff1,0.01578981980242803,1.8723188387230039,increases predicted RUL,58.51675796508789,54.0
19,Sensor_11_roll_mean5,-0.1130714705344227,-2.511113930027932,decreases predicted RUL,58.51675796508789,54.0
19,Sensor_11_roll_std5,0.5967626559244462,-1.6528481392888352,decreases predicted RUL,58.51675796508789,54.0
19,Sensor_4_diff1,0.015496970492371278,-0.44668514747172594,decreases predicted RUL,58.51675796508789,54.0
19,Sensor_4_roll_mean5,-0.08893555317716395,-5.920648269006051,decreases predicted RUL,58.51675796508789,54.0
19,Sensor_4_roll_std5,0.6124621166683004,3.399596132338047,increases predicted RUL,58.51675796508789,54.0
19,Sensor_15_diff1,0.01591090890045241,-0.6916586190927774,decreases predicted RUL,58.51675796508789,54.0
19,Sensor_15_roll_mean5,0.02221192548774118,-2.321612711530179,decreases predicted RUL,58.51675796508789,54.0
19,Sensor_15_roll_std5,-0.5683653826107695,0.8864805692282971,increases predicted RUL,58.51675796508789,54.0
19,Sensor_12_diff1,0.00574753110905887,1.303440664545633,increases predicted RUL,58.51675796508789,54.0
19,Sensor_12_roll_mean5,0.17280929477388732,-0.3130023425910622,decreases predicted RUL,58.51675796508789,54.0
19,Sensor_12_roll_std5,-0.279632590521745,-2.697967902291566,decreases predicted RUL,58.51675796508789,54.0
19,Sensor_13_diff1,0.017944833546223525,-0.020254442119039595,decreases predicted RUL,58.51675796508789,54.0
19,Sensor_13_roll_mean5,-0.10159189618595434,-0.6184614268131554,decreases predicted RUL,58.51675796508789,54.0
19,Sensor_13_roll_std5,-0.6006901518286055,1.9840185837820172,increases predicted RUL,58.51675796508789,54.0
19,Sensor_8_diff1,-0.002429376588118115,0.12187060981523246,increases predicted RUL,58.51675796508789,54.0
19,Sensor_8_roll_mean5,-0.14505397439281814,-0.649235807126388,decreases predicted RUL,58.51675796508789,54.0
19,Sensor_8_roll_std5,-0.717459493824906,1.2798501186189242,increases predicted RUL,58.51675796508789,54.0
19,Regime_OneHot_0,-0.16029164861502745,-1.2187903462909162,decreases predicted RUL,58.51675796508789,54.0
19,Regime_OneHot_1,0.03079603926717648,-0.9378233389361412,decreases predicted RUL,58.51675796508789,54.0
19,Regime_OneHot_2,0.1932993512048861,0.10229461977723986,increases predicted RUL,58.51675796508789,54.0
19,Regime_OneHot_3,0.13979900422618152,1.612145606894046,increases predicted RUL,58.51675796508789,54.0
19,Regime_OneHot_4,-0.02925837103743795,-0.09877831488847733,decreases predicted RUL,58.51675796508789,54.0
19,Regime_OneHot_5,-0.14066554840070516,-0.006724697363097221,decreases predicted RUL,58.51675796508789,54.0
20,Regime_ID,1.98,1.640752388164401,increases predicted RUL,76.04737854003906,97.0
20,Sensor_1,-0.1352068735542743,0.747758278157562,increases predicted RUL,76.04737854003906,97.0
20,Sensor_2,0.22173867320699142,-0.8276200825348496,decreases predicted RUL,76.04737854003906,97.0
20,Sensor_3,0.3458033646154118,-4.36277669982519,decreases predicted RUL,76.04737854003906,97.0
20,Sensor_4,0.6401727706013687,4.43987958971411,increases predicted RUL,76.04737854003906,97.0
20,Sensor_5,0.18863075538383164,1.9316647234372795,increases predicted RUL,76.04737854003906,97.0
20,Sensor_6,0.3738934884130336,-4.586593957152218,decreases predicted RUL,76.04737854003906,97.0
20,Sensor_7,-0.4509846371221606,-3.7656613721046597,decreases predicted RUL,76.04737854003906,97.0
20,Sensor_8,0.04820889199404645,0.8211495624855161,increases predicted RUL,76.04737854003906,97.0
20,Sensor_9,-0.06034479148619773,2.135869549587369,increases predicted RUL,76.04737854003906,97.0
20,Sensor_10,-0.05583311864734931,-0.7291722368390765,decreases predicted RUL,76.04737854003906,97.0
20,Sensor_11,0.44531689991023604,1.0634610704146326,increases predicted RUL,76.04737854003906,97.0
20,Sensor_12,-0.3372615970476063,2.439314859220758,increases predicted RUL,76.04737854003906,97.0
20,Sensor_13,0.024192320804193278,2.26665500944182,increases predicted RUL,76.04737854003906,97.0
20,Sensor_14,-0.21021125385982267,-0.1211594187625451,decreases predicted RUL,76.04737854003906,97.0
20,Sensor_15,0.49150897168605945,-13.801263144239783,decreases predicted RUL,76.04737854003906,97.0
20,Sensor_17,0.4827030365857222,1.7237162473611534,increases predicted RUL,76.04737854003906,97.0
20,Sensor_18,0.0,0.0,decreases predicted RUL,76.04737854003906,97.0
20,Sensor_19,0.19620189544839356,-0.09993603453040123,decreases predicted RUL,76.04737854003906,97.0
20,Sensor_20,-0.20340522416345774,2.738750027725473,increases predicted RUL,76.04737854003906,97.0
20,Sensor_21,-0.31630146604027914,2.0180824361741543,increases predicted RUL,76.04737854003906,97.0
20,Sensor_11_diff1,-0.033909441403582506,-0.42131502367556095,decreases predicted RUL,76.04737854003906,97.0
20,Sensor_11_roll_mean5,0.5282614640204142,6.565611822064966,increases predicted RUL,76.04737854003906,97.0
20,Sensor_11_roll_std5,0.13342590690101513,-1.2602515767794102,decreases predicted RUL,76.04737854003906,97.0
20,Sensor_4_diff1,-0.004975594048911542,1.2820541211403906,increases predicted RUL,76.04737854003906,97.0
20,Sensor_4_roll_mean5,0.7773475131415084,6.217138889303897,increases predicted RUL,76.04737854003906,97.0
20,Sensor_4_roll_std5,0.0780215232211725,0.9954597200267017,increases predicted RUL,76.04737854003906,97.0
20,Sensor_15_diff1,-0.00028116274648466445,0.6436351626180112,increases predicted RUL,76.04737854003906,97.0
20,Sensor_15_roll_mean5,0.598341488379394,3.4368702818173915,increases predicted RUL,76.04737854003906,97.0
20,Sensor_15_roll_std5,-0.2851446676664289,0.8465532709378749,increases predicted RUL,76.04737854003906,97.0
20,Sensor_12_diff1,0.021842751032719394,0.40979949850589037,increases predicted RUL,76.04737854003906,97.0
20,Sensor_12_roll_mean5,-0.5332886046486597,1.0061461159493774,increases predicted RUL,76.04737854003906,97.0
20,Sensor_12_roll_std5,-0.02466361652411453,-0.9091631439514458,decreases predicted RUL,76.04737854003906,97.0
20,Sensor_13_diff1,-0.00250462817015403,-0.36598275729920715,decreases predicted RUL,76.04737854003906,97.0
20,Sensor_13_roll_mean5,0.0580791921168837,-1.942541629250627,decreases predicted RUL,76.04737854003906,97.0
20,Sensor_13_roll_std5,-0.5036117055994828,-0.5034649434965104,decreases predicted RUL,76.04737854003906,97.0
20,Sensor_8_diff1,-0.007528967578262582,-0.47111574467271566,decreases predicted RUL,76.04737854003906,97.0
20,Sensor_8_roll_mean5,0.1099371950328441,0.9962099628755823,increases predicted RUL,76.04737854003906,97.0
20,Sensor_8_roll_std5,-0.5654368419522472,1.1014842375880107,increases predicted RUL,76.04737854003906,97.0
20,Regime_OneHot_0,0.3019912286139349,-2.705552587052807,decreases predicted RUL,76.04737854003906,97.0
20,Regime_OneHot_1,-0.19384678022338708,1.3542750371561851,increases predicted RUL,76.04737854003906,97.0
20,Regime_OneHot_2,-0.030241724981814534,1.6458202741341665,increases predicted RUL,76.04737854003906,97.0
20,Regime_OneHot_3,-0.1962018954429829,0.6172429642028874,increases predicted RUL,76.04737854003906,97.0
20,Regime_OneHot_4,0.19450393372338368,0.2960595821496099,increases predicted RUL,76.04737854003906,97.0
20,Regime_OneHot_5,-0.14066554840070528,-1.6727189823286608,decreases predicted RUL,76.04737854003906,97.0
21,Regime_ID,2.14,0.6525296345353127,increases predicted RUL,24.41217041015625,10.0
21,Sensor_1,0.03915300830974101,-0.06281686635338701,decreases predicted RUL,24.41217041015625,10.0
21,Sensor_2,0.8573412827105683,-3.239795035100542,decreases predicted RUL,24.41217041015625,10.0
21,Sensor_3,1.0691155837770636,-3.782284100772813,decreases predicted RUL,24.41217041015625,10.0
21,Sensor_4,0.9989051379985228,-5.922890333400574,decreases predicted RUL,24.41217041015625,10.0
21,Sensor_5,0.12435325894484713,-0.7479542926594149,decreases predicted RUL,24.41217041015625,10.0
21,Sensor_6,0.45943886539111445,-1.8376061715534888,decreases predicted RUL,24.41217041015625,10.0
21,Sensor_7,-0.5594615031819401,-0.6792321565444581,decreases predicted RUL,24.41217041015625,10.0
21,Sensor_8,1.1424919785980763,-1.6560505464440212,decreases predicted RUL,24.41217041015625,10.0
21,Sensor_9,1.3214228029135617,-11.00068066798849,decreases predicted RUL,24.41217041015625,10.0
21,Sensor_10,-0.10161777464384163,-0.5140762469964102,decreases predicted RUL,24.41217041015625,10.0
21,Sensor_11,1.151886847566835,-4.466257461463101,decreases predicted RUL,24.41217041015625,10.0
21,Sensor_12,-0.5287586150270757,-0.7020341691240901,decreases predicted RUL,24.41217041015625,10.0
21,Sensor_13,1.172682723494644,0.39539594086818397,increases predicted RUL,24.41217041015625,10.0
21,Sensor_14,1.2553766652572456,1.224071380100213,increases predicted RUL,24.41217041015625,10.0
21,Sensor_15,1.0059338952445358,-9.72230106499046,decreases predicted RUL,24.41217041015625,10.0
21,Sensor_17,0.9519810959892855,-2.599082305212505,decreases predicted RUL,24.41217041015625,10.0
21,Sensor_18,0.0,0.0,decreases predicted RUL,24.41217041015625,10.0
21,Sensor_19,0.2522020453947642,-0.028669194609392434,decreases predicted RUL,24.41217041015625,10.0
21,Sensor_20,-0.519716521279922,1.289420626068022,increases predicted RUL,24.41217041015625,10.0
21,Sensor_21,-0.5178889979353358,0.6545873051509261,increases predicted RUL,24.41217041015625,10.0
21,Sensor_11_diff1,0.009143267399806965,-0.9364853221923113,decreases predicted RUL,24.41217041015625,10.0
21,Sensor_11_roll_mean5,1.289599867026749,1.220504687342327,increases predicted RUL,24.41217041015625,10.0
21,Sensor_11_roll_std5,-0.2513041161883868,1.3755730770528771,increases predicted RUL,24.41217041015625,10.0
21,Sensor_4_diff1,0.03700738866570459,0.7076479993993416,increases predicted RUL,24.41217041015625,10.0
21,Sensor_4_roll_mean5,1.1518478899106463,1.6874882252886891,increases predicted RUL,24.41217041015625,10.0
21,Sensor_4_roll_std5,0.458512627098658,0.31465342006413266,increases predicted RUL,24.41217041015625,10.0
21,Sensor_15_diff1,0.016810802543774837,0.040512541541829705,increases predicted RUL,24.41217041015625,10.0
21,Sensor_15_roll_mean5,1.1801194242808213,4.704991903156042,increases predicted RUL,24.41217041015625,10.0
21,Sensor_15_roll_std5,0.5201239639494937,-0.43656923781963997,decreases predicted RUL,24.41217041015625,10.0
21,Sensor_12_diff1,-0.003471201784281542,-0.5228662698063999,decreases predicted RUL,24.41217041015625,10.0
21,Sensor_12_roll_mean5,-0.7797194926124698,1.5099879410699941,increases predicted RUL,24.41217041015625,10.0
21,Sensor_12_roll_std5,-0.013028288790816385,-0.39537564033525996,decreases predicted RUL,24.41217041015625,10.0
21,Sensor_13_diff1,0.04013451205220976,-1.0393691428471357,decreases predicted RUL,24.41217041015625,10.0
21,Sensor_13_roll_mean5,1.5025189458599302,0.6767543004825711,increases predicted RUL,24.41217041015625,10.0
21,Sensor_13_roll_std5,-0.7422141861619893,0.6203207695507444,increases predicted RUL,24.41217041015625,10.0
21,Sensor_8_diff1,0.04943601066008618,-0.6213831615168601,decreases predicted RUL,24.41217041015625,10.0
21,Sensor_8_roll_mean5,1.455977853067439,0.30908341461326927,increases predicted RUL,24.41217041015625,10.0
21,Sensor_8_roll_std5,-0.7327345466084075,-0.027195231057703495,decreases predicted RUL,24.41217041015625,10.0
21,Regime_OneHot_0,0.2095346531681425,-0.04665289958938956,decreases predicted RUL,24.41217041015625,10.0
21,Regime_OneHot_1,-0.19384678022338672,-0.6627091621048748,decreases predicted RUL,24.41217041015625,10.0
21,Regime_OneHot_2,0.08152881311153579,-0.3004512156112469,decreases predicted RUL,24.41217041015625,10.0
21,Regime_OneHot_3,-0.25220204538784385,-1.1880206959322095,decreases predicted RUL,24.41217041015625,10.0
21,Regime_OneHot_4,0.08262278134297286,0.18657683325000107,increases predicted RUL,24.41217041015625,10.0
21,Regime_OneHot_5,0.027246453748365828,0.8848715078784153,increases predicted RUL,24.41217041015625,10.0
22,Regime_ID,2.26,-0.7299512343015522,decreases predicted RUL,125.0,142.0
22,Sensor_1,-0.0834495237004111,0.8631485771620646,increases predicted RUL,125.0,142.0
22,Sensor_2,-0.005726685481863019,1.0141547855455428,increases predicted RUL,125.0,142.0
22,Sensor_3,0.10953904197548203,2.9941321392543614,increases predicted RUL,125.0,142.0
22,Sensor_4,0.23362543570292962,5.687594290880952,increases predicted RUL,125.0,142.0
22,Sensor_5,0.019469348783275303,1.5290444231359288,increases predicted RUL,125.0,142.0
22,Sensor_6,-0.03015238553624087,2.4968245928175747,increases predicted RUL,125.0,142.0
22,Sensor_7,-0.015104676962818153,3.250574934470933,increases predicted RUL,125.0,142.0
22,Sensor_8,-0.22723566173539703,1.0468184996861964,increases predicted RUL,125.0,142.0
22,Sensor_9,-0.3350775379455775,6.335031364578754,increases predicted RUL,125.0,142.0
22,Sensor_10,0.022384250941305625,-0.819328670782852,decreases predicted RUL,125.0,142.0
22,Sensor_11,0.034821437932023,8.746057505835779,increases predicted RUL,125.0,142.0
22,Sensor_12,-0.048123359277108424,2.0689347360748798,increases predicted RUL,125.0,142.0
22,Sensor_13,-0.1844559285821621,-2.42940615338739,decreases predicted RUL,125.0,142.0
22,Sensor_14,-0.31995912625708006,-0.014429319504415616,decreases predicted RUL,125.0,142.0
22,Sensor_15,0.06432266738789122,11.651854378171265,increases predicted RUL,125.0,142.0
22,Sensor_17,0.03175983025737232,2.1942658219486475,increases predicted RUL,125.0,142.0
22,Sensor_18,0.0,0.0,decreases predicted RUL,125.0,142.0
22,Sensor_19,-0.09213444832112672,-0.10538470593746752,decreases predicted RUL,125.0,142.0
22,Sensor_20,-0.16429264625677686,1.3109440230764449,increases predicted RUL,125.0,142.0
22,Sensor_21,0.0857410617056711,-2.1786432629451156,decreases predicted RUL,125.0,142.0
22,Sensor_11_diff1,-0.028001700519888012,0.1626835684728576,increases predicted RUL,125.0,142.0
22,Sensor_11_roll_mean5,0.08487604354877995,9.526086144614965,increases predicted RUL,125.0,142.0
22,Sensor_11_roll_std5,-0.24097682631645168,1.0628219910722692,increases predicted RUL,125.0,142.0
22,Sensor_4_diff1,-0.0018391186850070262,-0.248833236284554,decreases predicted RUL,125.0,142.0
22,Sensor_4_roll_mean5,0.31846318672724505,4.630631377804093,increases predicted RUL,125.0,142.0
22,Sensor_4_roll_std5,0.14963647787350928,1.5144111751578748,increases predicted RUL,125.0,142.0
22,Sensor_15_diff1,-0.007290684422260183,-0.0238128931960091,decreases predicted RUL,125.0,142.0
22,Sensor_15_roll_mean5,0.08811756374137024,1.0339322038926184,increases predicted RUL,125.0,142.0
22,Sensor_15_roll_std5,-0.34130249177074057,0.410260928212665,increases predicted RUL,125.0,142.0
22,Sensor_12_diff1,0.01876912422244081,0.39623704832047224,increases predicted RUL,125.0,142.0
22,Sensor_12_roll_mean5,-0.09876412241966107,-1.9990453287027776,decreases predicted RUL,125.0,142.0
22,Sensor_12_roll_std5,-0.4996139318361605,1.8166937539353967,increases predicted RUL,125.0,142.0
22,Sensor_13_diff1,-0.01621665718109769,-0.8257388709625957,decreases predicted RUL,125.0,142.0
22,Sensor_13_roll_mean5,-0.2031961876381711,2.1675259836483747,increases predicted RUL,125.0,142.0
22,Sensor_13_roll_std5,-0.6949997602402569,3.2351263074669987,increases predicted RUL,125.0,142.0
22,Sensor_8_diff1,-0.011754013922284458,-1.0037632319144905,decreases predicted RUL,125.0,142.0
22,Sensor_8_roll_mean5,-0.28221111008645955,0.8482556315138936,increases predicted RUL,125.0,142.0
22,Sensor_8_roll_std5,-0.8731213343514134,4.778979538707063,increases predicted RUL,125.0,142.0
22,Regime_OneHot_0,-0.021606785446338678,0.5930605951580219,increases predicted RUL,125.0,142.0
22,Regime_OneHot_1,-0.025364665605464295,-1.5489642841275781,decreases predicted RUL,125.0,142.0
22,Regime_OneHot_2,-0.08612699402848976,-0.5479982201941311,decreases predicted RUL,125.0,142.0
22,Regime_OneHot_3,0.08379885428132074,0.14180668350309134,increases predicted RUL,125.0,142.0
22,Regime_OneHot_4,0.026682205152767507,-0.35076599901367445,decreases predicted RUL,125.0,142.0
22,Regime_OneHot_5,-0.028724213634657842,-0.7288928852649406,decreases predicted RUL,125.0,142.0
23,Regime_ID,2.44,-5.048597180575598,decreases predicted RUL,64.1479263305664,77.0
23,Sensor_1,-0.11195888930573894,0.8470294839935377,increases predicted RUL,64.1479263305664,77.0
23,Sensor_2,-0.25516980985936766,1.647715966886608,increases predicted RUL,64.1479263305664,77.0
23,Sensor_3,-0.30756255440962627,4.924607656779699,increases predicted RUL,64.1479263305664,77.0
23,Sensor_4,-0.5123382017977988,2.989488180493936,increases predicted RUL,64.1479263305664,77.0
23,Sensor_5,0.06925826199714609,0.9643461037776433,increases predicted RUL,64.1479263305664,77.0
23,Sensor_6,0.05739546538428101,-1.5002655031858012,decreases predicted RUL,64.1479263305664,77.0
23,Sensor_7,0.446126021658609,5.436615160899237,increases predicted RUL,64.1479263305664,77.0
23,Sensor_8,0.6627082961151757,-0.4627213147468865,decreases predicted RUL,64.1479263305664,77.0
23,Sensor_9,1.1256576086027215,-16.82991387322545,decreases predicted RUL,64.1479263305664,77.0
23,Sensor_10,0.44253661859008603,5.006424893159419,increases predicted RUL,64.1479263305664,77.0
23,Sensor_11,-0.675233431096023,6.113158135674894,increases predicted RUL,64.1479263305664,77.0
23,Sensor_12,0.3803402845280185,5.117608374916017,increases predicted RUL,64.1479263305664,77.0
23,Sensor_13,0.7023698999724054,3.836003098404035,increases predicted RUL,64.1479263305664,77.0
23,Sensor_14,1.301838880103793,2.339611570816487,increases predicted RUL,64.1479263305664,77.0
23,Sensor_15,-0.616325334314968,15.986226867884398,increases predicted RUL,64.1479263305664,77.0
23,Sensor_17,-0.312473697437897,-3.0804960230598226,decreases predicted RUL,64.1479263305664,77.0
23,Sensor_18,0.0,0.0,decreases predicted RUL,64.1479263305664,77.0
23,Sensor_19,-0.13979900422983213,-0.867830867995508,decreases predicted RUL,64.1479263305664,77.0
23,Sensor_20,0.16300859956461766,1.146224930882454,increases predicted RUL,64.1479263305664,77.0
23,Sensor_21,0.2753620927157025,0.3755753515288234,increases predicted RUL,64.1479263305664,77.0
23,Sensor_11_diff1,-0.02381228427564859,0.9843588937073946,increases predicted RUL,64.1479263305664,77.0
23,Sensor_11_roll_mean5,-0.7421211619278485,-6.210780672729015,decreases predicted RUL,64.1479263305664,77.0
23,Sensor_11_roll_std5,0.8152510975968517,-1.0646744177211076,decreases predicted RUL,64.1479263305664,77.0
23,Sensor_4_diff1,-0.010638972427690328,-0.3280791906872764,decreases predicted RUL,64.1479263305664,77.0
23,Sensor_4_roll_mean5,-0.6115704011002858,-5.644026901572943,decreases predicted RUL,64.1479263305664,77.0
23,Sensor_4_roll_std5,-0.14928406567038996,-0.346065012156032,decreases predicted RUL,64.1479263305664,77.0
23,Sensor_15_diff1,0.0153832818987193,-0.7768785753287375,decreases predicted RUL,64.1479263305664,77.0
23,Sensor_15_roll_mean5,-0.7699710595368592,-8.546966627473012,decreases predicted RUL,64.1479263305664,77.0
23,Sensor_15_roll_std5,-0.03136144690773461,0.3465608604310546,increases predicted RUL,64.1479263305664,77.0
23,Sensor_12_diff1,0.0028817400920935076,-0.19881898682797328,decreases predicted RUL,64.1479263305664,77.0
23,Sensor_12_roll_mean5,0.576581313140453,-3.3076043664477766,decreases predicted RUL,64.1479263305664,77.0
23,Sensor_12_roll_std5,0.6309347411672391,0.22358842109679244,increases predicted RUL,64.1479263305664,77.0
23,Sensor_13_diff1,0.01953561135051408,2.7045922288671136,increases predicted RUL,64.1479263305664,77.0
23,Sensor_13_roll_mean5,0.8987443205272484,-2.099614278995432,decreases predicted RUL,64.1479263305664,77.0
23,Sensor_13_roll_std5,0.8950748819256958,4.921619655273389,increases predicted RUL,64.1479263305664,77.0
23,Sensor_8_diff1,0.013396552025779806,-0.9687462002038956,decreases predicted RUL,64.1479263305664,77.0
23,Sensor_8_roll_mean5,0.8518666323973169,-5.201201044983463,decreases predicted RUL,64.1479263305664,77.0
23,Sensor_8_roll_std5,1.044955393076679,-0.6172394622117281,decreases predicted RUL,64.1479263305664,77.0
23,Regime_OneHot_0,0.02462150227655755,0.11252043524291366,increases predicted RUL,64.1479263305664,77.0
23,Regime_OneHot_1,-0.1376860753507459,-0.9944622450566385,decreases predicted RUL,64.1479263305664,77.0
23,Regime_OneHot_2,-0.14201226307516485,1.0582584631047212,increases predicted RUL,64.1479263305664,77.0
23,Regime_OneHot_3,0.13979900422618158,-0.18141614030537312,decreases predicted RUL,64.1479263305664,77.0
23,Regime_OneHot_4,0.026682205152767532,2.187592339934781,increases predicted RUL,64.1479263305664,77.0
23,Regime_OneHot_5,0.08321712113138961,1.0378080115333432,increases predicted RUL,64.1479263305664,77.0
24,Regime_ID,2.12,1.0825555619667284,increases predicted RUL,71.93705749511719,88.0
24,Sensor_1,0.2018888980494885,0.3112620202591643,increases predicted RUL,71.93705749511719,88.0
24,Sensor_2,-0.5892050416574286,3.392676331772236,increases predicted RUL,71.93705749511719,88.0
24,Sensor_3,-0.5644218141795393,0.9736999846645631,increases predicted RUL,71.93705749511719,88.0
24,Sensor_4,-0.7158232002541487,1.9602436971290444,increases predicted RUL,71.93705749511719,88.0
24,Sensor_5,-0.02256673291568891,0.992928842199035,increases predicted RUL,71.93705749511719,88.0
24,Sensor_6,0.07345630977758896,-1.6221890990855172,decreases predicted RUL,71.93705749511719,88.0
24,Sensor_7,0.7729078028267873,8.007149036508054,increases predicted RUL,71.93705749511719,88.0
24,Sensor_8,0.375336482208616,0.6243676776066422,increases predicted RUL,71.93705749511719,88.0
24,Sensor_9,0.8702956327129934,-7.5148159195668995,decreases predicted RUL,71.93705749511719,88.0
24,Sensor_10,0.34680697952947925,1.5102471806458198,increases predicted RUL,71.93705749511719,88.0
24,Sensor_11,-0.9394025778205345,5.854136540088803,increases predicted RUL,71.93705749511719,88.0
24,Sensor_12,0.8759926890233579,4.5307274092920125,increases predicted RUL,71.93705749511719,88.0
24,Sensor_13,0.2766207247860642,2.3995373034849763,increases predicted RUL,71.93705749511719,88.0
24,Sensor_14,1.0893259670494888,2.1681875149952248,increases predicted RUL,71.93705749511719,88.0
24,Sensor_15,-0.625743810309641,9.04900694754906,increases predicted RUL,71.93705749511719,88.0
24,Sensor_17,-0.4305385512455092,-0.699218011694029,decreases predicted RUL,71.93705749511719,88.0
24,Sensor_18,0.0,0.0,decreases predicted RUL,71.93705749511719,88.0
24,Sensor_19,0.19620189544839353,0.239194001769647,increases predicted RUL,71.93705749511719,88.0
24,Sensor_20,0.5872786754976611,0.9804591620340943,increases predicted RUL,71.93705749511719,88.0
24,Sensor_21,0.3423165134914326,-3.1556788107845932,decreases predicted RUL,71.93705749511719,88.0
24,Sensor_11_diff1,-0.025788291458850754,0.0050114275654777884,increases predicted RUL,71.93705749511719,88.0
24,Sensor_11_roll_mean5,-1.0587670485894713,-6.470263477414846,decreases predicted RUL,71.93705749511719,88.0
24,Sensor_11_roll_std5,0.45293719836822743,0.7739824226591736,increases predicted RUL,71.93705749511719,88.0
24,Sensor_4_diff1,-0.002784442706510783,-0.883600247791037,decreases predicted RUL,71.93705749511719,88.0
24,Sensor_4_roll_mean5,-0.8591473341628175,-4.340721976477653,decreases predicted RUL,71.93705749511719,88.0
24,Sensor_4_roll_std5,-0.44143733064187146,-1.5225722702452913,decreases predicted RUL,71.93705749511719,88.0
24,Sensor_15_diff1,0.019777932304927814,-1.3157835491001606,decreases predicted RUL,71.93705749511719,88.0
24,Sensor_15_roll_mean5,-0.7843374640102155,-6.506386375403963,decreases predicted RUL,71.93705749511719,88.0
24,Sensor_15_roll_std5,-0.3698807256563693,0.5449576457031071,increases predicted RUL,71.93705749511719,88.0
24,Sensor_12_diff1,-0.006669862100436106,0.15032958053052425,increases predicted RUL,71.93705749511719,88.0
24,Sensor_12_roll_mean5,1.3095977530908849,-2.1426060557132587,decreases predicted RUL,71.93705749511719,88.0
24,Sensor_12_roll_std5,0.21077924260450126,1.8125782273709774,increases predicted RUL,71.93705749511719,88.0
24,Sensor_13_diff1,-0.007589548431773281,-0.49142915135053045,decreases predicted RUL,71.93705749511719,88.0
24,Sensor_13_roll_mean5,0.3982180864523384,-1.6439190858509392,decreases predicted RUL,71.93705749511719,88.0
24,Sensor_13_roll_std5,1.1608083386806012,4.754319495521486,increases predicted RUL,71.93705749511719,88.0
24,Sensor_8_diff1,-0.004832235726798313,0.40437432238832116,increases predicted RUL,71.93705749511719,88.0
24,Sensor_8_roll_mean5,0.5323003517841783,-2.6001779893413186,decreases predicted RUL,71.93705749511719,88.0
24,Sensor_8_roll_std5,0.7849648839975767,-1.4695801078196382,decreases predicted RUL,71.93705749511719,88.0
24,Regime_OneHot_0,0.02462150227655753,-0.39433218419435434,decreases predicted RUL,71.93705749511719,88.0
24,Regime_OneHot_1,0.030796039267176473,0.5352612002752721,increases predicted RUL,71.93705749511719,88.0
24,Regime_OneHot_2,0.19329935120488617,0.3747016550041735,increases predicted RUL,71.93705749511719,88.0
24,Regime_OneHot_3,-0.1962018954429829,-0.060744081798475236,decreases predicted RUL,71.93705749511719,88.0
24,Regime_OneHot_4,-0.0851989472276434,0.14964874213910662,increases predicted RUL,71.93705749511719,88.0
24,Regime_OneHot_5,0.027246453748365883,1.9688141588121653,increases predicted RUL,71.93705749511719,88.0
25,Regime_ID,2.7,0.09726358903571963,increases predicted RUL,124.82411193847656,163.0
25,Sensor_1,0.09727296893107938,1.61460884148255,increases predicted RUL,124.82411193847656,163.0
25,Sensor_2,-0.38043566747741553,7.3000781337032095,increases predicted RUL,124.82411193847656,163.0
25,Sensor_3,-0.5099194429043193,4.459349532146007,increases predicted RUL,124.82411193847656,163.0
25,Sensor_4,-0.6372452751452851,-1.2058157726423815,decreases predicted RUL,124.82411193847656,163.0
25,Sensor_5,-0.37150171358446193,-0.24852109886705875,decreases predicted RUL,124.82411193847656,163.0
25,Sensor_6,-0.24904757515287898,-0.03645206778310239,decreases predicted RUL,124.82411193847656,163.0
25,Sensor_7,0.40689616149468394,6.631534807616845,increases predicted RUL,124.82411193847656,163.0
25,Sensor_8,-0.27723575240332043,-1.2514443359104916,decreases predicted RUL,124.82411193847656,163.0
25,Sensor_9,-0.07427688456234242,2.4846783046377823,increases predicted RUL,124.82411193847656,163.0
25,Sensor_10,-0.033368021125523534,-0.15052852215012535,decreases predicted RUL,124.82411193847656,163.0
25,Sensor_11,-0.8135643336050891,7.513088911306113,increases predicted RUL,124.82411193847656,163.0
25,Sensor_12,0.55821745241637,2.112668158719316,increases predicted RUL,124.82411193847656,163.0
25,Sensor_13,-0.28373015780810096,-1.223757334984839,decreases predicted RUL,124.82411193847656,163.0
25,Sensor_14,0.12327730643196137,0.8737400525715202,increases predicted RUL,124.82411193847656,163.0
25,Sensor_15,-0.7853785220677174,19.41694656200707,increases predicted RUL,124.82411193847656,163.0
25,Sensor_17,-0.46475434370667096,2.813517981907353,increases predicted RUL,124.82411193847656,163.0
25,Sensor_18,0.0,0.0,decreases predicted RUL,124.82411193847656,163.0
25,Sensor_19,-0.027798704337090266,1.4678904999163933,increases predicted RUL,124.82411193847656,163.0
25,Sensor_20,0.3126854868915655,0.6228785566054285,increases predicted RUL,124.82411193847656,163.0
25,Sensor_21,0.3430812365310545,-0.5290902648121119,decreases predicted RUL,124.82411193847656,163.0
25,Sensor_11_diff1,-0.05342793796838857,-0.4749506786465645,decreases predicted RUL,124.82411193847656,163.0
25,Sensor_11_roll_mean5,-0.9039773264224717,-1.3620544765144587,decreases predicted RUL,124.82411193847656,163.0
25,Sensor_11_roll_std5,-0.0632568835917355,1.0128863584832288,increases predicted RUL,124.82411193847656,163.0
25,Sensor_4_diff1,0.0014825074722685815,0.21552720060572028,increases predicted RUL,124.82411193847656,163.0
25,Sensor_4_roll_mean5,-0.7670312361838164,-2.2050597141496837,decreases predicted RUL,124.82411193847656,163.0
25,Sensor_4_roll_std5,0.08076921135983155,-1.4460313852177933,decreases predicted RUL,124.82411193847656,163.0
25,Sensor_15_diff1,-0.03758622368694628,2.0214594735298306,increases predicted RUL,124.82411193847656,163.0
25,Sensor_15_roll_mean5,-0.8829421259492861,1.215983853675425,increases predicted RUL,124.82411193847656,163.0
25,Sensor_15_roll_std5,0.4577590719694985,-0.25470540893729776,decreases predicted RUL,124.82411193847656,163.0
25,Sensor_12_diff1,-0.025677011141419976,-1.00163405778585,decreases predicted RUL,124.82411193847656,163.0
25,Sensor_12_roll_mean5,0.8616221170714011,0.9590413644909859,increases predicted RUL,124.82411193847656,163.0
25,Sensor_12_roll_std5,0.05258931451577373,-0.19286624516826123,decreases predicted RUL,124.82411193847656,163.0
25,Sensor_13_diff1,-0.008327426832447705,-0.5882849260233343,decreases predicted RUL,124.82411193847656,163.0
25,Sensor_13_roll_mean5,-0.35828950363058865,1.2632635095505975,increases predicted RUL,124.82411193847656,163.0
25,Sensor_13_roll_std5,0.021500531951978777,3.961307913326891,increases predicted RUL,124.82411193847656,163.0
25,Sensor_8_diff1,-0.01460739372475625,-0.011546364985406399,decreases predicted RUL,124.82411193847656,163.0
25,Sensor_8_roll_mean5,-0.33701202464166,2.6809689530928154,increases predicted RUL,124.82411193847656,163.0
25,Sensor_8_roll_std5,-0.06202057315532098,0.18702367693185806,increases predicted RUL,124.82411193847656,163.0
25,Regime_OneHot_0,-0.3452047995066124,0.24320181016810238,increases predicted RUL,124.82411193847656,163.0
25,Regime_OneHot_1,0.25543885875773925,1.5379305141977966,increases predicted RUL,124.82411193847656,163.0
25,Regime_OneHot_2,-0.0302417249818145,0.34186059632338583,increases predicted RUL,124.82411193847656,163.0
25,Regime_OneHot_3,0.02779870433646002,-1.2240396482520737,decreases predicted RUL,124.82411193847656,163.0
25,Regime_OneHot_4,-0.1411395234178489,-0.35855168267153203,decreases predicted RUL,124.82411193847656,163.0
25,Regime_OneHot_5,0.3070997906634847,0.1322627563495189,increases predicted RUL,124.82411193847656,163.0
26,Regime_ID,2.3,0.29051958047784865,increases predicted RUL,121.07811737060547,126.0
26,Sensor_1,-0.05383892868440049,0.7559250591148157,increases predicted RUL,121.07811737060547,126.0
26,Sensor_2,-0.9428928197929625,12.235237579327077,increases predicted RUL,121.07811737060547,126.0
26,Sensor_3,-0.9606357353815403,6.521519739180803,increases predicted RUL,121.07811737060547,126.0
26,Sensor_4,-1.0607380066984688,2.410427663475275,increases predicted RUL,121.07811737060547,126.0
26,Sensor_5,0.11976200919920534,-0.17152608867763774,decreases predicted RUL,121.07811737060547,126.0
26,Sensor_6,-0.6554694704264696,-0.18290866108145565,decreases predicted RUL,121.07811737060547,126.0
26,Sensor_7,0.744531874950142,2.282381555531174,increases predicted RUL,121.07811737060547,126.0
26,Sensor_8,-0.16011852955480319,-1.6005772064090706,decreases predicted RUL,121.07811737060547,126.0
26,Sensor_9,0.19037915566607275,3.5729671427980065,increases predicted RUL,121.07811737060547,126.0
26,Sensor_10,0.010447453651609888,-0.6492687775607919,decreases predicted RUL,121.07811737060547,126.0
26,Sensor_11,-1.2571225253582547,10.705600257962942,increases predicted RUL,121.07811737060547,126.0
26,Sensor_12,0.7867027420771006,5.034196865744889,increases predicted RUL,121.07811737060547,126.0
26,Sensor_13,-0.20155883946808484,0.2096276776283048,increases predicted RUL,121.07811737060547,126.0
26,Sensor_14,0.34218508545350024,1.0068837617291138,increases predicted RUL,121.07811737060547,126.0
26,Sensor_15,-1.0764367770002796,15.193061296420638,increases predicted RUL,121.07811737060547,126.0
26,Sensor_17,-1.0188010278334574,8.585560428211465,increases predicted RUL,121.07811737060547,126.0
26,Sensor_18,0.0,0.0,decreases predicted RUL,121.07811737060547,126.0
26,Sensor_19,-0.1397990042298324,-2.029795681970427,decreases predicted RUL,121.07811737060547,126.0
26,Sensor_20,0.6128166919955135,-2.9815740630729124,decreases predicted RUL,121.07811737060547,126.0
26,Sensor_21,0.8418748689975344,-0.2372067451942712,decreases predicted RUL,121.07811737060547,126.0
26,Sensor_11_diff1,-0.023059395889183737,1.0925658254418522,increases predicted RUL,121.07811737060547,126.0
26,Sensor_11_roll_mean5,-1.413313029175267,-2.455827035009861,decreases predicted RUL,121.07811737060547,126.0
26,Sensor_11_roll_std5,-0.06638255224213607,0.5882322520483285,increases predicted RUL,121.07811737060547,126.0
26,Sensor_4_diff1,-0.04305486103972477,0.4004607080714777,increases predicted RUL,121.07811737060547,126.0
26,Sensor_4_roll_mean5,-1.2666175947746436,-2.4299957444891334,decreases predicted RUL,121.07811737060547,126.0
26,Sensor_4_roll_std5,-0.11251516730027361,-1.925730568706058,decreases predicted RUL,121.07811737060547,126.0
26,Sensor_15_diff1,0.013410783319660289,-0.47970478190109134,decreases predicted RUL,121.07811737060547,126.0
26,Sensor_15_roll_mean5,-1.2954191064888616,-5.69945652410388,decreases predicted RUL,121.07811737060547,126.0
26,Sensor_15_roll_std5,-0.15508070729945841,-0.38668063895602245,decreases predicted RUL,121.07811737060547,126.0
26,Sensor_12_diff1,0.007144414577942408,0.23591521917842329,increases predicted RUL,121.07811737060547,126.0
26,Sensor_12_roll_mean5,1.1590726810133447,-0.17130436045408715,decreases predicted RUL,121.07811737060547,126.0
26,Sensor_12_roll_std5,-0.20893370572005548,-0.5057170926593244,decreases predicted RUL,121.07811737060547,126.0
26,Sensor_13_diff1,-0.038564784517085164,-0.24070106679573655,decreases predicted RUL,121.07811737060547,126.0
26,Sensor_13_roll_mean5,-0.249173482283366,0.1149747000890784,increases predicted RUL,121.07811737060547,126.0
26,Sensor_13_roll_std5,0.804366363841322,4.138600110542029,increases predicted RUL,121.07811737060547,126.0
26,Sensor_8_diff1,-0.05654839094978854,-0.15288500767201185,decreases predicted RUL,121.07811737060547,126.0
26,Sensor_8_roll_mean5,-0.17285384483486446,3.2242523602908477,increases predicted RUL,121.07811737060547,126.0
26,Sensor_8_roll_std5,0.6869426314547978,-0.35359203279949725,decreases predicted RUL,121.07811737060547,126.0
26,Regime_OneHot_0,0.07084978999945378,0.4962677207076922,increases predicted RUL,121.07811737060547,126.0
26,Regime_OneHot_1,-0.13768607535074595,-0.6895275633287383,decreases predicted RUL,121.07811737060547,126.0
26,Regime_OneHot_2,-0.0861269940284897,-1.9196786098764278,decreases predicted RUL,121.07811737060547,126.0
26,Regime_OneHot_3,0.13979900422618138,2.4547837735153735,increases predicted RUL,121.07811737060547,126.0
26,Regime_OneHot_4,-0.029258371037437895,-0.15081177570391446,decreases predicted RUL,121.07811737060547,126.0
26,Regime_OneHot_5,0.027246453748365908,1.184709518624004,increases predicted RUL,121.07811737060547,126.0
27,Regime_ID,0.98,5.867595355026424,increases predicted RUL,117.63848114013672,138.0
27,Sensor_1,0.2509542576887433,0.1418212316930294,increases predicted RUL,117.63848114013672,138.0
27,Sensor_2,0.018785820024989026,0.9868143055355176,increases predicted RUL,117.63848114013672,138.0
27,Sensor_3,0.10614852269095802,1.5063142565777525,increases predicted RUL,117.63848114013672,138.0
27,Sensor_4,0.07991305252479605,4.2934779250063,increases predicted RUL,117.63848114013672,138.0
27,Sensor_5,0.07019378069566655,0.7075394132407382,increases predicted RUL,117.63848114013672,138.0
27,Sensor_6,-0.04317858168193914,2.001693636411801,increases predicted RUL,117.63848114013672,138.0
27,Sensor_7,0.09348595828360745,5.94441554484365,increases predicted RUL,117.63848114013672,138.0
27,Sensor_8,-0.3906755979916106,-0.12109669938217849,decreases predicted RUL,117.63848114013672,138.0
27,Sensor_9,-0.5303446252730507,13.198520416393876,increases predicted RUL,117.63848114013672,138.0
27,Sensor_10,0.06645021888570657,-1.3418820954102557,decreases predicted RUL,117.63848114013672,138.0
27,Sensor_11,0.08325653608933863,5.585623640450649,increases predicted RUL,117.63848114013672,138.0
27,Sensor_12,-0.011441256006696212,3.939450671430677,increases predicted RUL,117.63848114013672,138.0
27,Sensor_13,-0.3715917475280884,-1.07083990983665,decreases predicted RUL,117.63848114013672,138.0
27,Sensor_14,-0.5508040955671196,-1.5983266782714054,decreases predicted RUL,117.63848114013672,138.0
27,Sensor_15,0.007733455602421055,8.61203276948072,increases predicted RUL,117.63848114013672,138.0
27,Sensor_17,-0.014093887130678162,3.536634249612689,increases predicted RUL,117.63848114013672,138.0
27,Sensor_18,0.0,0.0,decreases predicted RUL,117.63848114013672,138.0
27,Sensor_19,-0.028859143568575326,-0.2155670130159706,decreases predicted RUL,117.63848114013672,138.0
27,Sensor_20,0.0391280274140747,0.865245632827282,increases predicted RUL,117.63848114013672,138.0
27,Sensor_21,-0.250954690725547,-0.7113806054112501,decreases predicted RUL,117.63848114013672,138.0
27,Sensor_11_diff1,-0.020368956127602228,-0.7495975750498474,decreases predicted RUL,117.63848114013672,138.0
27,Sensor_11_roll_mean5,0.12045251205183305,4.195975602371618,increases predicted RUL,117.63848114013672,138.0
27,Sensor_11_roll_std5,-1.3921264269466351,2.133303980808705,increases predicted RUL,117.63848114013672,138.0
27,Sensor_4_diff1,-0.005721147514041838,0.08655412751249969,increases predicted RUL,117.63848114013672,138.0
27,Sensor_4_roll_mean5,0.1517963037277674,1.6968436451570597,increases predicted RUL,117.63848114013672,138.0
27,Sensor_4_roll_std5,-1.1181988845826958,-3.013160436064936,decreases predicted RUL,117.63848114013672,138.0
27,Sensor_15_diff1,-0.003679372361525812,-0.10823196225101128,decreases predicted RUL,117.63848114013672,138.0
27,Sensor_15_roll_mean5,0.040381009651810656,-0.056466546608135104,decreases predicted RUL,117.63848114013672,138.0
27,Sensor_15_roll_std5,-1.6774015240518383,-0.19184881239198148,decreases predicted RUL,117.63848114013672,138.0
27,Sensor_12_diff1,0.029604096665918088,-0.517098059412092,decreases predicted RUL,117.63848114013672,138.0
27,Sensor_12_roll_mean5,-0.09704777772449251,-2.0995730408176314,decreases predicted RUL,117.63848114013672,138.0
27,Sensor_12_roll_std5,-1.6597179562510331,-2.395442567067221,decreases predicted RUL,117.63848114013672,138.0
27,Sensor_13_diff1,-0.003910283096090725,-1.0675418188911863,decreases predicted RUL,117.63848114013672,138.0
27,Sensor_13_roll_mean5,-0.5112629705785932,0.3923915397172095,increases predicted RUL,117.63848114013672,138.0
27,Sensor_13_roll_std5,-0.871198131894026,-2.822076093405485,decreases predicted RUL,117.63848114013672,138.0
27,Sensor_8_diff1,-0.009921166480945183,-1.1485459825780708,decreases predicted RUL,117.63848114013672,138.0
27,Sensor_8_roll_mean5,-0.5250744666967941,1.2650225271936506,increases predicted RUL,117.63848114013672,138.0
27,Sensor_8_roll_std5,-0.8933012740525936,2.207885212264955,increases predicted RUL,117.63848114013672,138.0
27,Regime_OneHot_0,-0.3452047995066125,3.1877578101484687,increases predicted RUL,117.63848114013672,138.0
27,Regime_OneHot_1,-0.25000748509602794,-0.3132904276280897,decreases predicted RUL,117.63848114013672,138.0
27,Regime_OneHot_2,-0.0302417249818145,-0.2745928497897694,decreases predicted RUL,117.63848114013672,138.0
27,Regime_OneHot_3,-0.19620189544298303,-1.0753368667792529,decreases predicted RUL,117.63848114013672,138.0
27,Regime_OneHot_4,-0.4208424043688765,-2.59121871244497,decreases predicted RUL,117.63848114013672,138.0
27,Regime_OneHot_5,-0.19663621578372883,0.8594827453489415,increases predicted RUL,117.63848114013672,138.0
28,Regime_ID,1.86,-1.1934159230440855,decreases predicted RUL,74.84678649902344,83.0
28,Sensor_1,-0.08871090505720358,1.3197142450371757,increases predicted RUL,74.84678649902344,83.0
28,Sensor_2,-0.11581306003732576,2.4721481557935476,increases predicted RUL,74.84678649902344,83.0
28,Sensor_3,-0.30666703183491545,1.2743429498077603,increases predicted RUL,74.84678649902344,83.0
28,Sensor_4,-0.6263501152375985,-0.9072613837197423,decreases predicted RUL,74.84678649902344,83.0
28,Sensor_5,-0.0455229816438976,-1.9884122390067205,decreases predicted RUL,74.84678649902344,83.0
28,Sensor_6,-0.10536591258946125,0.25391445111017674,increases predicted RUL,74.84678649902344,83.0
28,Sensor_7,0.3448798534909217,6.226236472488381,increases predicted RUL,74.84678649902344,83.0
28,Sensor_8,-0.3381499689732035,-0.9530212180688977,decreases predicted RUL,74.84678649902344,83.0
28,Sensor_9,-0.2572510577781687,1.3891656966879964,increases predicted RUL,74.84678649902344,83.0
28,Sensor_10,0.04510623358529555,0.1635710552072851,increases predicted RUL,74.84678649902344,83.0
28,Sensor_11,-0.6114740877777534,4.261651122709736,increases predicted RUL,74.84678649902344,83.0
28,Sensor_12,0.4058683042078501,1.630522647406906,increases predicted RUL,74.84678649902344,83.0
28,Sensor_13,-0.34393492646612517,0.39992895256727934,increases predicted RUL,74.84678649902344,83.0
28,Sensor_14,-0.2442596598208247,0.021259849600028247,increases predicted RUL,74.84678649902344,83.0
28,Sensor_15,-0.5188325415590673,13.142467938829213,increases predicted RUL,74.84678649902344,83.0
28,Sensor_17,-0.5079279578235275,-1.067584020041977,decreases predicted RUL,74.84678649902344,83.0
28,Sensor_18,0.0,0.0,decreases predicted RUL,74.84678649902344,83.0
28,Sensor_19,0.02820144560928076,-3.3682282051304355,decreases predicted RUL,74.84678649902344,83.0
28,Sensor_20,0.30106842265236183,-0.9010009306948632,decreases predicted RUL,74.84678649902344,83.0
28,Sensor_21,0.4100394792817605,-2.8204105365466603,decreases predicted RUL,74.84678649902344,83.0
28,Sensor_11_diff1,-0.02527671126831193,-0.04302611015737057,decreases predicted RUL,74.84678649902344,83.0
28,Sensor_11_roll_mean5,-0.6825949397166015,-6.815263494849205,decreases predicted RUL,74.84678649902344,83.0
28,Sensor_11_roll_std5,-0.06661412550350093,0.9525349573232234,increases predicted RUL,74.84678649902344,83.0
28,Sensor_4_diff1,-0.0087433105580824,-0.21757362854259554,decreases predicted RUL,74.84678649902344,83.0
28,Sensor_4_roll_mean5,-0.7265398794987433,-2.3168206055415794,decreases predicted RUL,74.84678649902344,83.0
28,Sensor_4_roll_std5,0.4096415143684445,-1.4780736964894459,decreases predicted RUL,74.84678649902344,83.0
28,Sensor_15_diff1,0.00023576641518674001,-1.2088563455763506,decreases predicted RUL,74.84678649902344,83.0
28,Sensor_15_roll_mean5,-0.6261807243101538,-5.113829177571461,decreases predicted RUL,74.84678649902344,83.0
28,Sensor_15_roll_std5,-0.5053410573977046,2.1073872755805496,increases predicted RUL,74.84678649902344,83.0
28,Sensor_12_diff1,-0.0030484403890376622,0.9201226718432736,increases predicted RUL,74.84678649902344,83.0
28,Sensor_12_roll_mean5,0.6258402477003324,-0.4391874545253813,decreases predicted RUL,74.84678649902344,83.0
28,Sensor_12_roll_std5,-0.3786572243003596,1.2905509590636939,increases predicted RUL,74.84678649902344,83.0
28,Sensor_13_diff1,0.0031151752455223693,-0.6463241141755134,decreases predicted RUL,74.84678649902344,83.0
28,Sensor_13_roll_mean5,-0.4592566002770136,0.08869579649763182,increases predicted RUL,74.84678649902344,83.0
28,Sensor_13_roll_std5,-0.4442447534871598,1.367514146026224,increases predicted RUL,74.84678649902344,83.0
28,Sensor_8_diff1,0.01368755666476628,-0.9620031309314072,decreases predicted RUL,74.84678649902344,83.0
28,Sensor_8_roll_mean5,-0.4781731548302666,1.5537422777561005,increases predicted RUL,74.84678649902344,83.0
28,Sensor_8_roll_std5,-0.5047389957148298,0.37513983639655635,increases predicted RUL,74.84678649902344,83.0
28,Regime_OneHot_0,0.07084978999945386,0.4424953043926507,increases predicted RUL,74.84678649902344,83.0
28,Regime_OneHot_1,0.19927815388509873,1.982508425367996,increases predicted RUL,74.84678649902344,83.0
28,Regime_OneHot_2,-0.03024172498181454,-0.3877390041016042,decreases predicted RUL,74.84678649902344,83.0
28,Regime_OneHot_3,-0.028201445608400724,3.4399725317489356,increases predicted RUL,74.84678649902344,83.0
28,Regime_OneHot_4,0.026682205152767525,-0.11076847254298627,decreases predicted RUL,74.84678649902344,83.0
28,Regime_OneHot_5,-0.2526068831667526,-0.08987064729444683,decreases predicted RUL,74.84678649902344,83.0
29,Regime_ID,2.06,0.7869438659399748,increases predicted RUL,46.840309143066406,78.0
29,Sensor_1,0.1437689374281501,-0.11674511479213834,decreases predicted RUL,46.840309143066406,78.0
29,Sensor_2,-0.15292627470100717,1.3353899880312383,increases predicted RUL,46.840309143066406,78.0
29,Sensor_3,-0.07461973568183006,1.7717800651444122,increases predicted RUL,46.840309143066406,78.0
29,Sensor_4,-0.18980240561022874,-1.4876189654460177,decreases predicted RUL,46.840309143066406,78.0
29,Sensor_5,0.12435325894484714,0.023307441733777523,increases predicted RUL,46.840309143066406,78.0
29,Sensor_6,0.1591556761430172,-0.3763495439197868,decreases predicted RUL,46.840309143066406,78.0
29,Sensor_7,0.13660648084347093,1.918114015366882,increases predicted RUL,46.840309143066406,78.0
29,Sensor_8,0.49423347385670396,-0.2914475739817135,decreases predicted RUL,46.840309143066406,78.0
29,Sensor_9,1.0006276752852719,-7.045535369310528,decreases predicted RUL,46.840309143066406,78.0
29,Sensor_10,0.0957609415032154,-0.8495108794304542,decreases predicted RUL,46.840309143066406,78.0
29,Sensor_11,-0.21821026347751765,-0.8495367304421961,decreases predicted RUL,46.840309143066406,78.0
29,Sensor_12,0.09861201035799909,0.5733437050366774,increases predicted RUL,46.840309143066406,78.0
29,Sensor_13,0.49148612170945216,1.3172139283269644,increases predicted RUL,46.840309143066406,78.0
29,Sensor_14,0.9237668841228498,2.3971159633947536,increases predicted RUL,46.840309143066406,78.0
29,Sensor_15,-0.12028155710069306,3.6954338509822264,increases predicted RUL,46.840309143066406,78.0
29,Sensor_17,-0.07785383425986007,0.1073542709928006,increases predicted RUL,46.840309143066406,78.0
29,Sensor_18,0.0,0.0,decreases predicted RUL,46.840309143066406,78.0
29,Sensor_19,0.028201445609280677,-0.8936748495325446,decreases predicted RUL,46.840309143066406,78.0
29,Sensor_20,0.1820590217340623,-0.2797088962979615,decreases predicted RUL,46.840309143066406,78.0
29,Sensor_21,-0.10559905567857006,1.1907138784590643,increases predicted RUL,46.840309143066406,78.0
29,Sensor_11_diff1,-0.013075985063218755,-0.5058355489745736,decreases predicted RUL,46.840309143066406,78.0
29,Sensor_11_roll_mean5,-0.2475850007646751,-2.70965819619596,decreases predicted RUL,46.840309143066406,78.0
29,Sensor_11_roll_std5,0.01259795308207426,-0.6778255408862606,decreases predicted RUL,46.840309143066406,78.0
29,Sensor_4_diff1,-0.008910091369178428,-1.270056904759258,decreases predicted RUL,46.840309143066406,78.0
29,Sensor_4_roll_mean5,-0.2232276923239282,-4.497455231845379,decreases predicted RUL,46.840309143066406,78.0
29,Sensor_4_roll_std5,-0.048110593946916164,0.06896912609227002,increases predicted RUL,46.840309143066406,78.0
29,Sensor_15_diff1,0.018575230205308702,-1.2281818503397517,decreases predicted RUL,46.840309143066406,78.0
29,Sensor_15_roll_mean5,-0.17863927827294454,-2.441305181127973,decreases predicted RUL,46.840309143066406,78.0
29,Sensor_15_roll_std5,-0.19330048556314255,-1.168132419232279,decreases predicted RUL,46.840309143066406,78.0
29,Sensor_12_diff1,-0.009856499145186735,-1.3151399470807519,decreases predicted RUL,46.840309143066406,78.0
29,Sensor_12_roll_mean5,0.14257196627139107,-1.4214595934099634,decreases predicted RUL,46.840309143066406,78.0
29,Sensor_12_roll_std5,-0.3753372612305349,-0.4537562004989013,decreases predicted RUL,46.840309143066406,78.0
29,Sensor_13_diff1,0.0012114908370474088,-1.34590878765448,decreases predicted RUL,46.840309143066406,78.0
29,Sensor_13_roll_mean5,0.6666083335124828,-0.8299083124147728,decreases predicted RUL,46.840309143066406,78.0
29,Sensor_13_roll_std5,0.24501411566473988,5.620755838230252,increases predicted RUL,46.840309143066406,78.0
29,Sensor_8_diff1,0.0004632815721549921,-0.4838565928657772,decreases predicted RUL,46.840309143066406,78.0
29,Sensor_8_roll_mean5,0.6750630733620717,0.45020343171199784,increases predicted RUL,46.840309143066406,78.0
29,Sensor_8_roll_std5,0.2531581542810572,-1.3188835190958343,decreases predicted RUL,46.840309143066406,78.0
29,Regime_OneHot_0,0.02462150227655753,-0.31017819652333856,decreases predicted RUL,46.840309143066406,78.0
29,Regime_OneHot_1,-0.025364665605464312,-0.9883742504753172,decreases predicted RUL,46.840309143066406,78.0
29,Regime_OneHot_2,0.19329935120488603,-0.3914686663192697,decreases predicted RUL,46.840309143066406,78.0
29,Regime_OneHot_3,-0.02820144560840073,0.3519867812283337,increases predicted RUL,46.840309143066406,78.0
29,Regime_OneHot_4,-0.02925837103743794,-0.2131531280465424,decreases predicted RUL,46.840309143066406,78.0
29,Regime_OneHot_5,-0.1406655484007052,-0.14262518638861366,decreases predicted RUL,46.840309143066406,78.0
30,Regime_ID,2.14,2.301479233428836,increases predicted RUL,93.07902526855469,75.0
30,Sensor_1,0.09727296893107937,1.1280441768467426,increases predicted RUL,93.07902526855469,75.0
30,Sensor_2,-0.5979731134601911,4.973239983781241,increases predicted RUL,93.07902526855469,75.0
30,Sensor_3,-0.5190030765340847,3.8673346444265917,increases predicted RUL,93.07902526855469,75.0
30,Sensor_4,-0.82654547172266,3.2442570014391094,increases predicted RUL,93.07902526855469,75.0
30,Sensor_5,-0.05929673088082291,0.9159272550605237,increases predicted RUL,93.07902526855469,75.0
30,Sensor_6,-0.1965904784479963,0.4900488411076367,increases predicted RUL,93.07902526855469,75.0
30,Sensor_7,0.3676967770624719,4.538851941790199,increases predicted RUL,93.07902526855469,75.0
30,Sensor_8,-0.08296565585308407,1.0962305666034808,increases predicted RUL,93.07902526855469,75.0
30,Sensor_9,0.1273146094955043,3.2851998002734035,increases predicted RUL,93.07902526855469,75.0
30,Sensor_10,0.1566822613692642,0.6031017446075566,increases predicted RUL,93.07902526855469,75.0
30,Sensor_11,-0.7591505360789814,2.1102391253225505,increases predicted RUL,93.07902526855469,75.0
30,Sensor_12,0.5734026333470413,3.1997694079764187,increases predicted RUL,93.07902526855469,75.0
30,Sensor_13,-0.025219345078438437,1.0184733223868534,increases predicted RUL,93.07902526855469,75.0
30,Sensor_14,0.22732436996841465,1.494017712539062,increases predicted RUL,93.07902526855469,75.0
30,Sensor_15,-0.7324678198192335,13.051585270091891,increases predicted RUL,93.07902526855469,75.0
30,Sensor_17,-0.5625010140153969,0.30673042219132185,increases predicted RUL,93.07902526855469,75.0
30,Sensor_18,0.0,0.0,decreases predicted RUL,93.07902526855469,75.0
30,Sensor_19,-0.08379885428346152,-4.250352850242052,decreases predicted RUL,93.07902526855469,75.0
30,Sensor_20,0.5318598501856981,-0.05412114693899639,decreases predicted RUL,93.07902526855469,75.0
30,Sensor_21,0.4425975785361388,0.210463079623878,increases predicted RUL,93.07902526855469,75.0
30,Sensor_11_diff1,0.022493680841659133,-0.7695185435004532,decreases predicted RUL,93.07902526855469,75.0
30,Sensor_11_roll_mean5,-0.8951182509483897,-8.090173725038767,decreases predicted RUL,93.07902526855469,75.0
30,Sensor_11_roll_std5,-0.19056174485227032,-1.5797755686508026,decreases predicted RUL,93.07902526855469,75.0
30,Sensor_4_diff1,-0.02443415372759897,2.4551206934265792,increases predicted RUL,93.07902526855469,75.0
30,Sensor_4_roll_mean5,-0.9664515744042588,-4.68557475876878,decreases predicted RUL,93.07902526855469,75.0
30,Sensor_4_roll_std5,0.11906676552965173,-1.8561381735489704,decreases predicted RUL,93.07902526855469,75.0
30,Sensor_15_diff1,-0.02340336687861794,1.4053707265411504,increases predicted RUL,93.07902526855469,75.0
30,Sensor_15_roll_mean5,-0.863320002911425,-7.282162461720873,decreases predicted RUL,93.07902526855469,75.0
30,Sensor_15_roll_std5,0.14228387834229753,-1.044961294886889,decreases predicted RUL,93.07902526855469,75.0
30,Sensor_12_diff1,-0.008895201027555201,-1.9789140208158642,decreases predicted RUL,93.07902526855469,75.0
30,Sensor_12_roll_mean5,0.8683948495991187,0.17322285102272872,increases predicted RUL,93.07902526855469,75.0
30,Sensor_12_roll_std5,0.3887797512254904,2.2210547185968608,increases predicted RUL,93.07902526855469,75.0
30,Sensor_13_diff1,0.02409825367333686,-0.6882090400904417,decreases predicted RUL,93.07902526855469,75.0
30,Sensor_13_roll_mean5,-0.08250808886432683,-1.9097732370719314,decreases predicted RUL,93.07902526855469,75.0
30,Sensor_13_roll_std5,0.11422987433423834,5.914691042387858,increases predicted RUL,93.07902526855469,75.0
30,Sensor_8_diff1,0.028240108292907115,-0.6281257212394848,decreases predicted RUL,93.07902526855469,75.0
30,Sensor_8_roll_mean5,-0.17188354240981515,0.36895202682353556,increases predicted RUL,93.07902526855469,75.0
30,Sensor_8_roll_std5,0.31047843985376483,0.2609308901010081,increases predicted RUL,93.07902526855469,75.0
30,Regime_OneHot_0,0.02462150227655755,0.9684590908000246,increases predicted RUL,93.07902526855469,75.0
30,Regime_OneHot_1,0.08695674413981712,-0.7923879310837947,decreases predicted RUL,93.07902526855469,75.0
30,Regime_OneHot_2,-0.030241724981814575,-1.661046753766641,decreases predicted RUL,93.07902526855469,75.0
30,Regime_OneHot_3,0.08379885428132063,4.920288985595107,increases predicted RUL,93.07902526855469,75.0
30,Regime_OneHot_4,-0.25302067579826004,-0.692923181457445,decreases predicted RUL,93.07902526855469,75.0
30,Regime_OneHot_5,0.08321712113138961,1.1194946448522387,increases predicted RUL,93.07902526855469,75.0
31,Regime_ID,2.08,-0.19177349099845742,decreases predicted RUL,13.638282775878906,11.0
31,Sensor_1,-0.10033489718147127,-0.2561249272839632,decreases predicted RUL,13.638282775878906,11.0
31,Sensor_2,0.7805901649566956,-3.6197851105825976,decreases predicted RUL,13.638282775878906,11.0
31,Sensor_3,0.7222987545164645,-3.0694096266524866,decreases predicted RUL,13.638282775878906,11.0
31,Sensor_4,0.9323433763903433,-4.43862505746074,decreases predicted RUL,13.638282775878906,11.0
31,Sensor_5,-0.054705481135181165,0.4602253769990057,increases predicted RUL,13.638282775878906,11.0
31,Sensor_6,0.4502931073226737,-2.122118342027534,decreases predicted RUL,13.638282775878906,11.0
31,Sensor_7,-0.6830684952068526,-1.6949764162418433,decreases predicted RUL,13.638282775878906,11.0
31,Sensor_8,0.6364277813136728,-0.9530132087529637,decreases predicted RUL,13.638282775878906,11.0
31,Sensor_9,0.6109572291434092,-4.13681566901505,decreases predicted RUL,13.638282775878906,11.0
31,Sensor_10,-0.2761183536563149,-0.5524241181265097,decreases predicted RUL,13.638282775878906,11.0
31,Sensor_11,0.9275312641398018,-5.961858585942537,decreases predicted RUL,13.638282775878906,11.0
31,Sensor_12,-0.5541750671739983,-1.5037917557056062,decreases predicted RUL,13.638282775878906,11.0
31,Sensor_13,0.6277548141562882,-0.5956162048096303,decreases predicted RUL,13.638282775878906,11.0
31,Sensor_14,0.5183515712746042,0.7498409980908036,increases predicted RUL,13.638282775878906,11.0
31,Sensor_15,1.0683999123627337,-9.413261758163571,decreases predicted RUL,13.638282775878906,11.0
31,Sensor_17,0.8345963455015432,-1.9394864295609295,decreases predicted RUL,13.638282775878906,11.0
31,Sensor_18,0.0,0.0,decreases predicted RUL,13.638282775878906,11.0
31,Sensor_19,0.08420159555565167,-1.401478394633159,decreases predicted RUL,13.638282775878906,11.0
31,Sensor_20,-0.41175603164753405,0.06529538016184233,increases predicted RUL,13.638282775878906,11.0
31,Sensor_21,-0.5591263423765637,-0.004891908029094338,decreases predicted RUL,13.638282775878906,11.0
31,Sensor_11_diff1,0.02257967323804881,-0.7218015149701387,decreases predicted RUL,13.638282775878906,11.0
31,Sensor_11_roll_mean5,1.0190387696958496,-1.3686188014689833,decreases predicted RUL,13.638282775878906,11.0
31,Sensor_11_roll_std5,0.17808408265035233,0.21572004386689514,increases predicted RUL,13.638282775878906,11.0
31,Sensor_4_diff1,0.022556348461094416,-0.7516540442593396,decreases predicted RUL,13.638282775878906,11.0
31,Sensor_4_roll_mean5,1.0736448168445238,0.6716631335148122,increases predicted RUL,13.638282775878906,11.0
31,Sensor_4_roll_std5,-0.541438461632361,0.4309652268420905,increases predicted RUL,13.638282775878906,11.0
31,Sensor_15_diff1,0.03729731576267611,0.07258794538211077,increases predicted RUL,13.638282775878906,11.0
31,Sensor_15_roll_mean5,1.2366209051260402,2.7710847496055067,increases predicted RUL,13.638282775878906,11.0
31,Sensor_15_roll_std5,0.43318122294779676,-0.10470086027635261,decreases predicted RUL,13.638282775878906,11.0
31,Sensor_12_diff1,0.014522489452949762,-0.2160059962188825,decreases predicted RUL,13.638282775878906,11.0
31,Sensor_12_roll_mean5,-0.8682612252308425,0.6634508180432022,increases predicted RUL,13.638282775878906,11.0
31,Sensor_12_roll_std5,0.2001047313015346,-0.34019689708657097,decreases predicted RUL,13.638282775878906,11.0
31,Sensor_13_diff1,0.023704095094961578,-0.6389202773571014,decreases predicted RUL,13.638282775878906,11.0
31,Sensor_13_roll_mean5,0.7882330598657425,-0.011987038305960596,decreases predicted RUL,13.638282775878906,11.0
31,Sensor_13_roll_std5,-0.6737164978661095,0.8989444589242339,increases predicted RUL,13.638282775878906,11.0
31,Sensor_8_diff1,0.00426400246638545,-0.3548775047529489,decreases predicted RUL,13.638282775878906,11.0
31,Sensor_8_roll_mean5,0.8304257364774292,1.4256181007949635,increases predicted RUL,13.638282775878906,11.0
31,Sensor_8_roll_std5,-0.6706224527258076,0.26851071120472625,increases predicted RUL,13.638282775878906,11.0
31,Regime_OneHot_0,0.16330636544524627,-0.7476356424158439,decreases predicted RUL,13.638282775878906,11.0
31,Regime_OneHot_1,0.030796039267176455,-1.1742680385359563,decreases predicted RUL,13.638282775878906,11.0
31,Regime_OneHot_2,-0.14201226307516482,-0.6827911655127537,decreases predicted RUL,13.638282775878906,11.0
31,Regime_OneHot_3,-0.0842015955532614,0.45182298350846395,increases predicted RUL,13.638282775878906,11.0
31,Regime_OneHot_4,-0.029258371037437926,-0.013465235009789467,decreases predicted RUL,13.638282775878906,11.0
31,Regime_OneHot_5,0.027246453748365856,-0.21436132490634918,decreases predicted RUL,13.638282775878906,11.0
32,Regime_ID,2.6,2.585189964156598,increases predicted RUL,65.01361083984375,53.0
32,Sensor_1,-0.04221493656013284,2.8774400847032666,increases predicted RUL,65.01361083984375,53.0
32,Sensor_2,0.49047243686942105,-2.8421925530419685,decreases predicted RUL,65.01361083984375,53.0
32,Sensor_3,0.33974941901699784,-1.5855542324134149,decreases predicted RUL,65.01361083984375,53.0
32,Sensor_4,0.8033245403639627,3.258369199000299,increases predicted RUL,65.01361083984375,53.0
32,Sensor_5,-0.07766172986338991,-0.11342209845315665,decreases predicted RUL,65.01361083984375,53.0
32,Sensor_6,0.3557164056674695,-2.2953712983289734,decreases predicted RUL,65.01361083984375,53.0
32,Sensor_7,-0.3971853945103011,-1.8434896264225245,decreases predicted RUL,65.01361083984375,53.0
32,Sensor_8,-0.1396936319739636,-0.6007065577432513,decreases predicted RUL,65.01361083984375,53.0
32,Sensor_9,-0.91792514875221,9.431022780714557,increases predicted RUL,65.01361083984375,53.0
32,Sensor_10,-0.14311396072519783,-1.44268828730128,decreases predicted RUL,65.01361083984375,53.0
32,Sensor_11,0.7724778784082599,-4.750407828949392,decreases predicted RUL,65.01361083984375,53.0
32,Sensor_12,-0.7101185635766604,-2.9085197715321556,decreases predicted RUL,65.01361083984375,53.0
32,Sensor_13,-0.15479964638260554,0.9150718323071487,increases predicted RUL,65.01361083984375,53.0
32,Sensor_14,-1.0256025354377745,-1.1444022147916257,decreases predicted RUL,65.01361083984375,53.0
32,Sensor_15,0.8311407569167781,-15.644357471261173,decreases predicted RUL,65.01361083984375,53.0
32,Sensor_17,0.2638571697826724,0.12863861257210374,increases predicted RUL,65.01361083984375,53.0
32,Sensor_18,0.0,0.0,decreases predicted RUL,65.01361083984375,53.0
32,Sensor_19,0.08420159555565176,1.8888704543933272,increases predicted RUL,65.01361083984375,53.0
32,Sensor_20,-0.6474996939648554,3.1270809595880564,increases predicted RUL,65.01361083984375,53.0
32,Sensor_21,-0.42019017213501597,2.2191959366900846,increases predicted RUL,65.01361083984375,53.0
32,Sensor_11_diff1,-0.01950125527161382,-0.015389984706416726,decreases predicted RUL,65.01361083984375,53.0
32,Sensor_11_roll_mean5,0.9116117851040265,4.540196498914156,increases predicted RUL,65.01361083984375,53.0
32,Sensor_11_roll_std5,-0.333620279854218,0.7194423524197191,increases predicted RUL,65.01361083984375,53.0
32,Sensor_4_diff1,-0.015177647223530327,3.5054306383244693,increases predicted RUL,65.01361083984375,53.0
32,Sensor_4_roll_mean5,1.019731051132169,2.5838234308175743,increases predicted RUL,65.01361083984375,53.0
32,Sensor_4_roll_std5,0.13229087880474116,0.34505596139933914,increases predicted RUL,65.01361083984375,53.0
32,Sensor_15_diff1,0.04041820899548628,2.348735853098333,increases predicted RUL,65.01361083984375,53.0
32,Sensor_15_roll_mean5,0.996760552586965,5.216781670227647,increases predicted RUL,65.01361083984375,53.0
32,Sensor_15_roll_std5,-0.21627586034790539,0.017643815255723894,increases predicted RUL,65.01361083984375,53.0
32,Sensor_12_diff1,0.05142342064121239,0.7211969989584759,increases predicted RUL,65.01361083984375,53.0
32,Sensor_12_roll_mean5,-1.1523349738039608,1.8578793313354254,increases predicted RUL,65.01361083984375,53.0
32,Sensor_12_roll_std5,-0.3143834784098458,0.6002599536441267,increases predicted RUL,65.01361083984375,53.0
32,Sensor_13_diff1,-0.016213626138949014,5.084193048067391,increases predicted RUL,65.01361083984375,53.0
32,Sensor_13_roll_mean5,-0.1963507475132869,-0.11174706346355379,decreases predicted RUL,65.01361083984375,53.0
32,Sensor_13_roll_std5,1.0362817831673947,-3.8009715853258967,decreases predicted RUL,65.01361083984375,53.0
32,Sensor_8_diff1,-0.006604643978221458,4.072872090036981,increases predicted RUL,65.01361083984375,53.0
32,Sensor_8_roll_mean5,-0.18686145868740997,0.2108523657079786,increases predicted RUL,65.01361083984375,53.0
32,Sensor_8_roll_std5,0.995269038975538,-10.462067027576268,decreases predicted RUL,65.01361083984375,53.0
32,Regime_OneHot_0,-0.16029164861502745,2.2583206352137495,increases predicted RUL,65.01361083984375,53.0
32,Regime_OneHot_1,-0.025364665605464295,-2.0958590188529342,decreases predicted RUL,65.01361083984375,53.0
32,Regime_OneHot_2,0.025643544064860614,1.0370356971397996,increases predicted RUL,65.01361083984375,53.0
32,Regime_OneHot_3,-0.08420159555326132,-1.5297165351221338,decreases predicted RUL,65.01361083984375,53.0
32,Regime_OneHot_4,0.19450393372338368,-0.15366381872445345,decreases predicted RUL,65.01361083984375,53.0
32,Regime_OneHot_5,0.08321712113138972,1.1143920039758086,increases predicted RUL,65.01361083984375,53.0
33,Regime_ID,2.18,0.9986120772082359,increases predicted RUL,123.13063049316406,173.0
33,Sensor_1,0.074024984682544,0.2363857570453547,increases predicted RUL,123.13063049316406,173.0
33,Sensor_2,-0.9493586879404987,5.799407334066927,increases predicted RUL,123.13063049316406,173.0
33,Sensor_3,-0.7719898871558761,7.962911155773327,increases predicted RUL,123.13063049316406,173.0
33,Sensor_4,-0.9750333157647373,3.105571092106402,increases predicted RUL,123.13063049316406,173.0
33,Sensor_5,0.060075762505862634,-0.17402382008731365,decreases predicted RUL,123.13063049316406,173.0
33,Sensor_6,-0.6608443543723633,4.87061685428489,increases predicted RUL,123.13063049316406,173.0
33,Sensor_7,0.480679578363442,6.357750408235006,increases predicted RUL,123.13063049316406,173.0
33,Sensor_8,-0.5653014351953433,-1.4990870578330941,decreases predicted RUL,123.13063049316406,173.0
33,Sensor_9,-0.3816613371161746,5.142809175653383,increases predicted RUL,123.13063049316406,173.0
33,Sensor_10,0.029093151482816836,-0.6544311553880107,decreases predicted RUL,123.13063049316406,173.0
33,Sensor_11,-1.1583939715270353,11.452177273109555,increases predicted RUL,123.13063049316406,173.0
33,Sensor_12,0.7842762650431322,3.832380147781805,increases predicted RUL,123.13063049316406,173.0
33,Sensor_13,-0.6095949555160651,-0.9406862471660133,decreases predicted RUL,123.13063049316406,173.0
33,Sensor_14,-0.3068718273874904,-0.14919960164115764,decreases predicted RUL,123.13063049316406,173.0
33,Sensor_15,-0.9077245554929394,13.343749662628397,increases predicted RUL,123.13063049316406,173.0
33,Sensor_17,-0.6888672451016141,5.731939595891163,increases predicted RUL,123.13063049316406,173.0
33,Sensor_18,0.0,0.0,decreases predicted RUL,123.13063049316406,173.0
33,Sensor_19,-0.02779870433709024,-1.6269711419008672,decreases predicted RUL,123.13063049316406,173.0
33,Sensor_20,0.5545626040499837,0.2240847604116425,increases predicted RUL,123.13063049316406,173.0
33,Sensor_21,0.7420527682776862,-0.7701482223346829,decreases predicted RUL,123.13063049316406,173.0
33,Sensor_11_diff1,-0.03669254938874935,0.2761992681771517,increases predicted RUL,123.13063049316406,173.0
33,Sensor_11_roll_mean5,-1.2766005291857927,0.11555872671306133,increases predicted RUL,123.13063049316406,173.0
33,Sensor_11_roll_std5,0.42969094969961985,-0.30812186433468014,decreases predicted RUL,123.13063049316406,173.0
33,Sensor_4_diff1,-0.011030378348614134,-0.396786743280245,decreases predicted RUL,123.13063049316406,173.0
33,Sensor_4_roll_mean5,-1.1545977295177088,0.2157992592547089,increases predicted RUL,123.13063049316406,173.0
33,Sensor_4_roll_std5,0.09202132182596098,0.4687235332967248,increases predicted RUL,123.13063049316406,173.0
33,Sensor_15_diff1,0.00338327760040555,-1.2888090018823277,decreases predicted RUL,123.13063049316406,173.0
33,Sensor_15_roll_mean5,-1.118694260169885,-2.6610614582896233,decreases predicted RUL,123.13063049316406,173.0
33,Sensor_15_roll_std5,0.31746113845483753,-1.3038615011028014,decreases predicted RUL,123.13063049316406,173.0
33,Sensor_12_diff1,0.015194619632847033,-0.06776483077555895,decreases predicted RUL,123.13063049316406,173.0
33,Sensor_12_roll_mean5,1.1484077820420457,1.069240776123479,increases predicted RUL,123.13063049316406,173.0
33,Sensor_12_roll_std5,0.17484126247513793,0.766156654288352,increases predicted RUL,123.13063049316406,173.0
33,Sensor_13_diff1,-0.0011872680469109487,-0.7197152050212026,decreases predicted RUL,123.13063049316406,173.0
33,Sensor_13_roll_mean5,-0.8210960107863994,0.25309337984072044,increases predicted RUL,123.13063049316406,173.0
33,Sensor_13_roll_std5,-0.2682114508873783,0.9157110783271492,increases predicted RUL,123.13063049316406,173.0
33,Sensor_8_diff1,-0.00941570702360458,-0.725649950094521,decreases predicted RUL,123.13063049316406,173.0
33,Sensor_8_roll_mean5,-0.7681687870410694,1.6467785181012005,increases predicted RUL,123.13063049316406,173.0
33,Sensor_8_roll_std5,-0.22328001709249684,0.6725063100020634,increases predicted RUL,123.13063049316406,173.0
33,Regime_OneHot_0,-0.06783507316923489,0.11636039039876778,increases predicted RUL,123.13063049316406,173.0
33,Regime_OneHot_1,0.03079603926717648,1.0599731141264783,increases predicted RUL,123.13063049316406,173.0
33,Regime_OneHot_2,0.13741408215821083,-0.33999693438090617,decreases predicted RUL,123.13063049316406,173.0
33,Regime_OneHot_3,0.027798704336460006,0.7769914622331271,increases predicted RUL,123.13063049316406,173.0
33,Regime_OneHot_4,0.026682205152767553,-0.44839043758111075,decreases predicted RUL,123.13063049316406,173.0
33,Regime_OneHot_5,-0.14066554840070528,-0.6780248729046434,decreases predicted RUL,123.13063049316406,173.0
34,Regime_ID,2.22,0.03542453050613403,increases predicted RUL,90.15534210205078,63.0
34,Sensor_1,0.2716328507950946,0.32509190309792757,increases predicted RUL,90.15534210205078,63.0
34,Sensor_2,0.4214772035120598,-1.5139238396659493,decreases predicted RUL,90.15534210205078,63.0
34,Sensor_3,0.13206790261935758,0.046884764451533556,increases predicted RUL,90.15534210205078,63.0
34,Sensor_4,0.30564761588242584,1.302487995941192,increases predicted RUL,90.15534210205078,63.0
34,Sensor_5,0.275864500551025,1.7516025432851166,increases predicted RUL,90.15534210205078,63.0
34,Sensor_6,-0.2744508406640028,5.482560841599479,increases predicted RUL,90.15534210205078,63.0
34,Sensor_7,-0.48560222245341317,3.1856740480288863,increases predicted RUL,90.15534210205078,63.0
34,Sensor_8,-0.9302747478985602,1.945716230373364,increases predicted RUL,90.15534210205078,63.0
34,Sensor_9,-1.388535868654655,13.091624425724149,increases predicted RUL,90.15534210205078,63.0
34,Sensor_10,0.000566671823345305,0.06322198919951916,increases predicted RUL,90.15534210205078,63.0
34,Sensor_11,0.23048278165542332,0.2890703813172877,increases predicted RUL,90.15534210205078,63.0
34,Sensor_12,-0.3671048127650905,-0.16799824126064777,decreases predicted RUL,90.15534210205078,63.0
34,Sensor_13,-0.894258321449487,-7.457785796141252,decreases predicted RUL,90.15534210205078,63.0
34,Sensor_14,-1.4785247291717423,-0.28623689129017293,decreases predicted RUL,90.15534210205078,63.0
34,Sensor_15,0.20008574562980486,4.252278346568346,increases predicted RUL,90.15534210205078,63.0
34,Sensor_17,0.13780219990658446,1.0423264992423356,increases predicted RUL,90.15534210205078,63.0
34,Sensor_18,0.0,0.0,decreases predicted RUL,90.15534210205078,63.0
34,Sensor_19,-0.08379885428346118,-2.175234185066074,decreases predicted RUL,90.15534210205078,63.0
34,Sensor_20,-0.08801529167479626,-0.054058027220889926,decreases predicted RUL,90.15534210205078,63.0
34,Sensor_21,-0.03243094341724744,1.0486825346015394,increases predicted RUL,90.15534210205078,63.0
34,Sensor_11_diff1,-0.021270944641111282,0.9804077479057014,increases predicted RUL,90.15534210205078,63.0
34,Sensor_11_roll_mean5,0.27962399060734183,0.8865177074912935,increases predicted RUL,90.15534210205078,63.0
34,Sensor_11_roll_std5,-0.10453429834085774,-1.1172250150702894,decreases predicted RUL,90.15534210205078,63.0
34,Sensor_4_diff1,-0.00173129523819612,1.2194151268340647,increases predicted RUL,90.15534210205078,63.0
34,Sensor_4_roll_mean5,0.3628924939170006,0.22037369944155216,increases predicted RUL,90.15534210205078,63.0
34,Sensor_4_roll_std5,0.24571847863616547,-1.922918996307999,decreases predicted RUL,90.15534210205078,63.0
34,Sensor_15_diff1,0.03323838119435371,-1.5459769265726209,decreases predicted RUL,90.15534210205078,63.0
34,Sensor_15_roll_mean5,0.23121241656960276,1.4220950113085564,increases predicted RUL,90.15534210205078,63.0
34,Sensor_15_roll_std5,0.6218760265083348,-0.5373216820880771,decreases predicted RUL,90.15534210205078,63.0
34,Sensor_12_diff1,0.04105359043376262,-1.599701110040769,decreases predicted RUL,90.15534210205078,63.0
34,Sensor_12_roll_mean5,-0.5851596190467889,-0.04363073952117702,decreases predicted RUL,90.15534210205078,63.0
34,Sensor_12_roll_std5,0.4616412754394758,1.599019983666949,increases predicted RUL,90.15534210205078,63.0
34,Sensor_13_diff1,-0.008465794789444325,2.8526320699602365,increases predicted RUL,90.15534210205078,63.0
34,Sensor_13_roll_mean5,-1.1567547416065225,1.6796063710935414,increases predicted RUL,90.15534210205078,63.0
34,Sensor_13_roll_std5,0.5510152477003029,5.053266585513484,increases predicted RUL,90.15534210205078,63.0
34,Sensor_8_diff1,-0.011041124940853728,-0.1939695798791945,decreases predicted RUL,90.15534210205078,63.0
34,Sensor_8_roll_mean5,-1.2229777473287893,-1.43136276723817,decreases predicted RUL,90.15534210205078,63.0
34,Sensor_8_roll_std5,0.5556121618379395,-1.6196437895996496,decreases predicted RUL,90.15534210205078,63.0
34,Regime_OneHot_0,-0.021606785446338716,3.531818339601159,increases predicted RUL,90.15534210205078,63.0
34,Regime_OneHot_1,-0.19384678022338675,-2.7508494397843606,decreases predicted RUL,90.15534210205078,63.0
34,Regime_OneHot_2,0.3050698892982362,0.7600203885231167,increases predicted RUL,90.15534210205078,63.0
34,Regime_OneHot_3,0.08379885428132088,3.089513166807592,increases predicted RUL,90.15534210205078,63.0
34,Regime_OneHot_4,-0.08519894722764337,-2.357903181371512,decreases predicted RUL,90.15534210205078,63.0
34,Regime_OneHot_5,-0.08469488101768155,1.9288053098134696,increases predicted RUL,90.15534210205078,63.0
35,Regime_ID,2.5,-0.4037810023437487,decreases predicted RUL,72.63188171386719,100.0
35,Sensor_1,0.2367608744222915,-0.4509740930516273,decreases predicted RUL,72.63188171386719,100.0
35,Sensor_2,-0.01539080224132476,-1.0363495704950765,decreases predicted RUL,72.63188171386719,100.0
35,Sensor_3,0.06841121116555994,1.0479076823685318,increases predicted RUL,72.63188171386719,100.0
35,Sensor_4,-0.0005455712854834615,0.8447881168685853,increases predicted RUL,72.63188171386719,100.0
35,Sensor_5,0.01416326504944511,2.172782868379727,increases predicted RUL,72.63188171386719,100.0
35,Sensor_6,-0.1944329030833896,-0.025703889783471823,decreases predicted RUL,72.63188171386719,100.0
35,Sensor_7,0.06956592430408332,6.6334475197363645,increases predicted RUL,72.63188171386719,100.0
35,Sensor_8,-0.1492761428538712,0.2899556162301451,increases predicted RUL,72.63188171386719,100.0
35,Sensor_9,-0.23820240727738842,1.4314218405052088,increases predicted RUL,72.63188171386719,100.0
35,Sensor_10,0.11390155463552576,-0.376008985331282,decreases predicted RUL,72.63188171386719,100.0
35,Sensor_11,0.020207472698794016,0.9920630156993866,increases predicted RUL,72.63188171386719,100.0
35,Sensor_12,-0.025751478937077917,-3.8191647329367697,decreases predicted RUL,72.63188171386719,100.0
35,Sensor_13,-0.19092368874075716,-0.3608971463982016,decreases predicted RUL,72.63188171386719,100.0
35,Sensor_14,-0.3727261383927379,0.5980011642095633,increases predicted RUL,72.63188171386719,100.0
35,Sensor_15,0.1430643147646843,4.62551036599325,increases predicted RUL,72.63188171386719,100.0
35,Sensor_17,-0.14992907700397873,-1.0511798409279436,decreases predicted RUL,72.63188171386719,100.0
35,Sensor_18,0.0,0.0,decreases predicted RUL,72.63188171386719,100.0
35,Sensor_19,0.1962018954483936,1.5805420454125851,increases predicted RUL,72.63188171386719,100.0
35,Sensor_20,-0.13635030949652255,1.7821144298650324,increases predicted RUL,72.63188171386719,100.0
35,Sensor_21,-0.12641452075841983,-0.1198178119957447,decreases predicted RUL,72.63188171386719,100.0
35,Sensor_11_diff1,0.0036981517469063616,-1.5833047218620777,decreases predicted RUL,72.63188171386719,100.0
35,Sensor_11_roll_mean5,0.01762323016666543,-1.364153549540788,decreases predicted RUL,72.63188171386719,100.0
35,Sensor_11_roll_std5,0.4669798059438632,-0.1412858823314309,decreases predicted RUL,72.63188171386719,100.0
35,Sensor_4_diff1,-0.003487265819680907,-2.186568040458951,decreases predicted RUL,72.63188171386719,100.0
35,Sensor_4_roll_mean5,-0.0015543618944735894,-2.7602048103362904,decreases predicted RUL,72.63188171386719,100.0
35,Sensor_4_roll_std5,-0.17877120901705562,1.4666114016727079,increases predicted RUL,72.63188171386719,100.0
35,Sensor_15_diff1,0.013412026650005564,-0.4191266829147935,decreases predicted RUL,72.63188171386719,100.0
35,Sensor_15_roll_mean5,0.1513739036638991,-1.194548256258713,decreases predicted RUL,72.63188171386719,100.0
35,Sensor_15_roll_std5,-0.07833310947644319,-1.099161216756329,decreases predicted RUL,72.63188171386719,100.0
35,Sensor_12_diff1,0.01975109910318994,0.9224992070812732,increases predicted RUL,72.63188171386719,100.0
35,Sensor_12_roll_mean5,-0.02006290351573448,-0.3485510586760938,decreases predicted RUL,72.63188171386719,100.0
35,Sensor_12_roll_std5,-0.02257362544992487,-0.3478618973167613,decreases predicted RUL,72.63188171386719,100.0
35,Sensor_13_diff1,-0.01367196157806149,-0.45419609639793634,decreases predicted RUL,72.63188171386719,100.0
35,Sensor_13_roll_mean5,-0.2492280589528696,-0.358911878989602,decreases predicted RUL,72.63188171386719,100.0
35,Sensor_13_roll_std5,-0.8125416178488808,1.7197485358919948,increases predicted RUL,72.63188171386719,100.0
35,Sensor_8_diff1,-0.02179204906040281,-0.6371434899047017,decreases predicted RUL,72.63188171386719,100.0
35,Sensor_8_roll_mean5,-0.1907545117958094,-0.6557031813135836,decreases predicted RUL,72.63188171386719,100.0
35,Sensor_8_roll_std5,-0.5650656062939816,0.13427505356958136,increases predicted RUL,72.63188171386719,100.0
35,Regime_OneHot_0,-0.1602916486150274,2.0531268579361495,increases predicted RUL,72.63188171386719,100.0
35,Regime_OneHot_1,-0.0815253704781051,0.16558306256774813,increases predicted RUL,72.63188171386719,100.0
35,Regime_OneHot_2,0.305069889298236,1.498140248702839,increases predicted RUL,72.63188171386719,100.0
35,Regime_OneHot_3,-0.19620189544298283,-1.1941715120337903,decreases predicted RUL,72.63188171386719,100.0
35,Regime_OneHot_4,0.082622781342973,1.175902781635159,increases predicted RUL,72.63188171386719,100.0
35,Regime_OneHot_5,0.0832171211313896,1.5639856985362712,increases predicted RUL,72.63188171386719,100.0
36,Regime_ID,1.76,3.200962472707033,increases predicted RUL,123.05824279785156,151.0
36,Sensor_1,-0.03695355520334042,0.206526453664992,increases predicted RUL,123.05824279785156,151.0
36,Sensor_2,-0.5031667342579528,6.43729251017794,increases predicted RUL,123.05824279785156,151.0
36,Sensor_3,-0.4013232795345661,1.9949031909927726,increases predicted RUL,123.05824279785156,151.0
36,Sensor_4,-0.5849646233947985,4.276173517107964,increases predicted RUL,123.05824279785156,151.0
36,Sensor_5,-0.012669399436216953,-0.2919281190261245,decreases predicted RUL,123.05824279785156,151.0
36,Sensor_6,-0.09958335639327551,-0.3837494252366014,decreases predicted RUL,123.05824279785156,151.0
36,Sensor_7,0.1876237352792752,4.716058470774442,increases predicted RUL,123.05824279785156,151.0
36,Sensor_8,-0.31449315313253867,0.2473251765477471,increases predicted RUL,123.05824279785156,151.0
36,Sensor_9,-0.2006564770202799,1.36967103270581,increases predicted RUL,123.05824279785156,151.0
36,Sensor_10,0.05057162849144608,-0.4036351892282255,decreases predicted RUL,123.05824279785156,151.0
36,Sensor_11,-0.5045773986920323,9.57008434040472,increases predicted RUL,123.05824279785156,151.0
36,Sensor_12,0.36821041643072283,5.2655618835415225,increases predicted RUL,123.05824279785156,151.0
36,Sensor_13,-0.32893655704494223,-0.23258938919752836,decreases predicted RUL,123.05824279785156,151.0
36,Sensor_14,-0.1224077805767903,0.5284939232515171,increases predicted RUL,123.05824279785156,151.0
36,Sensor_15,-0.500556379911546,13.50988689204678,increases predicted RUL,123.05824279785156,151.0
36,Sensor_17,-0.4066899174673522,2.623563766712323,increases predicted RUL,123.05824279785156,151.0
36,Sensor_18,0.0,0.0,decreases predicted RUL,123.05824279785156,151.0
36,Sensor_19,0.13186615146435715,-2.1293841348960996,decreases predicted RUL,123.05824279785156,151.0
36,Sensor_20,0.38994059189882535,1.3662955584004521,increases predicted RUL,123.05824279785156,151.0
36,Sensor_21,0.19870260611059706,2.6092659481801093,increases predicted RUL,123.05824279785156,151.0
36,Sensor_11_diff1,-0.00478242219632067,0.4653030140325427,increases predicted RUL,123.05824279785156,151.0
36,Sensor_11_roll_mean5,-0.5518305860849357,2.8927938044071198,increases predicted RUL,123.05824279785156,151.0
36,Sensor_11_roll_std5,-0.006569310786551927,0.5854038228280842,increases predicted RUL,123.05824279785156,151.0
36,Sensor_4_diff1,-0.013209036827740212,-0.8984325805795379,decreases predicted RUL,123.05824279785156,151.0
36,Sensor_4_roll_mean5,-0.6737022677086522,2.105335481930524,increases predicted RUL,123.05824279785156,151.0
36,Sensor_4_roll_std5,-0.6866764709935829,-1.2065413887612522,decreases predicted RUL,123.05824279785156,151.0
36,Sensor_15_diff1,-0.03777091362707677,0.12967479770304635,increases predicted RUL,123.05824279785156,151.0
36,Sensor_15_roll_mean5,-0.5657382783286854,3.6774356765672565,increases predicted RUL,123.05824279785156,151.0
36,Sensor_15_roll_std5,-0.07542278557841672,-0.8851299626385298,decreases predicted RUL,123.05824279785156,151.0
36,Sensor_12_diff1,-0.011941348176316589,0.4747893092862796,increases predicted RUL,123.05824279785156,151.0
36,Sensor_12_roll_mean5,0.5208771584769548,-0.4804561738856137,decreases predicted RUL,123.05824279785156,151.0
36,Sensor_12_roll_std5,-0.9313874344678935,-2.7168665496865287,decreases predicted RUL,123.05824279785156,151.0
36,Sensor_13_diff1,-0.0004367423292098083,-0.6071726655354723,decreases predicted RUL,123.05824279785156,151.0
36,Sensor_13_roll_mean5,-0.44294948648935095,0.971183983143419,increases predicted RUL,123.05824279785156,151.0
36,Sensor_13_roll_std5,-0.5232204345342645,0.40676728170365095,increases predicted RUL,123.05824279785156,151.0
36,Sensor_8_diff1,0.009057820789948736,-0.49256596504710615,decreases predicted RUL,123.05824279785156,151.0
36,Sensor_8_roll_mean5,-0.4245837432802248,1.175538186187623,increases predicted RUL,123.05824279785156,151.0
36,Sensor_8_roll_std5,-0.4164794603925826,0.415058487909846,increases predicted RUL,123.05824279785156,151.0
36,Regime_OneHot_0,0.11707807772235011,1.2268620559480041,increases predicted RUL,123.05824279785156,151.0
36,Regime_OneHot_1,0.14311744901245788,-0.6759741848218255,decreases predicted RUL,123.05824279785156,151.0
36,Regime_OneHot_2,0.025643544064860583,-1.0179705981863663,decreases predicted RUL,123.05824279785156,151.0
36,Regime_OneHot_3,-0.14020174549812214,1.0819390547694638,increases predicted RUL,123.05824279785156,151.0
36,Regime_OneHot_4,0.026682205152767507,-0.4724580410402268,decreases predicted RUL,123.05824279785156,151.0
36,Regime_OneHot_5,-0.2526068831667526,-0.6956149759353139,decreases predicted RUL,123.05824279785156,151.0
37,Regime_ID,2.14,1.3043160941451788,increases predicted RUL,49.85348892211914,55.0
37,Sensor_1,-0.07708691293293589,0.7561663864762522,increases predicted RUL,49.85348892211914,55.0
37,Sensor_2,0.46039874306800804,-3.2673665513284504,decreases predicted RUL,49.85348892211914,55.0
37,Sensor_3,0.376952784158645,-1.8549808831885457,decreases predicted RUL,49.85348892211914,55.0
37,Sensor_4,0.5532263538393964,0.7875762673793361,increases predicted RUL,49.85348892211914,55.0
37,Sensor_5,-0.0822529796090316,-0.06642159470357001,decreases predicted RUL,49.85348892211914,55.0
37,Sensor_6,0.23542789682098367,-3.74674199311994,decreases predicted RUL,49.85348892211914,55.0
37,Sensor_7,-0.4236803671263881,0.8460741228191182,increases predicted RUL,49.85348892211914,55.0
37,Sensor_8,-0.3242114506864132,2.032084031496197,increases predicted RUL,49.85348892211914,55.0
37,Sensor_9,-0.8322663762860556,5.757927344977361,increases predicted RUL,49.85348892211914,55.0
37,Sensor_10,-0.13634504814437728,-0.7294077027181629,decreases predicted RUL,49.85348892211914,55.0
37,Sensor_11,0.7423978729620683,-5.119412285392173,decreases predicted RUL,49.85348892211914,55.0
37,Sensor_12,-0.3310452576342472,1.880437197163701,increases predicted RUL,49.85348892211914,55.0
37,Sensor_13,-0.40035904089102364,-2.21663300646469,decreases predicted RUL,49.85348892211914,55.0
37,Sensor_14,-0.9996543179880392,-2.3556933137588203,decreases predicted RUL,49.85348892211914,55.0
37,Sensor_15,0.6312823830080171,-7.571987171962974,decreases predicted RUL,49.85348892211914,55.0
37,Sensor_17,0.4382290995485142,-2.493674627505243,decreases predicted RUL,49.85348892211914,55.0
37,Sensor_18,0.0,0.0,decreases predicted RUL,49.85348892211914,55.0
37,Sensor_19,-0.02779870433709024,1.3365870593406726,increases predicted RUL,49.85348892211914,55.0
37,Sensor_20,-0.37379983170810843,1.016665827599354,increases predicted RUL,49.85348892211914,55.0
37,Sensor_21,-0.47227870270161754,1.9661807415541261,increases predicted RUL,49.85348892211914,55.0
37,Sensor_11_diff1,0.006131631204030552,1.751741411862895,increases predicted RUL,49.85348892211914,55.0
37,Sensor_11_roll_mean5,0.8515338009069658,2.402942326851189,increases predicted RUL,49.85348892211914,55.0
37,Sensor_11_roll_std5,0.1727214634708202,-0.5686014941893518,decreases predicted RUL,49.85348892211914,55.0
37,Sensor_4_diff1,-0.020809646846240665,-2.040412792295683,decreases predicted RUL,49.85348892211914,55.0
37,Sensor_4_roll_mean5,0.6922837842063371,2.250552265206352,increases predicted RUL,49.85348892211914,55.0
37,Sensor_4_roll_std5,-0.5238041678256488,-0.03791192872449756,decreases predicted RUL,49.85348892211914,55.0
37,Sensor_15_diff1,0.01999310870459472,0.9110981631092727,increases predicted RUL,49.85348892211914,55.0
37,Sensor_15_roll_mean5,0.757027217596554,5.050012830994092,increases predicted RUL,49.85348892211914,55.0
37,Sensor_15_roll_std5,-0.08276488541913878,-0.743579652858898,decreases predicted RUL,49.85348892211914,55.0
37,Sensor_12_diff1,0.01500733695499872,-1.0901087251259014,decreases predicted RUL,49.85348892211914,55.0
37,Sensor_12_roll_mean5,-0.5173290208806446,-1.6699362531653605,decreases predicted RUL,49.85348892211914,55.0
37,Sensor_12_roll_std5,-0.6548533678035743,-0.6384962466545403,decreases predicted RUL,49.85348892211914,55.0
37,Sensor_13_diff1,0.00018293763991394875,1.0365124763920903,increases predicted RUL,49.85348892211914,55.0
37,Sensor_13_roll_mean5,-0.5418815866625437,-0.4576053636847064,decreases predicted RUL,49.85348892211914,55.0
37,Sensor_13_roll_std5,0.43470277321922135,-0.418832472525537,decreases predicted RUL,49.85348892211914,55.0
37,Sensor_8_diff1,0.015813140697866036,-0.0011426087003201246,decreases predicted RUL,49.85348892211914,55.0
37,Sensor_8_roll_mean5,-0.4669837292865608,-1.2122612748062238,decreases predicted RUL,49.85348892211914,55.0
37,Sensor_8_roll_std5,0.45999062796725193,-3.462642270606011,decreases predicted RUL,49.85348892211914,55.0
37,Regime_OneHot_0,0.07084978999945384,1.5567583334632218,increases predicted RUL,49.85348892211914,55.0
37,Regime_OneHot_1,0.08695674413981715,-1.6543267818633467,decreases predicted RUL,49.85348892211914,55.0
37,Regime_OneHot_2,-0.14201226307516454,0.27693156665191054,increases predicted RUL,49.85348892211914,55.0
37,Regime_OneHot_3,0.027798704336460017,0.00076341163367033,increases predicted RUL,49.85348892211914,55.0
37,Regime_OneHot_4,-0.0851989472276434,-1.7326339584542438,decreases predicted RUL,49.85348892211914,55.0
37,Regime_OneHot_5,0.0272464537483659,1.8790352915821131,increases predicted RUL,49.85348892211914,55.0
38,Regime_ID,1.86,3.096045026089996,increases predicted RUL,51.76680374145508,48.0
38,Sensor_1,0.07402498468254402,-0.13849207921884954,decreases predicted RUL,51.76680374145508,48.0
38,Sensor_2,1.0231660498858342,-2.6520958468317986,decreases predicted RUL,51.76680374145508,48.0
38,Sensor_3,0.7794241884503245,-3.8628128601703793,decreases predicted RUL,51.76680374145508,48.0
38,Sensor_4,0.8791152476168547,0.03295234963297844,increases predicted RUL,51.76680374145508,48.0
38,Sensor_5,-0.09602672884595688,1.517970341257751,increases predicted RUL,51.76680374145508,48.0
38,Sensor_6,0.35258188627343773,-3.4889893957879394,decreases predicted RUL,51.76680374145508,48.0
38,Sensor_7,-0.752445944982625,-5.326793400105089,decreases predicted RUL,51.76680374145508,48.0
38,Sensor_8,0.4836975035024464,0.6641667711228365,increases predicted RUL,51.76680374145508,48.0
38,Sensor_9,0.33236941648685125,-4.912715234328061,decreases predicted RUL,51.76680374145508,48.0
38,Sensor_10,0.05332832813786736,-0.2941725431010127,decreases predicted RUL,51.76680374145508,48.0
38,Sensor_11,0.9481748069996521,-4.367692698724568,decreases predicted RUL,51.76680374145508,48.0
38,Sensor_12,-0.7698231424595326,-2.8433773058932275,decreases predicted RUL,51.76680374145508,48.0
38,Sensor_13,0.41783216650969995,2.7191455310821766,increases predicted RUL,51.76680374145508,48.0
38,Sensor_14,0.15936004142898405,1.2248034591320902,increases predicted RUL,51.76680374145508,48.0
38,Sensor_15,0.7289122171700357,-12.361474759876728,decreases predicted RUL,51.76680374145508,48.0
38,Sensor_17,0.6882185219886857,-1.0025167826679535,decreases predicted RUL,51.76680374145508,48.0
38,Sensor_18,0.0,0.0,decreases predicted RUL,51.76680374145508,48.0
38,Sensor_19,-0.027798704337090217,-0.38951887749135494,decreases predicted RUL,51.76680374145508,48.0
38,Sensor_20,-0.46075505576538156,2.3087921284604818,increases predicted RUL,51.76680374145508,48.0
38,Sensor_21,-0.6857278145405159,3.0852532994467765,increases predicted RUL,51.76680374145508,48.0
38,Sensor_11_diff1,-0.0003802714236062421,0.611837325617671,increases predicted RUL,51.76680374145508,48.0
38,Sensor_11_roll_mean5,1.1137224368935892,2.3558699134737253,increases predicted RUL,51.76680374145508,48.0
38,Sensor_11_roll_std5,0.1646052291656164,1.0885045079048723,increases predicted RUL,51.76680374145508,48.0
38,Sensor_4_diff1,-0.022429527934891454,0.6259382623247802,increases predicted RUL,51.76680374145508,48.0
38,Sensor_4_roll_mean5,1.0967304924910668,2.096415928681381,increases predicted RUL,51.76680374145508,48.0
38,Sensor_4_roll_std5,-0.15918973352915786,-0.4620171011192724,decreases predicted RUL,51.76680374145508,48.0
38,Sensor_15_diff1,0.009996898098659395,0.2890394786372781,increases predicted RUL,51.76680374145508,48.0
38,Sensor_15_roll_mean5,0.8736090800836986,5.913834108854644,increases predicted RUL,51.76680374145508,48.0
38,Sensor_15_roll_std5,0.027351682085803967,-0.6758195100701414,decreases predicted RUL,51.76680374145508,48.0
38,Sensor_12_diff1,0.03307047386187752,0.6126856971532106,increases predicted RUL,51.76680374145508,48.0
38,Sensor_12_roll_mean5,-1.2074420502583805,5.804847183637321,increases predicted RUL,51.76680374145508,48.0
38,Sensor_12_roll_std5,-0.21169747709093303,1.9745735140750185,increases predicted RUL,51.76680374145508,48.0
38,Sensor_13_diff1,-0.012721874827450075,-0.5981127493432723,decreases predicted RUL,51.76680374145508,48.0
38,Sensor_13_roll_mean5,0.5758430795389974,-2.12361952685751,decreases predicted RUL,51.76680374145508,48.0
38,Sensor_13_roll_std5,-0.5134976433019965,2.489528378995601,increases predicted RUL,51.76680374145508,48.0
38,Sensor_8_diff1,-0.0036576057391930618,-0.263314435724169,decreases predicted RUL,51.76680374145508,48.0
38,Sensor_8_roll_mean5,0.6601792204392471,0.34793284127954394,increases predicted RUL,51.76680374145508,48.0
38,Sensor_8_roll_std5,-0.45307809505291624,-0.18869963742326945,decreases predicted RUL,51.76680374145508,48.0
38,Regime_OneHot_0,0.024621502276557593,0.3692361698485911,increases predicted RUL,51.76680374145508,48.0
38,Regime_OneHot_1,0.25543885875773936,1.6655703778378665,increases predicted RUL,51.76680374145508,48.0
38,Regime_OneHot_2,0.02564354406486057,0.8836426897905767,increases predicted RUL,51.76680374145508,48.0
38,Regime_OneHot_3,0.027798704336460044,1.3999539924552664,increases predicted RUL,51.76680374145508,48.0
38,Regime_OneHot_4,-0.19708009960805448,-0.8142106957966462,decreases predicted RUL,51.76680374145508,48.0
38,Regime_OneHot_5,-0.14066554840070516,0.0905553326010704,increases predicted RUL,51.76680374145508,48.0
39,Regime_ID,2.08,1.7969599848147482,increases predicted RUL,37.3003044128418,37.0
39,Sensor_1,-0.007342960187329799,0.8456841408042237,increases predicted RUL,37.3003044128418,37.0
39,Sensor_2,0.6305896618588871,-3.0732399393600645,decreases predicted RUL,37.3003044128418,37.0
39,Sensor_3,0.8414024754346758,-5.864440186414868,decreases predicted RUL,37.3003044128418,37.0
39,Sensor_4,1.0840429324834333,0.0036290688440203667,increases predicted RUL,37.3003044128418,37.0
39,Sensor_5,0.00038951581251988276,-0.06893132394179702,decreases predicted RUL,37.3003044128418,37.0
39,Sensor_6,0.42577317429026756,-3.4949650692287832,decreases predicted RUL,37.3003044128418,37.0
39,Sensor_7,-0.7762709550740713,-3.8345499307615682,decreases predicted RUL,37.3003044128418,37.0
39,Sensor_8,0.2167446028542366,-0.08971530303824693,decreases predicted RUL,37.3003044128418,37.0
39,Sensor_9,0.07514439563538175,-2.3281018437701277,decreases predicted RUL,37.3003044128418,37.0
39,Sensor_10,-0.12253035928130807,-0.645536343799904,decreases predicted RUL,37.3003044128418,37.0
39,Sensor_11,1.1439890732413902,-8.423353570513427,decreases predicted RUL,37.3003044128418,37.0
39,Sensor_12,-0.5118034906339451,-1.5833105989731848,decreases predicted RUL,37.3003044128418,37.0
39,Sensor_13,0.28991778693347153,1.4974531748448499,increases predicted RUL,37.3003044128418,37.0
39,Sensor_14,-0.10915009774103851,0.739033836463932,increases predicted RUL,37.3003044128418,37.0
39,Sensor_15,1.128596474143776,-19.99770293571055,decreases predicted RUL,37.3003044128418,37.0
39,Sensor_17,0.7248736959244917,-1.8275665729306638,decreases predicted RUL,37.3003044128418,37.0
39,Sensor_18,0.0,0.0,decreases predicted RUL,37.3003044128418,37.0
39,Sensor_19,0.14020174550202263,-0.07258540950715542,decreases predicted RUL,37.3003044128418,37.0
39,Sensor_20,-0.641164539424672,1.0241742455400527,increases predicted RUL,37.3003044128418,37.0
39,Sensor_21,-0.6462194087920098,1.2684630459116306,increases predicted RUL,37.3003044128418,37.0
39,Sensor_11_diff1,-0.014946952405606197,0.8508360311388969,increases predicted RUL,37.3003044128418,37.0
39,Sensor_11_roll_mean5,1.3037374608832237,-0.2251757998019457,decreases predicted RUL,37.3003044128418,37.0
39,Sensor_11_roll_std5,-0.10331688033584221,-0.23925548477564007,decreases predicted RUL,37.3003044128418,37.0
39,Sensor_4_diff1,0.03920549962506642,0.43237650161609054,increases predicted RUL,37.3003044128418,37.0
39,Sensor_4_roll_mean5,1.302642553393438,3.683557386510074,increases predicted RUL,37.3003044128418,37.0
39,Sensor_4_roll_std5,0.2598426132978017,1.0259894243808958,increases predicted RUL,37.3003044128418,37.0
39,Sensor_15_diff1,0.03035172416317853,-1.0361069198697805,decreases predicted RUL,37.3003044128418,37.0
39,Sensor_15_roll_mean5,1.3458879237536567,9.705974301323295,increases predicted RUL,37.3003044128418,37.0
39,Sensor_15_roll_std5,0.0865448566986603,-0.037501543993130326,decreases predicted RUL,37.3003044128418,37.0
39,Sensor_12_diff1,0.02572005265065136,0.24775718245655298,increases predicted RUL,37.3003044128418,37.0
39,Sensor_12_roll_mean5,-0.7924218378459549,1.664833266986534,increases predicted RUL,37.3003044128418,37.0
39,Sensor_12_roll_std5,-0.04174294908804242,-0.4376723723253235,decreases predicted RUL,37.3003044128418,37.0
39,Sensor_13_diff1,-0.008907500462020143,-0.14331030193716288,decreases predicted RUL,37.3003044128418,37.0
39,Sensor_13_roll_mean5,0.37794900151143823,-0.05192424129927531,decreases predicted RUL,37.3003044128418,37.0
39,Sensor_13_roll_std5,-0.14522196972946363,0.5058614206063794,increases predicted RUL,37.3003044128418,37.0
39,Sensor_8_diff1,-0.008700705561064719,-0.8495056956307963,decreases predicted RUL,37.3003044128418,37.0
39,Sensor_8_roll_mean5,0.28001660433859266,0.3619560215738602,increases predicted RUL,37.3003044128418,37.0
39,Sensor_8_roll_std5,-0.4738709703911303,-0.4935224667424336,decreases predicted RUL,37.3003044128418,37.0
39,Regime_OneHot_0,0.16330636544524627,-0.7092585302889347,decreases predicted RUL,37.3003044128418,37.0
39,Regime_OneHot_1,-0.025364665605464385,0.97688662877772,increases predicted RUL,37.3003044128418,37.0
39,Regime_OneHot_2,-0.030241724981814513,0.4656398802762851,increases predicted RUL,37.3003044128418,37.0
39,Regime_OneHot_3,-0.14020174549812214,0.2993518068906269,increases predicted RUL,37.3003044128418,37.0
39,Regime_OneHot_4,-0.029258371037437975,-0.6706896966788918,decreases predicted RUL,37.3003044128418,37.0
39,Regime_OneHot_5,0.027246453748365925,2.389260475989431,increases predicted RUL,37.3003044128418,37.0
40,Regime_ID,2.1,-0.2868551220744848,decreases predicted RUL,32.27675247192383,44.0
40,Sensor_1,0.2251368822980239,0.1446564902435057,increases predicted RUL,32.27675247192383,44.0
40,Sensor_2,0.7158035787082134,-2.9367794616846368,decreases predicted RUL,32.27675247192383,44.0
40,Sensor_3,0.7005817879907669,-3.610817045904696,decreases predicted RUL,32.27675247192383,44.0
40,Sensor_4,0.718812847066265,-2.704708267468959,decreases predicted RUL,32.27675247192383,44.0
40,Sensor_5,0.294229499533592,1.4618326565250754,increases predicted RUL,32.27675247192383,44.0
40,Sensor_6,0.39721941150329854,-4.189650522719603,decreases predicted RUL,32.27675247192383,44.0
40,Sensor_7,-0.6220424639742155,-1.9916653317777673,decreases predicted RUL,32.27675247192383,44.0
40,Sensor_8,-0.14038241352768036,0.08523861540015787,increases predicted RUL,32.27675247192383,44.0
40,Sensor_9,-0.21148486056497456,-0.20112383842933923,decreases predicted RUL,32.27675247192383,44.0
40,Sensor_10,-0.06945722066726687,-0.2798401031177491,decreases predicted RUL,32.27675247192383,44.0
40,Sensor_11,0.9756440929800501,-4.387880502268672,decreases predicted RUL,32.27675247192383,44.0
40,Sensor_12,-0.6944622428033059,-0.6119018155150115,decreases predicted RUL,32.27675247192383,44.0
40,Sensor_13,-0.14648274393286212,-0.6849674592085648,decreases predicted RUL,32.27675247192383,44.0
40,Sensor_14,-0.3996258575646439,-0.010195253300480545,decreases predicted RUL,32.27675247192383,44.0
40,Sensor_15,1.0149931565197932,-16.19850123114884,decreases predicted RUL,32.27675247192383,44.0
40,Sensor_17,0.5868335861143376,-0.5075036505004391,decreases predicted RUL,32.27675247192383,44.0
40,Sensor_18,0.0,0.0,decreases predicted RUL,32.27675247192383,44.0
40,Sensor_19,-0.13979900422983232,0.045653188484720886,increases predicted RUL,32.27675247192383,44.0
40,Sensor_20,-0.42017302178658694,1.65855417936109,increases predicted RUL,32.27675247192383,44.0
40,Sensor_21,-0.481230061170582,1.330280983413104,increases predicted RUL,32.27675247192383,44.0
40,Sensor_11_diff1,0.006790966579711344,-0.9061337582534179,decreases predicted RUL,32.27675247192383,44.0
40,Sensor_11_roll_mean5,1.0916605697526898,1.4791326173581183,increases predicted RUL,32.27675247192383,44.0
40,Sensor_11_roll_std5,-0.03714030381126393,0.6962523742113262,increases predicted RUL,32.27675247192383,44.0
40,Sensor_4_diff1,0.014249483977801125,0.5665391637012362,increases predicted RUL,32.27675247192383,44.0
40,Sensor_4_roll_mean5,0.8544877344971167,2.2641146217356436,increases predicted RUL,32.27675247192383,44.0
40,Sensor_4_roll_std5,0.32016640804494245,0.44961576687637717,increases predicted RUL,32.27675247192383,44.0
40,Sensor_15_diff1,0.02618219454017026,-1.0609751814045012,decreases predicted RUL,32.27675247192383,44.0
40,Sensor_15_roll_mean5,1.2038978253037342,6.715789339505136,increases predicted RUL,32.27675247192383,44.0
40,Sensor_15_roll_std5,-0.24487682877443362,0.048374713944213,increases predicted RUL,32.27675247192383,44.0
40,Sensor_12_diff1,-0.027381930901880763,0.620458107907325,increases predicted RUL,32.27675247192383,44.0
40,Sensor_12_roll_mean5,-0.9523003729390673,1.0166679399553686,increases predicted RUL,32.27675247192383,44.0
40,Sensor_12_roll_std5,0.41149582321027667,-0.39110421514487825,decreases predicted RUL,32.27675247192383,44.0
40,Sensor_13_diff1,-0.03010749133040964,-0.623551495722495,decreases predicted RUL,32.27675247192383,44.0
40,Sensor_13_roll_mean5,-0.19974929492763693,-0.4437819513550494,decreases predicted RUL,32.27675247192383,44.0
40,Sensor_13_roll_std5,-0.41941909802968047,0.22690473799593747,increases predicted RUL,32.27675247192383,44.0
40,Sensor_8_diff1,-0.020037450016887903,-0.45773177611408755,decreases predicted RUL,32.27675247192383,44.0
40,Sensor_8_roll_mean5,-0.16770792169628357,0.30415559859829955,increases predicted RUL,32.27675247192383,44.0
40,Sensor_8_roll_std5,-0.4108467058763836,-0.027402330364566296,decreases predicted RUL,32.27675247192383,44.0
40,Regime_OneHot_0,0.16330636544524627,-0.4412804541643709,decreases predicted RUL,32.27675247192383,44.0
40,Regime_OneHot_1,-0.2500074850960277,-1.9542269189259969,decreases predicted RUL,32.27675247192383,44.0
40,Regime_OneHot_2,0.13741408215821083,0.5047370490428875,increases predicted RUL,32.27675247192383,44.0
40,Regime_OneHot_3,0.1397990042261815,1.4522077913861722,increases predicted RUL,32.27675247192383,44.0
40,Regime_OneHot_4,-0.2530206757982601,-1.588558807503432,decreases predicted RUL,32.27675247192383,44.0
40,Regime_OneHot_5,0.027246453748365863,0.30476728128269315,increases predicted RUL,32.27675247192383,44.0
41,Regime_ID,2.34,-0.9149581651727203,decreases predicted RUL,22.765483856201172,27.0
41,Sensor_1,-0.05383892868440054,0.2520535332732834,increases predicted RUL,22.765483856201172,27.0
41,Sensor_2,0.48585019889324754,-2.212593059055507,decreases predicted RUL,22.765483856201172,27.0
41,Sensor_3,0.40084262988794334,-1.693948824191466,decreases predicted RUL,22.765483856201172,27.0
41,Sensor_4,0.7143245718880447,-1.73601402528584,decreases predicted RUL,22.765483856201172,27.0
41,Sensor_5,0.03252826403201208,0.06134741192454385,increases predicted RUL,22.765483856201172,27.0
41,Sensor_6,0.19456483755451537,-1.249819508753717,decreases predicted RUL,22.765483856201172,27.0
41,Sensor_7,-0.496787258186608,-1.6295726234093308,decreases predicted RUL,22.765483856201172,27.0
41,Sensor_8,-0.043775393522582265,0.09470877492640284,increases predicted RUL,22.765483856201172,27.0
41,Sensor_9,-0.4431392769385171,2.806760558858514,increases predicted RUL,22.765483856201172,27.0
41,Sensor_10,-0.10412057100888099,-0.5103844801778905,decreases predicted RUL,22.765483856201172,27.0
41,Sensor_11,0.8198430372592586,-6.506477648159489,decreases predicted RUL,22.765483856201172,27.0
41,Sensor_12,-0.4036307743861526,-1.9478876502253115,decreases predicted RUL,22.765483856201172,27.0
41,Sensor_13,-0.11618463549988363,0.41244764253497124,increases predicted RUL,22.765483856201172,27.0
41,Sensor_14,-0.6202853672090565,-0.3051420289557427,decreases predicted RUL,22.765483856201172,27.0
41,Sensor_15,0.6998483054430116,-9.985778657253832,decreases predicted RUL,22.765483856201172,27.0
41,Sensor_17,0.6442643092506951,-0.7444902888964862,decreases predicted RUL,22.765483856201172,27.0
41,Sensor_18,0.0,0.0,decreases predicted RUL,22.765483856201172,27.0
41,Sensor_19,0.028201445609280725,-1.0002257075393572,decreases predicted RUL,22.765483856201172,27.0
41,Sensor_20,-0.5609518234700268,0.11875515175051987,increases predicted RUL,22.765483856201172,27.0
41,Sensor_21,-0.3576087446073963,0.8102214892860502,increases predicted RUL,22.765483856201172,27.0
41,Sensor_11_diff1,0.028590927617509653,-2.0677420836873353,decreases predicted RUL,22.765483856201172,27.0
41,Sensor_11_roll_mean5,0.8951866273026852,-0.07788290828466415,decreases predicted RUL,22.765483856201172,27.0
41,Sensor_11_roll_std5,0.06483318922559429,0.6570677605632227,increases predicted RUL,22.765483856201172,27.0
41,Sensor_4_diff1,-0.010984644501682697,0.2688342798501253,increases predicted RUL,22.765483856201172,27.0
41,Sensor_4_roll_mean5,0.8413080960478798,2.5597080285660923,increases predicted RUL,22.765483856201172,27.0
41,Sensor_4_roll_std5,0.398791507461529,-0.10287367971614003,decreases predicted RUL,22.765483856201172,27.0
41,Sensor_15_diff1,0.05925013147679845,0.12259482848457992,increases predicted RUL,22.765483856201172,27.0
41,Sensor_15_roll_mean5,0.8033673704753486,1.9674667820290779,increases predicted RUL,22.765483856201172,27.0
41,Sensor_15_roll_std5,0.23562120102889594,-0.6474049697753799,decreases predicted RUL,22.765483856201172,27.0
41,Sensor_12_diff1,-0.030433205401021013,-0.8360998446878511,decreases predicted RUL,22.765483856201172,27.0
41,Sensor_12_roll_mean5,-0.5481972689287047,0.18436465148988646,increases predicted RUL,22.765483856201172,27.0
41,Sensor_12_roll_std5,-0.5464075694072712,-0.926606587596325,decreases predicted RUL,22.765483856201172,27.0
41,Sensor_13_diff1,-0.016625880397600313,-0.2758477879688144,decreases predicted RUL,22.765483856201172,27.0
41,Sensor_13_roll_mean5,-0.11446202010043699,-0.36956382921198383,decreases predicted RUL,22.765483856201172,27.0
41,Sensor_13_roll_std5,-0.081917979201904,-2.3988631701795384,decreases predicted RUL,22.765483856201172,27.0
41,Sensor_8_diff1,-0.02271424096400519,0.1378699743654579,increases predicted RUL,22.765483856201172,27.0
41,Sensor_8_roll_mean5,-0.0074721425861184795,0.04588847071863711,increases predicted RUL,22.765483856201172,27.0
41,Sensor_8_roll_std5,0.10388717276855722,-1.8107757324469276,decreases predicted RUL,22.765483856201172,27.0
41,Regime_OneHot_0,0.024621502276557537,0.20218016154831275,increases predicted RUL,22.765483856201172,27.0
41,Regime_OneHot_1,-0.0815253704781051,-1.479998228722252,decreases predicted RUL,22.765483856201172,27.0
41,Regime_OneHot_2,-0.030241724981814468,0.13667136849835515,increases predicted RUL,22.765483856201172,27.0
41,Regime_OneHot_3,-0.028201445608400707,0.5238865683786571,increases predicted RUL,22.765483856201172,27.0
41,Regime_OneHot_4,0.08262278134297295,-0.6189113005530089,decreases predicted RUL,22.765483856201172,27.0
41,Regime_OneHot_5,0.027246453748365894,0.10477132190135308,increases predicted RUL,22.765483856201172,27.0
42,Regime_ID,2.48,0.18689415976405144,increases predicted RUL,31.901321411132812,18.0
42,Sensor_1,-0.23982280267268347,0.2923476666910574,increases predicted RUL,31.901321411132812,18.0
42,Sensor_2,0.46386471330768664,-3.074849617492873,decreases predicted RUL,31.901321411132812,18.0
42,Sensor_3,0.39022014863250054,-2.4702511130890343,decreases predicted RUL,31.901321411132812,18.0
42,Sensor_4,0.4160710969347772,-3.481138743693009,decreases predicted RUL,31.901321411132812,18.0
42,Sensor_5,-0.1419392263023744,-0.20367700571659952,decreases predicted RUL,31.901321411132812,18.0
42,Sensor_6,0.4385596852109058,-1.085974269080907,decreases predicted RUL,31.901321411132812,18.0
42,Sensor_7,-0.2685376490922096,-1.0533868476049975,decreases predicted RUL,31.901321411132812,18.0
42,Sensor_8,1.0855510017370067,-0.5438993654679507,decreases predicted RUL,31.901321411132812,18.0
42,Sensor_9,1.5800615352440206,-9.412991189397871,decreases predicted RUL,31.901321411132812,18.0
42,Sensor_10,0.2216206871678162,0.6339179004571633,increases predicted RUL,31.901321411132812,18.0
42,Sensor_11,0.36849025703422505,-4.364953151613008,decreases predicted RUL,31.901321411132812,18.0
42,Sensor_12,-0.16577274622637325,-0.039496857672929764,decreases predicted RUL,31.901321411132812,18.0
42,Sensor_13,1.1801002084953627,1.1871912060305476,increases predicted RUL,31.901321411132812,18.0
42,Sensor_14,1.645258462218984,3.142795012332499,increases predicted RUL,31.901321411132812,18.0
42,Sensor_15,0.34048995112268066,-6.096524957683869,decreases predicted RUL,31.901321411132812,18.0
42,Sensor_17,0.3891482902358864,-1.1701162641402334,decreases predicted RUL,31.901321411132812,18.0
42,Sensor_18,0.0,0.0,decreases predicted RUL,31.901321411132812,18.0
42,Sensor_19,-0.30779945406894516,1.7722250421065837,increases predicted RUL,31.901321411132812,18.0
42,Sensor_20,-0.19902823303363035,-0.7234518406912684,decreases predicted RUL,31.901321411132812,18.0
42,Sensor_21,-0.35060586003327887,-2.265869804949034,decreases predicted RUL,31.901321411132812,18.0
42,Sensor_11_diff1,0.01778889042377169,-0.2292500827461481,decreases predicted RUL,31.901321411132812,18.0
42,Sensor_11_roll_mean5,0.4005122028680504,-3.6558060916140676,decreases predicted RUL,31.901321411132812,18.0
42,Sensor_11_roll_std5,0.02107178666671298,-0.018641168368048966,decreases predicted RUL,31.901321411132812,18.0
42,Sensor_4_diff1,0.010346919014560665,0.4905709295999259,increases predicted RUL,31.901321411132812,18.0
42,Sensor_4_roll_mean5,0.5024365700365485,-1.5543687967583537,decreases predicted RUL,31.901321411132812,18.0
42,Sensor_4_roll_std5,0.19963187700766583,0.9733915368560702,increases predicted RUL,31.901321411132812,18.0
42,Sensor_15_diff1,0.028559545169710675,-0.45531587072764523,decreases predicted RUL,31.901321411132812,18.0
42,Sensor_15_roll_mean5,0.33608125883253154,-0.5038638568366878,decreases predicted RUL,31.901321411132812,18.0
42,Sensor_15_roll_std5,0.09119960246211878,-0.5771679364188458,decreases predicted RUL,31.901321411132812,18.0
42,Sensor_12_diff1,-0.005490523333165815,0.7196504704188555,increases predicted RUL,31.901321411132812,18.0
42,Sensor_12_roll_mean5,-0.224542732235283,0.05328226607525721,increases predicted RUL,31.901321411132812,18.0
42,Sensor_12_roll_std5,0.13880402081534343,-1.5686336606740952,decreases predicted RUL,31.901321411132812,18.0
42,Sensor_13_diff1,0.040700771610660554,2.0259344332152978,increases predicted RUL,31.901321411132812,18.0
42,Sensor_13_roll_mean5,1.4991582556366176,0.7336316073779017,increases predicted RUL,31.901321411132812,18.0
42,Sensor_13_roll_std5,0.5839802746019983,-0.9060346184123773,decreases predicted RUL,31.901321411132812,18.0
42,Sensor_8_diff1,0.03846318397890526,1.996711780084297,increases predicted RUL,31.901321411132812,18.0
42,Sensor_8_roll_mean5,1.3932809459904134,-0.27900489085004665,decreases predicted RUL,31.901321411132812,18.0
42,Sensor_8_roll_std5,0.7334876702293517,0.8128515710122883,increases predicted RUL,31.901321411132812,18.0
42,Regime_OneHot_0,-0.06783507316923494,0.6775210960768163,increases predicted RUL,31.901321411132812,18.0
42,Regime_OneHot_1,0.08695674413981726,1.293508981987543,increases predicted RUL,31.901321411132812,18.0
42,Regime_OneHot_2,-0.36555333926186523,0.7255001390585676,increases predicted RUL,31.901321411132812,18.0
42,Regime_OneHot_3,0.30779945406076364,-1.2276794924400747,decreases predicted RUL,31.901321411132812,18.0
42,Regime_OneHot_4,-0.08519894722764343,0.30238750140415505,increases predicted RUL,31.901321411132812,18.0
42,Regime_OneHot_5,0.1391877885144135,1.2684772161301225,increases predicted RUL,31.901321411132812,18.0
43,Regime_ID,2.06,0.19220852421130985,increases predicted RUL,28.8245906829834,6.0
43,Sensor_1,-0.2746947790454866,-0.5796890617639292,decreases predicted RUL,28.8245906829834,6.0
43,Sensor_2,0.8085059886785951,-4.964991789776832,decreases predicted RUL,28.8245906829834,6.0
43,Sensor_3,0.6988926829924749,-3.470045961556025,decreases predicted RUL,28.8245906829834,6.0
43,Sensor_4,0.7796645364683279,-7.370098076295108,decreases predicted RUL,28.8245906829834,6.0
43,Sensor_5,-0.0501142313895394,-0.11350949842017144,decreases predicted RUL,28.8245906829834,6.0
43,Sensor_6,0.9584238227774164,-3.455748336855322,decreases predicted RUL,28.8245906829834,6.0
43,Sensor_7,-0.054918665929646074,0.39928373671136796,increases predicted RUL,28.8245906829834,6.0
43,Sensor_8,2.0855300354533046,-1.3617394919347134,decreases predicted RUL,28.8245906829834,6.0
43,Sensor_9,2.771089285535844,-18.162208635360003,decreases predicted RUL,28.8245906829834,6.0
43,Sensor_10,1.111422662200762,8.887206843006425,increases predicted RUL,28.8245906829834,6.0
43,Sensor_11,0.5864243060545712,-5.816828792914748,decreases predicted RUL,28.8245906829834,6.0
43,Sensor_12,-0.009626272532819198,-0.13338372320868075,decreases predicted RUL,28.8245906829834,6.0
43,Sensor_13,2.073863147585956,4.255944756790996,increases predicted RUL,28.8245906829834,6.0
43,Sensor_14,2.804799501174964,3.8140175016014837,increases predicted RUL,28.8245906829834,6.0
43,Sensor_15,0.45618061754082506,-5.256119018944446,decreases predicted RUL,28.8245906829834,6.0
43,Sensor_17,0.8005470108626088,-3.029807743791025,decreases predicted RUL,28.8245906829834,6.0
43,Sensor_18,0.0,0.0,decreases predicted RUL,28.8245906829834,6.0
43,Sensor_19,0.028201445609280694,-0.5274865769315511,decreases predicted RUL,28.8245906829834,6.0
43,Sensor_20,-0.3044974924089037,-0.17554979515261948,decreases predicted RUL,28.8245906829834,6.0
43,Sensor_21,-0.2555931350703639,-0.352996354282368,decreases predicted RUL,28.8245906829834,6.0
43,Sensor_11_diff1,0.031983395978338,-0.1104651311179623,decreases predicted RUL,28.8245906829834,6.0
43,Sensor_11_roll_mean5,0.6149248602574747,-3.111255843192339,decreases predicted RUL,28.8245906829834,6.0
43,Sensor_11_roll_std5,-0.6766424694847004,0.8443825081922114,increases predicted RUL,28.8245906829834,6.0
43,Sensor_4_diff1,0.05975796384213911,-0.3125297816004604,decreases predicted RUL,28.8245906829834,6.0
43,Sensor_4_roll_mean5,0.8354935124583123,-0.10200502094812691,decreases predicted RUL,28.8245906829834,6.0
43,Sensor_4_roll_std5,-0.053198821009090784,-0.19559834300889634,decreases predicted RUL,28.8245906829834,6.0
43,Sensor_15_diff1,0.06290624827672327,0.27631482563447207,increases predicted RUL,28.8245906829834,6.0
43,Sensor_15_roll_mean5,0.480437551392429,0.860943466075696,increases predicted RUL,28.8245906829834,6.0
43,Sensor_15_roll_std5,0.3024917610787012,-0.04940209531923756,decreases predicted RUL,28.8245906829834,6.0
43,Sensor_12_diff1,-0.013210137224827365,1.0600552264368162,increases predicted RUL,28.8245906829834,6.0
43,Sensor_12_roll_mean5,0.017279754778187113,-0.8629871735465713,decreases predicted RUL,28.8245906829834,6.0
43,Sensor_12_roll_std5,0.5955761140258294,0.057464371901005507,increases predicted RUL,28.8245906829834,6.0
43,Sensor_13_diff1,-0.010094254824973791,0.92864561220631,increases predicted RUL,28.8245906829834,6.0
43,Sensor_13_roll_mean5,2.7126950457741668,3.07533090794459,increases predicted RUL,28.8245906829834,6.0
43,Sensor_13_roll_std5,1.5122382634636153,2.8669209121726453,increases predicted RUL,28.8245906829834,6.0
43,Sensor_8_diff1,-0.023793464046842638,2.57741687214002,increases predicted RUL,28.8245906829834,6.0
43,Sensor_8_roll_mean5,2.755530546253378,-6.693864058237523,decreases predicted RUL,28.8245906829834,6.0
43,Sensor_8_roll_std5,1.3231830553606487,1.0940039320848882,increases predicted RUL,28.8245906829834,6.0
43,Regime_OneHot_0,0.30199122861393485,-0.9003178528510034,decreases predicted RUL,28.8245906829834,6.0
43,Regime_OneHot_1,-0.025364665605464323,0.17554749191913288,increases predicted RUL,28.8245906829834,6.0
43,Regime_OneHot_2,-0.36555333926186523,0.7097083524568006,increases predicted RUL,28.8245906829834,6.0
43,Regime_OneHot_3,-0.02820144560840073,0.047781271394342184,increases predicted RUL,28.8245906829834,6.0
43,Regime_OneHot_4,-0.02925837103743796,0.2966430855449289,increases predicted RUL,28.8245906829834,6.0
43,Regime_OneHot_5,0.08321712113138963,0.7379832649603486,increases predicted RUL,28.8245906829834,6.0
44,Regime_ID,2.08,0.40202589496038854,increases predicted RUL,28.26637840270996,15.0
44,Sensor_1,-0.15845485780280966,-0.3952160464832559,decreases predicted RUL,28.26637840270996,15.0
44,Sensor_2,0.7013039537737259,-2.3754005760420114,decreases predicted RUL,28.26637840270996,15.0
44,Sensor_3,0.7129182608513507,-3.497200974263251,decreases predicted RUL,28.26637840270996,15.0
44,Sensor_4,0.8385297904484935,-3.3187117617344484,decreases predicted RUL,28.26637840270996,15.0
44,Sensor_5,-0.20162547299571712,-0.7752413933994831,decreases predicted RUL,28.26637840270996,15.0
44,Sensor_6,0.5363539043518667,-2.097481334931217,decreases predicted RUL,28.26637840270996,15.0
44,Sensor_7,-0.38452812470637027,0.20689073187531903,increases predicted RUL,28.26637840270996,15.0
44,Sensor_8,1.2677472539917216,-0.7142334182863124,decreases predicted RUL,28.26637840270996,15.0
44,Sensor_9,1.9269307543422016,-11.839170759543777,decreases predicted RUL,28.26637840270996,15.0
44,Sensor_10,-0.10245598182741576,-0.4220086488057859,decreases predicted RUL,28.26637840270996,15.0
44,Sensor_11,0.910537602463387,-1.9472491194028407,decreases predicted RUL,28.26637840270996,15.0
44,Sensor_12,-0.5211394611093318,-0.23243499116506428,decreases predicted RUL,28.26637840270996,15.0
44,Sensor_13,1.2767427966577294,0.38478504912927747,increases predicted RUL,28.26637840270996,15.0
44,Sensor_14,1.8611119144836639,2.4844909267267212,increases predicted RUL,28.26637840270996,15.0
44,Sensor_15,0.7502666501546777,-6.251397815532982,decreases predicted RUL,28.26637840270996,15.0
44,Sensor_17,0.9079078371011571,-0.8732309960760176,decreases predicted RUL,28.26637840270996,15.0
44,Sensor_18,0.0,0.0,decreases predicted RUL,28.26637840270996,15.0
44,Sensor_19,0.14020174550202275,0.39650707924738526,increases predicted RUL,28.26637840270996,15.0
44,Sensor_20,-0.5310473475743102,1.142787775490433,increases predicted RUL,28.26637840270996,15.0
44,Sensor_21,-0.42620206137663397,-0.40528841502964497,decreases predicted RUL,28.26637840270996,15.0
44,Sensor_11_diff1,0.010202913850250961,-0.4104827828705311,decreases predicted RUL,28.26637840270996,15.0
44,Sensor_11_roll_mean5,1.0316994595527076,1.0033380152890459,increases predicted RUL,28.26637840270996,15.0
44,Sensor_11_roll_std5,0.3108893922771896,-0.24566125904675573,decreases predicted RUL,28.26637840270996,15.0
44,Sensor_4_diff1,0.03385921048224066,-0.6456152645405382,decreases predicted RUL,28.26637840270996,15.0
44,Sensor_4_roll_mean5,0.9502714482057254,0.4520228148176102,increases predicted RUL,28.26637840270996,15.0
44,Sensor_4_roll_std5,0.10126307440946926,0.42025808039761614,increases predicted RUL,28.26637840270996,15.0
44,Sensor_15_diff1,0.036437636241754875,-0.5155101381824352,decreases predicted RUL,28.26637840270996,15.0
44,Sensor_15_roll_mean5,0.8438909994321435,3.3249673324171454,increases predicted RUL,28.26637840270996,15.0
44,Sensor_15_roll_std5,0.2752074914059353,0.03342780297680292,increases predicted RUL,28.26637840270996,15.0
44,Sensor_12_diff1,0.0036861473162578128,0.6184820164053235,increases predicted RUL,28.26637840270996,15.0
44,Sensor_12_roll_mean5,-0.7533906867195574,0.6466607147158356,increases predicted RUL,28.26637840270996,15.0
44,Sensor_12_roll_std5,-0.21886172902743964,-0.8039683611132205,decreases predicted RUL,28.26637840270996,15.0
44,Sensor_13_diff1,0.037579864606112366,0.33253273932496086,increases predicted RUL,28.26637840270996,15.0
44,Sensor_13_roll_mean5,1.6175452233878513,-0.41063975752331316,decreases predicted RUL,28.26637840270996,15.0
44,Sensor_13_roll_std5,0.5081103860382998,-3.318430199753493,decreases predicted RUL,28.26637840270996,15.0
44,Sensor_8_diff1,0.03903752785704127,0.8261979045346379,increases predicted RUL,28.26637840270996,15.0
44,Sensor_8_roll_mean5,1.6418064371717564,-0.8851579055190086,decreases predicted RUL,28.26637840270996,15.0
44,Sensor_8_roll_std5,0.5795131503185807,-1.6560204003471881,decreases predicted RUL,28.26637840270996,15.0
44,Regime_OneHot_0,-0.021606785446338685,0.4782831759075634,increases predicted RUL,28.26637840270996,15.0
44,Regime_OneHot_1,0.25543885875773925,1.2542588552460074,increases predicted RUL,28.26637840270996,15.0
44,Regime_OneHot_2,-0.08612699402848971,0.8084250967949629,increases predicted RUL,28.26637840270996,15.0
44,Regime_OneHot_3,-0.140201745498122,0.002592460426967591,increases predicted RUL,28.26637840270996,15.0
44,Regime_OneHot_4,0.13856335753317825,0.29706448421347886,increases predicted RUL,28.26637840270996,15.0
44,Regime_OneHot_5,-0.14066554840070533,-0.02941889176145196,decreases predicted RUL,28.26637840270996,15.0
45,Regime_ID,1.86,2.214207043638453,increases predicted RUL,120.0604019165039,112.0
45,Sensor_1,-0.0654629208086682,-0.6832600961206481,decreases predicted RUL,120.0604019165039,112.0
45,Sensor_2,-0.9541906542538267,6.645764193497598,increases predicted RUL,120.0604019165039,112.0
45,Sensor_3,-0.9460801233136401,6.917030578129925,increases predicted RUL,120.0604019165039,112.0
45,Sensor_4,-1.3387658006966308,2.887436034157872,increases predicted RUL,120.0604019165039,112.0
45,Sensor_5,0.23454325284024916,1.289334544853773,increases predicted RUL,120.0604019165039,112.0
45,Sensor_6,-0.8288696672515076,-0.044230497907847166,decreases predicted RUL,120.0604019165039,112.0
45,Sensor_7,1.0284875871083183,6.654631593730301,increases predicted RUL,120.0604019165039,112.0
45,Sensor_8,-0.07820885738703595,-0.27815062906302046,decreases predicted RUL,120.0604019165039,112.0
45,Sensor_9,0.4051057332821351,-0.3426173735933844,decreases predicted RUL,120.0604019165039,112.0
45,Sensor_10,0.039065827011032506,-0.6086132203654415,decreases predicted RUL,120.0604019165039,112.0
45,Sensor_11,-1.34908608317158,10.691324560437351,increases predicted RUL,120.0604019165039,112.0
45,Sensor_12,0.9865396864799162,4.32520493818447,increases predicted RUL,120.0604019165039,112.0
45,Sensor_13,-0.05336380264052228,1.4302231017500162,increases predicted RUL,120.0604019165039,112.0
45,Sensor_14,0.6352427226673201,1.3293116999557242,increases predicted RUL,120.0604019165039,112.0
45,Sensor_15,-1.2615138397970695,13.97879084199667,increases predicted RUL,120.0604019165039,112.0
45,Sensor_17,-1.2306883930618,4.367427714169025,increases predicted RUL,120.0604019165039,112.0
45,Sensor_18,0.0,0.0,decreases predicted RUL,120.0604019165039,112.0
45,Sensor_19,-0.13979900422983238,-1.401718343491666,decreases predicted RUL,120.0604019165039,112.0
45,Sensor_20,0.48867171632946066,-1.6625473643653095,decreases predicted RUL,120.0604019165039,112.0
45,Sensor_21,0.8437231342976665,-1.8403905644081533,decreases predicted RUL,120.0604019165039,112.0
45,Sensor_11_diff1,0.011929476351670094,-0.42949181282892823,decreases predicted RUL,120.0604019165039,112.0
45,Sensor_11_roll_mean5,-1.548577132096899,1.3160393964499235,increases predicted RUL,120.0604019165039,112.0
45,Sensor_11_roll_std5,-0.03260159449014672,-0.7419058480300009,decreases predicted RUL,120.0604019165039,112.0
45,Sensor_4_diff1,-0.017801237989096108,0.34935661355848424,increases predicted RUL,120.0604019165039,112.0
45,Sensor_4_roll_mean5,-1.5953912496047524,1.8296328876167536,increases predicted RUL,120.0604019165039,112.0
45,Sensor_4_roll_std5,0.3289845507300686,-0.10806338547263294,decreases predicted RUL,120.0604019165039,112.0
45,Sensor_15_diff1,0.0006726664014328376,1.1365256966091692,increases predicted RUL,120.0604019165039,112.0
45,Sensor_15_roll_mean5,-1.5354775038441653,-4.584885254211258,decreases predicted RUL,120.0604019165039,112.0
45,Sensor_15_roll_std5,0.38234720536792255,-0.3537769445902086,decreases predicted RUL,120.0604019165039,112.0
45,Sensor_12_diff1,-0.0028807701490400728,0.220734728500247,increases predicted RUL,120.0604019165039,112.0
45,Sensor_12_roll_mean5,1.475452997197261,0.4899275326170027,increases predicted RUL,120.0604019165039,112.0
45,Sensor_12_roll_std5,-0.06783313790565312,0.8625344927422702,increases predicted RUL,120.0604019165039,112.0
45,Sensor_13_diff1,-0.020202119590119864,1.329715012339875,increases predicted RUL,120.0604019165039,112.0
45,Sensor_13_roll_mean5,-0.05160408933792472,-0.6624050471000373,decreases predicted RUL,120.0604019165039,112.0
45,Sensor_13_roll_std5,1.1912617253149442,4.332685958361253,increases predicted RUL,120.0604019165039,112.0
45,Sensor_8_diff1,-0.021832231560316075,-1.467764742206782,decreases predicted RUL,120.0604019165039,112.0
45,Sensor_8_roll_mean5,-0.07965796950106598,1.4088702223962173,increases predicted RUL,120.0604019165039,112.0
45,Sensor_8_roll_std5,1.2707356259219054,-1.3845138049218804,decreases predicted RUL,120.0604019165039,112.0
45,Regime_OneHot_0,0.20953465316814246,-0.31539247621549293,decreases predicted RUL,120.0604019165039,112.0
45,Regime_OneHot_1,-0.08152537047810508,0.5114952209405601,increases predicted RUL,120.0604019165039,112.0
45,Regime_OneHot_2,-0.03024172498181456,-2.432215396562242,decreases predicted RUL,120.0604019165039,112.0
45,Regime_OneHot_3,0.1397990042261814,0.7673306361539289,increases predicted RUL,120.0604019165039,112.0
45,Regime_OneHot_4,-0.029258371037437923,-0.7383891746867448,decreases predicted RUL,120.0604019165039,112.0
45,Regime_OneHot_5,-0.2526068831667526,-0.3413292123586871,decreases predicted RUL,120.0604019165039,112.0
46,Regime_ID,2.38,0.9588934117928147,increases predicted RUL,102.32559967041016,131.0
46,Sensor_1,0.015905024061205576,0.49480766578926705,increases predicted RUL,102.32559967041016,131.0
46,Sensor_2,0.017698778475151805,-1.583586229098728,decreases predicted RUL,102.32559967041016,131.0
46,Sensor_3,-0.26702706648053937,5.586688039358705,increases predicted RUL,102.32559967041016,131.0
46,Sensor_4,-0.0982426553239148,1.022068876773119,increases predicted RUL,102.32559967041016,131.0
46,Sensor_5,-0.16030422528494143,-4.790449590233038,decreases predicted RUL,102.32559967041016,131.0
46,Sensor_6,-0.33598187107093397,-1.2798680081032217,decreases predicted RUL,102.32559967041016,131.0
46,Sensor_7,-0.033747550924575556,3.165746623650193,increases predicted RUL,102.32559967041016,131.0
46,Sensor_8,-0.27465121998854064,0.5957740799640305,increases predicted RUL,102.32559967041016,131.0
46,Sensor_9,-0.2808933262457483,3.3301724639022723,increases predicted RUL,102.32559967041016,131.0
46,Sensor_10,0.017290801897857925,-0.47133063222281635,decreases predicted RUL,102.32559967041016,131.0
46,Sensor_11,-0.11263263944480091,7.5958696929737926,increases predicted RUL,102.32559967041016,131.0
46,Sensor_12,-0.011679268605677928,1.341148754581809,increases predicted RUL,102.32559967041016,131.0
46,Sensor_13,-0.22009853906582716,0.044987440065597184,increases predicted RUL,102.32559967041016,131.0
46,Sensor_14,-0.3264361250249434,-1.184645153582096,decreases predicted RUL,102.32559967041016,131.0
46,Sensor_15,-0.020174503469665317,12.117243611486629,increases predicted RUL,102.32559967041016,131.0
46,Sensor_17,0.01674408471728396,-0.19115221896208823,decreases predicted RUL,102.32559967041016,131.0
46,Sensor_18,0.0,0.0,decreases predicted RUL,102.32559967041016,131.0
46,Sensor_19,0.0842015955556517,-1.5295573560579214,decreases predicted RUL,102.32559967041016,131.0
46,Sensor_20,0.14699181841112596,-0.024267162545584142,decreases predicted RUL,102.32559967041016,131.0
46,Sensor_21,0.07602805129647008,-1.3050209664797876,decreases predicted RUL,102.32559967041016,131.0
46,Sensor_11_diff1,-0.02987556655264047,1.6550679337233305,increases predicted RUL,102.32559967041016,131.0
46,Sensor_11_roll_mean5,-0.1093862140604519,2.05014020181261,increases predicted RUL,102.32559967041016,131.0
46,Sensor_11_roll_std5,0.16820603272884463,4.295702931704,increases predicted RUL,102.32559967041016,131.0
46,Sensor_4_diff1,0.0014951739197051905,0.30880433041602373,increases predicted RUL,102.32559967041016,131.0
46,Sensor_4_roll_mean5,-0.09915590897655903,-4.3640627772547305,decreases predicted RUL,102.32559967041016,131.0
46,Sensor_4_roll_std5,0.2318645137130835,0.17370247514918447,increases predicted RUL,102.32559967041016,131.0
46,Sensor_15_diff1,-0.030802541608782638,1.7206872408278286,increases predicted RUL,102.32559967041016,131.0
46,Sensor_15_roll_mean5,0.018930486574306408,-0.034277273574844,decreases predicted RUL,102.32559967041016,131.0
46,Sensor_15_roll_std5,0.05974333946452658,-1.6570206283940934,decreases predicted RUL,102.32559967041016,131.0
46,Sensor_12_diff1,0.014120088006398914,-0.053858028986724094,decreases predicted RUL,102.32559967041016,131.0
46,Sensor_12_roll_mean5,-0.05176042108741388,-0.3560648856218904,decreases predicted RUL,102.32559967041016,131.0
46,Sensor_12_roll_std5,0.6029075785549948,4.527129165828228,increases predicted RUL,102.32559967041016,131.0
46,Sensor_13_diff1,0.003072604616982977,-1.1541730380267836,decreases predicted RUL,102.32559967041016,131.0
46,Sensor_13_roll_mean5,-0.27284701149564244,0.15349421580322087,increases predicted RUL,102.32559967041016,131.0
46,Sensor_13_roll_std5,-0.7018063555191597,-0.8006601170636714,decreases predicted RUL,102.32559967041016,131.0
46,Sensor_8_diff1,-0.007404450549589247,-0.9366704055873925,decreases predicted RUL,102.32559967041016,131.0
46,Sensor_8_roll_mean5,-0.38320028084729235,0.9687633408466354,increases predicted RUL,102.32559967041016,131.0
46,Sensor_8_roll_std5,-0.6875163401214982,0.658741379971616,increases predicted RUL,102.32559967041016,131.0
46,Regime_OneHot_0,-0.0678350731692349,1.5792392333969474,increases predicted RUL,102.32559967041016,131.0
46,Regime_OneHot_1,0.08695674413981709,6.1826556223095395,increases predicted RUL,102.32559967041016,131.0
46,Regime_OneHot_2,-0.030241724981814593,-0.7816792505327612,decreases predicted RUL,102.32559967041016,131.0
46,Regime_OneHot_3,-0.08420159555326145,1.521938428049907,increases predicted RUL,102.32559967041016,131.0
46,Regime_OneHot_4,-0.029258371037437895,-0.13569617689063307,decreases predicted RUL,102.32559967041016,131.0
46,Regime_OneHot_5,0.13918778851441352,0.7381958581972867,increases predicted RUL,102.32559967041016,131.0
47,Regime_ID,2.24,-0.5126874985871837,decreases predicted RUL,17.898292541503906,13.0
47,Sensor_1,-0.18170284205134507,-0.22915021947119385,decreases predicted RUL,17.898292541503906,13.0
47,Sensor_2,0.6555509973135132,-2.259018537472002,decreases predicted RUL,17.898292541503906,13.0
47,Sensor_3,0.5980092234766515,-2.3612381778657436,decreases predicted RUL,17.898292541503906,13.0
47,Sensor_4,0.6037342609513581,-5.3958533657714725,decreases predicted RUL,17.898292541503906,13.0
47,Sensor_5,0.19322200512947352,0.3927077888511121,increases predicted RUL,17.898292541503906,13.0
47,Sensor_6,0.28896179434932806,-1.307010618969798,decreases predicted RUL,17.898292541503906,13.0
47,Sensor_7,-0.511396570524556,-1.9224109328351915,decreases predicted RUL,17.898292541503906,13.0
47,Sensor_8,-0.013866597383897753,1.3289024338591844,increases predicted RUL,17.898292541503906,13.0
47,Sensor_9,-0.30689746001984025,2.793355321569834,increases predicted RUL,17.898292541503906,13.0
47,Sensor_10,-0.10921904198413135,-0.5903209174721269,decreases predicted RUL,17.898292541503906,13.0
47,Sensor_11,0.7900059680117973,-6.459023050148971,decreases predicted RUL,17.898292541503906,13.0
47,Sensor_12,-0.3859579459356418,-0.20127917831996456,decreases predicted RUL,17.898292541503906,13.0
47,Sensor_13,-0.05349536151888895,0.2766627813471132,increases predicted RUL,17.898292541503906,13.0
47,Sensor_14,-0.33078969575403155,0.0010861774790100753,increases predicted RUL,17.898292541503906,13.0
47,Sensor_15,0.6956139081623144,-8.088349034427665,decreases predicted RUL,17.898292541503906,13.0
47,Sensor_17,0.3411417389305786,-0.8851396857062355,decreases predicted RUL,17.898292541503906,13.0
47,Sensor_18,0.0,0.0,decreases predicted RUL,17.898292541503906,13.0
47,Sensor_19,-0.2517993041225745,-1.1848587892018259,decreases predicted RUL,17.898292541503906,13.0
47,Sensor_20,-0.42470814982119115,0.5980962619651109,increases predicted RUL,17.898292541503906,13.0
47,Sensor_21,-0.44473367055668356,0.478838620998431,increases predicted RUL,17.898292541503906,13.0
47,Sensor_11_diff1,0.009715842936441541,-0.8740336177870631,decreases predicted RUL,17.898292541503906,13.0
47,Sensor_11_roll_mean5,0.8637016241552843,-2.084407151385676,decreases predicted RUL,17.898292541503906,13.0
47,Sensor_11_roll_std5,0.07903142905024707,0.6520062622148544,increases predicted RUL,17.898292541503906,13.0
47,Sensor_4_diff1,-0.002071531269774246,-1.1143724704161286,decreases predicted RUL,17.898292541503906,13.0
47,Sensor_4_roll_mean5,0.6928008354622037,1.0487244766554795,increases predicted RUL,17.898292541503906,13.0
47,Sensor_4_roll_std5,-0.3866057489611549,-0.36128056049346924,decreases predicted RUL,17.898292541503906,13.0
47,Sensor_15_diff1,0.04184236555303847,-0.5230239171578432,decreases predicted RUL,17.898292541503906,13.0
47,Sensor_15_roll_mean5,0.7463586981321434,0.43831048777792603,increases predicted RUL,17.898292541503906,13.0
47,Sensor_15_roll_std5,-0.19329364734252766,-0.6640083195525222,decreases predicted RUL,17.898292541503906,13.0
47,Sensor_12_diff1,0.015554530841632094,0.8354961458244361,increases predicted RUL,17.898292541503906,13.0
47,Sensor_12_roll_mean5,-0.5813782482970171,-0.3143392286438029,decreases predicted RUL,17.898292541503906,13.0
47,Sensor_12_roll_std5,0.3380761269803427,0.12246319744735956,increases predicted RUL,17.898292541503906,13.0
47,Sensor_13_diff1,-0.023345310896563946,0.10766076052095741,increases predicted RUL,17.898292541503906,13.0
47,Sensor_13_roll_mean5,-0.005623211761496201,-1.2371811444172636,decreases predicted RUL,17.898292541503906,13.0
47,Sensor_13_roll_std5,-0.35741687190853505,-3.157940801233053,decreases predicted RUL,17.898292541503906,13.0
47,Sensor_8_diff1,-0.034505813826540194,0.7176349436631426,increases predicted RUL,17.898292541503906,13.0
47,Sensor_8_roll_mean5,0.0484797433148516,-0.249911786057055,decreases predicted RUL,17.898292541503906,13.0
47,Sensor_8_roll_std5,-0.0850707317366658,-1.0344278170960024,decreases predicted RUL,17.898292541503906,13.0
47,Regime_OneHot_0,0.07084978999945384,-0.24716792721301317,decreases predicted RUL,17.898292541503906,13.0
47,Regime_OneHot_1,-0.13768607535074587,-1.4388714117230847,decreases predicted RUL,17.898292541503906,13.0
47,Regime_OneHot_2,-0.14201226307516487,-0.13766913919243962,decreases predicted RUL,17.898292541503906,13.0
47,Regime_OneHot_3,0.25179930411590273,0.2778868534369394,increases predicted RUL,17.898292541503906,13.0
47,Regime_OneHot_4,0.08262278134297293,0.2550953876270796,increases predicted RUL,17.898292541503906,13.0
47,Regime_OneHot_5,-0.14066554840070508,-0.5769924917840399,decreases predicted RUL,17.898292541503906,13.0
48,Regime_ID,2.44,-1.7297195808214383,decreases predicted RUL,90.42879486083984,122.0
48,Sensor_1,-0.12358288143000663,0.9737086836248636,increases predicted RUL,90.42879486083984,122.0
48,Sensor_2,-0.44215554831646925,4.840337610570714,increases predicted RUL,90.42879486083984,122.0
48,Sensor_3,-0.3376743756749856,5.180285043548793,increases predicted RUL,90.42879486083984,122.0
48,Sensor_4,-0.532967527876069,0.9625127762556076,increases predicted RUL,90.42879486083984,122.0
48,Sensor_5,-0.12816547706544898,3.201499501708895,increases predicted RUL,90.42879486083984,122.0
48,Sensor_6,-0.1599714731499618,0.7537531051784754,increases predicted RUL,90.42879486083984,122.0
48,Sensor_7,0.37506389887825947,0.4229662213474512,increases predicted RUL,90.42879486083984,122.0
48,Sensor_8,-0.3317963722429132,0.4679377122083679,increases predicted RUL,90.42879486083984,122.0
48,Sensor_9,-0.3585691680293365,3.803834463004023,increases predicted RUL,90.42879486083984,122.0
48,Sensor_10,-0.005361318155360277,0.22219409180831917,increases predicted RUL,90.42879486083984,122.0
48,Sensor_11,-0.3740801214296777,5.164995724102482,increases predicted RUL,90.42879486083984,122.0
48,Sensor_12,0.3783015354684025,2.168046500708442,increases predicted RUL,90.42879486083984,122.0
48,Sensor_13,-0.3214552083095675,-1.1422373139066622,decreases predicted RUL,90.42879486083984,122.0
48,Sensor_14,-0.19286717631582598,0.10082433500792831,increases predicted RUL,90.42879486083984,122.0
48,Sensor_15,-0.7029610351508196,18.20301557611674,increases predicted RUL,90.42879486083984,122.0
48,Sensor_17,-0.24940258504540683,3.1806036808993667,increases predicted RUL,90.42879486083984,122.0
48,Sensor_18,0.0,0.0,decreases predicted RUL,90.42879486083984,122.0
48,Sensor_19,-0.02779870433709024,0.3140482145245187,increases predicted RUL,90.42879486083984,122.0
48,Sensor_20,0.13165521413919692,1.4632145025534555,increases predicted RUL,90.42879486083984,122.0
48,Sensor_21,0.2645992951556964,-0.8580228160135448,decreases predicted RUL,90.42879486083984,122.0
48,Sensor_11_diff1,-0.006879868614241938,-0.1262074657715857,decreases predicted RUL,90.42879486083984,122.0
48,Sensor_11_roll_mean5,-0.4248260207840914,-2.1506734397262335,decreases predicted RUL,90.42879486083984,122.0
48,Sensor_11_roll_std5,0.17951574165955936,-1.1643088881392032,decreases predicted RUL,90.42879486083984,122.0
48,Sensor_4_diff1,-0.01568761838497399,1.380889699794352,increases predicted RUL,90.42879486083984,122.0
48,Sensor_4_roll_mean5,-0.608023324973943,-7.301397313538473,decreases predicted RUL,90.42879486083984,122.0
48,Sensor_4_roll_std5,-0.3168339639347925,-2.112899867235683,decreases predicted RUL,90.42879486083984,122.0
48,Sensor_15_diff1,-0.004520165503205802,-1.4892257964238524,decreases predicted RUL,90.42879486083984,122.0
48,Sensor_15_roll_mean5,-0.8236438251496481,-6.798873304389417,decreases predicted RUL,90.42879486083984,122.0
48,Sensor_15_roll_std5,-0.3080776703280057,0.15696731465868652,increases predicted RUL,90.42879486083984,122.0
48,Sensor_12_diff1,0.016800870742359825,3.944397658808157,increases predicted RUL,90.42879486083984,122.0
48,Sensor_12_roll_mean5,0.5445285546842155,0.21701395511627197,increases predicted RUL,90.42879486083984,122.0
48,Sensor_12_roll_std5,0.16589229039727357,-0.2401529299095273,decreases predicted RUL,90.42879486083984,122.0
48,Sensor_13_diff1,-0.004270115331666945,-1.1523898101877421,decreases predicted RUL,90.42879486083984,122.0
48,Sensor_13_roll_mean5,-0.4230088473513862,0.4609638914698735,increases predicted RUL,90.42879486083984,122.0
48,Sensor_13_roll_std5,-0.7103943040747134,0.009831471659708768,increases predicted RUL,90.42879486083984,122.0
48,Sensor_8_diff1,-0.00912741740833884,-0.646925735345576,decreases predicted RUL,90.42879486083984,122.0
48,Sensor_8_roll_mean5,-0.43831498814918674,0.4378609248669818,increases predicted RUL,90.42879486083984,122.0
48,Sensor_8_roll_std5,-0.6913301140250832,1.8016862847143784,increases predicted RUL,90.42879486083984,122.0
48,Regime_OneHot_0,-0.20651993633792368,0.3809430804103613,increases predicted RUL,90.42879486083984,122.0
48,Regime_OneHot_1,0.14311744901245765,-3.8822775645403453,decreases predicted RUL,90.42879486083984,122.0
48,Regime_OneHot_2,-0.030241724981814634,0.9843922187574208,increases predicted RUL,90.42879486083984,122.0
48,Regime_OneHot_3,0.027798704336460076,-0.603634260216495,decreases predicted RUL,90.42879486083984,122.0
48,Regime_OneHot_4,0.19450393372338382,0.533841137890704,increases predicted RUL,90.42879486083984,122.0
48,Regime_OneHot_5,-0.0846948810176816,0.12959682056680322,increases predicted RUL,90.42879486083984,122.0
49,Regime_ID,2.36,1.2506688120774925,increases predicted RUL,24.28013801574707,13.0
49,Sensor_1,0.2832568429193623,0.46705887955613434,increases predicted RUL,24.28013801574707,13.0
49,Sensor_2,0.9322844293460999,-3.272731230361387,decreases predicted RUL,24.28013801574707,13.0
49,Sensor_3,0.7393188973369245,-4.08027656795457,decreases predicted RUL,24.28013801574707,13.0
49,Sensor_4,1.351034630363602,-5.812281347840326,decreases predicted RUL,24.28013801574707,13.0
49,Sensor_5,0.11057950970792187,0.4842565283179283,increases predicted RUL,24.28013801574707,13.0
49,Sensor_6,0.5898222684694305,-3.0429343921132386,decreases predicted RUL,24.28013801574707,13.0
49,Sensor_7,-0.5120418710787505,-1.1188563535688445,decreases predicted RUL,24.28013801574707,13.0
49,Sensor_8,0.9536607457600826,-1.8172333258553408,decreases predicted RUL,24.28013801574707,13.0
49,Sensor_9,1.0249556339026136,-8.060564007610083,decreases predicted RUL,24.28013801574707,13.0
49,Sensor_10,-0.1963317996376418,-0.5806178509665187,decreases predicted RUL,24.28013801574707,13.0
49,Sensor_11,1.3299834881142703,-5.662024657940492,decreases predicted RUL,24.28013801574707,13.0
49,Sensor_12,-0.7524659145913927,-1.4171079932712018,decreases predicted RUL,24.28013801574707,13.0
49,Sensor_13,0.8898893354027331,0.15277695935219526,increases predicted RUL,24.28013801574707,13.0
49,Sensor_14,0.8798679050979825,0.5963327584904619,increases predicted RUL,24.28013801574707,13.0
49,Sensor_15,1.023190183054612,-9.886157200671732,decreases predicted RUL,24.28013801574707,13.0
49,Sensor_17,1.0177245993294235,0.31976423040032387,increases predicted RUL,24.28013801574707,13.0
49,Sensor_18,0.0,0.0,decreases predicted RUL,24.28013801574707,13.0
49,Sensor_19,-0.1397990042298323,0.1170922951423563,increases predicted RUL,24.28013801574707,13.0
49,Sensor_20,-0.73829139745764,-0.43723910962580703,decreases predicted RUL,24.28013801574707,13.0
49,Sensor_21,-0.6311532109904789,0.1316671862732619,increases predicted RUL,24.28013801574707,13.0
49,Sensor_11_diff1,0.053136473312644344,-0.3445401705102995,decreases predicted RUL,24.28013801574707,13.0
49,Sensor_11_roll_mean5,1.4481232014511503,0.9609085125848651,increases predicted RUL,24.28013801574707,13.0
49,Sensor_11_roll_std5,0.25666669362788197,-0.31375194492648006,decreases predicted RUL,24.28013801574707,13.0
49,Sensor_4_diff1,0.042466632074110965,-0.4280062303878367,decreases predicted RUL,24.28013801574707,13.0
49,Sensor_4_roll_mean5,1.5811996754047168,2.4589245240204036,increases predicted RUL,24.28013801574707,13.0
49,Sensor_4_roll_std5,-0.04264328901855738,0.18467333388980478,increases predicted RUL,24.28013801574707,13.0
49,Sensor_15_diff1,0.038368216519483286,0.6526786939357407,increases predicted RUL,24.28013801574707,13.0
49,Sensor_15_roll_mean5,1.2156357620569174,3.2136337235569954,increases predicted RUL,24.28013801574707,13.0
49,Sensor_15_roll_std5,0.20936243818338623,-0.12219639541581273,decreases predicted RUL,24.28013801574707,13.0
49,Sensor_12_diff1,-0.012876878033455648,-1.3494174723164178,decreases predicted RUL,24.28013801574707,13.0
49,Sensor_12_roll_mean5,-1.077191628902903,1.5198215967975557,increases predicted RUL,24.28013801574707,13.0
49,Sensor_12_roll_std5,-0.009616724687272739,-0.11649823759216815,decreases predicted RUL,24.28013801574707,13.0
49,Sensor_13_diff1,0.04218546084004575,-0.6328835231834091,decreases predicted RUL,24.28013801574707,13.0
49,Sensor_13_roll_mean5,1.1511980698115611,0.5449537253298331,increases predicted RUL,24.28013801574707,13.0
49,Sensor_13_roll_std5,-0.6312217069287324,0.37595605646492913,increases predicted RUL,24.28013801574707,13.0
49,Sensor_8_diff1,0.04568738548279856,-1.0550454687327147,decreases predicted RUL,24.28013801574707,13.0
49,Sensor_8_roll_mean5,1.1923014976890611,0.37333899992518127,increases predicted RUL,24.28013801574707,13.0
49,Sensor_8_roll_std5,-0.6577233520296918,0.01610747308586724,increases predicted RUL,24.28013801574707,13.0
49,Regime_OneHot_0,-0.02160678544633871,0.21559439657721668,increases predicted RUL,24.28013801574707,13.0
49,Regime_OneHot_1,-0.13768607535074595,-0.42595773935317993,decreases predicted RUL,24.28013801574707,13.0
49,Regime_OneHot_2,0.13741408215821083,0.47363313536334317,increases predicted RUL,24.28013801574707,13.0
49,Regime_OneHot_3,0.13979900422618152,1.227366404258646,increases predicted RUL,24.28013801574707,13.0
49,Regime_OneHot_4,-0.3089612519884655,-1.5306581730546895,decreases predicted RUL,24.28013801574707,13.0
49,Regime_OneHot_5,0.1951584558974372,0.5555988799314946,increases predicted RUL,24.28013801574707,13.0
50,Regime_ID,1.54,-0.046871033729985356,decreases predicted RUL,116.68026733398438,98.0
50,Sensor_1,0.09592697382377514,0.7457336815423332,increases predicted RUL,116.68026733398438,98.0
50,Sensor_2,-0.8341141635183006,6.689204442722257,increases predicted RUL,116.68026733398438,98.0
50,Sensor_3,-0.6115448773826161,5.413733467808925,increases predicted RUL,116.68026733398438,98.0
50,Sensor_4,-0.8734408343150537,4.919204862322658,increases predicted RUL,116.68026733398438,98.0
50,Sensor_5,0.1336461007912966,0.3692131583811715,increases predicted RUL,116.68026733398438,98.0
50,Sensor_6,-0.21961983563263615,1.5607944231014699,increases predicted RUL,116.68026733398438,98.0
50,Sensor_7,0.5502224430977448,6.183374952554004,increases predicted RUL,116.68026733398438,98.0
50,Sensor_8,-0.2636144158191285,-0.16200650052633137,decreases predicted RUL,116.68026733398438,98.0
50,Sensor_9,-0.008700448152183978,2.134510372299701,increases predicted RUL,116.68026733398438,98.0
50,Sensor_10,0.015503215425231516,-0.4627891406416893,decreases predicted RUL,116.68026733398438,98.0
50,Sensor_11,-0.9994584807547625,9.234566776198335,increases predicted RUL,116.68026733398438,98.0
50,Sensor_12,0.6810216524614632,4.319127761526033,increases predicted RUL,116.68026733398438,98.0
50,Sensor_13,-0.28902835329453735,-0.6426532686455175,decreases predicted RUL,116.68026733398438,98.0
50,Sensor_14,0.18330707929331908,0.7013478566727827,increases predicted RUL,116.68026733398438,98.0
50,Sensor_15,-0.8290360006915308,14.691410091239959,increases predicted RUL,116.68026733398438,98.0
50,Sensor_17,-0.9594159099235757,4.855532662943006,increases predicted RUL,116.68026733398438,98.0
50,Sensor_18,0.0,0.0,decreases predicted RUL,116.68026733398438,98.0
50,Sensor_19,-0.08016127688037092,-1.2441534556273837,decreases predicted RUL,116.68026733398438,98.0
50,Sensor_20,0.5739267451006662,-0.2758853698614985,decreases predicted RUL,116.68026733398438,98.0
50,Sensor_21,0.6213677111490965,0.12555834907107055,increases predicted RUL,116.68026733398438,98.0
50,Sensor_11_diff1,0.012745335356155501,-0.7855089146178216,decreases predicted RUL,116.68026733398438,98.0
50,Sensor_11_roll_mean5,-1.1563381799449295,4.150412569186301,increases predicted RUL,116.68026733398438,98.0
50,Sensor_11_roll_std5,-0.7823153152720341,0.4464345421001781,increases predicted RUL,116.68026733398438,98.0
50,Sensor_4_diff1,-0.01766775524561872,-1.1246527952025644,decreases predicted RUL,116.68026733398438,98.0
50,Sensor_4_roll_mean5,-1.016733092321636,1.5041177328675985,increases predicted RUL,116.68026733398438,98.0
50,Sensor_4_roll_std5,-0.9447441519604645,-1.638358332333155,decreases predicted RUL,116.68026733398438,98.0
50,Sensor_15_diff1,0.005984258159066731,-0.07040765858255327,decreases predicted RUL,116.68026733398438,98.0
50,Sensor_15_roll_mean5,-0.9856110989670094,-1.188261215109378,decreases predicted RUL,116.68026733398438,98.0
50,Sensor_15_roll_std5,-0.8323005239067277,0.47472941572777927,increases predicted RUL,116.68026733398438,98.0
50,Sensor_12_diff1,-0.003568413345253653,0.032119221054017544,increases predicted RUL,116.68026733398438,98.0
50,Sensor_12_roll_mean5,1.009166658248196,-2.6637150021815614,decreases predicted RUL,116.68026733398438,98.0
50,Sensor_12_roll_std5,-0.5666765400496548,-0.35879637784091756,decreases predicted RUL,116.68026733398438,98.0
50,Sensor_13_diff1,0.007082876605348858,-0.22984433907549828,decreases predicted RUL,116.68026733398438,98.0
50,Sensor_13_roll_mean5,-0.42285911741404064,0.8489993750881695,increases predicted RUL,116.68026733398438,98.0
50,Sensor_13_roll_std5,0.17174770621550767,-0.29537959257140756,decreases predicted RUL,116.68026733398438,98.0
50,Sensor_8_diff1,-0.006301415650182536,-0.24142190907150507,decreases predicted RUL,116.68026733398438,98.0
50,Sensor_8_roll_mean5,-0.3720631365628179,0.9038055527489632,increases predicted RUL,116.68026733398438,98.0
50,Sensor_8_roll_std5,0.15678935094052707,-0.5858087433898618,decreases predicted RUL,116.68026733398438,98.0
50,Regime_OneHot_0,-0.1602916486150275,0.3323267014930025,increases predicted RUL,116.68026733398438,98.0
50,Regime_OneHot_1,-0.13768607535074595,-0.6911714186426252,decreases predicted RUL,116.68026733398438,98.0
50,Regime_OneHot_2,0.025643544064860562,-1.2543925184290856,decreases predicted RUL,116.68026733398438,98.0
50,Regime_OneHot_3,-0.028201445608400672,0.09054514084709808,increases predicted RUL,116.68026733398438,98.0
50,Regime_OneHot_4,-0.14113952341784905,-0.23342019066330977,decreases predicted RUL,116.68026733398438,98.0
50,Regime_OneHot_5,-0.25260688316675256,-0.14864728864631616,decreases predicted RUL,116.68026733398438,98.0
51,Regime_ID,2.14,1.1229497659951448,increases predicted RUL,53.788970947265625,53.0
51,Sensor_1,-0.22819881054841581,1.8520822205464356,increases predicted RUL,53.788970947265625,53.0
51,Sensor_2,0.6580950679385664,-5.426002249587327,decreases predicted RUL,53.788970947265625,53.0
51,Sensor_3,0.7784885230579472,-8.314582445716951,decreases predicted RUL,53.788970947265625,53.0
51,Sensor_4,0.9107975188259297,-2.1277626340743154,decreases predicted RUL,53.788970947265625,53.0
51,Sensor_5,0.027937014286370333,1.162606277037412,increases predicted RUL,53.788970947265625,53.0
51,Sensor_6,0.42828952594895364,-5.486746266578848,decreases predicted RUL,53.788970947265625,53.0
51,Sensor_7,-0.39955447709194725,1.001444473862648,increases predicted RUL,53.788970947265625,53.0
51,Sensor_8,0.5164688635581908,-0.03647678648121655,decreases predicted RUL,53.788970947265625,53.0
51,Sensor_9,0.3266226045040432,-8.149041818687692,decreases predicted RUL,53.788970947265625,53.0
51,Sensor_10,-0.19194146582625915,-1.1341774132015416,decreases predicted RUL,53.788970947265625,53.0
51,Sensor_11,0.9260215209826367,-1.466126836836338,decreases predicted RUL,53.788970947265625,53.0
51,Sensor_12,-0.6386496654262982,-1.5740502905100584,decreases predicted RUL,53.788970947265625,53.0
51,Sensor_13,0.421740329463228,2.303892966127023,increases predicted RUL,53.788970947265625,53.0
51,Sensor_14,0.2872159420790932,1.936725311796181,increases predicted RUL,53.788970947265625,53.0
51,Sensor_15,0.6111161294676277,-14.10994284413755,decreases predicted RUL,53.788970947265625,53.0
51,Sensor_17,0.7322136524347174,-1.35245905444026,decreases predicted RUL,53.788970947265625,53.0
51,Sensor_18,0.0,0.0,decreases predicted RUL,53.788970947265625,53.0
51,Sensor_19,-0.13979900422983205,-0.05837782169692218,decreases predicted RUL,53.788970947265625,53.0
51,Sensor_20,-0.5802572089968341,-0.5337522220797837,decreases predicted RUL,53.788970947265625,53.0
51,Sensor_21,-0.4814981135950586,-0.14757362447562627,decreases predicted RUL,53.788970947265625,53.0
51,Sensor_11_diff1,0.0009562846301980699,2.9988801977597177,increases predicted RUL,53.788970947265625,53.0
51,Sensor_11_roll_mean5,1.06593177252315,3.2063496187329292,increases predicted RUL,53.788970947265625,53.0
51,Sensor_11_roll_std5,0.10775116062738783,-0.2511254488490522,decreases predicted RUL,53.788970947265625,53.0
51,Sensor_4_diff1,-0.008257784898254156,0.5659518502652645,increases predicted RUL,53.788970947265625,53.0
51,Sensor_4_roll_mean5,1.1065079768504427,5.758687690948136,increases predicted RUL,53.788970947265625,53.0
51,Sensor_4_roll_std5,0.3014112724917003,0.976331487268908,increases predicted RUL,53.788970947265625,53.0
51,Sensor_15_diff1,-0.012251971188329222,0.5352493265963858,increases predicted RUL,53.788970947265625,53.0
51,Sensor_15_roll_mean5,0.7591880149524407,8.928657409152947,increases predicted RUL,53.788970947265625,53.0
51,Sensor_15_roll_std5,-0.159899430012112,-0.13653739557776134,decreases predicted RUL,53.788970947265625,53.0
51,Sensor_12_diff1,-0.03752990026027333,-1.038583654386457,decreases predicted RUL,53.788970947265625,53.0
51,Sensor_12_roll_mean5,-0.9315232256322347,3.79377289905824,increases predicted RUL,53.788970947265625,53.0
51,Sensor_12_roll_std5,0.06377364005022292,-1.6854541352950037,decreases predicted RUL,53.788970947265625,53.0
51,Sensor_13_diff1,0.028162380005669244,-0.9498115461319685,decreases predicted RUL,53.788970947265625,53.0
51,Sensor_13_roll_mean5,0.5437491379255789,-1.6433183585177176,decreases predicted RUL,53.788970947265625,53.0
51,Sensor_13_roll_std5,-0.7204683634081072,1.9473299542441964,increases predicted RUL,53.788970947265625,53.0
51,Sensor_8_diff1,0.013271118088628986,-0.30062012770213187,decreases predicted RUL,53.788970947265625,53.0
51,Sensor_8_roll_mean5,0.699016614873035,0.5948938219808042,increases predicted RUL,53.788970947265625,53.0
51,Sensor_8_roll_std5,-0.5444604904072622,-1.0374134810881515,decreases predicted RUL,53.788970947265625,53.0
51,Regime_OneHot_0,0.07084978999945378,-0.19562909146770835,decreases predicted RUL,53.788970947265625,53.0
51,Regime_OneHot_1,0.03079603926717649,-1.0460507795214653,decreases predicted RUL,53.788970947265625,53.0
51,Regime_OneHot_2,-0.1978975321218399,0.62823299493175,increases predicted RUL,53.788970947265625,53.0
51,Regime_OneHot_3,0.13979900422618172,1.5774617088754894,increases predicted RUL,53.788970947265625,53.0
51,Regime_OneHot_4,0.082622781342973,2.694773263297975,increases predicted RUL,53.788970947265625,53.0
51,Regime_OneHot_5,-0.14066554840070528,-2.258413881296292,decreases predicted RUL,53.788970947265625,53.0
52,Regime_ID,2.38,0.44360103528015316,increases predicted RUL,45.94710922241211,52.0
52,Sensor_1,-0.18170284205134507,0.6259602140635252,increases predicted RUL,45.94710922241211,52.0
52,Sensor_2,0.35387988878455573,-2.7974674362922087,decreases predicted RUL,45.94710922241211,52.0
52,Sensor_3,0.0835420771804706,-1.42995429050643,decreases predicted RUL,45.94710922241211,52.0
52,Sensor_4,0.26272135538431585,-3.635084833484143,decreases predicted RUL,45.94710922241211,52.0
52,Sensor_5,-0.008792983678763657,0.3138725378084928,increases predicted RUL,45.94710922241211,52.0
52,Sensor_6,0.296505778666014,-1.5284333070740104,decreases predicted RUL,45.94710922241211,52.0
52,Sensor_7,0.18892412268534003,0.3503122127149254,increases predicted RUL,45.94710922241211,52.0
52,Sensor_8,0.6789076609004111,-0.08033359743421897,decreases predicted RUL,45.94710922241211,52.0
52,Sensor_9,0.8987278299948742,-8.53341736830771,decreases predicted RUL,45.94710922241211,52.0
52,Sensor_10,-0.15459724204648334,-0.3033235863549635,decreases predicted RUL,45.94710922241211,52.0
52,Sensor_11,0.2288105999060359,-1.9759108957659919,decreases predicted RUL,45.94710922241211,52.0
52,Sensor_12,-0.12428753609799133,1.3572785221040249,increases predicted RUL,45.94710922241211,52.0
52,Sensor_13,0.5898163121590688,2.1251835374278016,increases predicted RUL,45.94710922241211,52.0
52,Sensor_14,0.8663800403387074,2.51546471985057,increases predicted RUL,45.94710922241211,52.0
52,Sensor_15,0.22495969114662082,-5.037994828482624,decreases predicted RUL,45.94710922241211,52.0
52,Sensor_17,0.30327480290043657,-0.6082988927373663,decreases predicted RUL,45.94710922241211,52.0
52,Sensor_18,0.0,0.0,decreases predicted RUL,45.94710922241211,52.0
52,Sensor_19,-0.02779870433709017,-2.0189767007832415,decreases predicted RUL,45.94710922241211,52.0
52,Sensor_20,-0.33786210487755064,2.0999052216066048,increases predicted RUL,45.94710922241211,52.0
52,Sensor_21,-0.09281038633348615,2.0138019463047385,increases predicted RUL,45.94710922241211,52.0
52,Sensor_11_diff1,0.01609085381329082,-0.47151657490758225,decreases predicted RUL,45.94710922241211,52.0
52,Sensor_11_roll_mean5,0.2621208474883519,-0.6846540365368128,decreases predicted RUL,45.94710922241211,52.0
52,Sensor_11_roll_std5,-0.23168398164622805,0.068088203901425,increases predicted RUL,45.94710922241211,52.0
52,Sensor_4_diff1,0.00936743709133536,-0.12661214219406247,decreases predicted RUL,45.94710922241211,52.0
52,Sensor_4_roll_mean5,0.29989806934062546,-2.3516647121869028,decreases predicted RUL,45.94710922241211,52.0
52,Sensor_4_roll_std5,0.11815879526069968,-0.36035570925014326,decreases predicted RUL,45.94710922241211,52.0
52,Sensor_15_diff1,-0.014874999437143255,-0.6650336850434542,decreases predicted RUL,45.94710922241211,52.0
52,Sensor_15_roll_mean5,0.2743389971230739,-0.48885358138068113,decreases predicted RUL,45.94710922241211,52.0
52,Sensor_15_roll_std5,0.12253362518151809,0.08281479054130614,increases predicted RUL,45.94710922241211,52.0
52,Sensor_12_diff1,0.034633676543103745,0.35394083021674305,increases predicted RUL,45.94710922241211,52.0
52,Sensor_12_roll_mean5,-0.20785795290774492,-1.4078701937978622,decreases predicted RUL,45.94710922241211,52.0
52,Sensor_12_roll_std5,0.38677217734909974,0.5875246709911153,increases predicted RUL,45.94710922241211,52.0
52,Sensor_13_diff1,-0.003247851971614577,-0.2617553249001503,decreases predicted RUL,45.94710922241211,52.0
52,Sensor_13_roll_mean5,0.8306967095617847,-0.7730644816720087,decreases predicted RUL,45.94710922241211,52.0
52,Sensor_13_roll_std5,-0.6184753745403371,1.5766763628926128,increases predicted RUL,45.94710922241211,52.0
52,Sensor_8_diff1,0.002061731402194934,-0.24019301787484437,decreases predicted RUL,45.94710922241211,52.0
52,Sensor_8_roll_mean5,0.9392897106104822,-0.080875048879534,decreases predicted RUL,45.94710922241211,52.0
52,Sensor_8_roll_std5,-0.5591669353366631,1.1639795345254242,increases predicted RUL,45.94710922241211,52.0
52,Regime_OneHot_0,0.07084978999945384,1.4606293268152513,increases predicted RUL,45.94710922241211,52.0
52,Regime_OneHot_1,-0.08152537047810511,-1.9441147700417787,decreases predicted RUL,45.94710922241211,52.0
52,Regime_OneHot_2,-0.19789753212183986,-0.8429789759684354,decreases predicted RUL,45.94710922241211,52.0
52,Regime_OneHot_3,0.027798704336460166,2.342906867736019,increases predicted RUL,45.94710922241211,52.0
52,Regime_OneHot_4,0.08262278134297298,2.2513946359977126,increases predicted RUL,45.94710922241211,52.0
52,Regime_OneHot_5,0.08321712113138961,0.7607350195175968,increases predicted RUL,45.94710922241211,52.0
53,Regime_ID,2.22,2.500139038544148,increases predicted RUL,88.39820861816406,106.0
53,Sensor_1,0.09727296893107935,1.872054862906225,increases predicted RUL,88.39820861816406,106.0
53,Sensor_2,-0.853358919787366,5.429603792494163,increases predicted RUL,88.39820861816406,106.0
53,Sensor_3,-0.6683382525412607,6.242608590051532,increases predicted RUL,88.39820861816406,106.0
53,Sensor_4,-0.9279380284571624,-0.8027086798101664,decreases predicted RUL,88.39820861816406,106.0
53,Sensor_5,0.07384951174278787,0.8060206107329577,increases predicted RUL,88.39820861816406,106.0
53,Sensor_6,-0.5933217137670695,-0.21977141895331442,decreases predicted RUL,88.39820861816406,106.0
53,Sensor_7,0.5584319516523503,1.3816921237157658,increases predicted RUL,88.39820861816406,106.0
53,Sensor_8,-0.7960324097653003,-2.143123575253412,decreases predicted RUL,88.39820861816406,106.0
53,Sensor_9,-0.9708933814207764,4.091183314099908,increases predicted RUL,88.39820861816406,106.0
53,Sensor_10,0.001068043458985508,-1.011061008379329,decreases predicted RUL,88.39820861816406,106.0
53,Sensor_11,-0.8544634238722502,4.322865577414632,increases predicted RUL,88.39820861816406,106.0
53,Sensor_12,0.6742158281867421,6.468089749105275,increases predicted RUL,88.39820861816406,106.0
53,Sensor_13,-0.8274100708155315,-0.7883651209413074,decreases predicted RUL,88.39820861816406,106.0
53,Sensor_14,-0.786516302521959,-1.8279483437800081,decreases predicted RUL,88.39820861816406,106.0
53,Sensor_15,-0.7231379018673543,9.600603146478534,increases predicted RUL,88.39820861816406,106.0
53,Sensor_17,-0.7092464788402387,-0.9078630607109517,decreases predicted RUL,88.39820861816406,106.0
53,Sensor_18,0.0,0.0,decreases predicted RUL,88.39820861816406,106.0
53,Sensor_19,-0.08379885428346118,-1.0916712401085533,decreases predicted RUL,88.39820861816406,106.0
53,Sensor_20,0.3381354475240764,1.6358403833582997,increases predicted RUL,88.39820861816406,106.0
53,Sensor_21,0.7322290240239464,0.6437466689385474,increases predicted RUL,88.39820861816406,106.0
53,Sensor_11_diff1,0.01609085381329181,-1.1536801736801863,decreases predicted RUL,88.39820861816406,106.0
53,Sensor_11_roll_mean5,-0.979345423561578,-3.1713759638369083,decreases predicted RUL,88.39820861816406,106.0
53,Sensor_11_roll_std5,-0.06233986081256729,1.6876168622693513,increases predicted RUL,88.39820861816406,106.0
53,Sensor_4_diff1,-0.024826921437532432,1.0121400572243147,increases predicted RUL,88.39820861816406,106.0
53,Sensor_4_roll_mean5,-1.104452305176256,-3.621606628643349,decreases predicted RUL,88.39820861816406,106.0
53,Sensor_4_roll_std5,-0.10854917551430493,-0.704792843782343,decreases predicted RUL,88.39820861816406,106.0
53,Sensor_15_diff1,0.008316196492072487,-0.16418512328527868,decreases predicted RUL,88.39820861816406,106.0
53,Sensor_15_roll_mean5,-0.8743828288345361,-2.809044098481536,decreases predicted RUL,88.39820861816406,106.0
53,Sensor_15_roll_std5,0.3296066585748594,-1.2763873990625143,decreases predicted RUL,88.39820861816406,106.0
53,Sensor_12_diff1,0.018505987856097535,0.11442255016299896,increases predicted RUL,88.39820861816406,106.0
53,Sensor_12_roll_mean5,0.9789598165671122,2.8086095055332407,increases predicted RUL,88.39820861816406,106.0
53,Sensor_12_roll_std5,-0.24447219924476696,1.8851594125735573,increases predicted RUL,88.39820861816406,106.0
53,Sensor_13_diff1,-0.01439620899328627,-0.884512796998024,decreases predicted RUL,88.39820861816406,106.0
53,Sensor_13_roll_mean5,-1.1185240219593846,-1.3232876658439636,decreases predicted RUL,88.39820861816406,106.0
53,Sensor_13_roll_std5,-0.7447404116953907,-0.7841503634117544,decreases predicted RUL,88.39820861816406,106.0
53,Sensor_8_diff1,-0.006729742663242646,-1.4516161828651093,decreases predicted RUL,88.39820861816406,106.0
53,Sensor_8_roll_mean5,-1.0845286123751767,1.096181137720123,increases predicted RUL,88.39820861816406,106.0
53,Sensor_8_roll_std5,-0.6570565960972753,-0.8702323999284545,decreases predicted RUL,88.39820861816406,106.0
53,Regime_OneHot_0,-0.021606785446338716,1.577366404235363,increases predicted RUL,88.39820861816406,106.0
53,Regime_OneHot_1,-0.025364665605464343,0.7175538513693027,increases predicted RUL,88.39820861816406,106.0
53,Regime_OneHot_2,0.08152881311153572,-1.9475301823113114,decreases predicted RUL,88.39820861816406,106.0
53,Regime_OneHot_3,0.08379885428132085,3.3755538747645915,increases predicted RUL,88.39820861816406,106.0
53,Regime_OneHot_4,-0.08519894722764337,0.6762201387900859,increases predicted RUL,88.39820861816406,106.0
53,Regime_OneHot_5,-0.028724213634657794,-1.5534075652249157,decreases predicted RUL,88.39820861816406,106.0
54,Regime_ID,2.36,-0.574979546108807,decreases predicted RUL,113.14608001708984,103.0
54,Sensor_1,-0.018966952311597503,-0.8365532821044326,decreases predicted RUL,113.14608001708984,103.0
54,Sensor_2,-0.08798659076580558,2.764003349468112,increases predicted RUL,113.14608001708984,103.0
54,Sensor_3,-0.08663651333305225,2.0966932114679366,increases predicted RUL,113.14608001708984,103.0
54,Sensor_4,0.19328480873364595,5.761485496244859,increases predicted RUL,113.14608001708984,103.0
54,Sensor_5,0.1886307553838317,-1.5972734857350588,decreases predicted RUL,113.14608001708984,103.0
54,Sensor_6,-0.3969523768589066,4.042168350890279,increases predicted RUL,113.14608001708984,103.0
54,Sensor_7,-0.17962576980090347,-1.4099231576547027,decreases predicted RUL,113.14608001708984,103.0
54,Sensor_8,-0.42265502081511025,2.3030402021249756,increases predicted RUL,113.14608001708984,103.0
54,Sensor_9,-0.7781132377100323,5.889481727965176,increases predicted RUL,113.14608001708984,103.0
54,Sensor_10,0.2213841745692215,4.462235083083215,increases predicted RUL,113.14608001708984,103.0
54,Sensor_11,0.23898936839165674,6.15262519242242,increases predicted RUL,113.14608001708984,103.0
54,Sensor_12,-0.22038698467382886,4.475769379641861,increases predicted RUL,113.14608001708984,103.0
54,Sensor_13,-0.4766108198180856,-4.259889231179841,decreases predicted RUL,113.14608001708984,103.0
54,Sensor_14,-0.8162746828744705,-2.623578704195097,decreases predicted RUL,113.14608001708984,103.0
54,Sensor_15,0.10380295142113802,10.93019700361765,increases predicted RUL,113.14608001708984,103.0
54,Sensor_17,-0.02362311606497688,-1.682112144306302,decreases predicted RUL,113.14608001708984,103.0
54,Sensor_18,0.0,0.0,decreases predicted RUL,113.14608001708984,103.0
54,Sensor_19,-0.13979900422983207,-3.6842819675803185,decreases predicted RUL,113.14608001708984,103.0
54,Sensor_20,-0.04947946038913024,-1.5213398025371134,decreases predicted RUL,113.14608001708984,103.0
54,Sensor_21,-0.37060779370349145,3.371344478800893,increases predicted RUL,113.14608001708984,103.0
54,Sensor_11_diff1,-0.039731373353652503,-0.6170232018921524,decreases predicted RUL,113.14608001708984,103.0
54,Sensor_11_roll_mean5,0.3251449009224661,6.656138086691499,increases predicted RUL,113.14608001708984,103.0
54,Sensor_11_roll_std5,-0.5432142620819266,1.7380481698492076,increases predicted RUL,113.14608001708984,103.0
54,Sensor_4_diff1,0.000978720399564599,-0.7434617508552037,decreases predicted RUL,113.14608001708984,103.0
54,Sensor_4_roll_mean5,0.21597357088066135,2.0847388789989054,increases predicted RUL,113.14608001708984,103.0
54,Sensor_4_roll_std5,-0.24810675395175544,-0.8493503270437941,decreases predicted RUL,113.14608001708984,103.0
54,Sensor_15_diff1,-0.07671095298089209,1.505990452133119,increases predicted RUL,113.14608001708984,103.0
54,Sensor_15_roll_mean5,0.20888490179049057,-2.2355659711174667,decreases predicted RUL,113.14608001708984,103.0
54,Sensor_15_roll_std5,0.023709227286598775,-2.3617616336559877,decreases predicted RUL,113.14608001708984,103.0
54,Sensor_12_diff1,-0.012618643970246469,-2.4175801980891265,decreases predicted RUL,113.14608001708984,103.0
54,Sensor_12_roll_mean5,-0.27851537902228873,-1.8881875372608192,decreases predicted RUL,113.14608001708984,103.0
54,Sensor_12_roll_std5,-0.1512400706305293,2.811860816553235,increases predicted RUL,113.14608001708984,103.0
54,Sensor_13_diff1,-0.004270115331666931,-0.7168125510215759,decreases predicted RUL,113.14608001708984,103.0
54,Sensor_13_roll_mean5,-0.629050497218997,0.7954122864175588,increases predicted RUL,113.14608001708984,103.0
54,Sensor_13_roll_std5,-0.35169907982270765,5.1264676549471915,increases predicted RUL,113.14608001708984,103.0
54,Sensor_8_diff1,-0.011662414527624001,-1.6501318863593042,decreases predicted RUL,113.14608001708984,103.0
54,Sensor_8_roll_mean5,-0.5429945068925339,-0.3473752632853575,decreases predicted RUL,113.14608001708984,103.0
54,Sensor_8_roll_std5,-0.21192046823632638,2.256976938806474,increases predicted RUL,113.14608001708984,103.0
54,Regime_OneHot_0,-0.06783507316923491,1.2368102653417736,increases predicted RUL,113.14608001708984,103.0
54,Regime_OneHot_1,-0.13768607535074587,-0.2999595880974084,decreases predicted RUL,113.14608001708984,103.0
54,Regime_OneHot_2,0.08152881311153565,1.1977320844307542,increases predicted RUL,113.14608001708984,103.0
54,Regime_OneHot_3,0.13979900422618172,3.229823488276452,increases predicted RUL,113.14608001708984,103.0
54,Regime_OneHot_4,0.13856335753317842,1.1842249054461718,increases predicted RUL,113.14608001708984,103.0
54,Regime_OneHot_5,-0.14066554840070508,3.9357571750879288,increases predicted RUL,113.14608001708984,103.0
55,Regime_ID,2.58,-0.6965644611045718,decreases predicted RUL,122.30091857910156,152.0
55,Sensor_1,0.0856489768068117,0.23695370685891248,increases predicted RUL,122.30091857910156,152.0
55,Sensor_2,-0.8785131927505756,4.851808863109909,increases predicted RUL,122.30091857910156,152.0
55,Sensor_3,-0.976145376636699,6.3183969653982786,increases predicted RUL,122.30091857910156,152.0
55,Sensor_4,-1.4030373957221929,2.5698152943514287,increases predicted RUL,122.30091857910156,152.0
55,Sensor_5,-0.11898297757416566,0.21506330341799185,increases predicted RUL,122.30091857910156,152.0
55,Sensor_6,-0.7554278632494648,1.2920680866809562,increases predicted RUL,122.30091857910156,152.0
55,Sensor_7,0.8643138067006998,7.4059043988527264,increases predicted RUL,122.30091857910156,152.0
55,Sensor_8,-0.7683394185557526,-1.4873136582318693,decreases predicted RUL,122.30091857910156,152.0
55,Sensor_9,-0.566793002136325,4.882606418570504,increases predicted RUL,122.30091857910156,152.0
55,Sensor_10,-0.038365910220703875,-0.41957487037871033,decreases predicted RUL,122.30091857910156,152.0
55,Sensor_11,-1.3168124090067115,9.991706669796258,increases predicted RUL,122.30091857910156,152.0
55,Sensor_12,0.845783927176328,4.390836421633139,increases predicted RUL,122.30091857910156,152.0
55,Sensor_13,-0.6905363829605904,-1.0313286061864346,decreases predicted RUL,122.30091857910156,152.0
55,Sensor_14,-0.3888605823976215,0.2800188091059681,increases predicted RUL,122.30091857910156,152.0
55,Sensor_15,-1.1403720024410449,18.37400170136243,increases predicted RUL,122.30091857910156,152.0
55,Sensor_17,-1.126053740825838,8.298210363369435,increases predicted RUL,122.30091857910156,152.0
55,Sensor_18,0.0,0.0,decreases predicted RUL,122.30091857910156,152.0
55,Sensor_19,0.08420159555565174,-0.8057451084023342,decreases predicted RUL,122.30091857910156,152.0
55,Sensor_20,0.7802712257742327,0.446116981562227,increases predicted RUL,122.30091857910156,152.0
55,Sensor_21,0.8566356420019442,0.847879400011152,increases predicted RUL,122.30091857910156,152.0
55,Sensor_11_diff1,-0.02529451138826297,0.13910208432935178,increases predicted RUL,122.30091857910156,152.0
55,Sensor_11_roll_mean5,-1.4831496048293766,-2.1233212054357864,decreases predicted RUL,122.30091857910156,152.0
55,Sensor_11_roll_std5,-0.24519136774976755,0.5636020828969777,increases predicted RUL,122.30091857910156,152.0
55,Sensor_4_diff1,-0.03743237355649565,-1.4072426214115694,decreases predicted RUL,122.30091857910156,152.0
55,Sensor_4_roll_mean5,-1.6400505569309396,-0.3227303624153137,decreases predicted RUL,122.30091857910156,152.0
55,Sensor_4_roll_std5,0.2314514946172727,-0.19546015182277188,decreases predicted RUL,122.30091857910156,152.0
55,Sensor_15_diff1,0.010520748111395672,-0.34291321475757286,decreases predicted RUL,122.30091857910156,152.0
55,Sensor_15_roll_mean5,-1.3835242709041682,-2.498326019849628,decreases predicted RUL,122.30091857910156,152.0
55,Sensor_15_roll_std5,0.1112364221859714,1.3645972743397579,increases predicted RUL,122.30091857910156,152.0
55,Sensor_12_diff1,-0.0055277837821636686,0.3995378953986801,increases predicted RUL,122.30091857910156,152.0
55,Sensor_12_roll_mean5,1.249680130543605,-0.4916998906992376,decreases predicted RUL,122.30091857910156,152.0
55,Sensor_12_roll_std5,0.6124752721511788,0.40279539296170697,increases predicted RUL,122.30091857910156,152.0
55,Sensor_13_diff1,0.011046212243078184,-0.8934542117640376,decreases predicted RUL,122.30091857910156,152.0
55,Sensor_13_roll_mean5,-0.9277445751465669,-0.03981773531995714,decreases predicted RUL,122.30091857910156,152.0
55,Sensor_13_roll_std5,-0.2557820595925005,-0.6197127038030885,decreases predicted RUL,122.30091857910156,152.0
55,Sensor_8_diff1,0.02931397795615328,-0.8115563376341015,decreases predicted RUL,122.30091857910156,152.0
55,Sensor_8_roll_mean5,-1.0603048870160416,1.235816374230211,increases predicted RUL,122.30091857910156,152.0
55,Sensor_8_roll_std5,0.012986363660192918,0.5874403061461635,increases predicted RUL,122.30091857910156,152.0
55,Regime_OneHot_0,-0.1140633608921312,0.3511886508204043,increases predicted RUL,122.30091857910156,152.0
55,Regime_OneHot_1,-0.025364665605464312,0.2735821433016099,increases predicted RUL,122.30091857910156,152.0
55,Regime_OneHot_2,0.025643544064860625,0.27509200864005834,increases predicted RUL,122.30091857910156,152.0
55,Regime_OneHot_3,-0.08420159555326144,1.0146902906126343,increases predicted RUL,122.30091857910156,152.0
55,Regime_OneHot_4,-0.02925837103743794,0.07080713300729258,increases predicted RUL,122.30091857910156,152.0
55,Regime_OneHot_5,0.25112912328046105,-0.08160476689226925,decreases predicted RUL,122.30091857910156,152.0
56,Regime_ID,2.24,1.665298719657585,increases predicted RUL,121.865966796875,123.0
56,Sensor_1,-0.146830865678542,-0.1898928094888106,decreases predicted RUL,121.865966796875,123.0
56,Sensor_2,-1.051820148296886,9.170011651702225,increases predicted RUL,121.865966796875,123.0
56,Sensor_3,-0.9229668554833407,8.432987629741547,increases predicted RUL,121.865966796875,123.0
56,Sensor_4,-1.1936962035014338,0.40342309698462486,increases predicted RUL,121.865966796875,123.0
56,Sensor_5,0.060075762505862614,0.9528065770864487,increases predicted RUL,121.865966796875,123.0
56,Sensor_6,-0.5733757156803582,2.287384193390608,increases predicted RUL,121.865966796875,123.0
56,Sensor_7,0.6597270958450911,6.38230814342387,increases predicted RUL,121.865966796875,123.0
56,Sensor_8,-0.2456154304068581,-0.5942354979342781,decreases predicted RUL,121.865966796875,123.0
56,Sensor_9,-0.2176417814240247,4.266641629394144,increases predicted RUL,121.865966796875,123.0
56,Sensor_10,0.11477699939442396,-0.3838817851174099,decreases predicted RUL,121.865966796875,123.0
56,Sensor_11,-1.1100983393687236,11.715313276275992,increases predicted RUL,121.865966796875,123.0
56,Sensor_12,0.9797866969670368,8.005999798420817,increases predicted RUL,121.865966796875,123.0
56,Sensor_13,-0.33849354523756886,-0.8414977246429771,decreases predicted RUL,121.865966796875,123.0
56,Sensor_14,-0.04114394132556483,0.4572536639898317,increases predicted RUL,121.865966796875,123.0
56,Sensor_15,-1.1033634654062638,18.77810960606439,increases predicted RUL,121.865966796875,123.0
56,Sensor_17,-0.9851668345930261,3.200695648789406,increases predicted RUL,121.865966796875,123.0
56,Sensor_18,0.0,0.0,decreases predicted RUL,121.865966796875,123.0
56,Sensor_19,-0.13979900422983219,0.7396053010597825,increases predicted RUL,121.865966796875,123.0
56,Sensor_20,0.5179630081340502,-0.06428331299684942,decreases predicted RUL,121.865966796875,123.0
56,Sensor_21,0.6665272181194279,0.47783100098604336,increases predicted RUL,121.865966796875,123.0
56,Sensor_11_diff1,-0.02267808717193228,0.7455862101633102,increases predicted RUL,121.865966796875,123.0
56,Sensor_11_roll_mean5,-1.2684095666956363,0.268523954320699,increases predicted RUL,121.865966796875,123.0
56,Sensor_11_roll_std5,0.5455987498913789,-1.3426204011193477,decreases predicted RUL,121.865966796875,123.0
56,Sensor_4_diff1,-0.012772312139622235,-0.905095237394562,decreases predicted RUL,121.865966796875,123.0
56,Sensor_4_roll_mean5,-1.4458753334467491,-6.801175217260607,decreases predicted RUL,121.865966796875,123.0
56,Sensor_4_roll_std5,0.17041592237999037,-1.1700302754761651,decreases predicted RUL,121.865966796875,123.0
56,Sensor_15_diff1,-0.0513130415429514,0.03236658498644829,increases predicted RUL,121.865966796875,123.0
56,Sensor_15_roll_mean5,-1.2880403308334067,-6.506147458683699,decreases predicted RUL,121.865966796875,123.0
56,Sensor_15_roll_std5,-0.2104965924017093,0.5407978983712383,increases predicted RUL,121.865966796875,123.0
56,Sensor_12_diff1,0.017333010315002815,-0.0046267143479781225,decreases predicted RUL,121.865966796875,123.0
56,Sensor_12_roll_mean5,1.452735223129582,-0.5662946184238535,decreases predicted RUL,121.865966796875,123.0
56,Sensor_12_roll_std5,0.08427020048374083,0.939440839109011,increases predicted RUL,121.865966796875,123.0
56,Sensor_13_diff1,0.031625376599613814,-0.5725097939139232,decreases predicted RUL,121.865966796875,123.0
56,Sensor_13_roll_mean5,-0.5100213335185145,-0.9648562143556774,decreases predicted RUL,121.865966796875,123.0
56,Sensor_13_roll_std5,0.4071332094328897,3.2462183432653546,increases predicted RUL,121.865966796875,123.0
56,Sensor_8_diff1,0.017449199976788995,-1.0924060049001127,decreases predicted RUL,121.865966796875,123.0
56,Sensor_8_roll_mean5,-0.3706739662206146,1.5954909053398296,increases predicted RUL,121.865966796875,123.0
56,Sensor_8_roll_std5,-0.07176366666994088,0.2983799694266054,increases predicted RUL,121.865966796875,123.0
56,Regime_OneHot_0,0.11707807772235007,-0.2544242748990655,decreases predicted RUL,121.865966796875,123.0
56,Regime_OneHot_1,-0.0815253704781051,-0.7937078627292067,decreases predicted RUL,121.865966796875,123.0
56,Regime_OneHot_2,-0.19789753212183966,-1.3155641200719401,decreases predicted RUL,121.865966796875,123.0
56,Regime_OneHot_3,0.13979900422618152,-0.9691152336308733,decreases predicted RUL,121.865966796875,123.0
56,Regime_OneHot_4,-0.029258371037437926,0.05308146635070443,increases predicted RUL,121.865966796875,123.0
56,Regime_OneHot_5,0.027246453748365883,0.03264339320594445,increases predicted RUL,121.865966796875,123.0
57,Regime_ID,2.34,1.7232623053714633,increases predicted RUL,44.308170318603516,26.0
57,Sensor_1,-0.23982280267268355,-0.8086182656115852,decreases predicted RUL,44.308170318603516,26.0
57,Sensor_2,1.0390472289163695,-5.33926887367852,decreases predicted RUL,44.308170318603516,26.0
57,Sensor_3,1.1752091079438083,-5.783173245756188,decreases predicted RUL,44.308170318603516,26.0
57,Sensor_4,1.1982204352007089,-0.7301691616885364,decreases predicted RUL,44.308170318603516,26.0
57,Sensor_5,-0.25212922019777634,0.20833114488050342,increases predicted RUL,44.308170318603516,26.0
57,Sensor_6,0.5895859513853066,-4.420614325907081,decreases predicted RUL,44.308170318603516,26.0
57,Sensor_7,-0.45243424007645167,-1.7757907956838608,decreases predicted RUL,44.308170318603516,26.0
57,Sensor_8,1.6320573306792954,-1.9179882775060833,decreases predicted RUL,44.308170318603516,26.0
57,Sensor_9,2.053073630983148,-17.754891004413366,decreases predicted RUL,44.308170318603516,26.0
57,Sensor_10,-0.2892157372234285,1.7732492523791734,increases predicted RUL,44.308170318603516,26.0
57,Sensor_11,1.2926249393032523,0.037224300496745855,increases predicted RUL,44.308170318603516,26.0
57,Sensor_12,-0.7100231443736505,-2.2930326157365926,decreases predicted RUL,44.308170318603516,26.0
57,Sensor_13,1.7144130622667009,5.675875018583611,increases predicted RUL,44.308170318603516,26.0
57,Sensor_14,1.9588761831515473,1.966424085199833,increases predicted RUL,44.308170318603516,26.0
57,Sensor_15,1.2245036368132316,-15.970983591047116,decreases predicted RUL,44.308170318603516,26.0
57,Sensor_17,1.1523480232399228,-0.16053243214264512,decreases predicted RUL,44.308170318603516,26.0
57,Sensor_18,0.0,0.0,decreases predicted RUL,44.308170318603516,26.0
57,Sensor_19,0.0842015955556517,-1.0251096080755815,decreases predicted RUL,44.308170318603516,26.0
57,Sensor_20,-0.745932258115717,2.5464993428322487,increases predicted RUL,44.308170318603516,26.0
57,Sensor_21,-0.4227878860512142,1.9383066004083958,increases predicted RUL,44.308170318603516,26.0
57,Sensor_11_diff1,0.015509195622024033,0.07896207273006439,increases predicted RUL,44.308170318603516,26.0
57,Sensor_11_roll_mean5,1.4721712236039932,1.3743963111191988,increases predicted RUL,44.308170318603516,26.0
57,Sensor_11_roll_std5,-0.06655757783218622,0.14337834417528939,increases predicted RUL,44.308170318603516,26.0
57,Sensor_4_diff1,-0.01359761642649197,0.5167493758490309,increases predicted RUL,44.308170318603516,26.0
57,Sensor_4_roll_mean5,1.464348224571492,2.392946515697986,increases predicted RUL,44.308170318603516,26.0
57,Sensor_4_roll_std5,-0.43195655610738176,0.8006469201063737,increases predicted RUL,44.308170318603516,26.0
57,Sensor_15_diff1,0.017731747515919084,-0.006369521841406822,decreases predicted RUL,44.308170318603516,26.0
57,Sensor_15_roll_mean5,1.4329951034929456,7.763759025721811,increases predicted RUL,44.308170318603516,26.0
57,Sensor_15_roll_std5,0.2107185919561219,-0.7890898857149296,decreases predicted RUL,44.308170318603516,26.0
57,Sensor_12_diff1,-0.014038913666914182,2.0798533221241087,increases predicted RUL,44.308170318603516,26.0
57,Sensor_12_roll_mean5,-1.0166481136394474,3.5728332026774297,increases predicted RUL,44.308170318603516,26.0
57,Sensor_12_roll_std5,0.34376657649176745,0.7750322724459693,increases predicted RUL,44.308170318603516,26.0
57,Sensor_13_diff1,0.03747794311129714,0.03469262202270329,increases predicted RUL,44.308170318603516,26.0
57,Sensor_13_roll_mean5,2.2985205560511197,-0.11225839238613844,decreases predicted RUL,44.308170318603516,26.0
57,Sensor_13_roll_std5,-0.39083276553028207,-1.2870531724765897,decreases predicted RUL,44.308170318603516,26.0
57,Sensor_8_diff1,0.024128673060564747,0.9919221728559933,increases predicted RUL,44.308170318603516,26.0
57,Sensor_8_roll_mean5,2.2035937812236015,1.1379733174107969,increases predicted RUL,44.308170318603516,26.0
57,Sensor_8_roll_std5,-0.11103664603981303,-1.183394880965352,decreases predicted RUL,44.308170318603516,26.0
57,Regime_OneHot_0,0.11707807772235009,0.6982286312850192,increases predicted RUL,44.308170318603516,26.0
57,Regime_OneHot_1,0.08695674413981722,-0.12592289538588375,decreases predicted RUL,44.308170318603516,26.0
57,Regime_OneHot_2,-0.36555333926186534,0.49816298147197813,increases predicted RUL,44.308170318603516,26.0
57,Regime_OneHot_3,-0.08420159555326148,1.0188808151287958,increases predicted RUL,44.308170318603516,26.0
57,Regime_OneHot_4,-0.02925837103743797,0.8205775137175806,increases predicted RUL,44.308170318603516,26.0
57,Regime_OneHot_5,0.251129123280461,2.3378399692010134,increases predicted RUL,44.308170318603516,26.0
58,Regime_ID,0.68,4.245754110743292,increases predicted RUL,119.35916137695312,178.0
58,Sensor_1,-0.06925614043395945,0.09319312311708927,increases predicted RUL,119.35916137695312,178.0
58,Sensor_2,-0.09794359313752098,2.8125325257424265,increases predicted RUL,119.35916137695312,178.0
58,Sensor_3,-0.03983061491171671,2.4738215196412057,increases predicted RUL,119.35916137695312,178.0
58,Sensor_4,-0.12942207079407464,5.918211370473728,increases predicted RUL,119.35916137695312,178.0
58,Sensor_5,0.09845611315770547,0.8079026691848412,increases predicted RUL,119.35916137695312,178.0
58,Sensor_6,0.06494725054153803,1.3974372260272503,increases predicted RUL,119.35916137695312,178.0
58,Sensor_7,-0.07128362205708222,4.113071477971971,increases predicted RUL,119.35916137695312,178.0
58,Sensor_8,0.022677327387249605,0.30383076099678874,increases predicted RUL,119.35916137695312,178.0
58,Sensor_9,0.02740487865594824,3.1604224322363734,increases predicted RUL,119.35916137695312,178.0
58,Sensor_10,-0.02341429014973081,-0.6700077424757183,decreases predicted RUL,119.35916137695312,178.0
58,Sensor_11,-0.17358912717934355,10.018030414823443,increases predicted RUL,119.35916137695312,178.0
58,Sensor_12,-0.015209250320526618,3.4351219622185454,increases predicted RUL,119.35916137695312,178.0
58,Sensor_13,-0.006716841534885922,-0.2007419075234793,decreases predicted RUL,119.35916137695312,178.0
58,Sensor_14,0.032832552973127475,0.6533476843032986,increases predicted RUL,119.35916137695312,178.0
58,Sensor_15,-0.05989500509218242,10.77593844011426,increases predicted RUL,119.35916137695312,178.0
58,Sensor_17,-0.16661811049666564,5.948123045032844,increases predicted RUL,119.35916137695312,178.0
58,Sensor_18,0.0,0.0,decreases predicted RUL,119.35916137695312,178.0
58,Sensor_19,0.07480556228650112,-0.35985275387065485,decreases predicted RUL,119.35916137695312,178.0
58,Sensor_20,0.02809375564231642,0.7240595456969459,increases predicted RUL,119.35916137695312,178.0
58,Sensor_21,0.26955392373212245,0.8627822417765856,increases predicted RUL,119.35916137695312,178.0
58,Sensor_11_diff1,-0.014464882152576082,-0.6391629576683044,decreases predicted RUL,119.35916137695312,178.0
58,Sensor_11_roll_mean5,-0.18325989240567586,8.324692013906315,increases predicted RUL,119.35916137695312,178.0
58,Sensor_11_roll_std5,-1.4886572919554848,2.157396162627265,increases predicted RUL,119.35916137695312,178.0
58,Sensor_4_diff1,-0.01055542661220024,-0.9105696884216741,decreases predicted RUL,119.35916137695312,178.0
58,Sensor_4_roll_mean5,-0.12864668264389573,3.300914010964334,increases predicted RUL,119.35916137695312,178.0
58,Sensor_4_roll_std5,-1.6575473916636216,-3.1025349980336614,decreases predicted RUL,119.35916137695312,178.0
58,Sensor_15_diff1,-0.02585650031328292,0.7716082714032382,increases predicted RUL,119.35916137695312,178.0
58,Sensor_15_roll_mean5,-0.031857129923458294,1.567330799131014,increases predicted RUL,119.35916137695312,178.0
58,Sensor_15_roll_std5,-1.3419771106509664,-0.3426481722854078,decreases predicted RUL,119.35916137695312,178.0
58,Sensor_12_diff1,0.01572535187558036,0.2241336610459257,increases predicted RUL,119.35916137695312,178.0
58,Sensor_12_roll_mean5,-0.08040595334534492,-2.3199023345368914,decreases predicted RUL,119.35916137695312,178.0
58,Sensor_12_roll_std5,-1.860960335837686,-1.032812849880429,decreases predicted RUL,119.35916137695312,178.0
58,Sensor_13_diff1,-0.006963970978849734,-0.6526451869867742,decreases predicted RUL,119.35916137695312,178.0
58,Sensor_13_roll_mean5,0.007866900682345596,0.5737117287935689,increases predicted RUL,119.35916137695312,178.0
58,Sensor_13_roll_std5,-1.0820699033927794,-0.9719132739119232,decreases predicted RUL,119.35916137695312,178.0
58,Sensor_8_diff1,-0.004332067918110084,-1.0706385535886511,decreases predicted RUL,119.35916137695312,178.0
58,Sensor_8_roll_mean5,0.04055130458219962,0.6755136208375916,increases predicted RUL,119.35916137695312,178.0
58,Sensor_8_roll_std5,-1.0812432590529664,4.231183180119842,increases predicted RUL,119.35916137695312,178.0
58,Regime_OneHot_0,-0.06783507316923502,1.0989559631270822,increases predicted RUL,119.35916137695312,178.0
58,Regime_OneHot_1,-0.30616818996866874,-0.37107195606222376,decreases predicted RUL,119.35916137695312,178.0
58,Regime_OneHot_2,-0.30966807021518983,-0.5582798380055465,decreases predicted RUL,119.35916137695312,178.0
58,Regime_OneHot_3,-0.3082021953327046,-0.8071797330630943,decreases predicted RUL,119.35916137695312,178.0
58,Regime_OneHot_4,-0.2530206757982601,-0.8290352952790272,decreases predicted RUL,119.35916137695312,178.0
58,Regime_OneHot_5,-0.3085775505497764,0.004018371808342636,increases predicted RUL,119.35916137695312,178.0
59,Regime_ID,2.58,0.4834964843466878,increases predicted RUL,73.9017562866211,73.0
59,Sensor_1,0.07402498468254402,1.9611222762614489,increases predicted RUL,73.9017562866211,73.0
59,Sensor_2,0.014425608675786976,-0.4373450744897127,decreases predicted RUL,73.9017562866211,73.0
59,Sensor_3,0.014619010823433136,0.09357501199701801,increases predicted RUL,73.9017562866211,73.0
59,Sensor_4,-0.15726375844627521,0.5698064836906269,increases predicted RUL,73.9017562866211,73.0
59,Sensor_5,-0.17407797452186652,3.19237512210384,increases predicted RUL,73.9017562866211,73.0
59,Sensor_6,0.033014801563717285,1.0356610273011029,increases predicted RUL,73.9017562866211,73.0
59,Sensor_7,0.04471951145243394,0.7473787685157731,increases predicted RUL,73.9017562866211,73.0
59,Sensor_8,-0.062920573119972,0.18754367234214442,increases predicted RUL,73.9017562866211,73.0
59,Sensor_9,0.060505440151380645,-0.9595260256901383,decreases predicted RUL,73.9017562866211,73.0
59,Sensor_10,-0.04928713187891786,-0.8374390528770164,decreases predicted RUL,73.9017562866211,73.0
59,Sensor_11,-0.11473860986403933,1.8211896982975304,increases predicted RUL,73.9017562866211,73.0
59,Sensor_12,0.24609137212035884,-0.3119069909444079,decreases predicted RUL,73.9017562866211,73.0
59,Sensor_13,-0.14445624581354832,0.08441312855575234,increases predicted RUL,73.9017562866211,73.0
59,Sensor_14,0.006399768577631453,0.5299258914747043,increases predicted RUL,73.9017562866211,73.0
59,Sensor_15,-0.13984802953189077,6.302836100105196,increases predicted RUL,73.9017562866211,73.0
59,Sensor_17,-0.08901258841301735,2.943207978736609,increases predicted RUL,73.9017562866211,73.0
59,Sensor_18,0.0,0.0,decreases predicted RUL,73.9017562866211,73.0
59,Sensor_19,-0.02779870433709024,-0.8296327276621014,decreases predicted RUL,73.9017562866211,73.0
59,Sensor_20,0.205675129068599,0.2932054733391851,increases predicted RUL,73.9017562866211,73.0
59,Sensor_21,0.05153478321106573,0.11627099756151438,increases predicted RUL,73.9017562866211,73.0
59,Sensor_11_diff1,-0.01988204755175395,0.07092997431755066,increases predicted RUL,73.9017562866211,73.0
59,Sensor_11_roll_mean5,-0.103624058882715,-0.03158948291093111,decreases predicted RUL,73.9017562866211,73.0
59,Sensor_11_roll_std5,0.36186678491555263,-0.6726997308724094,decreases predicted RUL,73.9017562866211,73.0
59,Sensor_4_diff1,-0.03331585433646683,-0.5076383871491998,decreases predicted RUL,73.9017562866211,73.0
59,Sensor_4_roll_mean5,-0.16252336163931644,-5.239938344515394,decreases predicted RUL,73.9017562866211,73.0
59,Sensor_4_roll_std5,-0.22056440854987838,0.48339910665526986,increases predicted RUL,73.9017562866211,73.0
59,Sensor_15_diff1,0.016689270389788863,0.20417038584128022,increases predicted RUL,73.9017562866211,73.0
59,Sensor_15_roll_mean5,-0.1729782021884593,-1.7357024772209115,decreases predicted RUL,73.9017562866211,73.0
59,Sensor_15_roll_std5,0.3741029408282012,0.8993787757353857,increases predicted RUL,73.9017562866211,73.0
59,Sensor_12_diff1,0.03676856855163579,-1.1572231024038047,decreases predicted RUL,73.9017562866211,73.0
59,Sensor_12_roll_mean5,0.26521425330700354,-0.881330920237815,decreases predicted RUL,73.9017562866211,73.0
59,Sensor_12_roll_std5,-0.4144558502572295,0.446007554885,increases predicted RUL,73.9017562866211,73.0
59,Sensor_13_diff1,-0.003386483745074222,-1.3529065726324916,decreases predicted RUL,73.9017562866211,73.0
59,Sensor_13_roll_mean5,-0.18742410852933195,-0.2984193025622517,decreases predicted RUL,73.9017562866211,73.0
59,Sensor_13_roll_std5,-0.7023674667117048,2.925947771873325,increases predicted RUL,73.9017562866211,73.0
59,Sensor_8_diff1,0.000631733134295348,0.2813389386283234,increases predicted RUL,73.9017562866211,73.0
59,Sensor_8_roll_mean5,-0.08371585916289312,-0.275832753861323,decreases predicted RUL,73.9017562866211,73.0
59,Sensor_8_roll_std5,-0.7768181726510539,0.9692419718485326,increases predicted RUL,73.9017562866211,73.0
59,Regime_OneHot_0,-0.29897651178371626,1.3759096504654735,increases predicted RUL,73.9017562866211,73.0
59,Regime_OneHot_1,0.143117449012458,-1.375647289911285,decreases predicted RUL,73.9017562866211,73.0
59,Regime_OneHot_2,0.08152881311153573,1.1667140755453147,increases predicted RUL,73.9017562866211,73.0
59,Regime_OneHot_3,0.027798704336460013,0.544513903092593,increases predicted RUL,73.9017562866211,73.0
59,Regime_OneHot_4,0.026682205152767525,0.8117909629254427,increases predicted RUL,73.9017562866211,73.0
59,Regime_OneHot_5,0.08321712113138986,-0.7130051301792264,decreases predicted RUL,73.9017562866211,73.0
60,Regime_ID,2.24,-2.4919578858534805,decreases predicted RUL,85.79154205322266,169.0
60,Sensor_1,0.03915300830974093,3.0030726639088243,increases predicted RUL,85.79154205322266,169.0
60,Sensor_2,-0.12757175829891584,1.0560588855296373,increases predicted RUL,85.79154205322266,169.0
60,Sensor_3,-0.4295883021821774,2.347661078441888,increases predicted RUL,85.79154205322266,169.0
60,Sensor_4,-0.1453827597254979,4.4738200075225905,increases predicted RUL,85.79154205322266,169.0
60,Sensor_5,-0.1419392263023743,1.46494550537318,increases predicted RUL,85.79154205322266,169.0
60,Sensor_6,-0.13389203882313663,0.773106014712539,increases predicted RUL,85.79154205322266,169.0
60,Sensor_7,0.3947577095015881,7.563785596285015,increases predicted RUL,85.79154205322266,169.0
60,Sensor_8,-0.2339219814890378,0.9422616272349842,increases predicted RUL,85.79154205322266,169.0
60,Sensor_9,-0.35535383225966355,3.864843117655255,increases predicted RUL,85.79154205322266,169.0
60,Sensor_10,0.11627848589054723,-0.9739035988459364,decreases predicted RUL,85.79154205322266,169.0
60,Sensor_11,-0.25530598808295674,2.3239802409661934,increases predicted RUL,85.79154205322266,169.0
60,Sensor_12,0.35381334955206173,3.02873741555959,increases predicted RUL,85.79154205322266,169.0
60,Sensor_13,-0.2208605149051031,-1.4045028663240373,decreases predicted RUL,85.79154205322266,169.0
60,Sensor_14,-0.28110765102938495,0.14731447835220024,increases predicted RUL,85.79154205322266,169.0
60,Sensor_15,-0.28849604352189734,12.723301037214696,increases predicted RUL,85.79154205322266,169.0
60,Sensor_17,-0.32625219907928654,0.6387624393682927,increases predicted RUL,85.79154205322266,169.0
60,Sensor_18,0.0,0.0,decreases predicted RUL,85.79154205322266,169.0
60,Sensor_19,0.08420159555565174,-1.3981365284416825,decreases predicted RUL,85.79154205322266,169.0
60,Sensor_20,0.13392276973981893,-0.9912344556651078,decreases predicted RUL,85.79154205322266,169.0
60,Sensor_21,0.051550251377050486,3.699837109539658,increases predicted RUL,85.79154205322266,169.0
60,Sensor_11_diff1,-0.028452629798416264,-0.38350027799606323,decreases predicted RUL,85.79154205322266,169.0
60,Sensor_11_roll_mean5,-0.2584661966012944,-6.204907412175089,decreases predicted RUL,85.79154205322266,169.0
60,Sensor_11_roll_std5,0.1377423268458673,-1.3853928979951888,decreases predicted RUL,85.79154205322266,169.0
60,Sensor_4_diff1,0.01286548495260304,-1.6759542413055897,decreases predicted RUL,85.79154205322266,169.0
60,Sensor_4_roll_mean5,-0.16965511567260871,-3.2933963409159333,decreases predicted RUL,85.79154205322266,169.0
60,Sensor_4_roll_std5,0.5561460512649901,-0.9502281217137352,decreases predicted RUL,85.79154205322266,169.0
60,Sensor_15_diff1,0.023220962116137268,-1.2029755005496554,decreases predicted RUL,85.79154205322266,169.0
60,Sensor_15_roll_mean5,-0.36823363173879103,-6.516071077436209,decreases predicted RUL,85.79154205322266,169.0
60,Sensor_15_roll_std5,-0.6834043032105552,0.630940564442426,increases predicted RUL,85.79154205322266,169.0
60,Sensor_12_diff1,0.02745208926092391,3.13066651544068,increases predicted RUL,85.79154205322266,169.0
60,Sensor_12_roll_mean5,0.48070922878051014,-0.743059711297974,decreases predicted RUL,85.79154205322266,169.0
60,Sensor_12_roll_std5,0.1343747835601784,-1.078136204276234,decreases predicted RUL,85.79154205322266,169.0
60,Sensor_13_diff1,-0.0074427578326075735,-1.3420421842020005,decreases predicted RUL,85.79154205322266,169.0
60,Sensor_13_roll_mean5,-0.2806388584100945,0.3812499535270035,increases predicted RUL,85.79154205322266,169.0
60,Sensor_13_roll_std5,-0.7875544869840987,1.93832550290972,increases predicted RUL,85.79154205322266,169.0
60,Sensor_8_diff1,0.0018426998717883082,-1.0329568864544854,decreases predicted RUL,85.79154205322266,169.0
60,Sensor_8_roll_mean5,-0.2986940010082086,1.7817396465688944,increases predicted RUL,85.79154205322266,169.0
60,Sensor_8_roll_std5,-0.7925193749815646,1.8178900543425698,increases predicted RUL,85.79154205322266,169.0
60,Regime_OneHot_0,-0.06783507316923493,1.0351942051202059,increases predicted RUL,85.79154205322266,169.0
60,Regime_OneHot_1,0.14311744901245782,-3.614250934915617,decreases predicted RUL,85.79154205322266,169.0
60,Regime_OneHot_2,0.025643544064860527,-1.6524875585455447,decreases predicted RUL,85.79154205322266,169.0
60,Regime_OneHot_3,-0.08420159555326143,0.6736398474313319,increases predicted RUL,85.79154205322266,169.0
60,Regime_OneHot_4,-0.029258371037438034,-0.13734563277103007,decreases predicted RUL,85.79154205322266,169.0
60,Regime_OneHot_5,0.027246453748365856,-0.6720434492453933,decreases predicted RUL,85.79154205322266,169.0
61,Regime_ID,2.14,0.8418522444553673,increases predicted RUL,36.945220947265625,39.0
61,Sensor_1,0.09727296893107937,1.353745351312682,increases predicted RUL,36.945220947265625,39.0
61,Sensor_2,0.5828043834843932,-2.172845495864749,decreases predicted RUL,36.945220947265625,39.0
61,Sensor_3,0.6529049040936198,-4.539075557724573,decreases predicted RUL,36.945220947265625,39.0
61,Sensor_4,0.8103002862400206,-2.5302252966794185,decreases predicted RUL,36.945220947265625,39.0
61,Sensor_5,0.14271825792741416,0.09228184726089239,increases predicted RUL,36.945220947265625,39.0
61,Sensor_6,0.47742252938227053,-2.5225080982781947,decreases predicted RUL,36.945220947265625,39.0
61,Sensor_7,-0.5688262751712242,-2.33927786978893,decreases predicted RUL,36.945220947265625,39.0
61,Sensor_8,0.5071095625160812,-1.0402366342023015,decreases predicted RUL,36.945220947265625,39.0
61,Sensor_9,0.5546104667780742,-6.303867016918957,decreases predicted RUL,36.945220947265625,39.0
61,Sensor_10,-0.2703446368038711,1.6590941868926166,increases predicted RUL,36.945220947265625,39.0
61,Sensor_11,0.7743569800735712,-5.97032415564172,decreases predicted RUL,36.945220947265625,39.0
61,Sensor_12,-0.7319117791237404,-2.326561794441659,decreases predicted RUL,36.945220947265625,39.0
61,Sensor_13,0.5673326437963294,1.9514525746926665,increases predicted RUL,36.945220947265625,39.0
61,Sensor_14,0.4265742423148405,1.3415941884741187,increases predicted RUL,36.945220947265625,39.0
61,Sensor_15,0.8179792839524841,-13.449865163303912,decreases predicted RUL,36.945220947265625,39.0
61,Sensor_17,0.6249902755745861,0.9969679242931306,increases predicted RUL,36.945220947265625,39.0
61,Sensor_18,0.0,0.0,decreases predicted RUL,36.945220947265625,39.0
61,Sensor_19,0.08420159555565174,0.5561351086289505,increases predicted RUL,36.945220947265625,39.0
61,Sensor_20,-0.5990350159543185,1.8881357763893902,increases predicted RUL,36.945220947265625,39.0
61,Sensor_21,-0.38959124706561327,-0.6007946899626404,decreases predicted RUL,36.945220947265625,39.0
61,Sensor_11_diff1,0.025485440733010466,-1.0033611294347793,decreases predicted RUL,36.945220947265625,39.0
61,Sensor_11_roll_mean5,0.8520527380106574,0.6147755924612284,increases predicted RUL,36.945220947265625,39.0
61,Sensor_11_roll_std5,-0.1785690922657301,0.08523352129850537,increases predicted RUL,36.945220947265625,39.0
61,Sensor_4_diff1,0.03981342433210787,0.061430104287865106,increases predicted RUL,36.945220947265625,39.0
61,Sensor_4_roll_mean5,0.9534219025333777,2.9424170590937138,increases predicted RUL,36.945220947265625,39.0
61,Sensor_4_roll_std5,-0.2374642689868461,0.44317686557769775,increases predicted RUL,36.945220947265625,39.0
61,Sensor_15_diff1,-0.011671260881059608,1.2062769277763437,increases predicted RUL,36.945220947265625,39.0
61,Sensor_15_roll_mean5,0.9785015045185764,4.437216093065217,increases predicted RUL,36.945220947265625,39.0
61,Sensor_15_roll_std5,0.03755136248836358,-0.10038884938694537,decreases predicted RUL,36.945220947265625,39.0
61,Sensor_12_diff1,0.003790283734136208,-0.19472727552056313,decreases predicted RUL,36.945220947265625,39.0
61,Sensor_12_roll_mean5,-1.0745931374079591,2.6722693329211324,increases predicted RUL,36.945220947265625,39.0
61,Sensor_12_roll_std5,-0.5433981223756824,0.7532744163472671,increases predicted RUL,36.945220947265625,39.0
61,Sensor_13_diff1,0.011873399830802328,-0.33859124535229057,decreases predicted RUL,36.945220947265625,39.0
61,Sensor_13_roll_mean5,0.7409197072315038,-1.9466274962760508,decreases predicted RUL,36.945220947265625,39.0
61,Sensor_13_roll_std5,-0.6541566627232117,0.14653408515732735,increases predicted RUL,36.945220947265625,39.0
61,Sensor_8_diff1,-0.0025880397778223862,-0.9054115078033647,decreases predicted RUL,36.945220947265625,39.0
61,Sensor_8_roll_mean5,0.6708565758670872,0.034563316105050035,increases predicted RUL,36.945220947265625,39.0
61,Sensor_8_roll_std5,-0.7539904058905111,0.21961294783250196,increases predicted RUL,36.945220947265625,39.0
61,Regime_OneHot_0,0.024621502276557603,-0.011966917081736028,decreases predicted RUL,36.945220947265625,39.0
61,Regime_OneHot_1,-0.08152537047810508,-0.623743158968864,decreases predicted RUL,36.945220947265625,39.0
61,Regime_OneHot_2,0.19329935120488606,0.49165050021838397,increases predicted RUL,36.945220947265625,39.0
61,Regime_OneHot_3,-0.08420159555326137,-0.9664664926822297,decreases predicted RUL,36.945220947265625,39.0
61,Regime_OneHot_4,0.08262278134297299,1.1650142322760075,increases predicted RUL,36.945220947265625,39.0
61,Regime_OneHot_5,-0.14066554840070528,-0.44258525874465704,decreases predicted RUL,36.945220947265625,39.0
62,Regime_ID,2.5,1.2433470790274441,increases predicted RUL,45.654476165771484,39.0
62,Sensor_1,0.015905024061205583,-0.48734039696864784,decreases predicted RUL,45.654476165771484,39.0
62,Sensor_2,0.07687382536956293,-2.0999752772040665,decreases predicted RUL,45.654476165771484,39.0
62,Sensor_3,0.21306382048072095,0.1202528013382107,increases predicted RUL,45.654476165771484,39.0
62,Sensor_4,0.10185233800770391,-1.4610959666752024,decreases predicted RUL,45.654476165771484,39.0
62,Sensor_5,-0.1603042252849414,-0.0575602888566209,decreases predicted RUL,45.654476165771484,39.0
62,Sensor_6,0.12008749498281734,-0.14014718169346452,decreases predicted RUL,45.654476165771484,39.0
62,Sensor_7,-0.2121345887528112,-1.3908855866175145,decreases predicted RUL,45.654476165771484,39.0
62,Sensor_8,0.1902784655948633,0.9270829440101807,increases predicted RUL,45.654476165771484,39.0
62,Sensor_9,0.31452030039000994,1.5286869655828923,increases predicted RUL,45.654476165771484,39.0
62,Sensor_10,-0.13312288014331408,-0.5379410125897266,decreases predicted RUL,45.654476165771484,39.0
62,Sensor_11,0.0327480301343957,-2.061935863690451,decreases predicted RUL,45.654476165771484,39.0
62,Sensor_12,0.009731086454410733,-0.8682315209880471,decreases predicted RUL,45.654476165771484,39.0
62,Sensor_13,0.16283482965715707,0.9629952931718435,increases predicted RUL,45.654476165771484,39.0
62,Sensor_14,0.3025162319106102,0.7498360817698995,increases predicted RUL,45.654476165771484,39.0
62,Sensor_15,0.13192134187856344,-1.0385436355136335,decreases predicted RUL,45.654476165771484,39.0
62,Sensor_17,0.2606418707527051,0.4531586153898388,increases predicted RUL,45.654476165771484,39.0
62,Sensor_18,0.0,0.0,decreases predicted RUL,45.654476165771484,39.0
62,Sensor_19,0.028201445609280732,0.028692500753095374,increases predicted RUL,45.654476165771484,39.0
62,Sensor_20,-0.04746852664454095,-0.5799108457067632,decreases predicted RUL,45.654476165771484,39.0
62,Sensor_21,-0.024765063681119418,-1.9627458500908688,decreases predicted RUL,45.654476165771484,39.0
62,Sensor_11_diff1,-0.0004405263875459076,-0.09102998673915863,decreases predicted RUL,45.654476165771484,39.0
62,Sensor_11_roll_mean5,0.015798064993236837,-4.646194646251388,decreases predicted RUL,45.654476165771484,39.0
62,Sensor_11_roll_std5,0.1518666830094242,-0.022663158015348017,decreases predicted RUL,45.654476165771484,39.0
62,Sensor_4_diff1,0.0005233714530397605,0.5522259891731665,increases predicted RUL,45.654476165771484,39.0
62,Sensor_4_roll_mean5,0.110895043381771,-3.086161602754146,decreases predicted RUL,45.654476165771484,39.0
62,Sensor_4_roll_std5,0.24986671377979863,-0.15711433812975883,decreases predicted RUL,45.654476165771484,39.0
62,Sensor_15_diff1,0.009181590450368362,0.10904193215537816,increases predicted RUL,45.654476165771484,39.0
62,Sensor_15_roll_mean5,0.1331344427991989,-1.4266899594222195,decreases predicted RUL,45.654476165771484,39.0
62,Sensor_15_roll_std5,-0.18230875295551152,-1.8286297786944488,decreases predicted RUL,45.654476165771484,39.0
62,Sensor_12_diff1,0.005592985839813897,1.206431138329208,increases predicted RUL,45.654476165771484,39.0
62,Sensor_12_roll_mean5,0.046837376160405536,-0.9742528817732818,decreases predicted RUL,45.654476165771484,39.0
62,Sensor_12_roll_std5,-0.2711962214403091,0.556484283064492,increases predicted RUL,45.654476165771484,39.0
62,Sensor_13_diff1,0.0026366181169246673,-0.6566848744405434,decreases predicted RUL,45.654476165771484,39.0
62,Sensor_13_roll_mean5,0.2367521435038867,-0.14382427820055455,decreases predicted RUL,45.654476165771484,39.0
62,Sensor_13_roll_std5,-0.7322479235583991,2.7091840030625463,increases predicted RUL,45.654476165771484,39.0
62,Sensor_8_diff1,0.005701747199898701,-0.29992735013365746,decreases predicted RUL,45.654476165771484,39.0
62,Sensor_8_roll_mean5,0.2757032523781861,0.5415220280119684,increases predicted RUL,45.654476165771484,39.0
62,Sensor_8_roll_std5,-0.4807404271949921,0.9175498450640589,increases predicted RUL,45.654476165771484,39.0
62,Regime_OneHot_0,-0.0678350731692349,0.09389801579527557,increases predicted RUL,45.654476165771484,39.0
62,Regime_OneHot_1,0.03079603926717646,0.38690810821572086,increases predicted RUL,45.654476165771484,39.0
62,Regime_OneHot_2,-0.08612699402848965,1.417007978190668,increases predicted RUL,45.654476165771484,39.0
62,Regime_OneHot_3,-0.028201445608400703,-0.22509176330640912,decreases predicted RUL,45.654476165771484,39.0
62,Regime_OneHot_4,-0.0851989472276434,-1.1906002452524262,decreases predicted RUL,45.654476165771484,39.0
62,Regime_OneHot_5,0.25112912328046105,1.2646198901347816,increases predicted RUL,45.654476165771484,39.0
63,Regime_ID,2.0,1.2614506429526955,increases predicted RUL,29.894596099853516,14.0
63,Sensor_1,0.00428103193693784,0.4426291097770445,increases predicted RUL,29.894596099853516,14.0
63,Sensor_2,1.3882451067213768,-4.2032834170386195,decreases predicted RUL,29.894596099853516,14.0
63,Sensor_3,1.1023577617519238,-3.985723700141534,decreases predicted RUL,29.894596099853516,14.0
63,Sensor_4,1.4266455856536846,-0.4519560607150197,decreases predicted RUL,29.894596099853516,14.0
63,Sensor_5,0.09221451072535483,0.423704948334489,increases predicted RUL,29.894596099853516,14.0
63,Sensor_6,0.6508082614153132,-4.007047213905025,decreases predicted RUL,29.894596099853516,14.0
63,Sensor_7,-0.8266985304991082,-1.7693940282915719,decreases predicted RUL,29.894596099853516,14.0
63,Sensor_8,0.7682183437649378,0.9402290238067508,increases predicted RUL,29.894596099853516,14.0
63,Sensor_9,0.5752233630469394,-4.431663356139325,decreases predicted RUL,29.894596099853516,14.0
63,Sensor_10,-0.1212655779769214,-0.7354669759515673,decreases predicted RUL,29.894596099853516,14.0
63,Sensor_11,1.6216695983886344,-4.8288874588906765,decreases predicted RUL,29.894596099853516,14.0
63,Sensor_12,-1.0339937137819861,-3.7757361084222794,decreases predicted RUL,29.894596099853516,14.0
63,Sensor_13,0.5860108098301235,0.8764370115968632,increases predicted RUL,29.894596099853516,14.0
63,Sensor_14,0.432716013914035,0.5511010903865099,increases predicted RUL,29.894596099853516,14.0
63,Sensor_15,1.4275969803732378,-16.15155139239505,decreases predicted RUL,29.894596099853516,14.0
63,Sensor_17,1.1725604106861651,-1.5517966873012483,decreases predicted RUL,29.894596099853516,14.0
63,Sensor_18,0.0,0.0,decreases predicted RUL,29.894596099853516,14.0
63,Sensor_19,-0.13979900422983232,-0.3176115856040269,decreases predicted RUL,29.894596099853516,14.0
63,Sensor_20,-0.9379162513682112,2.3458896881202236,increases predicted RUL,29.894596099853516,14.0
63,Sensor_21,-0.9122462799324093,2.778731979429722,increases predicted RUL,29.894596099853516,14.0
63,Sensor_11_diff1,0.04093780534614723,0.6285701636661543,increases predicted RUL,29.894596099853516,14.0
63,Sensor_11_roll_mean5,1.8233775311035698,0.2949983347207308,increases predicted RUL,29.894596099853516,14.0
63,Sensor_11_roll_std5,-0.02638706740832925,-0.13730057852808386,decreases predicted RUL,29.894596099853516,14.0
63,Sensor_4_diff1,0.036292427075128975,0.8446530578657985,increases predicted RUL,29.894596099853516,14.0
63,Sensor_4_roll_mean5,1.6947891395160883,3.7787989675998688,increases predicted RUL,29.894596099853516,14.0
63,Sensor_4_roll_std5,0.4990509883594404,0.2583703648997471,increases predicted RUL,29.894596099853516,14.0
63,Sensor_15_diff1,0.04722067887725243,-0.005063552875071764,decreases predicted RUL,29.894596099853516,14.0
63,Sensor_15_roll_mean5,1.6757558831673587,5.83745676651597,increases predicted RUL,29.894596099853516,14.0
63,Sensor_15_roll_std5,-0.19631536534270577,-0.12813619467669923,decreases predicted RUL,29.894596099853516,14.0
63,Sensor_12_diff1,0.01888189937119837,-0.13068162644049153,decreases predicted RUL,29.894596099853516,14.0
63,Sensor_12_roll_mean5,-1.5362510176575592,3.5645051132305525,increases predicted RUL,29.894596099853516,14.0
63,Sensor_12_roll_std5,-0.4375908569610983,0.5247070477635134,increases predicted RUL,29.894596099853516,14.0
63,Sensor_13_diff1,0.004787730029566963,-0.22832707013003528,decreases predicted RUL,29.894596099853516,14.0
63,Sensor_13_roll_mean5,0.7936520214347758,0.10947487514931709,increases predicted RUL,29.894596099853516,14.0
63,Sensor_13_roll_std5,-0.0881403125464995,-0.44056507063214667,decreases predicted RUL,29.894596099853516,14.0
63,Sensor_8_diff1,0.0037829018702712296,-0.09400380973238498,decreases predicted RUL,29.894596099853516,14.0
63,Sensor_8_roll_mean5,1.0469838933842093,0.5497948176926002,increases predicted RUL,29.894596099853516,14.0
63,Sensor_8_roll_std5,0.27097120204369113,-1.853689662682882,decreases predicted RUL,29.894596099853516,14.0
63,Regime_OneHot_0,0.1633063654452463,-0.07926079351454973,decreases predicted RUL,29.894596099853516,14.0
63,Regime_OneHot_1,-0.02536466560546431,-0.2825369597412646,decreases predicted RUL,29.894596099853516,14.0
63,Regime_OneHot_2,-0.08612699402848958,0.8286105505248997,increases predicted RUL,29.894596099853516,14.0
63,Regime_OneHot_3,0.13979900422618152,1.614832905586809,increases predicted RUL,29.894596099853516,14.0
63,Regime_OneHot_4,-0.1970800996080545,-0.8952043453464285,decreases predicted RUL,29.894596099853516,14.0
63,Regime_OneHot_5,-0.028724213634657866,0.879624668188626,increases predicted RUL,29.894596099853516,14.0
64,Regime_ID,2.66,0.4490612861700356,increases predicted RUL,20.71223258972168,11.0
64,Sensor_1,-0.33281473966682507,0.6086958462838084,increases predicted RUL,20.71223258972168,11.0
64,Sensor_2,1.2166722244469785,-2.863099423237145,decreases predicted RUL,20.71223258972168,11.0
64,Sensor_3,1.3705126411612034,-5.413766214973293,decreases predicted RUL,20.71223258972168,11.0
64,Sensor_4,1.6725677427588406,-5.147770545678213,decreases predicted RUL,20.71223258972168,11.0
64,Sensor_5,0.1886307553838317,-0.10195443267002702,decreases predicted RUL,20.71223258972168,11.0
64,Sensor_6,1.1014587514730438,-5.196879164141137,decreases predicted RUL,20.71223258972168,11.0
64,Sensor_7,-0.8991091833640232,-2.9262067342788214,decreases predicted RUL,20.71223258972168,11.0
64,Sensor_8,1.8842813296128649,-3.894217275083065,decreases predicted RUL,20.71223258972168,11.0
64,Sensor_9,2.3464244779888332,-11.112162534729578,decreases predicted RUL,20.71223258972168,11.0
64,Sensor_10,-1.4969474678999308,3.0162570642423816,increases predicted RUL,20.71223258972168,11.0
64,Sensor_11,1.7330411730991762,-5.741664160043001,decreases predicted RUL,20.71223258972168,11.0
64,Sensor_12,-1.1789010847228694,-4.591369301488157,decreases predicted RUL,20.71223258972168,11.0
64,Sensor_13,1.843814613105535,4.2380206333473325,increases predicted RUL,20.71223258972168,11.0
64,Sensor_14,2.026815750751366,-0.009930589701980352,decreases predicted RUL,20.71223258972168,11.0
64,Sensor_15,1.634916362525933,-14.945975624024868,decreases predicted RUL,20.71223258972168,11.0
64,Sensor_17,1.5560352155143247,0.9159408691339195,increases predicted RUL,20.71223258972168,11.0
64,Sensor_18,0.0,0.0,decreases predicted RUL,20.71223258972168,11.0
64,Sensor_19,-0.2517993041225743,1.6767249110562261,increases predicted RUL,20.71223258972168,11.0
64,Sensor_20,-1.0454493483295204,0.5489156641997397,increases predicted RUL,20.71223258972168,11.0
64,Sensor_21,-0.9887765445399627,0.1514003787888214,increases predicted RUL,20.71223258972168,11.0
64,Sensor_11_diff1,-0.004446514277193399,-0.33381200628355145,decreases predicted RUL,20.71223258972168,11.0
64,Sensor_11_roll_mean5,1.9758626423613892,0.5738654574379325,increases predicted RUL,20.71223258972168,11.0
64,Sensor_11_roll_std5,-0.09121483355129949,-0.10435217258054763,decreases predicted RUL,20.71223258972168,11.0
64,Sensor_4_diff1,-0.014846118755964723,0.534532502759248,increases predicted RUL,20.71223258972168,11.0
64,Sensor_4_roll_mean5,2.028319761552537,3.7408088543452322,increases predicted RUL,20.71223258972168,11.0
64,Sensor_4_roll_std5,0.29459800672352143,0.8649430444347672,increases predicted RUL,20.71223258972168,11.0
64,Sensor_15_diff1,0.01125115190236166,0.15686231839936227,increases predicted RUL,20.71223258972168,11.0
64,Sensor_15_roll_mean5,1.9455662329699501,7.129923960193992,increases predicted RUL,20.71223258972168,11.0
64,Sensor_15_roll_std5,0.24100312610580296,-0.2143705750349909,decreases predicted RUL,20.71223258972168,11.0
64,Sensor_12_diff1,0.04363082199885307,0.30767236252722796,increases predicted RUL,20.71223258972168,11.0
64,Sensor_12_roll_mean5,-1.8014348642538869,4.325717145926319,increases predicted RUL,20.71223258972168,11.0
64,Sensor_12_roll_std5,0.03697155054622531,-0.5981486899181618,decreases predicted RUL,20.71223258972168,11.0
64,Sensor_13_diff1,0.015615236730634606,-0.2096788021735847,decreases predicted RUL,20.71223258972168,11.0
64,Sensor_13_roll_mean5,2.5058574980668795,2.823599924799055,increases predicted RUL,20.71223258972168,11.0
64,Sensor_13_roll_std5,-0.5254197960768976,1.396428253268823,increases predicted RUL,20.71223258972168,11.0
64,Sensor_8_diff1,-0.011900383376159555,-0.4496300119062653,decreases predicted RUL,20.71223258972168,11.0
64,Sensor_8_roll_mean5,2.591492681776838,0.9699743557721376,increases predicted RUL,20.71223258972168,11.0
64,Sensor_8_roll_std5,-0.5797978861698962,-0.7971734465681948,decreases predicted RUL,20.71223258972168,11.0
64,Regime_OneHot_0,-0.06783507316923496,-0.3650686196051538,decreases predicted RUL,20.71223258972168,11.0
64,Regime_OneHot_1,-0.2500074850960277,-1.4237552839331329,decreases predicted RUL,20.71223258972168,11.0
64,Regime_OneHot_2,-0.19789753212183986,0.4498322880535852,increases predicted RUL,20.71223258972168,11.0
64,Regime_OneHot_3,0.2517993041159029,-0.7042366297682747,decreases predicted RUL,20.71223258972168,11.0
64,Regime_OneHot_4,0.3623256622940001,1.6645146887749434,increases predicted RUL,20.71223258972168,11.0
64,Regime_OneHot_5,-0.08469488101768154,-0.1303243493894115,decreases predicted RUL,20.71223258972168,11.0
65,Regime_ID,2.06,2.788998119009193,increases predicted RUL,108.05992126464844,121.0
65,Sensor_1,-0.07708691293293589,0.5571248878259212,increases predicted RUL,108.05992126464844,121.0
65,Sensor_2,-0.19561080919371207,6.069275572896004,increases predicted RUL,108.05992126464844,121.0
65,Sensor_3,-0.2441738050811102,1.7953555071726441,increases predicted RUL,108.05992126464844,121.0
65,Sensor_4,-0.5253353075127566,-2.3468262031674385,decreases predicted RUL,108.05992126464844,121.0
65,Sensor_5,-0.03174923240697241,0.380040405318141,increases predicted RUL,108.05992126464844,121.0
65,Sensor_6,-0.033770393514596216,-0.4256428824737668,decreases predicted RUL,108.05992126464844,121.0
65,Sensor_7,0.47707205688624355,9.281145697459579,increases predicted RUL,108.05992126464844,121.0
65,Sensor_8,0.05438184330352561,1.1418096885900013,increases predicted RUL,108.05992126464844,121.0
65,Sensor_9,0.21459137672285777,0.2466785367578268,increases predicted RUL,108.05992126464844,121.0
65,Sensor_10,-0.11593709934866363,-0.8062897089985199,decreases predicted RUL,108.05992126464844,121.0
65,Sensor_11,-0.7171046504660139,15.536281472130213,increases predicted RUL,108.05992126464844,121.0
65,Sensor_12,0.5317796234268429,4.097668446600437,increases predicted RUL,108.05992126464844,121.0
65,Sensor_13,0.03356852748844264,1.3574800100177526,increases predicted RUL,108.05992126464844,121.0
65,Sensor_14,0.39202151748667124,1.405949795152992,increases predicted RUL,108.05992126464844,121.0
65,Sensor_15,-0.7030257899429451,17.16815288492944,increases predicted RUL,108.05992126464844,121.0
65,Sensor_17,-0.7029381218662317,8.571865127887577,increases predicted RUL,108.05992126464844,121.0
65,Sensor_18,0.0,0.0,decreases predicted RUL,108.05992126464844,121.0
65,Sensor_19,0.25220204539476426,1.1506576786050573,increases predicted RUL,108.05992126464844,121.0
65,Sensor_20,0.567828493665531,0.5980514530092478,increases predicted RUL,108.05992126464844,121.0
65,Sensor_21,0.2670646845823798,-1.2543088905513287,decreases predicted RUL,108.05992126464844,121.0
65,Sensor_11_diff1,-0.0008112926450832791,0.12317480146884918,increases predicted RUL,108.05992126464844,121.0
65,Sensor_11_roll_mean5,-0.7922771870631099,-1.2447509886696935,decreases predicted RUL,108.05992126464844,121.0
65,Sensor_11_roll_std5,-0.5718109026837443,-0.003903422795701772,decreases predicted RUL,108.05992126464844,121.0
65,Sensor_4_diff1,-0.008398193180034697,-1.4472239594906569,decreases predicted RUL,108.05992126464844,121.0
65,Sensor_4_roll_mean5,-0.6315412889326883,-7.299898241646588,decreases predicted RUL,108.05992126464844,121.0
65,Sensor_4_roll_std5,-0.48395670881297564,-1.6268854546360672,decreases predicted RUL,108.05992126464844,121.0
65,Sensor_15_diff1,-0.006714939555619022,-0.36561268474906683,decreases predicted RUL,108.05992126464844,121.0
65,Sensor_15_roll_mean5,-0.8388054197305306,-6.565836042165756,decreases predicted RUL,108.05992126464844,121.0
65,Sensor_15_roll_std5,-0.16602179266463746,-0.2561774594942108,decreases predicted RUL,108.05992126464844,121.0
65,Sensor_12_diff1,0.021347687267638055,1.571232135873288,increases predicted RUL,108.05992126464844,121.0
65,Sensor_12_roll_mean5,0.7500301440118545,-2.299220837187022,decreases predicted RUL,108.05992126464844,121.0
65,Sensor_12_roll_std5,-0.23167031415056336,-2.3528707965742797,decreases predicted RUL,108.05992126464844,121.0
65,Sensor_13_diff1,-0.010014372362686003,0.49824290140531957,increases predicted RUL,108.05992126464844,121.0
65,Sensor_13_roll_mean5,0.051835752311294454,0.8956716204120312,increases predicted RUL,108.05992126464844,121.0
65,Sensor_13_roll_std5,-0.059722726722998686,0.7976554473862052,increases predicted RUL,108.05992126464844,121.0
65,Sensor_8_diff1,-0.005192858358177903,-0.8120363454800099,decreases predicted RUL,108.05992126464844,121.0
65,Sensor_8_roll_mean5,0.09499794864146724,0.6987008731084643,increases predicted RUL,108.05992126464844,121.0
65,Sensor_8_roll_std5,0.06049797989355434,-0.7843308364972472,decreases predicted RUL,108.05992126464844,121.0
65,Regime_OneHot_0,0.30199122861393485,-1.5133972237090347,decreases predicted RUL,108.05992126464844,121.0
65,Regime_OneHot_1,-0.08152537047810515,1.8087538373074494,increases predicted RUL,108.05992126464844,121.0
65,Regime_OneHot_2,-0.1420122630751649,0.07697511906735599,increases predicted RUL,108.05992126464844,121.0
65,Regime_OneHot_3,-0.25220204538784385,-1.7033718248130754,decreases predicted RUL,108.05992126464844,121.0
65,Regime_OneHot_4,-0.029258371037437936,-0.41198261093813926,decreases predicted RUL,108.05992126464844,121.0
65,Regime_OneHot_5,0.13918778851441352,-1.774949958838988,decreases predicted RUL,108.05992126464844,121.0
66,Regime_ID,2.46,-5.865662861149758,decreases predicted RUL,65.42032623291016,86.0
66,Sensor_1,-0.042214936560132824,1.676142821321264,increases predicted RUL,65.42032623291016,86.0
66,Sensor_2,-0.6215880126382513,1.0226608971133828,increases predicted RUL,65.42032623291016,86.0
66,Sensor_3,-0.5023908690365562,0.8280329931294546,increases predicted RUL,65.42032623291016,86.0
66,Sensor_4,-0.7665755616415281,-2.8970141261816025,decreases predicted RUL,65.42032623291016,86.0
66,Sensor_5,-0.0501142313895394,0.9814285059692338,increases predicted RUL,65.42032623291016,86.0
66,Sensor_6,-0.2976707779215328,2.278391944942996,increases predicted RUL,65.42032623291016,86.0
66,Sensor_7,0.5272849551451053,1.3378590857610106,increases predicted RUL,65.42032623291016,86.0
66,Sensor_8,0.07487236033261045,2.051634307950735,increases predicted RUL,65.42032623291016,86.0
66,Sensor_9,0.5134810345929017,-5.275556850247085,decreases predicted RUL,65.42032623291016,86.0
66,Sensor_10,0.4382183005731497,2.488746942839498,increases predicted RUL,65.42032623291016,86.0
66,Sensor_11,-0.8753687204860786,3.2654540067596827,increases predicted RUL,65.42032623291016,86.0
66,Sensor_12,0.551950492107331,1.8715356627944857,increases predicted RUL,65.42032623291016,86.0
66,Sensor_13,0.05139282922075749,1.9549393107299693,increases predicted RUL,65.42032623291016,86.0
66,Sensor_14,0.7329595805075247,3.2186182606965303,increases predicted RUL,65.42032623291016,86.0
66,Sensor_15,-1.081820035069217,13.555923165753484,increases predicted RUL,65.42032623291016,86.0
66,Sensor_17,-0.5081449196669001,4.758781396551058,increases predicted RUL,65.42032623291016,86.0
66,Sensor_18,0.0,0.0,decreases predicted RUL,65.42032623291016,86.0
66,Sensor_19,0.028201445609280756,2.7423037418629974,increases predicted RUL,65.42032623291016,86.0
66,Sensor_20,0.5544298969085655,-0.6143563154619187,decreases predicted RUL,65.42032623291016,86.0
66,Sensor_21,0.7639586303741607,-3.3488015636394266,decreases predicted RUL,65.42032623291016,86.0
66,Sensor_11_diff1,-0.0055105561412341795,0.07245360827073455,increases predicted RUL,65.42032623291016,86.0
66,Sensor_11_roll_mean5,-0.9914197796422525,-8.194969444070011,decreases predicted RUL,65.42032623291016,86.0
66,Sensor_11_roll_std5,-0.5082155173049592,0.28493906068615615,increases predicted RUL,65.42032623291016,86.0
66,Sensor_4_diff1,-0.010921135530497934,-0.9993960111023625,decreases predicted RUL,65.42032623291016,86.0
66,Sensor_4_roll_mean5,-0.9252599488461675,-7.682930134236813,decreases predicted RUL,65.42032623291016,86.0
66,Sensor_4_roll_std5,-0.6508178852484976,-2.0188413582509384,decreases predicted RUL,65.42032623291016,86.0
66,Sensor_15_diff1,0.018802104945986105,-1.7013041879981756,decreases predicted RUL,65.42032623291016,86.0
66,Sensor_15_roll_mean5,-1.3013751483291622,-8.0641761533916,decreases predicted RUL,65.42032623291016,86.0
66,Sensor_15_roll_std5,0.46774732142477654,-0.411612702824641,decreases predicted RUL,65.42032623291016,86.0
66,Sensor_12_diff1,0.01809892694469789,-0.3453806768520735,decreases predicted RUL,65.42032623291016,86.0
66,Sensor_12_roll_mean5,0.8071093170956278,-1.2535298686707392,decreases predicted RUL,65.42032623291016,86.0
66,Sensor_12_roll_std5,0.04122064335553641,1.02870072145015,increases predicted RUL,65.42032623291016,86.0
66,Sensor_13_diff1,0.053481364298109145,0.45724296814296395,increases predicted RUL,65.42032623291016,86.0
66,Sensor_13_roll_mean5,0.07581736538446814,-0.7427406972274184,decreases predicted RUL,65.42032623291016,86.0
66,Sensor_13_roll_std5,0.5159119940971967,1.7611250539775938,increases predicted RUL,65.42032623291016,86.0
66,Sensor_8_diff1,0.05078989945321308,0.43025866395328194,increases predicted RUL,65.42032623291016,86.0
66,Sensor_8_roll_mean5,0.09351669333565452,-2.252136245719157,decreases predicted RUL,65.42032623291016,86.0
66,Sensor_8_roll_std5,0.5798047800661874,0.8173222470795736,increases predicted RUL,65.42032623291016,86.0
66,Regime_OneHot_0,-0.06783507316923491,-0.09957588781253435,decreases predicted RUL,65.42032623291016,86.0
66,Regime_OneHot_1,-0.025364665605464295,-1.29027363169007,decreases predicted RUL,65.42032623291016,86.0
66,Regime_OneHot_2,-0.030241724981814565,0.3507097373076249,increases predicted RUL,65.42032623291016,86.0
66,Regime_OneHot_3,-0.02820144560840065,-2.028171274345368,decreases predicted RUL,65.42032623291016,86.0
66,Regime_OneHot_4,0.08262278134297298,0.9206895480456296,increases predicted RUL,65.42032623291016,86.0
66,Regime_OneHot_5,0.08321712113138961,3.0091468777973205,increases predicted RUL,65.42032623291016,86.0
67,Regime_ID,2.4,0.44288979773409665,increases predicted RUL,45.20863723754883,56.0
67,Sensor_1,0.00428103193693782,0.9303771763225086,increases predicted RUL,45.20863723754883,56.0
67,Sensor_2,0.5591151473098579,-3.6897054547443986,decreases predicted RUL,45.20863723754883,56.0
67,Sensor_3,0.5630352416498697,-3.9110712892725132,decreases predicted RUL,45.20863723754883,56.0
67,Sensor_4,0.5597456697028635,2.4947978337295353,increases predicted RUL,45.20863723754883,56.0
67,Sensor_5,0.027937014286370382,-0.3451268603093922,decreases predicted RUL,45.20863723754883,56.0
67,Sensor_6,0.5258330726890417,-3.5548568442463875,decreases predicted RUL,45.20863723754883,56.0
67,Sensor_7,-0.23230924965792038,0.7527332045137882,increases predicted RUL,45.20863723754883,56.0
67,Sensor_8,1.1275830642791296,-0.24117251925054006,decreases predicted RUL,45.20863723754883,56.0
67,Sensor_9,1.4135947344888797,-16.73291422566399,decreases predicted RUL,45.20863723754883,56.0
67,Sensor_10,-0.07446830397205036,-0.9955216805101372,decreases predicted RUL,45.20863723754883,56.0
67,Sensor_11,0.4402455830761693,-2.4791700846981257,decreases predicted RUL,45.20863723754883,56.0
67,Sensor_12,-0.24769531930975858,-1.3172045098617673,decreases predicted RUL,45.20863723754883,56.0
67,Sensor_13,1.2188723959096743,4.145429871045053,increases predicted RUL,45.20863723754883,56.0
67,Sensor_14,1.4478451294640806,3.274082958290819,increases predicted RUL,45.20863723754883,56.0
67,Sensor_15,0.4701081000955788,-5.513139036833309,decreases predicted RUL,45.20863723754883,56.0
67,Sensor_17,0.6024213563825519,-2.0184855972474907,decreases predicted RUL,45.20863723754883,56.0
67,Sensor_18,0.0,0.0,decreases predicted RUL,45.20863723754883,56.0
67,Sensor_19,-0.02779870433709024,0.5606448934413493,increases predicted RUL,45.20863723754883,56.0
67,Sensor_20,-0.20656904544777482,1.7607495849952102,increases predicted RUL,45.20863723754883,56.0
67,Sensor_21,-0.3091067150011064,1.1360403494909406,increases predicted RUL,45.20863723754883,56.0
67,Sensor_11_diff1,-0.010387304643461253,-0.6746463020099327,decreases predicted RUL,45.20863723754883,56.0
67,Sensor_11_roll_mean5,0.523639600678421,-0.1933197898324579,decreases predicted RUL,45.20863723754883,56.0
67,Sensor_11_roll_std5,0.09090804046690336,0.6546041464898735,increases predicted RUL,45.20863723754883,56.0
67,Sensor_4_diff1,0.006823563919832684,0.41193839092738926,increases predicted RUL,45.20863723754883,56.0
67,Sensor_4_roll_mean5,0.6808710643310305,2.664438709616661,increases predicted RUL,45.20863723754883,56.0
67,Sensor_4_roll_std5,0.5569706045432369,1.8101765214232728,increases predicted RUL,45.20863723754883,56.0
67,Sensor_15_diff1,-0.0019259469706333077,0.15076117659918964,increases predicted RUL,45.20863723754883,56.0
67,Sensor_15_roll_mean5,0.5692778555440056,4.66974641464185,increases predicted RUL,45.20863723754883,56.0
67,Sensor_15_roll_std5,0.13758225865640655,-0.08082351286429912,decreases predicted RUL,45.20863723754883,56.0
67,Sensor_12_diff1,0.016299234369903624,0.09075825079344213,increases predicted RUL,45.20863723754883,56.0
67,Sensor_12_roll_mean5,-0.39453943289522003,0.5360187838959973,increases predicted RUL,45.20863723754883,56.0
67,Sensor_12_roll_std5,0.10815575734460665,0.6192632721213158,increases predicted RUL,45.20863723754883,56.0
67,Sensor_13_diff1,0.01707647946024622,-0.3246412834851071,decreases predicted RUL,45.20863723754883,56.0
67,Sensor_13_roll_mean5,1.6194441150760426,0.8186137152370065,increases predicted RUL,45.20863723754883,56.0
67,Sensor_13_roll_std5,-0.3619546155095086,-3.411927609180566,decreases predicted RUL,45.20863723754883,56.0
67,Sensor_8_diff1,0.02497375991449198,-0.10517235973384231,decreases predicted RUL,45.20863723754883,56.0
67,Sensor_8_roll_mean5,1.4808014386243362,-1.8805023051099852,decreases predicted RUL,45.20863723754883,56.0
67,Sensor_8_roll_std5,-0.13829501849091216,-2.375788507750258,decreases predicted RUL,45.20863723754883,56.0
67,Regime_OneHot_0,0.07084978999945384,0.3478870412800461,increases predicted RUL,45.20863723754883,56.0
67,Regime_OneHot_1,-0.13768607535074623,1.6599316883948632,increases predicted RUL,45.20863723754883,56.0
67,Regime_OneHot_2,-0.08612699402848964,0.502061607374344,increases predicted RUL,45.20863723754883,56.0
67,Regime_OneHot_3,0.027798704336460006,0.12127324704124476,increases predicted RUL,45.20863723754883,56.0
67,Regime_OneHot_4,-0.08519894722764337,1.6175408103736117,increases predicted RUL,45.20863723754883,56.0
67,Regime_OneHot_5,0.19515845589743716,2.2995603878516704,increases predicted RUL,45.20863723754883,56.0
68,Regime_ID,2.18,0.27183328103274107,increases predicted RUL,114.82490539550781,115.0
68,Sensor_1,-0.13520687355427427,-0.015504142502322793,decreases predicted RUL,114.82490539550781,115.0
68,Sensor_2,-0.8545818880492405,6.878873333684169,increases predicted RUL,114.82490539550781,115.0
68,Sensor_3,-0.4715354310919533,1.7474986648303457,increases predicted RUL,114.82490539550781,115.0
68,Sensor_4,-0.9172841924305718,-2.6395876253955066,decreases predicted RUL,114.82490539550781,115.0
68,Sensor_5,-0.0501142313895394,1.4916483024717309,increases predicted RUL,114.82490539550781,115.0
68,Sensor_6,-0.25566316696209457,-0.9277520189061761,decreases predicted RUL,114.82490539550781,115.0
68,Sensor_7,0.5620680272637434,8.578854181105271,increases predicted RUL,114.82490539550781,115.0
68,Sensor_8,0.20632269513885393,0.3550770513538737,increases predicted RUL,114.82490539550781,115.0
68,Sensor_9,0.44419450880412137,-3.4356851866468787,decreases predicted RUL,114.82490539550781,115.0
68,Sensor_10,0.09396216354774242,0.23512809834210202,increases predicted RUL,114.82490539550781,115.0
68,Sensor_11,-0.986270206436402,11.665909214643762,increases predicted RUL,114.82490539550781,115.0
68,Sensor_12,0.6690870991475473,5.141509263776243,increases predicted RUL,114.82490539550781,115.0
68,Sensor_13,0.17147210136236185,2.227537980186753,increases predicted RUL,114.82490539550781,115.0
68,Sensor_14,0.6720235317802599,2.124500403762795,increases predicted RUL,114.82490539550781,115.0
68,Sensor_15,-0.7830118106817814,24.855005737248575,increases predicted RUL,114.82490539550781,115.0
68,Sensor_17,-0.6007819418948455,9.262717412784696,increases predicted RUL,114.82490539550781,115.0
68,Sensor_18,0.0,0.0,decreases predicted RUL,114.82490539550781,115.0
68,Sensor_19,-0.1397990042298322,1.9568549990653992,increases predicted RUL,114.82490539550781,115.0
68,Sensor_20,0.5899994328666486,-1.5305512612685561,decreases predicted RUL,114.82490539550781,115.0
68,Sensor_21,0.43160138300210044,-0.4375610682182014,decreases predicted RUL,114.82490539550781,115.0
68,Sensor_11_diff1,-0.02791299621548575,-0.694807818159461,decreases predicted RUL,114.82490539550781,115.0
68,Sensor_11_roll_mean5,-1.1198453501540373,-2.8545140605419874,decreases predicted RUL,114.82490539550781,115.0
68,Sensor_11_roll_std5,-0.12207330098328541,-0.604696549475193,decreases predicted RUL,114.82490539550781,115.0
68,Sensor_4_diff1,-0.013066036334092637,-1.516389301046729,decreases predicted RUL,114.82490539550781,115.0
68,Sensor_4_roll_mean5,-1.099810189116652,-6.580430711619556,decreases predicted RUL,114.82490539550781,115.0
68,Sensor_4_roll_std5,-0.00789981281402425,-1.6112469176005106,decreases predicted RUL,114.82490539550781,115.0
68,Sensor_15_diff1,-0.005604081174309176,-0.7415756838599918,decreases predicted RUL,114.82490539550781,115.0
68,Sensor_15_roll_mean5,-0.9177205747582596,-0.7358467527665198,decreases predicted RUL,114.82490539550781,115.0
68,Sensor_15_roll_std5,-0.30818975467663534,-0.9425902810762636,decreases predicted RUL,114.82490539550781,115.0
68,Sensor_12_diff1,0.021875806138496615,0.05347417789744213,increases predicted RUL,114.82490539550781,115.0
68,Sensor_12_roll_mean5,0.9743506848714522,-1.2780238040722907,decreases predicted RUL,114.82490539550781,115.0
68,Sensor_12_roll_std5,0.2868794421884066,-0.09944015648216009,decreases predicted RUL,114.82490539550781,115.0
68,Sensor_13_diff1,0.03491784771254214,0.5420106551609933,increases predicted RUL,114.82490539550781,115.0
68,Sensor_13_roll_mean5,0.17984919591085619,-0.6055225497693755,decreases predicted RUL,114.82490539550781,115.0
68,Sensor_13_roll_std5,0.8335250678217833,7.933089834346902,increases predicted RUL,114.82490539550781,115.0
68,Sensor_8_diff1,0.033155665394023856,-1.3339650598354638,decreases predicted RUL,114.82490539550781,115.0
68,Sensor_8_roll_mean5,0.2172814678599389,-1.3396290915552527,decreases predicted RUL,114.82490539550781,115.0
68,Sensor_8_roll_std5,0.7727379042934811,-1.283414126606658,decreases predicted RUL,114.82490539550781,115.0
68,Regime_OneHot_0,0.11707807772235009,-1.4683392837177962,decreases predicted RUL,114.82490539550781,115.0
68,Regime_OneHot_1,0.03079603926717648,-0.06248815794242546,decreases predicted RUL,114.82490539550781,115.0
68,Regime_OneHot_2,-0.25378280116851476,-0.39359482435975224,decreases predicted RUL,114.82490539550781,115.0
68,Regime_OneHot_3,0.13979900422618147,-4.192369819385931,decreases predicted RUL,114.82490539550781,115.0
68,Regime_OneHot_4,-0.14113952341784894,0.09040594758698717,increases predicted RUL,114.82490539550781,115.0
68,Regime_OneHot_5,0.08321712113138975,-0.8818980605155957,decreases predicted RUL,114.82490539550781,115.0
69,Regime_ID,1.96,1.6603819820447825,increases predicted RUL,30.330232620239258,17.0
69,Sensor_1,-0.018966952311597465,0.25082057289546356,increases predicted RUL,30.330232620239258,17.0
69,Sensor_2,0.9587307209151876,-4.684880721382797,decreases predicted RUL,30.330232620239258,17.0
69,Sensor_3,0.7130820478005221,-3.565731785260141,decreases predicted RUL,30.330232620239258,17.0
69,Sensor_4,1.201343736834323,-1.7828486131038517,decreases predicted RUL,30.330232620239258,17.0
69,Sensor_5,0.0922145107253549,-0.34391280834097415,decreases predicted RUL,30.330232620239258,17.0
69,Sensor_6,0.41103067307935026,-2.458661140408367,decreases predicted RUL,30.330232620239258,17.0
69,Sensor_7,-0.9412906113558587,-2.5047829443283263,decreases predicted RUL,30.330232620239258,17.0
69,Sensor_8,0.6437067554803939,0.3128800733247772,increases predicted RUL,30.330232620239258,17.0
69,Sensor_9,0.44391590086870886,-4.267618513316847,decreases predicted RUL,30.330232620239258,17.0
69,Sensor_10,-0.15267893849590167,-0.1487390536640305,decreases predicted RUL,30.330232620239258,17.0
69,Sensor_11,1.3979351377588467,-4.781974258949049,decreases predicted RUL,30.330232620239258,17.0
69,Sensor_12,-0.7296601262762494,-4.4344154295977205,decreases predicted RUL,30.330232620239258,17.0
69,Sensor_13,0.6629998910094156,1.8974107106878364,increases predicted RUL,30.330232620239258,17.0
69,Sensor_14,0.28876134223132405,0.4298424631997477,increases predicted RUL,30.330232620239258,17.0
69,Sensor_15,1.166761876637375,-13.23663740279153,decreases predicted RUL,30.330232620239258,17.0
69,Sensor_17,1.0561486120014678,0.3348101630108431,increases predicted RUL,30.330232620239258,17.0
69,Sensor_18,0.0,0.0,decreases predicted RUL,30.330232620239258,17.0
69,Sensor_19,0.0842015955556517,-0.17391440295614302,decreases predicted RUL,30.330232620239258,17.0
69,Sensor_20,-0.6986368266023696,1.0857919249683619,increases predicted RUL,30.330232620239258,17.0
69,Sensor_21,-0.77998585014535,-0.0183786895358935,decreases predicted RUL,30.330232620239258,17.0
69,Sensor_11_diff1,0.022956063780780075,-0.19932150514796376,decreases predicted RUL,30.330232620239258,17.0
69,Sensor_11_roll_mean5,1.5836462383915169,2.5528748044744134,increases predicted RUL,30.330232620239258,17.0
69,Sensor_11_roll_std5,-0.027802677318390284,-0.27799636230338365,decreases predicted RUL,30.330232620239258,17.0
69,Sensor_4_diff1,0.02168875680944887,-0.4373841816559434,decreases predicted RUL,30.330232620239258,17.0
69,Sensor_4_roll_mean5,1.4336796894286936,3.236163774272427,increases predicted RUL,30.330232620239258,17.0
69,Sensor_4_roll_std5,-0.11866931964778014,-0.27621190329955425,decreases predicted RUL,30.330232620239258,17.0
69,Sensor_15_diff1,0.01795500040184116,-0.6763744834606769,decreases predicted RUL,30.330232620239258,17.0
69,Sensor_15_roll_mean5,1.3741361684840863,5.093275613617152,increases predicted RUL,30.330232620239258,17.0
69,Sensor_15_roll_std5,-0.28853947806403385,-0.0945120407268405,decreases predicted RUL,30.330232620239258,17.0
69,Sensor_12_diff1,-0.002229757382106625,-0.05082546710036695,decreases predicted RUL,30.330232620239258,17.0
69,Sensor_12_roll_mean5,-1.08695895748721,2.8063557704444975,increases predicted RUL,30.330232620239258,17.0
69,Sensor_12_roll_std5,0.5349320105637464,-0.24245195416733623,decreases predicted RUL,30.330232620239258,17.0
69,Sensor_13_diff1,0.029148762274863696,-0.47650615469319746,decreases predicted RUL,30.330232620239258,17.0
69,Sensor_13_roll_mean5,0.8563894938068709,-0.4914260017685592,decreases predicted RUL,30.330232620239258,17.0
69,Sensor_13_roll_std5,-0.33777727368059657,-0.18752105231396854,decreases predicted RUL,30.330232620239258,17.0
69,Sensor_8_diff1,0.0175847093558278,-0.5945083327096654,decreases predicted RUL,30.330232620239258,17.0
69,Sensor_8_roll_mean5,0.8478884017119656,0.732523835496977,increases predicted RUL,30.330232620239258,17.0
69,Sensor_8_roll_std5,-0.28403236427724887,-0.7882531352806836,decreases predicted RUL,30.330232620239258,17.0
69,Regime_OneHot_0,0.1633063654452463,0.06277923576999456,increases predicted RUL,30.330232620239258,17.0
69,Regime_OneHot_1,-0.025364665605464333,0.5707192034024047,increases predicted RUL,30.330232620239258,17.0
69,Regime_OneHot_2,0.025643544064860625,0.8132713905652054,increases predicted RUL,30.330232620239258,17.0
69,Regime_OneHot_3,-0.08420159555326144,-0.6411251347599318,decreases predicted RUL,30.330232620239258,17.0
69,Regime_OneHot_4,0.026682205152767383,0.07167537929490209,increases predicted RUL,30.330232620239258,17.0
69,Regime_OneHot_5,-0.14066554840070525,-0.32033831323497,decreases predicted RUL,30.330232620239258,17.0
70,Regime_ID,2.08,-0.2992787379771471,decreases predicted RUL,125.0,148.0
70,Sensor_1,-0.0654629208086682,-0.4779979680897668,decreases predicted RUL,125.0,148.0
70,Sensor_2,-0.6522464079999546,10.99483098462224,increases predicted RUL,125.0,148.0
70,Sensor_3,-0.5869380378267008,5.516542192548513,increases predicted RUL,125.0,148.0
70,Sensor_4,-0.8509820281425097,2.707501459401101,increases predicted RUL,125.0,148.0
70,Sensor_5,0.15190075741869766,1.5854052813374437,increases predicted RUL,125.0,148.0
70,Sensor_6,-0.6133404954720263,1.9378043785691261,increases predicted RUL,125.0,148.0
70,Sensor_7,0.4697213152889463,6.25006212037988,increases predicted RUL,125.0,148.0
70,Sensor_8,-0.24715231765353174,-0.5315402366686612,decreases predicted RUL,125.0,148.0
70,Sensor_9,-0.13319156276542776,3.7731179599650204,increases predicted RUL,125.0,148.0
70,Sensor_10,0.03489968595462837,-0.5605224083992653,decreases predicted RUL,125.0,148.0
70,Sensor_11,-0.7701858346138891,10.609111528785434,increases predicted RUL,125.0,148.0
70,Sensor_12,0.5234709641980495,3.5453160812612623,increases predicted RUL,125.0,148.0
70,Sensor_13,-0.2621847119806431,-1.008996152690088,decreases predicted RUL,125.0,148.0
70,Sensor_14,0.061265929930229196,0.9441245513735339,increases predicted RUL,125.0,148.0
70,Sensor_15,-0.8139322817812972,19.73525002633687,increases predicted RUL,125.0,148.0
70,Sensor_17,-0.6080406535993681,5.201981579884887,increases predicted RUL,125.0,148.0
70,Sensor_18,0.0,0.0,decreases predicted RUL,125.0,148.0
70,Sensor_19,-0.08379885428346114,-0.5979041298560333,decreases predicted RUL,125.0,148.0
70,Sensor_20,0.5782613818646257,0.7545532516160165,increases predicted RUL,125.0,148.0
70,Sensor_21,0.3338700594347056,0.8751000713091344,increases predicted RUL,125.0,148.0
70,Sensor_11_diff1,0.0051305253219092895,-0.13096870947629213,decreases predicted RUL,125.0,148.0
70,Sensor_11_roll_mean5,-0.892648600164516,-0.4768498642370105,decreases predicted RUL,125.0,148.0
70,Sensor_11_roll_std5,0.16551597046480773,0.4151660825009458,increases predicted RUL,125.0,148.0
70,Sensor_4_diff1,-0.008483561237989126,-1.8733080625534058,decreases predicted RUL,125.0,148.0
70,Sensor_4_roll_mean5,-1.0195628798314715,-2.445217167492956,decreases predicted RUL,125.0,148.0
70,Sensor_4_roll_std5,0.13160520679053195,2.374227659776807,increases predicted RUL,125.0,148.0
70,Sensor_15_diff1,-0.041950390004662906,0.11156276881229132,increases predicted RUL,125.0,148.0
70,Sensor_15_roll_mean5,-0.9276830797200611,-1.6670721815899014,decreases predicted RUL,125.0,148.0
70,Sensor_15_roll_std5,-0.12361484454273568,0.10363961977418512,increases predicted RUL,125.0,148.0
70,Sensor_12_diff1,0.009917480947416641,0.702091485960409,increases predicted RUL,125.0,148.0
70,Sensor_12_roll_mean5,0.7823710721250698,-1.3501632818079088,decreases predicted RUL,125.0,148.0
70,Sensor_12_roll_std5,0.3200466266547909,-0.7835314685944468,decreases predicted RUL,125.0,148.0
70,Sensor_13_diff1,0.005574847086863661,-0.1332568101643119,decreases predicted RUL,125.0,148.0
70,Sensor_13_roll_mean5,-0.38090793855613136,0.8885835920227692,increases predicted RUL,125.0,148.0
70,Sensor_13_roll_std5,0.06633195273119236,0.8437649784900714,increases predicted RUL,125.0,148.0
70,Sensor_8_diff1,0.0009191171970383138,-0.8933440427063033,decreases predicted RUL,125.0,148.0
70,Sensor_8_roll_mean5,-0.3501284976989322,1.7061001517577097,increases predicted RUL,125.0,148.0
70,Sensor_8_roll_std5,-0.03184166613985298,-0.07518759567756206,decreases predicted RUL,125.0,148.0
70,Regime_OneHot_0,0.11707807772235004,-0.845654457283672,decreases predicted RUL,125.0,148.0
70,Regime_OneHot_1,-0.08152537047810507,-0.3000987788545899,decreases predicted RUL,125.0,148.0
70,Regime_OneHot_2,-0.030241724981814558,-0.9336978858336806,decreases predicted RUL,125.0,148.0
70,Regime_OneHot_3,0.08379885428132097,1.1743005469907075,increases predicted RUL,125.0,148.0
70,Regime_OneHot_4,0.026682205152767535,0.005010775290429592,increases predicted RUL,125.0,148.0
70,Regime_OneHot_5,-0.14066554840070525,-0.45681613427586854,decreases predicted RUL,125.0,148.0
71,Regime_ID,2.9,-1.4085387773811817,decreases predicted RUL,91.14889526367188,104.0
71,Sensor_1,0.004281031936937851,0.68971196282655,increases predicted RUL,91.14889526367188,104.0
71,Sensor_2,0.2093061478158815,-1.0802380884997547,decreases predicted RUL,91.14889526367188,104.0
71,Sensor_3,0.3336851419220348,0.1940091410651803,increases predicted RUL,91.14889526367188,104.0
71,Sensor_4,0.32425669578543664,6.452780746505596,increases predicted RUL,91.14889526367188,104.0
71,Sensor_5,0.04171076352329557,-0.16048153536394238,decreases predicted RUL,91.14889526367188,104.0
71,Sensor_6,0.4132565145493694,-2.4014981538057327,decreases predicted RUL,91.14889526367188,104.0
71,Sensor_7,-0.39085654417628,-0.022475179459434003,decreases predicted RUL,91.14889526367188,104.0
71,Sensor_8,-0.004843146334985625,0.9421893498802092,increases predicted RUL,91.14889526367188,104.0
71,Sensor_9,-0.36522514487189534,1.5619028998189606,increases predicted RUL,91.14889526367188,104.0
71,Sensor_10,-0.07289075568523903,-0.04149602050893009,decreases predicted RUL,91.14889526367188,104.0
71,Sensor_11,0.3480042093351608,2.9217066070996225,increases predicted RUL,91.14889526367188,104.0
71,Sensor_12,-0.1959293810758661,0.022946522512938827,increases predicted RUL,91.14889526367188,104.0
71,Sensor_13,-0.078585752258797,0.08088394982041791,increases predicted RUL,91.14889526367188,104.0
71,Sensor_14,-0.27898844847438353,0.1061346116475761,increases predicted RUL,91.14889526367188,104.0
71,Sensor_15,0.2781554783659232,-1.5807462795637548,decreases predicted RUL,91.14889526367188,104.0
71,Sensor_17,0.3771464532135114,5.503440969972871,increases predicted RUL,91.14889526367188,104.0
71,Sensor_18,0.0,0.0,decreases predicted RUL,91.14889526367188,104.0
71,Sensor_19,-0.13979900422983207,-1.8191063976846635,decreases predicted RUL,91.14889526367188,104.0
71,Sensor_20,-0.2751408274417313,0.5029555577784777,increases predicted RUL,91.14889526367188,104.0
71,Sensor_21,-0.24479055382652753,2.987676678225398,increases predicted RUL,91.14889526367188,104.0
71,Sensor_11_diff1,-0.023202134077471816,2.236161188222468,increases predicted RUL,91.14889526367188,104.0
71,Sensor_11_roll_mean5,0.4242166942599379,6.19506637257291,increases predicted RUL,91.14889526367188,104.0
71,Sensor_11_roll_std5,0.28829807020324144,-1.5047441329807043,decreases predicted RUL,91.14889526367188,104.0
71,Sensor_4_diff1,-0.031335238582050846,1.2648106592241675,increases predicted RUL,91.14889526367188,104.0
71,Sensor_4_roll_mean5,0.4584850245370419,3.506933483760804,increases predicted RUL,91.14889526367188,104.0
71,Sensor_4_roll_std5,0.0043422842833291606,1.5310454715508968,increases predicted RUL,91.14889526367188,104.0
71,Sensor_15_diff1,-0.004215250439969247,-0.37162647023797035,decreases predicted RUL,91.14889526367188,104.0
71,Sensor_15_roll_mean5,0.3368764393485308,1.7742282094841357,increases predicted RUL,91.14889526367188,104.0
71,Sensor_15_roll_std5,0.03183134102018685,-0.12080511159729213,decreases predicted RUL,91.14889526367188,104.0
71,Sensor_12_diff1,0.02006358440839256,-0.7067453055642545,decreases predicted RUL,91.14889526367188,104.0
71,Sensor_12_roll_mean5,-0.3456268790253165,-1.4380002217367291,decreases predicted RUL,91.14889526367188,104.0
71,Sensor_12_roll_std5,-0.31974908547482356,1.6184732736419392,increases predicted RUL,91.14889526367188,104.0
71,Sensor_13_diff1,-0.0039963490788674704,0.10172652744222432,increases predicted RUL,91.14889526367188,104.0
71,Sensor_13_roll_mean5,-0.08145853637750462,-1.0167665886692703,decreases predicted RUL,91.14889526367188,104.0
71,Sensor_13_roll_std5,-0.5341614332234064,1.9159608539193869,increases predicted RUL,91.14889526367188,104.0
71,Sensor_8_diff1,0.002745864610586266,-0.5816606196458451,decreases predicted RUL,91.14889526367188,104.0
71,Sensor_8_roll_mean5,0.009787083363509228,-0.547532174794469,decreases predicted RUL,91.14889526367188,104.0
71,Sensor_8_roll_std5,-0.39903416636730954,1.295879036304541,increases predicted RUL,91.14889526367188,104.0
71,Regime_OneHot_0,-0.2527482240608199,1.81162862641213,increases predicted RUL,91.14889526367188,104.0
71,Regime_OneHot_1,-0.1938467802233869,-0.6165801044553518,decreases predicted RUL,91.14889526367188,104.0
71,Regime_OneHot_2,0.025643544064860642,0.16056195687269792,increases predicted RUL,91.14889526367188,104.0
71,Regime_OneHot_3,0.1397990042261816,0.3073877338320017,increases predicted RUL,91.14889526367188,104.0
71,Regime_OneHot_4,0.13856335753317836,2.080177224241197,increases predicted RUL,91.14889526367188,104.0
71,Regime_OneHot_5,0.19515845589743722,4.211883075302467,increases predicted RUL,91.14889526367188,104.0
72,Regime_ID,2.22,-5.012817587703466,decreases predicted RUL,58.332298278808594,78.0
72,Sensor_1,-0.17007884992707736,0.6452204131055623,increases predicted RUL,58.332298278808594,78.0
72,Sensor_2,0.36114197438826146,0.1926086820603814,increases predicted RUL,58.332298278808594,78.0
72,Sensor_3,-0.00038778763749923505,-1.6265573212876916,decreases predicted RUL,58.332298278808594,78.0
72,Sensor_4,0.08485875707986837,0.5265501709654927,increases predicted RUL,58.332298278808594,78.0
72,Sensor_5,-0.15571297553929958,3.439577171113342,increases predicted RUL,58.332298278808594,78.0
72,Sensor_6,-0.26710226765274414,0.9698872587177902,increases predicted RUL,58.332298278808594,78.0
72,Sensor_7,-0.10868805711711393,0.07081582804676145,increases predicted RUL,58.332298278808594,78.0
72,Sensor_8,-0.17857358884561486,-0.014487539418041706,decreases predicted RUL,58.332298278808594,78.0
72,Sensor_9,-0.41769154004868164,1.1073377998545766,increases predicted RUL,58.332298278808594,78.0
72,Sensor_10,-0.006392608862701243,1.8828780623880448,increases predicted RUL,58.332298278808594,78.0
72,Sensor_11,0.24068338056465285,-0.49415480252355337,decreases predicted RUL,58.332298278808594,78.0
72,Sensor_12,-0.23957829237911255,4.228181531652808,increases predicted RUL,58.332298278808594,78.0
72,Sensor_13,-0.1645961558121275,0.05943009639304364,increases predicted RUL,58.332298278808594,78.0
72,Sensor_14,-0.4593974323263195,-0.4899517391459085,decreases predicted RUL,58.332298278808594,78.0
72,Sensor_15,0.30201816354941674,-2.6771384712774307,decreases predicted RUL,58.332298278808594,78.0
72,Sensor_17,0.15254386487322377,-3.915214463697339,decreases predicted RUL,58.332298278808594,78.0
72,Sensor_18,0.0,0.0,decreases predicted RUL,58.332298278808594,78.0
72,Sensor_19,0.19620189544839362,0.054047275334596634,increases predicted RUL,58.332298278808594,78.0
72,Sensor_20,-0.27246066924698653,1.8270363508490846,increases predicted RUL,58.332298278808594,78.0
72,Sensor_21,-0.20207329007957459,1.1959887980483472,increases predicted RUL,58.332298278808594,78.0
72,Sensor_11_diff1,-0.010212106340080278,0.45880022714845836,increases predicted RUL,58.332298278808594,78.0
72,Sensor_11_roll_mean5,0.28728088673137414,-0.7000245805829763,decreases predicted RUL,58.332298278808594,78.0
72,Sensor_11_roll_std5,0.2838064243628771,-1.6445369634311646,decreases predicted RUL,58.332298278808594,78.0
72,Sensor_4_diff1,-0.012499771580772917,-0.05389998201280832,decreases predicted RUL,58.332298278808594,78.0
72,Sensor_4_roll_mean5,0.1204917487696474,-0.4871054140967317,decreases predicted RUL,58.332298278808594,78.0
72,Sensor_4_roll_std5,-0.01650485297341391,1.099844217824284,increases predicted RUL,58.332298278808594,78.0
72,Sensor_15_diff1,-0.013484900116062147,-1.5981006915681064,decreases predicted RUL,58.332298278808594,78.0
72,Sensor_15_roll_mean5,0.3675247645884858,0.39487772854045033,increases predicted RUL,58.332298278808594,78.0
72,Sensor_15_roll_std5,-0.32635496532127456,-1.1797752416459844,decreases predicted RUL,58.332298278808594,78.0
72,Sensor_12_diff1,-0.019315077174318428,-0.7773356689140201,decreases predicted RUL,58.332298278808594,78.0
72,Sensor_12_roll_mean5,-0.334140298930868,-2.0292866420932114,decreases predicted RUL,58.332298278808594,78.0
72,Sensor_12_roll_std5,-0.5564099043756738,-2.5085305934771895,decreases predicted RUL,58.332298278808594,78.0
72,Sensor_13_diff1,0.005838735204545003,-0.6182134035043418,decreases predicted RUL,58.332298278808594,78.0
72,Sensor_13_roll_mean5,-0.2328474065977945,-0.18147469869290944,decreases predicted RUL,58.332298278808594,78.0
72,Sensor_13_roll_std5,-0.5754665581393696,2.275343546345539,increases predicted RUL,58.332298278808594,78.0
72,Sensor_8_diff1,0.01762275805795354,-0.9504608423449099,decreases predicted RUL,58.332298278808594,78.0
72,Sensor_8_roll_mean5,-0.2699297517598123,-0.8454390756087378,decreases predicted RUL,58.332298278808594,78.0
72,Sensor_8_roll_std5,-0.5120108878681631,-0.012534996421891265,decreases predicted RUL,58.332298278808594,78.0
72,Regime_OneHot_0,0.07084978999945381,1.534306559478864,increases predicted RUL,58.332298278808594,78.0
72,Regime_OneHot_1,0.08695674413981724,1.1585789336822927,increases predicted RUL,58.332298278808594,78.0
72,Regime_OneHot_2,-0.14201226307516485,-0.40723916233400814,decreases predicted RUL,58.332298278808594,78.0
72,Regime_OneHot_3,-0.1962018954429828,-0.9095582041190937,decreases predicted RUL,58.332298278808594,78.0
72,Regime_OneHot_4,0.1385633575331784,-0.390360290533863,decreases predicted RUL,58.332298278808594,78.0
72,Regime_OneHot_5,0.027246453748366033,-0.7541703176684678,decreases predicted RUL,58.332298278808594,78.0
73,Regime_ID,2.1,-2.8719558119773865,decreases predicted RUL,98.31700134277344,86.0
73,Sensor_1,0.027529016185473244,0.1826196415349841,increases predicted RUL,98.31700134277344,86.0
73,Sensor_2,-0.7789617092031839,4.644538131542504,increases predicted RUL,98.31700134277344,86.0
73,Sensor_3,-0.640383349956315,2.212567607406527,increases predicted RUL,98.31700134277344,86.0
73,Sensor_4,-0.8676466583228654,0.650702657410875,increases predicted RUL,98.31700134277344,86.0
73,Sensor_5,-0.022566732915688864,-2.41232135752216,decreases predicted RUL,98.31700134277344,86.0
73,Sensor_6,-0.17929310597383644,-0.8051498964487109,decreases predicted RUL,98.31700134277344,86.0
73,Sensor_7,0.6457425134705967,6.7031791259069,increases predicted RUL,98.31700134277344,86.0
73,Sensor_8,-0.11780400823973493,-1.7963340536734904,decreases predicted RUL,98.31700134277344,86.0
73,Sensor_9,0.33305722212021643,-0.4828096395358443,decreases predicted RUL,98.31700134277344,86.0
73,Sensor_10,0.30583041875124367,-1.5462103554891655,decreases predicted RUL,98.31700134277344,86.0
73,Sensor_11,-1.0796011169257114,9.548788016662002,increases predicted RUL,98.31700134277344,86.0
73,Sensor_12,0.6474008085655474,7.4725712994113564,increases predicted RUL,98.31700134277344,86.0
73,Sensor_13,-0.044931594849358644,0.7028712220489979,increases predicted RUL,98.31700134277344,86.0
73,Sensor_14,0.4199018041462979,2.1756815637927502,increases predicted RUL,98.31700134277344,86.0
73,Sensor_15,-0.9121374652393286,12.118767296895385,increases predicted RUL,98.31700134277344,86.0
73,Sensor_17,-0.7289545507674835,3.1087229098193347,increases predicted RUL,98.31700134277344,86.0
73,Sensor_18,0.0,0.0,decreases predicted RUL,98.31700134277344,86.0
73,Sensor_19,-0.08379885428346119,0.9154498297721148,increases predicted RUL,98.31700134277344,86.0
73,Sensor_20,0.600271038766344,-0.8572219918714836,decreases predicted RUL,98.31700134277344,86.0
73,Sensor_21,0.5615703721821916,2.4085535388439894,increases predicted RUL,98.31700134277344,86.0
73,Sensor_11_diff1,-0.025816476458148063,-0.5737716536968946,decreases predicted RUL,98.31700134277344,86.0
73,Sensor_11_roll_mean5,-1.2162643261017783,-2.5923675149679184,decreases predicted RUL,98.31700134277344,86.0
73,Sensor_11_roll_std5,0.13677890797856943,0.10930786782409996,increases predicted RUL,98.31700134277344,86.0
73,Sensor_4_diff1,0.009197587749613247,-1.690101790096378,decreases predicted RUL,98.31700134277344,86.0
73,Sensor_4_roll_mean5,-1.045861361994303,-1.5229914002120495,decreases predicted RUL,98.31700134277344,86.0
73,Sensor_4_roll_std5,0.15712871962240027,-1.8407436108682305,decreases predicted RUL,98.31700134277344,86.0
73,Sensor_15_diff1,0.046713990427700844,-0.7485984863596968,decreases predicted RUL,98.31700134277344,86.0
73,Sensor_15_roll_mean5,-1.1686345644910596,-7.786605887115002,decreases predicted RUL,98.31700134277344,86.0
73,Sensor_15_roll_std5,0.26979487517408135,0.7121428000973538,increases predicted RUL,98.31700134277344,86.0
73,Sensor_12_diff1,0.03248552704402381,-0.61491823149845,decreases predicted RUL,98.31700134277344,86.0
73,Sensor_12_roll_mean5,0.9127999593303017,0.6830393865238875,increases predicted RUL,98.31700134277344,86.0
73,Sensor_12_roll_std5,-0.24299755041597884,0.590270190499723,increases predicted RUL,98.31700134277344,86.0
73,Sensor_13_diff1,-0.005250598762100419,0.9710981444222853,increases predicted RUL,98.31700134277344,86.0
73,Sensor_13_roll_mean5,-0.07580362717617155,-0.45245273638283834,decreases predicted RUL,98.31700134277344,86.0
73,Sensor_13_roll_std5,0.3091467439412892,3.057875351049006,increases predicted RUL,98.31700134277344,86.0
73,Sensor_8_diff1,-0.005434264818989885,0.4570972129586153,increases predicted RUL,98.31700134277344,86.0
73,Sensor_8_roll_mean5,-0.15424956884398786,4.0685928624589,increases predicted RUL,98.31700134277344,86.0
73,Sensor_8_roll_std5,0.5908556557534004,-2.0794131868169643,decreases predicted RUL,98.31700134277344,86.0
73,Regime_OneHot_0,0.02462150227655762,0.20828705630265176,increases predicted RUL,98.31700134277344,86.0
73,Regime_OneHot_1,0.08695674413981724,2.448106992073008,increases predicted RUL,98.31700134277344,86.0
73,Regime_OneHot_2,-0.0302417249818145,-0.16714133793720976,decreases predicted RUL,98.31700134277344,86.0
73,Regime_OneHot_3,0.08379885428132075,-0.8225014075869694,decreases predicted RUL,98.31700134277344,86.0
73,Regime_OneHot_4,-0.14113952341784888,-0.18068978982046247,decreases predicted RUL,98.31700134277344,86.0
73,Regime_OneHot_5,-0.028724213634657866,1.575853195041418,increases predicted RUL,98.31700134277344,86.0
74,Regime_ID,2.64,-2.763781495625153,decreases predicted RUL,81.65174865722656,98.0
74,Sensor_1,0.09727296893107937,-0.5778655576286837,decreases predicted RUL,81.65174865722656,98.0
74,Sensor_2,-0.29018439751182934,2.133805426186882,increases predicted RUL,81.65174865722656,98.0
74,Sensor_3,-0.43594786946412706,3.509160340996459,increases predicted RUL,81.65174865722656,98.0
74,Sensor_4,-0.7471503444718196,3.983184610493481,increases predicted RUL,81.65174865722656,98.0
74,Sensor_5,0.10139701021663834,2.195057331584394,increases predicted RUL,81.65174865722656,98.0
74,Sensor_6,-0.21229299599170606,2.0667275564628653,increases predicted RUL,81.65174865722656,98.0
74,Sensor_7,0.3098980511787129,5.694563422468491,increases predicted RUL,81.65174865722656,98.0
74,Sensor_8,0.5289568878569227,0.8893878824310377,increases predicted RUL,81.65174865722656,98.0
74,Sensor_9,0.9528072933439579,-9.247038929956034,decreases predicted RUL,81.65174865722656,98.0
74,Sensor_10,0.1792914187533563,0.7093123699596617,increases predicted RUL,81.65174865722656,98.0
74,Sensor_11,-0.9221912793183139,6.246330136433244,increases predicted RUL,81.65174865722656,98.0
74,Sensor_12,0.5925927324063405,0.41810737596824765,increases predicted RUL,81.65174865722656,98.0
74,Sensor_13,0.6020426535683999,3.3755900429096073,increases predicted RUL,81.65174865722656,98.0
74,Sensor_14,0.9998881373430933,2.954410817939788,increases predicted RUL,81.65174865722656,98.0
74,Sensor_15,-0.7234079444831336,14.747578039765358,increases predicted RUL,81.65174865722656,98.0
74,Sensor_17,-0.26763407982142917,-1.4175149844959378,decreases predicted RUL,81.65174865722656,98.0
74,Sensor_18,0.0,0.0,decreases predicted RUL,81.65174865722656,98.0
74,Sensor_19,-0.19579915417620317,2.86131383839529,increases predicted RUL,81.65174865722656,98.0
74,Sensor_20,0.2683769327820312,-0.19075462556793354,decreases predicted RUL,81.65174865722656,98.0
74,Sensor_21,0.5231855696001427,-2.968696513416944,decreases predicted RUL,81.65174865722656,98.0
74,Sensor_11_diff1,-0.03390412759713123,0.5525616439990699,increases predicted RUL,81.65174865722656,98.0
74,Sensor_11_roll_mean5,-1.0248704982937982,-2.2998695159330964,decreases predicted RUL,81.65174865722656,98.0
74,Sensor_11_roll_std5,-0.3939501694748544,-0.21158692153403535,decreases predicted RUL,81.65174865722656,98.0
74,Sensor_4_diff1,-0.04273048480482537,2.434523579548113,increases predicted RUL,81.65174865722656,98.0
74,Sensor_4_roll_mean5,-0.8795557130045129,-2.366365183144808,decreases predicted RUL,81.65174865722656,98.0
74,Sensor_4_roll_std5,0.08978976434963341,-2.2073821695521474,decreases predicted RUL,81.65174865722656,98.0
74,Sensor_15_diff1,-0.014220889552073067,-0.6212830442236736,decreases predicted RUL,81.65174865722656,98.0
74,Sensor_15_roll_mean5,-0.8623564340237795,-6.2620704378932714,decreases predicted RUL,81.65174865722656,98.0
74,Sensor_15_roll_std5,-0.3149766904713996,-1.0520879158284515,decreases predicted RUL,81.65174865722656,98.0
74,Sensor_12_diff1,0.008333202114332833,2.135739196324721,increases predicted RUL,81.65174865722656,98.0
74,Sensor_12_roll_mean5,0.8605317211864683,-1.5510299177840352,decreases predicted RUL,81.65174865722656,98.0
74,Sensor_12_roll_std5,-0.406890990061581,-0.2576929839560762,decreases predicted RUL,81.65174865722656,98.0
74,Sensor_13_diff1,-0.012055865439151483,0.701730091124773,increases predicted RUL,81.65174865722656,98.0
74,Sensor_13_roll_mean5,0.7991851981680252,-1.132588671054691,decreases predicted RUL,81.65174865722656,98.0
74,Sensor_13_roll_std5,0.3192839254860319,6.138170901685953,increases predicted RUL,81.65174865722656,98.0
74,Sensor_8_diff1,-0.0008924698255697483,0.39143290114589036,increases predicted RUL,81.65174865722656,98.0
74,Sensor_8_roll_mean5,0.7014510545962171,-2.310282807680778,decreases predicted RUL,81.65174865722656,98.0
74,Sensor_8_roll_std5,0.4654565114105068,0.10733514936873689,increases predicted RUL,81.65174865722656,98.0
74,Regime_OneHot_0,-0.11406336089213116,-0.8082715151831508,decreases predicted RUL,81.65174865722656,98.0
74,Regime_OneHot_1,-0.1938467802233868,-0.3983132465509698,decreases predicted RUL,81.65174865722656,98.0
74,Regime_OneHot_2,0.025643544064860614,1.8978520695818588,increases predicted RUL,81.65174865722656,98.0
74,Regime_OneHot_3,0.19579915417104218,-2.7514828697312623,decreases predicted RUL,81.65174865722656,98.0
74,Regime_OneHot_4,-0.08519894722764343,-0.6726710407383507,decreases predicted RUL,81.65174865722656,98.0
74,Regime_OneHot_5,0.19515845589743733,-1.0252731217769906,decreases predicted RUL,81.65174865722656,98.0
75,Regime_ID,2.02,-0.7599422537023202,decreases predicted RUL,34.587310791015625,36.0
75,Sensor_1,0.2251368822980239,1.078961592167616,increases predicted RUL,34.587310791015625,36.0
75,Sensor_2,0.440524139514351,-2.2558159953914583,decreases predicted RUL,34.587310791015625,36.0
75,Sensor_3,0.27148410866665496,-1.8878152596298605,decreases predicted RUL,34.587310791015625,36.0
75,Sensor_4,0.49712316634390546,-1.8125051919487305,decreases predicted RUL,34.587310791015625,36.0
75,Sensor_5,0.21617825385768225,-0.27944387140451,decreases predicted RUL,34.587310791015625,36.0
75,Sensor_6,0.5894892059309919,-3.068583597894758,decreases predicted RUL,34.587310791015625,36.0
75,Sensor_7,-0.21773123426380764,-1.1048684854176827,decreases predicted RUL,34.587310791015625,36.0
75,Sensor_8,1.1528007886285103,-0.020239721015968826,decreases predicted RUL,34.587310791015625,36.0
75,Sensor_9,1.5847493915887534,-9.289253392256796,decreases predicted RUL,34.587310791015625,36.0
75,Sensor_10,0.39287306170962516,4.980929829296656,increases predicted RUL,34.587310791015625,36.0
75,Sensor_11,0.37909516456015785,-2.471786564332433,decreases predicted RUL,34.587310791015625,36.0
75,Sensor_12,-0.159897984482236,-1.1022656471468508,decreases predicted RUL,34.587310791015625,36.0
75,Sensor_13,1.140653655108112,2.8302440352272242,increases predicted RUL,34.587310791015625,36.0
75,Sensor_14,1.5687803565402294,3.6066801876877435,increases predicted RUL,34.587310791015625,36.0
75,Sensor_15,0.49344658733858715,-5.498105282662436,decreases predicted RUL,34.587310791015625,36.0
75,Sensor_17,0.5056059839655767,-3.4555610773386434,decreases predicted RUL,34.587310791015625,36.0
75,Sensor_18,0.0,0.0,decreases predicted RUL,34.587310791015625,36.0
75,Sensor_19,0.028201445609280746,-0.7537683716509491,decreases predicted RUL,34.587310791015625,36.0
75,Sensor_20,-0.5210095584003295,-0.2762302113696933,decreases predicted RUL,34.587310791015625,36.0
75,Sensor_21,-0.1754178796321202,0.019527196884155273,increases predicted RUL,34.587310791015625,36.0
75,Sensor_11_diff1,0.028557062786323126,-0.05569766974076629,decreases predicted RUL,34.587310791015625,36.0
75,Sensor_11_roll_mean5,0.4165102623372856,-2.195828256459208,decreases predicted RUL,34.587310791015625,36.0
75,Sensor_11_roll_std5,-0.08144124273347383,-0.28222890179313254,decreases predicted RUL,34.587310791015625,36.0
75,Sensor_4_diff1,0.03087379039894789,-0.7306530657224357,decreases predicted RUL,34.587310791015625,36.0
75,Sensor_4_roll_mean5,0.5502021052386934,-0.36064423667266965,decreases predicted RUL,34.587310791015625,36.0
75,Sensor_4_roll_std5,0.4060741223962912,0.07403118896763772,increases predicted RUL,34.587310791015625,36.0
75,Sensor_15_diff1,0.028523878850209117,-0.5212830370292068,decreases predicted RUL,34.587310791015625,36.0
75,Sensor_15_roll_mean5,0.5713793157379203,1.7084913932485506,increases predicted RUL,34.587310791015625,36.0
75,Sensor_15_roll_std5,-0.07478504301998616,-0.05995578019792447,decreases predicted RUL,34.587310791015625,36.0
75,Sensor_12_diff1,-0.0052556338913335,-0.45282058720476925,decreases predicted RUL,34.587310791015625,36.0
75,Sensor_12_roll_mean5,-0.24946400099367147,0.30987388314679265,increases predicted RUL,34.587310791015625,36.0
75,Sensor_12_roll_std5,-0.14631955410178865,1.0793577951553743,increases predicted RUL,34.587310791015625,36.0
75,Sensor_13_diff1,0.0026111486858368237,-0.11325196991674602,decreases predicted RUL,34.587310791015625,36.0
75,Sensor_13_roll_mean5,1.5010726653672952,-0.3054941074224189,decreases predicted RUL,34.587310791015625,36.0
75,Sensor_13_roll_std5,-0.01363367397621067,1.0795419931528158,increases predicted RUL,34.587310791015625,36.0
75,Sensor_8_diff1,0.0004552468752347849,1.0179957842919976,increases predicted RUL,34.587310791015625,36.0
75,Sensor_8_roll_mean5,1.5330328291037503,-0.6700255912946886,decreases predicted RUL,34.587310791015625,36.0
75,Sensor_8_roll_std5,0.12005249486149216,0.47876544459722936,increases predicted RUL,34.587310791015625,36.0
75,Regime_OneHot_0,0.024621502276557575,-0.07887374010169879,decreases predicted RUL,34.587310791015625,36.0
75,Regime_OneHot_1,-0.08152537047810515,0.07173485832754523,increases predicted RUL,34.587310791015625,36.0
75,Regime_OneHot_2,0.30506988929823625,-0.17704255256103352,decreases predicted RUL,34.587310791015625,36.0
75,Regime_OneHot_3,-0.02820144560840061,1.460619165794924,increases predicted RUL,34.587310791015625,36.0
75,Regime_OneHot_4,-0.02925837103743789,-0.2463419918785803,decreases predicted RUL,34.587310791015625,36.0
75,Regime_OneHot_5,-0.19663621578372895,0.32777197717223316,increases predicted RUL,34.587310791015625,36.0
76,Regime_ID,2.54,-2.6315342811867595,decreases predicted RUL,77.122802734375,94.0
76,Sensor_1,-0.14683086567854198,3.145015759160742,increases predicted RUL,77.122802734375,94.0
76,Sensor_2,-0.06776886569282886,-1.1044585476629436,decreases predicted RUL,77.122802734375,94.0
76,Sensor_3,-0.31854125496578495,2.8898320554289967,increases predicted RUL,77.122802734375,94.0
76,Sensor_4,-0.053939822098273575,-0.112774305511266,decreases predicted RUL,77.122802734375,94.0
76,Sensor_5,0.11976200919920536,0.4342147001880221,increases predicted RUL,77.122802734375,94.0
76,Sensor_6,-0.47915714979199836,0.7915782505442621,increases predicted RUL,77.122802734375,94.0
76,Sensor_7,-0.10737018189907355,4.5673013920895755,increases predicted RUL,77.122802734375,94.0
76,Sensor_8,-0.6084748726571027,-0.5438355096266605,decreases predicted RUL,77.122802734375,94.0
76,Sensor_9,-1.2698264577002556,7.206027923151851,increases predicted RUL,77.122802734375,94.0
76,Sensor_10,0.05502350767493361,-0.6519844413269311,decreases predicted RUL,77.122802734375,94.0
76,Sensor_11,-0.04778055425982445,4.463354278123006,increases predicted RUL,77.122802734375,94.0
76,Sensor_12,-0.09094773775298996,1.5071039916947484,increases predicted RUL,77.122802734375,94.0
76,Sensor_13,-0.7280664170902871,-4.987576292362064,decreases predicted RUL,77.122802734375,94.0
76,Sensor_14,-1.1990392218906876,-2.0288862911984324,decreases predicted RUL,77.122802734375,94.0
76,Sensor_15,-0.16814464105120341,11.298789286287501,increases predicted RUL,77.122802734375,94.0
76,Sensor_17,-0.2372030084920662,0.8835152066894807,increases predicted RUL,77.122802734375,94.0
76,Sensor_18,0.0,0.0,decreases predicted RUL,77.122802734375,94.0
76,Sensor_19,-0.13979900422983213,-1.5572431655600667,decreases predicted RUL,77.122802734375,94.0
76,Sensor_20,0.31937375199991136,1.9094043101649731,increases predicted RUL,77.122802734375,94.0
76,Sensor_21,0.34823565538352325,-2.2578123361454345,decreases predicted RUL,77.122802734375,94.0
76,Sensor_11_diff1,-0.020020470510006348,0.3006493211723864,increases predicted RUL,77.122802734375,94.0
76,Sensor_11_roll_mean5,-0.030561297103653632,-0.3648856617510319,decreases predicted RUL,77.122802734375,94.0
76,Sensor_11_roll_std5,-0.5989535339474878,-2.6243693283759058,decreases predicted RUL,77.122802734375,94.0
76,Sensor_4_diff1,0.0106038540386984,-0.014596834778785706,decreases predicted RUL,77.122802734375,94.0
76,Sensor_4_roll_mean5,-0.07456392803323048,-1.6045760652050376,decreases predicted RUL,77.122802734375,94.0
76,Sensor_4_roll_std5,-0.313350799862701,-2.1711399701889604,decreases predicted RUL,77.122802734375,94.0
76,Sensor_15_diff1,0.007760076614434328,-1.3598099645460024,decreases predicted RUL,77.122802734375,94.0
76,Sensor_15_roll_mean5,-0.20312031470941938,-3.2429205792723224,decreases predicted RUL,77.122802734375,94.0
76,Sensor_15_roll_std5,-0.5531873214324985,1.3507730071432889,increases predicted RUL,77.122802734375,94.0
76,Sensor_12_diff1,-0.013681999923715245,0.6539495913311839,increases predicted RUL,77.122802734375,94.0
76,Sensor_12_roll_mean5,-0.10733734693959424,-1.0525529195729177,decreases predicted RUL,77.122802734375,94.0
76,Sensor_12_roll_std5,-0.04882266252953521,0.9302281992886492,increases predicted RUL,77.122802734375,94.0
76,Sensor_13_diff1,-0.004270115331666922,0.02289253764320165,increases predicted RUL,77.122802734375,94.0
76,Sensor_13_roll_mean5,-0.9772686503019965,1.6957715211901814,increases predicted RUL,77.122802734375,94.0
76,Sensor_13_roll_std5,-0.2157056209336439,2.0544137542601675,increases predicted RUL,77.122802734375,94.0
76,Sensor_8_diff1,0.01875755090310598,-3.2242601068574004,decreases predicted RUL,77.122802734375,94.0
76,Sensor_8_roll_mean5,-0.8486581131294078,1.0712714777328074,increases predicted RUL,77.122802734375,94.0
76,Sensor_8_roll_std5,0.06715673701063017,-0.011537808924913406,decreases predicted RUL,77.122802734375,94.0
76,Regime_OneHot_0,-0.11406336089213116,0.006830153230112046,increases predicted RUL,77.122802734375,94.0
76,Regime_OneHot_1,-0.1376860753507461,0.5731149229686707,increases predicted RUL,77.122802734375,94.0
76,Regime_OneHot_2,-0.030241724981814502,0.6748107771854848,increases predicted RUL,77.122802734375,94.0
76,Regime_OneHot_3,0.13979900422618158,-1.7105073700658977,decreases predicted RUL,77.122802734375,94.0
76,Regime_OneHot_4,0.25044450991358924,1.2746544656110927,increases predicted RUL,77.122802734375,94.0
76,Regime_OneHot_5,-0.08469488101768162,-0.37472323182737455,decreases predicted RUL,77.122802734375,94.0
77,Regime_ID,2.18,0.09862561337649822,increases predicted RUL,53.4273796081543,52.0
77,Sensor_1,0.05077700043400861,1.1644386051921174,increases predicted RUL,53.4273796081543,52.0
77,Sensor_2,-0.49194949691567513,3.275556657114066,increases predicted RUL,53.4273796081543,52.0
77,Sensor_3,-0.41054887620670644,0.6989785808546003,increases predicted RUL,53.4273796081543,52.0
77,Sensor_4,-0.7326694418125793,0.901683540083468,increases predicted RUL,53.4273796081543,52.0
77,Sensor_5,-0.07766172986338989,0.7669264727155678,increases predicted RUL,53.4273796081543,52.0
77,Sensor_6,-0.24469980606790181,-3.607043491268996,decreases predicted RUL,53.4273796081543,52.0
77,Sensor_7,0.6839647845262763,2.5976329005206935,increases predicted RUL,53.4273796081543,52.0
77,Sensor_8,0.4698999145820731,-1.125338603858836,decreases predicted RUL,53.4273796081543,52.0
77,Sensor_9,1.5267981819678638,-13.503644266631454,decreases predicted RUL,53.4273796081543,52.0
77,Sensor_10,0.4332690081103771,2.86243843655393,increases predicted RUL,53.4273796081543,52.0
77,Sensor_11,-0.8379243254412568,6.311783768469468,increases predicted RUL,53.4273796081543,52.0
77,Sensor_12,0.6438920868648589,3.440062304434832,increases predicted RUL,53.4273796081543,52.0
77,Sensor_13,0.5184060634246466,3.7425558583345264,increases predicted RUL,53.4273796081543,52.0
77,Sensor_14,1.6793481016088185,-1.6125108066480607,decreases predicted RUL,53.4273796081543,52.0
77,Sensor_15,-0.9378972135138446,13.128224531188607,increases predicted RUL,53.4273796081543,52.0
77,Sensor_17,-0.4424064137224062,-0.931266799219884,decreases predicted RUL,53.4273796081543,52.0
77,Sensor_18,0.0,0.0,decreases predicted RUL,53.4273796081543,52.0
77,Sensor_19,-0.08379885428346114,0.229390766879078,increases predicted RUL,53.4273796081543,52.0
77,Sensor_20,0.613707653506946,-1.3427539601689205,decreases predicted RUL,53.4273796081543,52.0
77,Sensor_21,0.5376067059677324,-2.042206726502627,decreases predicted RUL,53.4273796081543,52.0
77,Sensor_11_diff1,0.003916709069435913,0.3195291068404913,increases predicted RUL,53.4273796081543,52.0
77,Sensor_11_roll_mean5,-0.9563433609965126,-5.439082250522915,decreases predicted RUL,53.4273796081543,52.0
77,Sensor_11_roll_std5,-0.14385572784943676,0.8968133028247394,increases predicted RUL,53.4273796081543,52.0
77,Sensor_4_diff1,-0.010552379318512373,-0.8065662804001477,decreases predicted RUL,53.4273796081543,52.0
77,Sensor_4_roll_mean5,-0.8790185500259321,-5.740828009787947,decreases predicted RUL,53.4273796081543,52.0
77,Sensor_4_roll_std5,-0.37241149651404726,-0.561003255774267,decreases predicted RUL,53.4273796081543,52.0
77,Sensor_15_diff1,0.0004915804327346485,0.5873914015246555,increases predicted RUL,53.4273796081543,52.0
77,Sensor_15_roll_mean5,-1.1552399848529553,-5.870254629873671,decreases predicted RUL,53.4273796081543,52.0
77,Sensor_15_roll_std5,0.25900496528221745,-0.6507498594000936,decreases predicted RUL,53.4273796081543,52.0
77,Sensor_12_diff1,0.02669113272511365,0.6401322144665755,increases predicted RUL,53.4273796081543,52.0
77,Sensor_12_roll_mean5,0.9022774973213198,-1.8506935908226296,decreases predicted RUL,53.4273796081543,52.0
77,Sensor_12_roll_std5,0.10660538260973741,-0.1828836892527761,decreases predicted RUL,53.4273796081543,52.0
77,Sensor_13_diff1,-0.059142772971963735,8.676871470408514,increases predicted RUL,53.4273796081543,52.0
77,Sensor_13_roll_mean5,0.744816844313462,-0.4832679365645163,decreases predicted RUL,53.4273796081543,52.0
77,Sensor_13_roll_std5,2.2963089580220752,1.9664860554039478,increases predicted RUL,53.4273796081543,52.0
77,Sensor_8_diff1,-0.043012973156338195,1.7658752643037587,increases predicted RUL,53.4273796081543,52.0
77,Sensor_8_roll_mean5,0.6674585232321878,-5.753153700614348,decreases predicted RUL,53.4273796081543,52.0
77,Sensor_8_roll_std5,2.1431414006459324,-8.721228315058397,decreases predicted RUL,53.4273796081543,52.0
77,Regime_OneHot_0,-0.1602916486150274,0.6268138072264264,increases predicted RUL,53.4273796081543,52.0
77,Regime_OneHot_1,0.1992781538850987,1.8396548380260356,increases predicted RUL,53.4273796081543,52.0
77,Regime_OneHot_2,0.08152881311153573,0.0886433175764978,increases predicted RUL,53.4273796081543,52.0
77,Regime_OneHot_3,0.08379885428132094,0.16948894265806302,increases predicted RUL,53.4273796081543,52.0
77,Regime_OneHot_4,-0.029258371037437943,0.7543939065653831,increases predicted RUL,53.4273796081543,52.0
77,Regime_OneHot_5,-0.14066554840070528,-0.8223711658210959,decreases predicted RUL,53.4273796081543,52.0
78,Regime_ID,2.18,0.9355323652271181,increases predicted RUL,89.90742492675781,91.0
78,Sensor_1,0.027529016185473286,0.36232913356980134,increases predicted RUL,89.90742492675781,91.0
78,Sensor_2,-0.31606028308079465,4.514910654164851,increases predicted RUL,89.90742492675781,91.0
78,Sensor_3,-0.4728829971080476,6.537757905898616,increases predicted RUL,89.90742492675781,91.0
78,Sensor_4,-0.4568220429956648,4.104456077329814,increases predicted RUL,89.90742492675781,91.0
78,Sensor_5,-0.0684792303721064,-0.24690043239388615,decreases predicted RUL,89.90742492675781,91.0
78,Sensor_6,-0.5774847514919378,-0.47068308942834847,decreases predicted RUL,89.90742492675781,91.0
78,Sensor_7,0.30124869362929874,5.98501956439577,increases predicted RUL,89.90742492675781,91.0
78,Sensor_8,-0.5579907019721362,-0.2618727867666166,decreases predicted RUL,89.90742492675781,91.0
78,Sensor_9,-0.942575883507926,4.761616273550317,increases predicted RUL,89.90742492675781,91.0
78,Sensor_10,0.04185416611352845,-0.45863090275088325,decreases predicted RUL,89.90742492675781,91.0
78,Sensor_11,-0.39317441219107124,4.104051173431799,increases predicted RUL,89.90742492675781,91.0
78,Sensor_12,0.3042411326377785,2.5236626703990623,increases predicted RUL,89.90742492675781,91.0
78,Sensor_13,-0.6339879842282182,-1.1231603687629104,decreases predicted RUL,89.90742492675781,91.0
78,Sensor_14,-0.8252641958091878,-1.7711919825087534,decreases predicted RUL,89.90742492675781,91.0
78,Sensor_15,-0.28236738494978114,5.938340443652123,increases predicted RUL,89.90742492675781,91.0
78,Sensor_17,-0.2766925554217128,7.458416287321597,increases predicted RUL,89.90742492675781,91.0
78,Sensor_18,0.0,0.0,decreases predicted RUL,89.90742492675781,91.0
78,Sensor_19,-0.13979900422983213,-0.5778440113645047,decreases predicted RUL,89.90742492675781,91.0
78,Sensor_20,0.2723325819926575,-1.6433488400653005,decreases predicted RUL,89.90742492675781,91.0
78,Sensor_21,-0.05561305042912983,0.9674927158048376,increases predicted RUL,89.90742492675781,91.0
78,Sensor_11_diff1,-0.014464882152576086,-0.8850936843082309,decreases predicted RUL,89.90742492675781,91.0
78,Sensor_11_roll_mean5,-0.4170988264124715,-5.643860653974116,decreases predicted RUL,89.90742492675781,91.0
78,Sensor_11_roll_std5,0.4312755324441697,-0.2989910217002034,decreases predicted RUL,89.90742492675781,91.0
78,Sensor_4_diff1,-0.023825413028737218,-0.00963847164530307,decreases predicted RUL,89.90742492675781,91.0
78,Sensor_4_roll_mean5,-0.5177561086582793,-1.6679736077785492,decreases predicted RUL,89.90742492675781,91.0
78,Sensor_4_roll_std5,0.12518066974978592,2.30742220999673,increases predicted RUL,89.90742492675781,91.0
78,Sensor_15_diff1,0.021176111991763166,-1.2223646811326034,decreases predicted RUL,89.90742492675781,91.0
78,Sensor_15_roll_mean5,-0.38696538277167497,-5.141381704248488,decreases predicted RUL,89.90742492675781,91.0
78,Sensor_15_roll_std5,-0.1752532920454917,-0.16915606771362945,decreases predicted RUL,89.90742492675781,91.0
78,Sensor_12_diff1,0.026847895797652184,0.22560426103882492,increases predicted RUL,89.90742492675781,91.0
78,Sensor_12_roll_mean5,0.3766937400241088,0.9948806226020679,increases predicted RUL,89.90742492675781,91.0
78,Sensor_12_roll_std5,-0.07988456976684069,1.5063354652374983,increases predicted RUL,89.90742492675781,91.0
78,Sensor_13_diff1,-0.008450418581737036,0.5000579096376896,increases predicted RUL,89.90742492675781,91.0
78,Sensor_13_roll_mean5,-0.8547320234385087,-0.794066539267078,decreases predicted RUL,89.90742492675781,91.0
78,Sensor_13_roll_std5,-0.6585882702289741,-0.4906869400292635,decreases predicted RUL,89.90742492675781,91.0
78,Sensor_8_diff1,-0.009127417408338844,-1.4193505211733282,decreases predicted RUL,89.90742492675781,91.0
78,Sensor_8_roll_mean5,-0.7251947256298831,0.11352082947269082,increases predicted RUL,89.90742492675781,91.0
78,Sensor_8_roll_std5,-0.3675062194949721,0.7668726879637688,increases predicted RUL,89.90742492675781,91.0
78,Regime_OneHot_0,-0.06783507316923493,0.8119189981371164,increases predicted RUL,89.90742492675781,91.0
78,Regime_OneHot_1,0.14311744901245804,2.0378365358919837,increases predicted RUL,89.90742492675781,91.0
78,Regime_OneHot_2,-0.030241724981814624,1.7120727045694366,increases predicted RUL,89.90742492675781,91.0
78,Regime_OneHot_3,0.13979900422618152,-2.0521215482149273,decreases predicted RUL,89.90742492675781,91.0
78,Regime_OneHot_4,-0.14113952341784902,-1.2876839879900217,decreases predicted RUL,89.90742492675781,91.0
78,Regime_OneHot_5,-0.028724213634657828,-0.3845740598626435,decreases predicted RUL,89.90742492675781,91.0
79,Regime_ID,2.04,1.1495474176481366,increases predicted RUL,24.809560775756836,15.0
79,Sensor_1,0.074024984682544,0.6994914371753111,increases predicted RUL,24.809560775756836,15.0
79,Sensor_2,1.4165834828119812,-4.773105618893169,decreases predicted RUL,24.809560775756836,15.0
79,Sensor_3,1.2354836939624225,-4.858799229376018,decreases predicted RUL,24.809560775756836,15.0
79,Sensor_4,1.5957631370685386,-1.7703075278550386,decreases predicted RUL,24.809560775756836,15.0
79,Sensor_5,0.09221451072535486,0.5010982367675751,increases predicted RUL,24.809560775756836,15.0
79,Sensor_6,0.6393410467763749,-3.2904554829001427,decreases predicted RUL,24.809560775756836,15.0
79,Sensor_7,-1.1638285070038952,-3.8707212649751455,decreases predicted RUL,24.809560775756836,15.0
79,Sensor_8,0.8352724746308391,-0.7384525201632641,decreases predicted RUL,24.809560775756836,15.0
79,Sensor_9,0.6359514585898587,-5.5639633955433965,decreases predicted RUL,24.809560775756836,15.0
79,Sensor_10,-0.07804573801544597,-0.12624343991046771,decreases predicted RUL,24.809560775756836,15.0
79,Sensor_11,1.7584612320453261,-6.303097580559552,decreases predicted RUL,24.809560775756836,15.0
79,Sensor_12,-1.1128166369124879,-4.520954401232302,decreases predicted RUL,24.809560775756836,15.0
79,Sensor_13,0.8282264681456898,1.975295898038894,increases predicted RUL,24.809560775756836,15.0
79,Sensor_14,0.41546100111894996,0.3837795321160229,increases predicted RUL,24.809560775756836,15.0
79,Sensor_15,1.5548423850210877,-16.927429928444326,decreases predicted RUL,24.809560775756836,15.0
79,Sensor_17,1.3977206042923103,-0.3205444454215467,decreases predicted RUL,24.809560775756836,15.0
79,Sensor_18,0.0,0.0,decreases predicted RUL,24.809560775756836,15.0
79,Sensor_19,0.14020174550202272,-0.17021575215039775,decreases predicted RUL,24.809560775756836,15.0
79,Sensor_20,-0.9314434234887746,-0.6834862605901435,decreases predicted RUL,24.809560775756836,15.0
79,Sensor_21,-1.0475389342674308,2.037888908525929,increases predicted RUL,24.809560775756836,15.0
79,Sensor_11_diff1,-0.02002047051000633,-0.2684392323717475,decreases predicted RUL,24.809560775756836,15.0
79,Sensor_11_roll_mean5,2.0219679863597633,1.8395346105098724,increases predicted RUL,24.809560775756836,15.0
79,Sensor_11_roll_std5,0.3781312438923631,-0.6714553763158619,decreases predicted RUL,24.809560775756836,15.0
79,Sensor_4_diff1,0.019728126326499843,-0.43642060924321413,decreases predicted RUL,24.809560775756836,15.0
79,Sensor_4_roll_mean5,1.935301182100141,4.001430659671314,increases predicted RUL,24.809560775756836,15.0
79,Sensor_4_roll_std5,0.013954939648341571,0.12244733276747866,increases predicted RUL,24.809560775756836,15.0
79,Sensor_15_diff1,0.011538731465112586,0.14811684330925345,increases predicted RUL,24.809560775756836,15.0
79,Sensor_15_roll_mean5,1.8648170239181205,7.02240174356848,increases predicted RUL,24.809560775756836,15.0
79,Sensor_15_roll_std5,0.12676600592609136,-0.21921120735350996,decreases predicted RUL,24.809560775756836,15.0
79,Sensor_12_diff1,0.03564711691223329,-0.18848213320598006,decreases predicted RUL,24.809560775756836,15.0
79,Sensor_12_roll_mean5,-1.7229069030993345,3.3955988683737814,increases predicted RUL,24.809560775756836,15.0
79,Sensor_12_roll_std5,-0.1310340746022646,0.2500363732688129,increases predicted RUL,24.809560775756836,15.0
79,Sensor_13_diff1,0.019680048741865117,-0.19141951575875282,decreases predicted RUL,24.809560775756836,15.0
79,Sensor_13_roll_mean5,1.0762838990955055,0.44249063031747937,increases predicted RUL,24.809560775756836,15.0
79,Sensor_13_roll_std5,0.20650535968648298,0.1336588468402624,increases predicted RUL,24.809560775756836,15.0
79,Sensor_8_diff1,0.024374999707583764,0.6490154778584838,increases predicted RUL,24.809560775756836,15.0
79,Sensor_8_roll_mean5,1.080845228251152,0.5011438427027315,increases predicted RUL,24.809560775756836,15.0
79,Sensor_8_roll_std5,0.35151361900745487,-1.2820359615725465,decreases predicted RUL,24.809560775756836,15.0
79,Regime_OneHot_0,0.1633063654452463,-0.3715298915049061,decreases predicted RUL,24.809560775756836,15.0
79,Regime_OneHot_1,-0.08152537047810511,-0.6414457312785089,decreases predicted RUL,24.809560775756836,15.0
79,Regime_OneHot_2,0.08152881311153566,0.9294456841817009,increases predicted RUL,24.809560775756836,15.0
79,Regime_OneHot_3,-0.14020174549812212,-0.08470784896053374,decreases predicted RUL,24.809560775756836,15.0
79,Regime_OneHot_4,-0.029258371037437877,-0.6559234409360215,decreases predicted RUL,24.809560775756836,15.0
79,Regime_OneHot_5,-0.028724213634657866,0.15961434750352055,increases predicted RUL,24.809560775756836,15.0
80,Regime_ID,2.44,0.7371709742583334,increases predicted RUL,106.14073181152344,141.0
80,Sensor_1,0.12052095317961475,0.6841530702586169,increases predicted RUL,106.14073181152344,141.0
80,Sensor_2,-0.701744492141795,7.695275823352858,increases predicted RUL,106.14073181152344,141.0
80,Sensor_3,-0.6151757760173533,4.662850758351851,increases predicted RUL,106.14073181152344,141.0
80,Sensor_4,-0.86719705712674,-1.0314450059086084,decreases predicted RUL,106.14073181152344,141.0
80,Sensor_5,-0.20621672274135888,-1.3415676979348063,decreases predicted RUL,106.14073181152344,141.0
80,Sensor_6,-0.2259093798697803,-0.21489466191269457,decreases predicted RUL,106.14073181152344,141.0
80,Sensor_7,0.600814892918609,7.207991955336183,increases predicted RUL,106.14073181152344,141.0
80,Sensor_8,-0.2991650501786867,-2.273855751263909,decreases predicted RUL,106.14073181152344,141.0
80,Sensor_9,-0.03987539135832121,2.371190138394013,increases predicted RUL,106.14073181152344,141.0
80,Sensor_10,0.10994985487573032,-0.725719214475248,decreases predicted RUL,106.14073181152344,141.0
80,Sensor_11,-0.9372548696841075,9.517848760820925,increases predicted RUL,106.14073181152344,141.0
80,Sensor_12,0.7053788388131632,6.4785814033821225,increases predicted RUL,106.14073181152344,141.0
80,Sensor_13,-0.2899023504650162,0.532449593563797,increases predicted RUL,106.14073181152344,141.0
80,Sensor_14,0.11922361862519408,0.9251840585639002,increases predicted RUL,106.14073181152344,141.0
80,Sensor_15,-0.9009911401928998,17.015672319103032,increases predicted RUL,106.14073181152344,141.0
80,Sensor_17,-0.6869905478123619,2.0630771790165454,increases predicted RUL,106.14073181152344,141.0
80,Sensor_18,0.0,0.0,decreases predicted RUL,106.14073181152344,141.0
80,Sensor_19,0.02820144560928076,-4.202243782696314,decreases predicted RUL,106.14073181152344,141.0
80,Sensor_20,0.5344610520149686,0.23020703223301098,increases predicted RUL,106.14073181152344,141.0
80,Sensor_21,0.31788380697340995,-0.6464623585343361,decreases predicted RUL,106.14073181152344,141.0
80,Sensor_11_diff1,0.020278972093470245,-0.33603279618546367,decreases predicted RUL,106.14073181152344,141.0
80,Sensor_11_roll_mean5,-1.0770561909551417,-3.841805960983038,decreases predicted RUL,106.14073181152344,141.0
80,Sensor_11_roll_std5,0.3441160270991473,-0.5338993561454117,decreases predicted RUL,106.14073181152344,141.0
80,Sensor_4_diff1,-0.012523313410545502,0.4090662928065285,increases predicted RUL,106.14073181152344,141.0
80,Sensor_4_roll_mean5,-1.0164070111561245,-0.4823925904929638,decreases predicted RUL,106.14073181152344,141.0
80,Sensor_4_roll_std5,-0.09352037927800773,-3.174013325595297,decreases predicted RUL,106.14073181152344,141.0
80,Sensor_15_diff1,-0.017933733135631763,-1.071491108625196,decreases predicted RUL,106.14073181152344,141.0
80,Sensor_15_roll_mean5,-1.0823011109236322,-5.920836896402761,decreases predicted RUL,106.14073181152344,141.0
80,Sensor_15_roll_std5,-0.320606477452631,0.6686300594592467,increases predicted RUL,106.14073181152344,141.0
80,Sensor_12_diff1,-0.017957899502340356,0.6978265021461993,increases predicted RUL,106.14073181152344,141.0
80,Sensor_12_roll_mean5,1.0255124213089937,2.560394476633519,increases predicted RUL,106.14073181152344,141.0
80,Sensor_12_roll_std5,-0.40191395239409944,-0.674290049893898,decreases predicted RUL,106.14073181152344,141.0
80,Sensor_13_diff1,0.021657231359118324,1.3521348722279072,increases predicted RUL,106.14073181152344,141.0
80,Sensor_13_roll_mean5,-0.36851549365560277,1.287858070107177,increases predicted RUL,106.14073181152344,141.0
80,Sensor_13_roll_std5,-0.08257985437819544,0.8247039158595726,increases predicted RUL,106.14073181152344,141.0
80,Sensor_8_diff1,0.014034005589801155,0.7719177972176112,increases predicted RUL,106.14073181152344,141.0
80,Sensor_8_roll_mean5,-0.37438100573763394,3.9335164333460853,increases predicted RUL,106.14073181152344,141.0
80,Sensor_8_roll_std5,0.015106368166124122,-0.3245468752866145,decreases predicted RUL,106.14073181152344,141.0
80,Regime_OneHot_0,-0.16029164861502734,-0.22016948706004769,decreases predicted RUL,106.14073181152344,141.0
80,Regime_OneHot_1,0.14311744901245801,2.5578162007732317,increases predicted RUL,106.14073181152344,141.0
80,Regime_OneHot_2,0.02564354406486056,1.581323591293767,increases predicted RUL,106.14073181152344,141.0
80,Regime_OneHot_3,-0.028201445608400655,3.4931998532265425,increases predicted RUL,106.14073181152344,141.0
80,Regime_OneHot_4,-0.14113952341784905,-1.4386467511649244,decreases predicted RUL,106.14073181152344,141.0
80,Regime_OneHot_5,0.19515845589743738,-3.5980138167506084,decreases predicted RUL,106.14073181152344,141.0
81,Regime_ID,2.9,-1.8630173202836886,decreases predicted RUL,75.69967651367188,74.0
81,Sensor_1,-0.06546292080866825,-0.4879154314403422,decreases predicted RUL,75.69967651367188,74.0
81,Sensor_2,-0.5714946893172481,6.331772781792097,increases predicted RUL,75.69967651367188,74.0
81,Sensor_3,-0.5580571762214749,7.080138780991547,increases predicted RUL,75.69967651367188,74.0
81,Sensor_4,-0.8891065601650654,-1.7458522100932896,decreases predicted RUL,75.69967651367188,74.0
81,Sensor_5,-0.21999047197828417,-0.16750564228277653,decreases predicted RUL,75.69967651367188,74.0
81,Sensor_6,0.025505186204951985,-0.6811985350213945,decreases predicted RUL,75.69967651367188,74.0
81,Sensor_7,0.6759210018406341,5.880147201940417,increases predicted RUL,75.69967651367188,74.0
81,Sensor_8,0.36873769020183306,0.8483665504027158,increases predicted RUL,75.69967651367188,74.0
81,Sensor_9,0.8374113778454322,-6.262095925398171,decreases predicted RUL,75.69967651367188,74.0
81,Sensor_10,0.10433008299043127,-0.6538778063368227,decreases predicted RUL,75.69967651367188,74.0
81,Sensor_11,-0.9160811661542821,3.1183584785321727,increases predicted RUL,75.69967651367188,74.0
81,Sensor_12,0.7406587213274483,7.319368022523122,increases predicted RUL,75.69967651367188,74.0
81,Sensor_13,0.26485142427896613,2.5506000684108585,increases predicted RUL,75.69967651367188,74.0
81,Sensor_14,0.986763609754275,3.0271848181728274,increases predicted RUL,75.69967651367188,74.0
81,Sensor_15,-0.8865969589051936,13.399553798604757,increases predicted RUL,75.69967651367188,74.0
81,Sensor_17,-0.6528110629900707,1.6546043795533478,increases predicted RUL,75.69967651367188,74.0
81,Sensor_18,0.0,0.0,decreases predicted RUL,75.69967651367188,74.0
81,Sensor_19,-0.08379885428346136,-4.056120252003893,decreases predicted RUL,75.69967651367188,74.0
81,Sensor_20,0.4841428513703802,-0.2716446687700227,decreases predicted RUL,75.69967651367188,74.0
81,Sensor_21,0.556153841342923,-0.48813689075541333,decreases predicted RUL,75.69967651367188,74.0
81,Sensor_11_diff1,0.006973272680055734,-1.326412548776716,decreases predicted RUL,75.69967651367188,74.0
81,Sensor_11_roll_mean5,-1.0442145477302252,-4.757835749536753,decreases predicted RUL,75.69967651367188,74.0
81,Sensor_11_roll_std5,-0.2196295101134157,-0.5673622278845869,decreases predicted RUL,75.69967651367188,74.0
81,Sensor_4_diff1,-0.011438525221568805,-1.323008556617424,decreases predicted RUL,75.69967651367188,74.0
81,Sensor_4_roll_mean5,-1.0765436559393151,-7.105551991611719,decreases predicted RUL,75.69967651367188,74.0
81,Sensor_4_roll_std5,-0.597715413781248,-4.011825928464532,decreases predicted RUL,75.69967651367188,74.0
81,Sensor_15_diff1,-0.013229997056038653,-1.4065173503186088,decreases predicted RUL,75.69967651367188,74.0
81,Sensor_15_roll_mean5,-1.0275924814013135,-9.069486758671701,decreases predicted RUL,75.69967651367188,74.0
81,Sensor_15_roll_std5,-0.13373105805940308,-1.9771588335861452,decreases predicted RUL,75.69967651367188,74.0
81,Sensor_12_diff1,0.007275285902031542,0.11987546975728947,increases predicted RUL,75.69967651367188,74.0
81,Sensor_12_roll_mean5,1.0992602540055332,0.7776307864114642,increases predicted RUL,75.69967651367188,74.0
81,Sensor_12_roll_std5,0.07406368142945735,1.0201340172206983,increases predicted RUL,75.69967651367188,74.0
81,Sensor_13_diff1,0.019443926068297923,-0.0019407653962844051,decreases predicted RUL,75.69967651367188,74.0
81,Sensor_13_roll_mean5,0.3204720221760609,-0.6380388864781708,decreases predicted RUL,75.69967651367188,74.0
81,Sensor_13_roll_std5,0.7337302888628737,6.260007805074565,increases predicted RUL,75.69967651367188,74.0
81,Sensor_8_diff1,0.027704483554477168,-0.564365130958322,decreases predicted RUL,75.69967651367188,74.0
81,Sensor_8_roll_mean5,0.43984599962684745,-1.4956543228472583,decreases predicted RUL,75.69967651367188,74.0
81,Sensor_8_roll_std5,0.6846961120992455,-1.1999950288736727,decreases predicted RUL,75.69967651367188,74.0
81,Regime_OneHot_0,-0.20651993633792373,1.3744698516093194,increases predicted RUL,75.69967651367188,74.0
81,Regime_OneHot_1,-0.02536466560546431,-1.2334899131092243,decreases predicted RUL,75.69967651367188,74.0
81,Regime_OneHot_2,-0.1978975321218399,0.4564539340790361,increases predicted RUL,75.69967651367188,74.0
81,Regime_OneHot_3,0.08379885428132074,1.2161909444257617,increases predicted RUL,75.69967651367188,74.0
81,Regime_OneHot_4,-0.02925837103743794,0.41635810496291015,increases predicted RUL,75.69967651367188,74.0
81,Regime_OneHot_5,0.4190411254295321,2.549914922215976,increases predicted RUL,75.69967651367188,74.0
82,Regime_ID,1.34,1.3133350463758688,increases predicted RUL,118.75078582763672,146.0
82,Sensor_1,-0.005874798455828569,-0.3904101405059919,decreases predicted RUL,118.75078582763672,146.0
82,Sensor_2,-0.12005039613321164,2.894193955580704,increases predicted RUL,118.75078582763672,146.0
82,Sensor_3,-0.10134933296878625,3.35363637766568,increases predicted RUL,118.75078582763672,146.0
82,Sensor_4,-0.09497425609762315,4.977782113652211,increases predicted RUL,118.75078582763672,146.0
82,Sensor_5,-0.011019046749508123,-0.5356044064974412,decreases predicted RUL,118.75078582763672,146.0
82,Sensor_6,-0.07753285131150499,1.8212880012579262,increases predicted RUL,118.75078582763672,146.0
82,Sensor_7,-0.03830294466163798,3.15791130263824,increases predicted RUL,118.75078582763672,146.0
82,Sensor_8,-0.13630469523992145,0.8870382679160684,increases predicted RUL,118.75078582763672,146.0
82,Sensor_9,-0.1865587473648084,5.052564961370081,increases predicted RUL,118.75078582763672,146.0
82,Sensor_10,0.12796137342145575,0.31979867443442345,increases predicted RUL,118.75078582763672,146.0
82,Sensor_11,-0.06422704316753015,6.97505206707865,increases predicted RUL,118.75078582763672,146.0
82,Sensor_12,0.08436695522521553,3.5819821014010813,increases predicted RUL,118.75078582763672,146.0
82,Sensor_13,-0.11092700210567505,0.3387578350957483,increases predicted RUL,118.75078582763672,146.0
82,Sensor_14,-0.1980714578470827,-0.2951358529389836,decreases predicted RUL,118.75078582763672,146.0
82,Sensor_15,-0.013346098299650755,8.586081725079566,increases predicted RUL,118.75078582763672,146.0
82,Sensor_17,-0.037590314610787406,2.5976366337854415,increases predicted RUL,118.75078582763672,146.0
82,Sensor_18,0.0,0.0,decreases predicted RUL,118.75078582763672,146.0
82,Sensor_19,-0.10153048159027735,0.07592967122764094,increases predicted RUL,118.75078582763672,146.0
82,Sensor_20,0.02282618717919751,1.028312319656834,increases predicted RUL,118.75078582763672,146.0
82,Sensor_21,0.11544991325021545,0.5576963972998783,increases predicted RUL,118.75078582763672,146.0
82,Sensor_11_diff1,-0.022076202104079738,-0.902920453925617,decreases predicted RUL,118.75078582763672,146.0
82,Sensor_11_roll_mean5,-0.039825817324108496,5.3795533664524555,increases predicted RUL,118.75078582763672,146.0
82,Sensor_11_roll_std5,-1.695189304585753,1.980509399494622,increases predicted RUL,118.75078582763672,146.0
82,Sensor_4_diff1,-0.018700914469601523,-0.1271893115626881,decreases predicted RUL,118.75078582763672,146.0
82,Sensor_4_roll_mean5,-0.09248718159924935,2.0854357820935547,increases predicted RUL,118.75078582763672,146.0
82,Sensor_4_roll_std5,-1.470421000765395,-1.8708529188588727,decreases predicted RUL,118.75078582763672,146.0
82,Sensor_15_diff1,0.004729605022077078,-0.347386432098574,decreases predicted RUL,118.75078582763672,146.0
82,Sensor_15_roll_mean5,-0.013572367278061775,0.22967542574042454,increases predicted RUL,118.75078582763672,146.0
82,Sensor_15_roll_std5,-1.9424997436326317,-0.14927600091323256,decreases predicted RUL,118.75078582763672,146.0
82,Sensor_12_diff1,0.0004178210366042334,-0.2049403446726501,decreases predicted RUL,118.75078582763672,146.0
82,Sensor_12_roll_mean5,0.0867120528096075,-1.5986962378956378,decreases predicted RUL,118.75078582763672,146.0
82,Sensor_12_roll_std5,-1.7921433110228742,-0.9196295163128525,decreases predicted RUL,118.75078582763672,146.0
82,Sensor_13_diff1,-0.014064255372733174,-0.912501829356188,decreases predicted RUL,118.75078582763672,146.0
82,Sensor_13_roll_mean5,-0.10275285158890686,0.4496068274602294,increases predicted RUL,118.75078582763672,146.0
82,Sensor_13_roll_std5,-1.2984498122654957,0.12398276012390852,increases predicted RUL,118.75078582763672,146.0
82,Sensor_8_diff1,-0.006463344697093372,-0.7069313903339207,decreases predicted RUL,118.75078582763672,146.0
82,Sensor_8_roll_mean5,-0.15965951863327954,0.21097437280695885,increases predicted RUL,118.75078582763672,146.0
82,Sensor_8_roll_std5,-1.3103595606521952,2.5795455953339115,increases predicted RUL,118.75078582763672,146.0
82,Regime_OneHot_0,-0.4376613749524049,1.5911106516141444,increases predicted RUL,118.75078582763672,146.0
82,Regime_OneHot_1,-0.3623288948413095,-1.1665304633788764,decreases predicted RUL,118.75078582763672,146.0
82,Regime_OneHot_2,-0.30966807021518983,-0.2085467150900513,decreases predicted RUL,118.75078582763672,146.0
82,Regime_OneHot_3,-0.1402017454981223,-2.3004870380973443,decreases predicted RUL,118.75078582763672,146.0
82,Regime_OneHot_4,-0.2530206757982601,-0.8523705590632744,decreases predicted RUL,118.75078582763672,146.0
82,Regime_OneHot_5,-0.028724213634657693,0.985858405358158,increases predicted RUL,118.75078582763672,146.0
83,Regime_ID,2.2,-1.4971080810646527,decreases predicted RUL,17.694429397583008,17.0
83,Sensor_1,0.1553929295524178,0.14391206949949265,increases predicted RUL,17.694429397583008,17.0
83,Sensor_2,0.4428241023760849,-2.457780862925574,decreases predicted RUL,17.694429397583008,17.0
83,Sensor_3,0.45460216648010193,-2.029581070295535,decreases predicted RUL,17.694429397583008,17.0
83,Sensor_4,0.9950581701653535,-3.5571223767474294,decreases predicted RUL,17.694429397583008,17.0
83,Sensor_5,-0.19703422325007536,0.18432161398231983,increases predicted RUL,17.694429397583008,17.0
83,Sensor_6,0.01854351383502165,0.05310819554142654,increases predicted RUL,17.694429397583008,17.0
83,Sensor_7,-0.8012109064281314,-3.3421783735393547,decreases predicted RUL,17.694429397583008,17.0
83,Sensor_8,-0.2670871335330332,1.2880185406538658,increases predicted RUL,17.694429397583008,17.0
83,Sensor_9,-0.9192596269746803,3.045222517568618,increases predicted RUL,17.694429397583008,17.0
83,Sensor_10,-0.15863845673730084,-0.6318827984505333,decreases predicted RUL,17.694429397583008,17.0
83,Sensor_11,0.9996101029128498,-8.182447114028037,decreases predicted RUL,17.694429397583008,17.0
83,Sensor_12,-0.774565866362135,-2.8598012886941433,decreases predicted RUL,17.694429397583008,17.0
83,Sensor_13,-0.2317573829433721,-0.32997438730672,decreases predicted RUL,17.694429397583008,17.0
83,Sensor_14,-1.0641548837862713,-0.7117537595913745,decreases predicted RUL,17.694429397583008,17.0
83,Sensor_15,0.9476772468904726,-11.439620799850672,decreases predicted RUL,17.694429397583008,17.0
83,Sensor_17,0.7430187207873908,-1.9354176418855786,decreases predicted RUL,17.694429397583008,17.0
83,Sensor_18,0.0,0.0,decreases predicted RUL,17.694429397583008,17.0
83,Sensor_19,0.02820144560928073,-1.0158026031567715,decreases predicted RUL,17.694429397583008,17.0
83,Sensor_20,-0.5979369815600662,-0.11504304013215005,decreases predicted RUL,17.694429397583008,17.0
83,Sensor_21,-0.6033257549944238,-0.48379647242836654,decreases predicted RUL,17.694429397583008,17.0
83,Sensor_11_diff1,-0.01660852323946673,0.21878465451300144,increases predicted RUL,17.694429397583008,17.0
83,Sensor_11_roll_mean5,1.1308217887254284,1.082813266897574,increases predicted RUL,17.694429397583008,17.0
83,Sensor_11_roll_std5,-0.31536072073738686,0.005845688399858773,increases predicted RUL,17.694429397583008,17.0
83,Sensor_4_diff1,0.015361319463380907,-1.4028001942206174,decreases predicted RUL,17.694429397583008,17.0
83,Sensor_4_roll_mean5,1.1675191408721615,3.16459568409482,increases predicted RUL,17.694429397583008,17.0
83,Sensor_4_roll_std5,-0.009103719870278741,-0.09425661549903452,decreases predicted RUL,17.694429397583008,17.0
83,Sensor_15_diff1,0.005613008487684181,-0.4192615643260069,decreases predicted RUL,17.694429397583008,17.0
83,Sensor_15_roll_mean5,1.1199457232227368,3.7360289990901947,increases predicted RUL,17.694429397583008,17.0
83,Sensor_15_roll_std5,0.28968495383810833,-0.28792053763754666,decreases predicted RUL,17.694429397583008,17.0
83,Sensor_12_diff1,-0.008721245853675185,-0.26126441883388907,decreases predicted RUL,17.694429397583008,17.0
83,Sensor_12_roll_mean5,-1.137568314652349,0.32713536883238703,increases predicted RUL,17.694429397583008,17.0
83,Sensor_12_roll_std5,-0.0472225217748176,-0.3761942678538617,decreases predicted RUL,17.694429397583008,17.0
83,Sensor_13_diff1,0.05533567366334049,1.3169041518231097,increases predicted RUL,17.694429397583008,17.0
83,Sensor_13_roll_mean5,-0.31290778767691535,-0.16866542748175561,decreases predicted RUL,17.694429397583008,17.0
83,Sensor_13_roll_std5,0.9515182813768095,-3.1480907406657934,decreases predicted RUL,17.694429397583008,17.0
83,Sensor_8_diff1,0.055404812496722806,-0.324016755213961,decreases predicted RUL,17.694429397583008,17.0
83,Sensor_8_roll_mean5,-0.37107674881078107,-0.6532346582534956,decreases predicted RUL,17.694429397583008,17.0
83,Sensor_8_roll_std5,0.8087780180713762,-3.2589221440721303,decreases predicted RUL,17.694429397583008,17.0
83,Regime_OneHot_0,-0.06783507316923487,0.45655561320018023,increases predicted RUL,17.694429397583008,17.0
83,Regime_OneHot_1,0.1992781538850986,-0.5376897975802422,decreases predicted RUL,17.694429397583008,17.0
83,Regime_OneHot_2,0.025643544064860597,-0.09538130654254928,decreases predicted RUL,17.694429397583008,17.0
83,Regime_OneHot_3,-0.028201445608400714,-0.03493871790942649,decreases predicted RUL,17.694429397583008,17.0
83,Regime_OneHot_4,-0.25302067579825993,-1.6321533074019499,decreases predicted RUL,17.694429397583008,17.0
83,Regime_OneHot_5,0.1391877885144136,-1.1047788846772164,decreases predicted RUL,17.694429397583008,17.0
84,Regime_ID,2.24,0.683488127309829,increases predicted RUL,43.331295013427734,47.0
84,Sensor_1,-0.0654629208086682,1.2232174915261567,increases predicted RUL,43.331295013427734,47.0
84,Sensor_2,0.49634216537061027,-1.1037406211253256,decreases predicted RUL,43.331295013427734,47.0
84,Sensor_3,0.37727630674500673,-2.6570402604993433,decreases predicted RUL,43.331295013427734,47.0
84,Sensor_4,0.6401398522920517,-2.4394620756356744,decreases predicted RUL,43.331295013427734,47.0
84,Sensor_5,0.06466701225150433,1.1170176387531683,increases predicted RUL,43.331295013427734,47.0
84,Sensor_6,0.17306153743876623,-0.852896082913503,decreases predicted RUL,43.331295013427734,47.0
84,Sensor_7,-0.44552652096815004,-2.243378584738821,decreases predicted RUL,43.331295013427734,47.0
84,Sensor_8,0.33118707386776963,0.011052203510189429,increases predicted RUL,43.331295013427734,47.0
84,Sensor_9,0.42902327099171644,-8.272378199792001,decreases predicted RUL,43.331295013427734,47.0
84,Sensor_10,-0.3406110869103251,-0.15903167508076876,decreases predicted RUL,43.331295013427734,47.0
84,Sensor_11,0.5604738861575393,-2.2091722805052996,decreases predicted RUL,43.331295013427734,47.0
84,Sensor_12,-0.36423435363623013,1.046699678292498,increases predicted RUL,43.331295013427734,47.0
84,Sensor_13,0.35372702136940104,0.06271223112707958,increases predicted RUL,43.331295013427734,47.0
84,Sensor_14,0.2670418438979984,2.301081344805425,increases predicted RUL,43.331295013427734,47.0
84,Sensor_15,0.6518998159947301,-12.950901784002781,decreases predicted RUL,43.331295013427734,47.0
84,Sensor_17,0.3779984493580373,-0.7143177423158704,decreases predicted RUL,43.331295013427734,47.0
84,Sensor_18,0.0,0.0,decreases predicted RUL,43.331295013427734,47.0
84,Sensor_19,0.02820144560928074,-0.20172247756272554,decreases predicted RUL,43.331295013427734,47.0
84,Sensor_20,-0.39590728246778434,0.8272620447678491,increases predicted RUL,43.331295013427734,47.0
84,Sensor_21,-0.4041519618151348,-0.2861076600383967,decreases predicted RUL,43.331295013427734,47.0
84,Sensor_11_diff1,-0.011599942814997339,-0.6956655875546858,decreases predicted RUL,43.331295013427734,47.0
84,Sensor_11_roll_mean5,0.6520248512592539,4.168960572220385,increases predicted RUL,43.331295013427734,47.0
84,Sensor_11_roll_std5,-0.16934814221509606,1.5095446213381365,increases predicted RUL,43.331295013427734,47.0
84,Sensor_4_diff1,-0.005862901761763167,-0.5495781674981117,decreases predicted RUL,43.331295013427734,47.0
84,Sensor_4_roll_mean5,0.7641173285296897,2.941010501701385,increases predicted RUL,43.331295013427734,47.0
84,Sensor_4_roll_std5,-0.025444216309683552,-0.33407479914603755,decreases predicted RUL,43.331295013427734,47.0
84,Sensor_15_diff1,-0.0048926337732241995,-0.035279910545796156,decreases predicted RUL,43.331295013427734,47.0
84,Sensor_15_roll_mean5,0.7975905073671034,5.889193082693964,increases predicted RUL,43.331295013427734,47.0
84,Sensor_15_roll_std5,0.10431737223876668,0.6020016949623823,increases predicted RUL,43.331295013427734,47.0
84,Sensor_12_diff1,-0.005965951970725328,1.4911522072507069,increases predicted RUL,43.331295013427734,47.0
84,Sensor_12_roll_mean5,-0.5528772273756257,0.42182402389880735,increases predicted RUL,43.331295013427734,47.0
84,Sensor_12_roll_std5,0.07550349141057545,-0.7122819344986056,decreases predicted RUL,43.331295013427734,47.0
84,Sensor_13_diff1,0.009962315065484326,-0.4581930835265666,decreases predicted RUL,43.331295013427734,47.0
84,Sensor_13_roll_mean5,0.4629355278049004,-1.0226981891319156,decreases predicted RUL,43.331295013427734,47.0
84,Sensor_13_roll_std5,-0.8409625323606167,0.5869344176026061,increases predicted RUL,43.331295013427734,47.0
84,Sensor_8_diff1,0.01628773179708553,-0.7558492046373431,decreases predicted RUL,43.331295013427734,47.0
84,Sensor_8_roll_mean5,0.4335369258957536,-0.23618255893234164,decreases predicted RUL,43.331295013427734,47.0
84,Sensor_8_roll_std5,-0.8225563609953531,0.765431921579875,increases predicted RUL,43.331295013427734,47.0
84,Regime_OneHot_0,0.0708497899994538,-1.5685880652163178,decreases predicted RUL,43.331295013427734,47.0
84,Regime_OneHot_1,-0.08152537047810511,0.5716709429761977,increases predicted RUL,43.331295013427734,47.0
84,Regime_OneHot_2,-0.030241724981814613,-1.0264737997422344,decreases predicted RUL,43.331295013427734,47.0
84,Regime_OneHot_3,-0.02820144560840073,-0.07001510460395366,decreases predicted RUL,43.331295013427734,47.0
84,Regime_OneHot_4,0.08262278134297278,0.6648488596547395,increases predicted RUL,43.331295013427734,47.0
84,Regime_OneHot_5,-0.028724213634657835,-0.632367045385763,decreases predicted RUL,43.331295013427734,47.0
85,Regime_ID,2.2,0.4814918218180537,increases predicted RUL,112.22796630859375,194.0
85,Sensor_1,0.027529016185473223,-0.17500313208438456,decreases predicted RUL,112.22796630859375,194.0
85,Sensor_2,0.055060764444230595,1.5813137954100966,increases predicted RUL,112.22796630859375,194.0
85,Sensor_3,-0.20074511066734702,6.539946334902197,increases predicted RUL,112.22796630859375,194.0
85,Sensor_4,0.06862011804413397,5.705704597523436,increases predicted RUL,112.22796630859375,194.0
85,Sensor_5,-0.10520922833724038,-0.7240110011771321,decreases predicted RUL,112.22796630859375,194.0
85,Sensor_6,-0.05416436820588784,2.194005646277219,increases predicted RUL,112.22796630859375,194.0
85,Sensor_7,-0.05406293360232179,1.3362050577998161,increases predicted RUL,112.22796630859375,194.0
85,Sensor_8,-0.08032958260560072,1.080820472445339,increases predicted RUL,112.22796630859375,194.0
85,Sensor_9,-0.11653562136749439,2.1539092850871384,increases predicted RUL,112.22796630859375,194.0
85,Sensor_10,0.0501872438592934,-0.37878598071984015,decreases predicted RUL,112.22796630859375,194.0
85,Sensor_11,-0.03817718224331164,5.6756690866313875,increases predicted RUL,112.22796630859375,194.0
85,Sensor_12,-0.016843934366318022,2.152421251696069,increases predicted RUL,112.22796630859375,194.0
85,Sensor_13,-0.06439765685579309,0.34939645195845515,increases predicted RUL,112.22796630859375,194.0
85,Sensor_14,-0.11030364395624595,0.5243909377022646,increases predicted RUL,112.22796630859375,194.0
85,Sensor_15,-0.01516579925112833,9.224752524867654,increases predicted RUL,112.22796630859375,194.0
85,Sensor_17,-0.047000845487900504,-0.5740857622004114,decreases predicted RUL,112.22796630859375,194.0
85,Sensor_18,0.0,0.0,decreases predicted RUL,112.22796630859375,194.0
85,Sensor_19,0.028201445609280687,-2.5298016066662967,decreases predicted RUL,112.22796630859375,194.0
85,Sensor_20,-0.10072367604005826,-0.891703415196389,decreases predicted RUL,112.22796630859375,194.0
85,Sensor_21,-0.0036752393261845285,0.17208691500127316,increases predicted RUL,112.22796630859375,194.0
85,Sensor_11_diff1,-0.04323160052694126,0.3513167118653655,increases predicted RUL,112.22796630859375,194.0
85,Sensor_11_roll_mean5,0.013694108266335693,3.1890944751212373,increases predicted RUL,112.22796630859375,194.0
85,Sensor_11_roll_std5,0.23239966069915802,-0.887470930814743,decreases predicted RUL,112.22796630859375,194.0
85,Sensor_4_diff1,-0.016851303471260782,0.23908018856309354,increases predicted RUL,112.22796630859375,194.0
85,Sensor_4_roll_mean5,0.10261732492281307,1.738466588081792,increases predicted RUL,112.22796630859375,194.0
85,Sensor_4_roll_std5,-0.29973519591794795,1.670865276362747,increases predicted RUL,112.22796630859375,194.0
85,Sensor_15_diff1,0.007624287549056099,-0.592055753339082,decreases predicted RUL,112.22796630859375,194.0
85,Sensor_15_roll_mean5,-0.01779141966940916,-1.607975511928089,decreases predicted RUL,112.22796630859375,194.0
85,Sensor_15_roll_std5,-0.025811800850373597,1.1099508525803685,increases predicted RUL,112.22796630859375,194.0
85,Sensor_12_diff1,0.022575050335066144,0.637461238889955,increases predicted RUL,112.22796630859375,194.0
85,Sensor_12_roll_mean5,-0.07865238678975524,-1.5588145435322076,decreases predicted RUL,112.22796630859375,194.0
85,Sensor_12_roll_std5,-0.021890998865318912,-0.06213278271025047,decreases predicted RUL,112.22796630859375,194.0
85,Sensor_13_diff1,-0.0025689472222000156,-0.19343527941964567,decreases predicted RUL,112.22796630859375,194.0
85,Sensor_13_roll_mean5,-0.07137388797511753,0.2484241183847189,increases predicted RUL,112.22796630859375,194.0
85,Sensor_13_roll_std5,-0.8384668910090717,-1.1964516220614314,decreases predicted RUL,112.22796630859375,194.0
85,Sensor_8_diff1,-0.015307588665009874,-0.7877058234298602,decreases predicted RUL,112.22796630859375,194.0
85,Sensor_8_roll_mean5,-0.08119846068777214,-0.3112483500735834,decreases predicted RUL,112.22796630859375,194.0
85,Sensor_8_roll_std5,-0.8691469039465995,4.2005546047585085,increases predicted RUL,112.22796630859375,194.0
85,Regime_OneHot_0,-0.06783507316923494,1.3624612641287968,increases predicted RUL,112.22796630859375,194.0
85,Regime_OneHot_1,0.14311744901245801,-1.2697522332891822,decreases predicted RUL,112.22796630859375,194.0
85,Regime_OneHot_2,0.02564354406486057,0.4669443933526054,increases predicted RUL,112.22796630859375,194.0
85,Regime_OneHot_3,-0.028201445608400724,0.8939934086520225,increases predicted RUL,112.22796630859375,194.0
85,Regime_OneHot_4,-0.029258371037437985,0.7809494246030226,increases predicted RUL,112.22796630859375,194.0
85,Regime_OneHot_5,-0.028724213634657866,0.6642069714143872,increases predicted RUL,112.22796630859375,194.0
86,Regime_ID,2.04,0.20954775111749768,increases predicted RUL,17.790977478027344,21.0
86,Sensor_1,-0.0654629208086682,0.2720071899384493,increases predicted RUL,17.790977478027344,21.0
86,Sensor_2,0.40596909914234125,-4.6124150443283725,decreases predicted RUL,17.790977478027344,21.0
86,Sensor_3,0.5749884989240072,-3.310285468585789,decreases predicted RUL,17.790977478027344,21.0
86,Sensor_4,0.5495750258773946,-4.006866124924272,decreases predicted RUL,17.790977478027344,21.0
86,Sensor_5,0.07384951174278787,0.4152036504819989,increases predicted RUL,17.790977478027344,21.0
86,Sensor_6,0.2678299085240205,-0.3075549197383225,decreases predicted RUL,17.790977478027344,21.0
86,Sensor_7,-0.6286726844678137,-2.4790492600295693,decreases predicted RUL,17.790977478027344,21.0
86,Sensor_8,-0.3553563599924761,0.017686267499811947,increases predicted RUL,17.790977478027344,21.0
86,Sensor_9,-0.7505940376776992,1.4005254579242319,increases predicted RUL,17.790977478027344,21.0
86,Sensor_10,-0.26229028167137874,-0.671454462557449,decreases predicted RUL,17.790977478027344,21.0
86,Sensor_11,0.7838480317950638,-6.375084954488557,decreases predicted RUL,17.790977478027344,21.0
86,Sensor_12,-0.7712800515194125,-2.1157091564964503,decreases predicted RUL,17.790977478027344,21.0
86,Sensor_13,-0.28052334040593474,-0.23256652243435383,decreases predicted RUL,17.790977478027344,21.0
86,Sensor_14,-0.76771854408296,-0.39812161994632334,decreases predicted RUL,17.790977478027344,21.0
86,Sensor_15,0.5795731892614144,-9.018882191739976,decreases predicted RUL,17.790977478027344,21.0
86,Sensor_17,0.4264272200846369,-1.3043365574121708,decreases predicted RUL,17.790977478027344,21.0
86,Sensor_18,0.0,0.0,decreases predicted RUL,17.790977478027344,21.0
86,Sensor_19,-0.1397990042298326,-3.274158457876183,decreases predicted RUL,17.790977478027344,21.0
86,Sensor_20,-0.3662026343707382,-0.7286842743633315,decreases predicted RUL,17.790977478027344,21.0
86,Sensor_21,-0.30219759924374134,-1.1021616525831632,decreases predicted RUL,17.790977478027344,21.0
86,Sensor_11_diff1,0.03289425148577151,-1.437480125343427,decreases predicted RUL,17.790977478027344,21.0
86,Sensor_11_roll_mean5,0.8548559221790626,-1.4033062930684537,decreases predicted RUL,17.790977478027344,21.0
86,Sensor_11_roll_std5,-0.13289304818584147,-0.1694774724310264,decreases predicted RUL,17.790977478027344,21.0
86,Sensor_4_diff1,-0.007255191798176699,-1.1353717003948987,decreases predicted RUL,17.790977478027344,21.0
86,Sensor_4_roll_mean5,0.6602190834014557,2.027634327765554,increases predicted RUL,17.790977478027344,21.0
86,Sensor_4_roll_std5,0.293419722254207,0.09505815245211124,increases predicted RUL,17.790977478027344,21.0
86,Sensor_15_diff1,0.016179213352922814,-0.7685695504769683,decreases predicted RUL,17.790977478027344,21.0
86,Sensor_15_roll_mean5,0.6615744265414081,0.7456889392633457,increases predicted RUL,17.790977478027344,21.0
86,Sensor_15_roll_std5,0.27690724170581016,-0.7837980885524303,decreases predicted RUL,17.790977478027344,21.0
86,Sensor_12_diff1,0.012104189388457967,0.03448340320028365,increases predicted RUL,17.790977478027344,21.0
86,Sensor_12_roll_mean5,-1.1449275737183613,0.38637373311212286,increases predicted RUL,17.790977478027344,21.0
86,Sensor_12_roll_std5,0.4853181385676577,1.900544708914822,increases predicted RUL,17.790977478027344,21.0
86,Sensor_13_diff1,0.04653423981521617,-0.5624751343857497,decreases predicted RUL,17.790977478027344,21.0
86,Sensor_13_roll_mean5,-0.471698947590265,-0.6719305847364012,decreases predicted RUL,17.790977478027344,21.0
86,Sensor_13_roll_std5,0.18838247281537465,-0.2946800561621785,decreases predicted RUL,17.790977478027344,21.0
86,Sensor_8_diff1,0.037034303271904954,-0.9413151823500812,decreases predicted RUL,17.790977478027344,21.0
86,Sensor_8_roll_mean5,-0.5421388772065349,-0.7840133491336019,decreases predicted RUL,17.790977478027344,21.0
86,Sensor_8_roll_std5,0.008143220820279512,-0.8928748691105284,decreases predicted RUL,17.790977478027344,21.0
86,Regime_OneHot_0,0.1633063654452463,-0.8854486922500655,decreases predicted RUL,17.790977478027344,21.0
86,Regime_OneHot_1,-0.025364665605464288,-2.835463285446167,decreases predicted RUL,17.790977478027344,21.0
86,Regime_OneHot_2,-0.1420122630751648,-0.12239377992227674,decreases predicted RUL,17.790977478027344,21.0
86,Regime_OneHot_3,0.13979900422618122,2.2322451180807548,increases predicted RUL,17.790977478027344,21.0
86,Regime_OneHot_4,-0.14113952341784897,-1.1577014548238367,decreases predicted RUL,17.790977478027344,21.0
86,Regime_OneHot_5,-0.028724213634657797,0.09988209482980892,increases predicted RUL,17.790977478027344,21.0
87,Regime_ID,2.4,0.4637952884659171,increases predicted RUL,68.4605712890625,79.0
87,Sensor_1,0.015905024061205537,-1.1814757286338136,decreases predicted RUL,68.4605712890625,79.0
87,Sensor_2,0.3703953722679148,-2.963204359228257,decreases predicted RUL,68.4605712890625,79.0
87,Sensor_3,0.35998068829665647,-2.354682219447568,decreases predicted RUL,68.4605712890625,79.0
87,Sensor_4,0.3347424995947219,3.37120574247092,increases predicted RUL,68.4605712890625,79.0
87,Sensor_5,0.0968057604709966,-0.8544978553545661,decreases predicted RUL,68.4605712890625,79.0
87,Sensor_6,0.10674938378064512,1.1963522745063528,increases predicted RUL,68.4605712890625,79.0
87,Sensor_7,-0.22718109092215072,1.1847584820352495,increases predicted RUL,68.4605712890625,79.0
87,Sensor_8,-0.01641199045538116,0.769489507563776,increases predicted RUL,68.4605712890625,79.0
87,Sensor_9,-0.13661307138977696,-0.331948003731668,decreases predicted RUL,68.4605712890625,79.0
87,Sensor_10,0.041741789710775995,-0.6105159854269004,decreases predicted RUL,68.4605712890625,79.0
87,Sensor_11,0.5127627747550387,-2.95821685064584,decreases predicted RUL,68.4605712890625,79.0
87,Sensor_12,-0.21913156320580832,0.9480398134328425,increases predicted RUL,68.4605712890625,79.0
87,Sensor_13,-0.006730576928597357,1.1684902019333094,increases predicted RUL,68.4605712890625,79.0
87,Sensor_14,-0.04619339593699046,0.8226417250698432,increases predicted RUL,68.4605712890625,79.0
87,Sensor_15,0.4004249157391297,-2.4569622687995434,decreases predicted RUL,68.4605712890625,79.0
87,Sensor_17,0.1705278888645668,-0.8201804272830486,decreases predicted RUL,68.4605712890625,79.0
87,Sensor_18,0.0,0.0,decreases predicted RUL,68.4605712890625,79.0
87,Sensor_19,-0.25179930412257445,-2.926584200700745,decreases predicted RUL,68.4605712890625,79.0
87,Sensor_20,-0.22746819939439716,0.37853709841147065,increases predicted RUL,68.4605712890625,79.0
87,Sensor_21,-0.18304782794773036,0.8156725221779197,increases predicted RUL,68.4605712890625,79.0
87,Sensor_11_diff1,0.014686784099539392,-0.9460914728115313,decreases predicted RUL,68.4605712890625,79.0
87,Sensor_11_roll_mean5,0.5762409227792908,2.042171703418717,increases predicted RUL,68.4605712890625,79.0
87,Sensor_11_roll_std5,0.05918590142168627,0.8839587158872746,increases predicted RUL,68.4605712890625,79.0
87,Sensor_4_diff1,-0.0010073607841449062,-1.6064063962548971,decreases predicted RUL,68.4605712890625,79.0
87,Sensor_4_roll_mean5,0.4239170412239405,4.413754622451961,increases predicted RUL,68.4605712890625,79.0
87,Sensor_4_roll_std5,0.33994378871971087,0.19866559654474258,increases predicted RUL,68.4605712890625,79.0
87,Sensor_15_diff1,-0.041458239204116724,2.007408239180222,increases predicted RUL,68.4605712890625,79.0
87,Sensor_15_roll_mean5,0.5248673829057319,4.686802394688129,increases predicted RUL,68.4605712890625,79.0
87,Sensor_15_roll_std5,-0.08556679266541706,-2.0615398515947163,decreases predicted RUL,68.4605712890625,79.0
87,Sensor_12_diff1,-0.01737307602713721,0.024049274157732725,increases predicted RUL,68.4605712890625,79.0
87,Sensor_12_roll_mean5,-0.2874619004422346,-1.6438748561777174,decreases predicted RUL,68.4605712890625,79.0
87,Sensor_12_roll_std5,0.10341407232450933,1.448410276323557,increases predicted RUL,68.4605712890625,79.0
87,Sensor_13_diff1,0.005877009024991573,-0.6364780883304775,decreases predicted RUL,68.4605712890625,79.0
87,Sensor_13_roll_mean5,-0.010673117455449889,-1.6067734765820205,decreases predicted RUL,68.4605712890625,79.0
87,Sensor_13_roll_std5,-0.7945223687247736,1.3246520913089626,increases predicted RUL,68.4605712890625,79.0
87,Sensor_8_diff1,-0.008205471855318822,-0.8590853496571071,decreases predicted RUL,68.4605712890625,79.0
87,Sensor_8_roll_mean5,0.001674517633617537,-0.605249424581416,decreases predicted RUL,68.4605712890625,79.0
87,Sensor_8_roll_std5,-0.9414840189023796,3.5140999460127205,increases predicted RUL,68.4605712890625,79.0
87,Regime_OneHot_0,-0.06783507316923496,2.8541751983575523,increases predicted RUL,68.4605712890625,79.0
87,Regime_OneHot_1,-0.0815253704781051,0.5986150372773409,increases predicted RUL,68.4605712890625,79.0
87,Regime_OneHot_2,-0.03024172498181453,-1.5924459473462775,decreases predicted RUL,68.4605712890625,79.0
87,Regime_OneHot_3,0.2517993041159028,2.879803743213415,increases predicted RUL,68.4605712890625,79.0
87,Regime_OneHot_4,-0.0851989472276434,-1.4334343618247658,decreases predicted RUL,68.4605712890625,79.0
87,Regime_OneHot_5,0.027246453748365942,2.35399654135108,increases predicted RUL,68.4605712890625,79.0
88,Regime_ID,2.74,0.9784205476753414,increases predicted RUL,100.24280548095703,97.0
88,Sensor_1,0.074024984682544,2.56046119320672,increases predicted RUL,100.24280548095703,97.0
88,Sensor_2,0.154584861665507,-0.8800510801374912,decreases predicted RUL,100.24280548095703,97.0
88,Sensor_3,0.021771659149109092,-0.12834831699728966,decreases predicted RUL,100.24280548095703,97.0
88,Sensor_4,0.1760866919114352,6.231101215351373,increases predicted RUL,100.24280548095703,97.0
88,Sensor_5,0.05548451276022085,1.7427764612948522,increases predicted RUL,100.24280548095703,97.0
88,Sensor_6,0.018438504419719826,0.3532717787893489,increases predicted RUL,100.24280548095703,97.0
88,Sensor_7,-0.12226765436584454,0.995853205138701,increases predicted RUL,100.24280548095703,97.0
88,Sensor_8,-0.08796898896665611,0.08682672638497024,increases predicted RUL,100.24280548095703,97.0
88,Sensor_9,-0.34439954426272235,4.6481147083686665,increases predicted RUL,100.24280548095703,97.0
88,Sensor_10,0.12378276758061797,-0.5999880925955949,decreases predicted RUL,100.24280548095703,97.0
88,Sensor_11,0.30164169102750565,1.9093629715498537,increases predicted RUL,100.24280548095703,97.0
88,Sensor_12,-0.16279130880714568,5.555181240197271,increases predicted RUL,100.24280548095703,97.0
88,Sensor_13,-0.11232099183280496,-0.47110999119468033,decreases predicted RUL,100.24280548095703,97.0
88,Sensor_14,-0.42299426391166933,-1.0427644272567704,decreases predicted RUL,100.24280548095703,97.0
88,Sensor_15,0.27695084774762935,6.647185362875462,increases predicted RUL,100.24280548095703,97.0
88,Sensor_17,0.26893992864460226,4.211436350364238,increases predicted RUL,100.24280548095703,97.0
88,Sensor_18,0.0,0.0,decreases predicted RUL,100.24280548095703,97.0
88,Sensor_19,-0.30779945406894527,-4.258195085218176,decreases predicted RUL,100.24280548095703,97.0
88,Sensor_20,-0.20097167813613598,1.826617494225502,increases predicted RUL,100.24280548095703,97.0
88,Sensor_21,-0.13495188055679572,0.29890781780704856,increases predicted RUL,100.24280548095703,97.0
88,Sensor_11_diff1,-0.025340764012155056,0.012851953506469727,increases predicted RUL,100.24280548095703,97.0
88,Sensor_11_roll_mean5,0.3840211323982656,5.613563580438495,increases predicted RUL,100.24280548095703,97.0
88,Sensor_11_roll_std5,-0.2484700594961139,1.4374835189664736,increases predicted RUL,100.24280548095703,97.0
88,Sensor_4_diff1,-0.014437287452384878,-0.2508201911114156,decreases predicted RUL,100.24280548095703,97.0
88,Sensor_4_roll_mean5,0.23298560856352843,2.4828951408853754,increases predicted RUL,100.24280548095703,97.0
88,Sensor_4_roll_std5,-0.4319798009196617,-0.06600970402359962,decreases predicted RUL,100.24280548095703,97.0
88,Sensor_15_diff1,-0.014008269213089942,-4.462304356740788,decreases predicted RUL,100.24280548095703,97.0
88,Sensor_15_roll_mean5,0.37046898357384783,4.0473672756925225,increases predicted RUL,100.24280548095703,97.0
88,Sensor_15_roll_std5,0.10949881958707965,0.38726914627477527,increases predicted RUL,100.24280548095703,97.0
88,Sensor_12_diff1,0.027226639336993957,2.494895731564611,increases predicted RUL,100.24280548095703,97.0
88,Sensor_12_roll_mean5,-0.26948222698410257,-1.593584198737517,decreases predicted RUL,100.24280548095703,97.0
88,Sensor_12_roll_std5,-0.27853526640201987,-2.4463232591515407,decreases predicted RUL,100.24280548095703,97.0
88,Sensor_13_diff1,0.0036811612002454375,2.0712890960276127,increases predicted RUL,100.24280548095703,97.0
88,Sensor_13_roll_mean5,-0.16613826902379203,0.018515593837946653,increases predicted RUL,100.24280548095703,97.0
88,Sensor_13_roll_std5,-0.3876979436559999,0.5977411627318361,increases predicted RUL,100.24280548095703,97.0
88,Sensor_8_diff1,0.00529102637702774,-2.443766889628023,decreases predicted RUL,100.24280548095703,97.0
88,Sensor_8_roll_mean5,-0.13103191941640258,0.01943223923444748,increases predicted RUL,100.24280548095703,97.0
88,Sensor_8_roll_std5,-0.6200258614780898,1.5992542336316546,increases predicted RUL,100.24280548095703,97.0
88,Regime_OneHot_0,-0.39143308722950865,6.79505554435309,increases predicted RUL,100.24280548095703,97.0
88,Regime_OneHot_1,-0.02536466560546431,-4.357387219555676,decreases predicted RUL,100.24280548095703,97.0
88,Regime_OneHot_2,0.13741408215821074,-3.6723519773222506,decreases predicted RUL,100.24280548095703,97.0
88,Regime_OneHot_3,0.3077994540607636,0.5851136003620923,increases predicted RUL,100.24280548095703,97.0
88,Regime_OneHot_4,0.08262278134297299,1.244155044609215,increases predicted RUL,100.24280548095703,97.0
88,Regime_OneHot_5,-0.028724213634657884,-1.4541762094013393,decreases predicted RUL,100.24280548095703,97.0
89,Regime_ID,2.28,-0.23870902531780303,decreases predicted RUL,18.470458984375,8.0
89,Sensor_1,0.10889696105534707,0.23971697804518044,increases predicted RUL,18.470458984375,8.0
89,Sensor_2,0.9588742459746369,-3.417060029460117,decreases predicted RUL,18.470458984375,8.0
89,Sensor_3,0.795776572800348,-3.9213164418470114,decreases predicted RUL,18.470458984375,8.0
89,Sensor_4,1.1509215086530507,-4.1055888524279,decreases predicted RUL,18.470458984375,8.0
89,Sensor_5,0.15190075741869763,0.5745930111734197,increases predicted RUL,18.470458984375,8.0
89,Sensor_6,0.7139343879026384,-3.332623898051679,decreases predicted RUL,18.470458984375,8.0
89,Sensor_7,-0.437995758655753,-1.5308228814974427,decreases predicted RUL,18.470458984375,8.0
89,Sensor_8,1.271748909165243,-0.823554112110287,decreases predicted RUL,18.470458984375,8.0
89,Sensor_9,1.5578883100426821,-9.687266408465803,decreases predicted RUL,18.470458984375,8.0
89,Sensor_10,-0.11745522737453616,0.5467152394994628,increases predicted RUL,18.470458984375,8.0
89,Sensor_11,1.0875752257438265,-5.625848222349305,decreases predicted RUL,18.470458984375,8.0
89,Sensor_12,-0.554586823519915,-0.9965431860182434,decreases predicted RUL,18.470458984375,8.0
89,Sensor_13,1.3984159775178622,2.1325419687673275,increases predicted RUL,18.470458984375,8.0
89,Sensor_14,1.3998226377451624,1.0958281494677067,increases predicted RUL,18.470458984375,8.0
89,Sensor_15,1.0887716123280966,-10.093495218083262,decreases predicted RUL,18.470458984375,8.0
89,Sensor_17,0.9215323420985325,-2.747579030226916,decreases predicted RUL,18.470458984375,8.0
89,Sensor_18,0.0,0.0,decreases predicted RUL,18.470458984375,8.0
89,Sensor_19,-0.13979900422983232,-1.589460299743223,decreases predicted RUL,18.470458984375,8.0
89,Sensor_20,-0.7012055661208986,0.9102905012405245,increases predicted RUL,18.470458984375,8.0
89,Sensor_21,-0.6380865606945721,0.4958400699251797,increases predicted RUL,18.470458984375,8.0
89,Sensor_11_diff1,0.05491057619222928,-0.9027677914127707,decreases predicted RUL,18.470458984375,8.0
89,Sensor_11_roll_mean5,1.1801154007172203,-1.7179242353886366,decreases predicted RUL,18.470458984375,8.0
89,Sensor_11_roll_std5,0.1929584066602614,-0.4493155466625467,decreases predicted RUL,18.470458984375,8.0
89,Sensor_4_diff1,0.016139445565739624,-0.4550212072208524,decreases predicted RUL,18.470458984375,8.0
89,Sensor_4_roll_mean5,1.3452336252699164,1.5587049446767196,increases predicted RUL,18.470458984375,8.0
89,Sensor_4_roll_std5,0.17968766949117865,-0.2099283877760172,decreases predicted RUL,18.470458984375,8.0
89,Sensor_15_diff1,0.025664446322118187,-0.8239926263340749,decreases predicted RUL,18.470458984375,8.0
89,Sensor_15_roll_mean5,1.261417197060574,3.653573448769748,increases predicted RUL,18.470458984375,8.0
89,Sensor_15_roll_std5,0.35537707898090054,-0.13535372476326302,decreases predicted RUL,18.470458984375,8.0
89,Sensor_12_diff1,0.03994614094045333,0.43397082803130616,increases predicted RUL,18.470458984375,8.0
89,Sensor_12_roll_mean5,-0.8422929119713962,1.5082635676953942,increases predicted RUL,18.470458984375,8.0
89,Sensor_12_roll_std5,0.3433480323052917,-0.03355114979785867,decreases predicted RUL,18.470458984375,8.0
89,Sensor_13_diff1,0.041956222018024035,-0.7317951689474285,decreases predicted RUL,18.470458984375,8.0
89,Sensor_13_roll_mean5,1.8104146642194923,-0.5670444569550455,decreases predicted RUL,18.470458984375,8.0
89,Sensor_13_roll_std5,-0.7350029179573268,1.487809990067035,increases predicted RUL,18.470458984375,8.0
89,Sensor_8_diff1,0.046941047282366456,-0.9462517905049026,decreases predicted RUL,18.470458984375,8.0
89,Sensor_8_roll_mean5,1.6577975825377396,-0.24857435398735106,decreases predicted RUL,18.470458984375,8.0
89,Sensor_8_roll_std5,-0.5724110837506349,-0.2731992350309156,decreases predicted RUL,18.470458984375,8.0
89,Regime_OneHot_0,-0.06783507316923496,0.5254893243545666,increases predicted RUL,18.470458984375,8.0
89,Regime_OneHot_1,-0.0815253704781051,-0.8263568839620348,decreases predicted RUL,18.470458984375,8.0
89,Regime_OneHot_2,0.1374140821582108,0.23903589457040653,increases predicted RUL,18.470458984375,8.0
89,Regime_OneHot_3,0.13979900422618152,1.0243729082867503,increases predicted RUL,18.470458984375,8.0
89,Regime_OneHot_4,-0.029258371037437943,-0.41496450986596756,decreases predicted RUL,18.470458984375,8.0
89,Regime_OneHot_5,-0.08469488101768158,0.17711750062881038,increases predicted RUL,18.470458984375,8.0
90,Regime_ID,2.34,0.5165024489688221,increases predicted RUL,17.90022087097168,9.0
90,Sensor_1,-0.01896695231159754,-0.17253027507649676,decreases predicted RUL,17.90022087097168,9.0
90,Sensor_2,1.2779225757829709,-6.561770143918693,decreases predicted RUL,17.90022087097168,9.0
90,Sensor_3,1.3772300862106837,-6.062733564991504,decreases predicted RUL,17.90022087097168,9.0
90,Sensor_4,1.864648040186443,-1.6866008091601543,decreases predicted RUL,17.90022087097168,9.0
90,Sensor_5,0.041710763523295585,-0.07865369867067784,decreases predicted RUL,17.90022087097168,9.0
90,Sensor_6,0.35707517571562236,-2.198653694940731,decreases predicted RUL,17.90022087097168,9.0
90,Sensor_7,-1.3263116932988133,-3.954947766440455,decreases predicted RUL,17.90022087097168,9.0
90,Sensor_8,-0.8007146991504592,2.3669172425870784,increases predicted RUL,17.90022087097168,9.0
90,Sensor_9,-1.3258036181172748,4.036269835254643,increases predicted RUL,17.90022087097168,9.0
90,Sensor_10,-0.28191824007106464,-1.1486274478702398,decreases predicted RUL,17.90022087097168,9.0
90,Sensor_11,2.200835242584589,-6.3032285063527524,decreases predicted RUL,17.90022087097168,9.0
90,Sensor_12,-1.4134818141302814,-8.021652441886545,decreases predicted RUL,17.90022087097168,9.0
90,Sensor_13,-0.7350158422292591,-2.2650111438706517,decreases predicted RUL,17.90022087097168,9.0
90,Sensor_14,-1.652082696508108,-0.24607006693258882,decreases predicted RUL,17.90022087097168,9.0
90,Sensor_15,1.8757960888403427,-22.18400904443115,decreases predicted RUL,17.90022087097168,9.0
90,Sensor_17,1.470723157139676,-0.8307705433107913,decreases predicted RUL,17.90022087097168,9.0
90,Sensor_18,0.0,0.0,decreases predicted RUL,17.90022087097168,9.0
90,Sensor_19,-0.08379885428346112,0.4252760887320619,increases predicted RUL,17.90022087097168,9.0
90,Sensor_20,-1.089861059404332,1.096347521408461,increases predicted RUL,17.90022087097168,9.0
90,Sensor_21,-1.1970833718952358,2.35851053398801,increases predicted RUL,17.90022087097168,9.0
90,Sensor_11_diff1,0.006936163054962025,-0.5241952706128359,decreases predicted RUL,17.90022087097168,9.0
90,Sensor_11_roll_mean5,2.508364887982296,4.140438391361386,increases predicted RUL,17.90022087097168,9.0
90,Sensor_11_roll_std5,-0.016607025901387473,-0.6425243095145561,decreases predicted RUL,17.90022087097168,9.0
90,Sensor_4_diff1,0.0334738292878384,-1.1017077445285395,decreases predicted RUL,17.90022087097168,9.0
90,Sensor_4_roll_mean5,2.2248114779939745,4.780450879596174,increases predicted RUL,17.90022087097168,9.0
90,Sensor_4_roll_std5,0.13829325997411598,-0.19407408413826488,decreases predicted RUL,17.90022087097168,9.0
90,Sensor_15_diff1,0.01648838919078154,0.4540537344291806,increases predicted RUL,17.90022087097168,9.0
90,Sensor_15_roll_mean5,2.2662748007732287,4.9834251049906015,increases predicted RUL,17.90022087097168,9.0
90,Sensor_15_roll_std5,0.955877621214989,-0.7797974362038076,decreases predicted RUL,17.90022087097168,9.0
90,Sensor_12_diff1,0.0034436656237382744,0.3855996374040842,increases predicted RUL,17.90022087097168,9.0
90,Sensor_12_roll_mean5,-2.0588842049350506,3.486174456309527,increases predicted RUL,17.90022087097168,9.0
90,Sensor_12_roll_std5,-0.059383381006854564,-0.4334012473700568,decreases predicted RUL,17.90022087097168,9.0
90,Sensor_13_diff1,-0.0048926110553845275,1.38245031516999,increases predicted RUL,17.90022087097168,9.0
90,Sensor_13_roll_mean5,-0.9427638149157294,-1.440795483882539,decreases predicted RUL,17.90022087097168,9.0
90,Sensor_13_roll_std5,2.8229947655940726,-5.139987307600677,decreases predicted RUL,17.90022087097168,9.0
90,Sensor_8_diff1,-0.01238193365096354,2.666084235883318,increases predicted RUL,17.90022087097168,9.0
90,Sensor_8_roll_mean5,-1.0355023840985151,0.391228050168138,increases predicted RUL,17.90022087097168,9.0
90,Sensor_8_roll_std5,2.6319093600459644,-0.644991782028228,decreases predicted RUL,17.90022087097168,9.0
90,Regime_OneHot_0,0.11707807772235009,-1.3774560349411331,decreases predicted RUL,17.90022087097168,9.0
90,Regime_OneHot_1,-0.1376860753507461,-1.054183587199077,decreases predicted RUL,17.90022087097168,9.0
90,Regime_OneHot_2,-0.1420122630751648,-0.2576424385624705,decreases predicted RUL,17.90022087097168,9.0
90,Regime_OneHot_3,0.0837988542813208,-0.8547030129120685,decreases predicted RUL,17.90022087097168,9.0
90,Regime_OneHot_4,-0.14113952341784888,-1.8445736351859523,decreases predicted RUL,17.90022087097168,9.0
90,Regime_OneHot_5,0.19515845589743722,0.41584981373489427,increases predicted RUL,17.90022087097168,9.0
91,Regime_ID,1.98,3.4467082675546408,increases predicted RUL,88.50874328613281,73.0
91,Sensor_1,0.09727296893107938,1.1744057985488325,increases predicted RUL,88.50874328613281,73.0
91,Sensor_2,-0.2689382530121483,1.2390374029055238,increases predicted RUL,88.50874328613281,73.0
91,Sensor_3,-0.29035232402674926,2.083368529099971,increases predicted RUL,88.50874328613281,73.0
91,Sensor_4,-0.26090455989004635,3.3579878564924,increases predicted RUL,88.50874328613281,73.0
91,Sensor_5,0.055484512760220886,2.8613382928306237,increases predicted RUL,88.50874328613281,73.0
91,Sensor_6,0.07563417947562014,1.07633138645906,increases predicted RUL,88.50874328613281,73.0
91,Sensor_7,0.44248633194931597,6.826515023611137,increases predicted RUL,88.50874328613281,73.0
91,Sensor_8,-0.11841000717518455,0.8758776856120676,increases predicted RUL,88.50874328613281,73.0
91,Sensor_9,-0.032733619689495515,0.8126697748084553,increases predicted RUL,88.50874328613281,73.0
91,Sensor_10,-0.025273426082943518,-0.5774514403019566,decreases predicted RUL,88.50874328613281,73.0
91,Sensor_11,-0.35999273322441416,4.719249326415593,increases predicted RUL,88.50874328613281,73.0
91,Sensor_12,0.2565806048687353,1.46815637499094,increases predicted RUL,88.50874328613281,73.0
91,Sensor_13,-0.12175465248113747,-0.6228994345874526,decreases predicted RUL,88.50874328613281,73.0
91,Sensor_14,0.06170883110539732,0.8938459018245339,increases predicted RUL,88.50874328613281,73.0
91,Sensor_15,-0.4415998007755433,16.63346181344241,increases predicted RUL,88.50874328613281,73.0
91,Sensor_17,-0.2077583629757402,-0.3563336804509163,decreases predicted RUL,88.50874328613281,73.0
91,Sensor_18,0.0,0.0,decreases predicted RUL,88.50874328613281,73.0
91,Sensor_19,0.1402017455020227,-0.725543621367251,decreases predicted RUL,88.50874328613281,73.0
91,Sensor_20,0.31107191873988266,3.9942985852248967,increases predicted RUL,88.50874328613281,73.0
91,Sensor_21,-0.20418960772870204,-1.1114750491688028,decreases predicted RUL,88.50874328613281,73.0
91,Sensor_11_diff1,0.031653394724841355,0.936746007297188,increases predicted RUL,88.50874328613281,73.0
91,Sensor_11_roll_mean5,-0.41667056454104523,-3.550962938927114,decreases predicted RUL,88.50874328613281,73.0
91,Sensor_11_roll_std5,0.032836113572201245,1.224756122333929,increases predicted RUL,88.50874328613281,73.0
91,Sensor_4_diff1,-0.016439507129245287,-1.6029674825258553,decreases predicted RUL,88.50874328613281,73.0
91,Sensor_4_roll_mean5,-0.30214245842649573,-4.9393501522718,decreases predicted RUL,88.50874328613281,73.0
91,Sensor_4_roll_std5,-0.08007577935751818,0.19664628896862268,increases predicted RUL,88.50874328613281,73.0
91,Sensor_15_diff1,-0.009894674894044995,0.6266478050965816,increases predicted RUL,88.50874328613281,73.0
91,Sensor_15_roll_mean5,-0.4835729367269064,-6.363818322774023,decreases predicted RUL,88.50874328613281,73.0
91,Sensor_15_roll_std5,-0.1673368219763011,-0.6136839767568745,decreases predicted RUL,88.50874328613281,73.0
91,Sensor_12_diff1,-0.019688972967652853,5.646412387257442,increases predicted RUL,88.50874328613281,73.0
91,Sensor_12_roll_mean5,0.41432791885190623,-2.223665258847177,decreases predicted RUL,88.50874328613281,73.0
91,Sensor_12_roll_std5,0.4400130490012832,0.7998870897572488,increases predicted RUL,88.50874328613281,73.0
91,Sensor_13_diff1,-0.004416083203668047,-1.0137928311014548,decreases predicted RUL,88.50874328613281,73.0
91,Sensor_13_roll_mean5,-0.1722536887993126,-0.011766017240006477,decreases predicted RUL,88.50874328613281,73.0
91,Sensor_13_roll_std5,-0.5722921929193929,3.4318374826107174,increases predicted RUL,88.50874328613281,73.0
91,Sensor_8_diff1,-0.008952241030132145,-0.59086147043854,decreases predicted RUL,88.50874328613281,73.0
91,Sensor_8_roll_mean5,-0.15769777586277442,-0.8673396278172731,decreases predicted RUL,88.50874328613281,73.0
91,Sensor_8_roll_std5,-0.4474085723051543,1.8514940914465114,increases predicted RUL,88.50874328613281,73.0
91,Regime_OneHot_0,0.1633063654452463,-0.44144197599962354,decreases predicted RUL,88.50874328613281,73.0
91,Regime_OneHot_1,-0.02536466560546432,-4.280313994560856,decreases predicted RUL,88.50874328613281,73.0
91,Regime_OneHot_2,0.08152881311153568,-1.4409356933319941,decreases predicted RUL,88.50874328613281,73.0
91,Regime_OneHot_3,-0.1402017454981221,0.9945935417199507,increases predicted RUL,88.50874328613281,73.0
91,Regime_OneHot_4,-0.0851989472276434,1.427260561613366,increases predicted RUL,88.50874328613281,73.0
91,Regime_OneHot_5,-0.02872421363465779,1.310146693373099,increases predicted RUL,88.50874328613281,73.0
92,Regime_ID,2.22,-2.407922387123108,decreases predicted RUL,109.1207275390625,183.0
92,Sensor_1,0.09727296893107938,0.41113838902674615,increases predicted RUL,109.1207275390625,183.0
92,Sensor_2,-0.05915031207885688,4.962811044417322,increases predicted RUL,109.1207275390625,183.0
92,Sensor_3,-0.12631365534159672,1.5050008338876069,increases predicted RUL,109.1207275390625,183.0
92,Sensor_4,0.01281001876799235,6.513669767882675,increases predicted RUL,109.1207275390625,183.0
92,Sensor_5,0.22076950360332392,-1.8892626943998039,decreases predicted RUL,109.1207275390625,183.0
92,Sensor_6,-0.3000590712745316,2.457836551591754,increases predicted RUL,109.1207275390625,183.0
92,Sensor_7,-0.30088263961687234,2.161072814487852,increases predicted RUL,109.1207275390625,183.0
92,Sensor_8,-0.5136682560512479,1.8366550004575402,increases predicted RUL,109.1207275390625,183.0
92,Sensor_9,-0.6417635247643435,7.961545901489444,increases predicted RUL,109.1207275390625,183.0
92,Sensor_10,-0.0414578970086779,-0.786417355935555,decreases predicted RUL,109.1207275390625,183.0
92,Sensor_11,-0.094389289156838,5.653045050799847,increases predicted RUL,109.1207275390625,183.0
92,Sensor_12,0.16312833026859377,1.768294828827493,increases predicted RUL,109.1207275390625,183.0
92,Sensor_13,-0.5211333281607536,-5.162172437179834,decreases predicted RUL,109.1207275390625,183.0
92,Sensor_14,-0.696655939551587,-1.518648264813237,decreases predicted RUL,109.1207275390625,183.0
92,Sensor_15,-0.08657693548772494,16.93536399421282,increases predicted RUL,109.1207275390625,183.0
92,Sensor_17,-0.17784347660352912,5.647799575846875,increases predicted RUL,109.1207275390625,183.0
92,Sensor_18,0.0,0.0,decreases predicted RUL,109.1207275390625,183.0
92,Sensor_19,-0.08379885428346116,-0.7631270573474467,decreases predicted RUL,109.1207275390625,183.0
92,Sensor_20,-0.0961807433749269,-0.20765775861218572,decreases predicted RUL,109.1207275390625,183.0
92,Sensor_21,0.20032394709544243,-2.5353614753112197,decreases predicted RUL,109.1207275390625,183.0
92,Sensor_11_diff1,-0.012212954805014492,0.42081715911626816,increases predicted RUL,109.1207275390625,183.0
92,Sensor_11_roll_mean5,-0.0787227307467709,-1.5803233421902405,decreases predicted RUL,109.1207275390625,183.0
92,Sensor_11_roll_std5,-0.5356062971808379,-1.4646100187674165,decreases predicted RUL,109.1207275390625,183.0
92,Sensor_4_diff1,-0.002319039846919748,-0.8903201043140143,decreases predicted RUL,109.1207275390625,183.0
92,Sensor_4_roll_mean5,0.036569187007458974,-1.8092788017820567,decreases predicted RUL,109.1207275390625,183.0
92,Sensor_4_roll_std5,0.1102315301670419,2.6529660341329873,increases predicted RUL,109.1207275390625,183.0
92,Sensor_15_diff1,-0.047108232671894526,1.2858944265171885,increases predicted RUL,109.1207275390625,183.0
92,Sensor_15_roll_mean5,-0.039316015154511434,-0.57855443097651,decreases predicted RUL,109.1207275390625,183.0
92,Sensor_15_roll_std5,-0.5569286067002781,0.964608890702948,increases predicted RUL,109.1207275390625,183.0
92,Sensor_12_diff1,0.010387227265378583,0.5884648622886743,increases predicted RUL,109.1207275390625,183.0
92,Sensor_12_roll_mean5,0.2086725663428075,-0.5791880814358592,decreases predicted RUL,109.1207275390625,183.0
92,Sensor_12_roll_std5,-0.051563849642835,-0.5630890890024602,decreases predicted RUL,109.1207275390625,183.0
92,Sensor_13_diff1,0.020048861646699417,-1.0403505341673736,decreases predicted RUL,109.1207275390625,183.0
92,Sensor_13_roll_mean5,-0.7295252125112871,-0.08681497001089156,decreases predicted RUL,109.1207275390625,183.0
92,Sensor_13_roll_std5,-0.7653873344452555,-0.07318882530671544,decreases predicted RUL,109.1207275390625,183.0
92,Sensor_8_diff1,-0.006698908390048508,-0.13360640057362616,decreases predicted RUL,109.1207275390625,183.0
92,Sensor_8_roll_mean5,-0.6914242567226141,1.8763034807052463,increases predicted RUL,109.1207275390625,183.0
92,Sensor_8_roll_std5,-0.7048408871882319,4.232850277214311,increases predicted RUL,109.1207275390625,183.0
92,Regime_OneHot_0,0.16330636544524627,-2.461640229637851,decreases predicted RUL,109.1207275390625,183.0
92,Regime_OneHot_1,-0.2500074850960277,-1.837067692540586,decreases predicted RUL,109.1207275390625,183.0
92,Regime_OneHot_2,0.025643544064860607,1.1701676528900862,increases predicted RUL,109.1207275390625,183.0
92,Regime_OneHot_3,0.08379885428132075,-1.2552601406350732,decreases predicted RUL,109.1207275390625,183.0
92,Regime_OneHot_4,-0.14113952341784894,-0.8418573499657214,decreases predicted RUL,109.1207275390625,183.0
92,Regime_OneHot_5,0.08321712113138964,4.365552796050906,increases predicted RUL,109.1207275390625,183.0
93,Regime_ID,2.16,-0.9814927035477012,decreases predicted RUL,102.654541015625,97.0
93,Sensor_1,-0.12358288143000666,1.2230028536287136,increases predicted RUL,102.654541015625,97.0
93,Sensor_2,0.20028908996946077,-0.781774937058799,decreases predicted RUL,102.654541015625,97.0
93,Sensor_3,0.3311437746309703,-0.2847667052410543,decreases predicted RUL,102.654541015625,97.0
93,Sensor_4,0.19897833540130672,5.297936808725353,increases predicted RUL,102.654541015625,97.0
93,Sensor_5,-0.0592967308808229,-3.862905906746164,decreases predicted RUL,102.654541015625,97.0
93,Sensor_6,0.0505201637850794,-0.2671447293832898,decreases predicted RUL,102.654541015625,97.0
93,Sensor_7,-0.28263117818643435,1.5552194747142494,increases predicted RUL,102.654541015625,97.0
93,Sensor_8,-0.17931904045733485,0.0943596336292103,increases predicted RUL,102.654541015625,97.0
93,Sensor_9,-0.5951015767110058,5.2049410923500545,increases predicted RUL,102.654541015625,97.0
93,Sensor_10,-0.04424986216668672,-0.6048013115505455,decreases predicted RUL,102.654541015625,97.0
93,Sensor_11,0.22858573781137165,1.6103155692107975,increases predicted RUL,102.654541015625,97.0
93,Sensor_12,-0.2983362139477593,2.5151870772242546,increases predicted RUL,102.654541015625,97.0
93,Sensor_13,-0.19803737167427116,0.2955982208768546,increases predicted RUL,102.654541015625,97.0
93,Sensor_14,-0.6885609453240352,-1.0760740085097495,decreases predicted RUL,102.654541015625,97.0
93,Sensor_15,0.29588863515589525,0.17793861776590347,increases predicted RUL,102.654541015625,97.0
93,Sensor_17,0.15489539628903867,-2.527036303654313,decreases predicted RUL,102.654541015625,97.0
93,Sensor_18,0.0,0.0,decreases predicted RUL,102.654541015625,97.0
93,Sensor_19,0.028201445609280743,-4.164979769215279,decreases predicted RUL,102.654541015625,97.0
93,Sensor_20,-0.19174315792375513,1.027904539834708,increases predicted RUL,102.654541015625,97.0
93,Sensor_21,-0.13704585734605831,3.7284045116975904,increases predicted RUL,102.654541015625,97.0
93,Sensor_11_diff1,-0.003297123362343981,-0.5050632802885957,decreases predicted RUL,102.654541015625,97.0
93,Sensor_11_roll_mean5,0.2782220468668819,4.065217156894505,increases predicted RUL,102.654541015625,97.0
93,Sensor_11_roll_std5,-0.1953508301072006,1.748977346054744,increases predicted RUL,102.654541015625,97.0
93,Sensor_4_diff1,-0.029045979487216513,2.8637326499447227,increases predicted RUL,102.654541015625,97.0
93,Sensor_4_roll_mean5,0.28756497793624247,4.6827770955860615,increases predicted RUL,102.654541015625,97.0
93,Sensor_4_roll_std5,-0.43904064346811567,0.5332765309140086,increases predicted RUL,102.654541015625,97.0
93,Sensor_15_diff1,-0.009888751664432524,-0.11166185885667801,decreases predicted RUL,102.654541015625,97.0
93,Sensor_15_roll_mean5,0.3829691802809473,2.4920740108937025,increases predicted RUL,102.654541015625,97.0
93,Sensor_15_roll_std5,-0.5729787423790816,-0.2837808565454907,decreases predicted RUL,102.654541015625,97.0
93,Sensor_12_diff1,-0.0030379333148336622,-0.7247659508138895,decreases predicted RUL,102.654541015625,97.0
93,Sensor_12_roll_mean5,-0.4486693621190565,-1.5045592672249768,decreases predicted RUL,102.654541015625,97.0
93,Sensor_12_roll_std5,0.1916416926802875,1.5845987047068775,increases predicted RUL,102.654541015625,97.0
93,Sensor_13_diff1,-0.007406341809130037,1.0074903476051986,increases predicted RUL,102.654541015625,97.0
93,Sensor_13_roll_mean5,-0.24531040240970362,-0.5714337073732167,decreases predicted RUL,102.654541015625,97.0
93,Sensor_13_roll_std5,-0.24326438966328628,1.3391239224001765,increases predicted RUL,102.654541015625,97.0
93,Sensor_8_diff1,-0.011949786665631217,1.4777560386573896,increases predicted RUL,102.654541015625,97.0
93,Sensor_8_roll_mean5,-0.21599986800138307,-1.0234035623725504,decreases predicted RUL,102.654541015625,97.0
93,Sensor_8_roll_std5,-0.05816360298504293,-1.603390589938499,decreases predicted RUL,102.654541015625,97.0
93,Regime_OneHot_0,0.024621502276557558,2.1356356386095285,increases predicted RUL,102.654541015625,97.0
93,Regime_OneHot_1,0.08695674413981722,-4.358032057993114,decreases predicted RUL,102.654541015625,97.0
93,Regime_OneHot_2,-0.08612699402848963,-1.1170430392667186,decreases predicted RUL,102.654541015625,97.0
93,Regime_OneHot_3,-0.028201445608400745,3.925841033924371,increases predicted RUL,102.654541015625,97.0
93,Regime_OneHot_4,0.08262278134297302,5.159796218795236,increases predicted RUL,102.654541015625,97.0
93,Regime_OneHot_5,-0.08469488101768151,2.7423239764466416,increases predicted RUL,102.654541015625,97.0
94,Regime_ID,2.24,1.0221031163819134,increases predicted RUL,73.41664123535156,73.0
94,Sensor_1,-0.07708691293293586,-0.10252855147700757,decreases predicted RUL,73.41664123535156,73.0
94,Sensor_2,0.23312443773204788,-0.7636626367457211,decreases predicted RUL,73.41664123535156,73.0
94,Sensor_3,0.17815265502074717,-2.6561298137530684,decreases predicted RUL,73.41664123535156,73.0
94,Sensor_4,0.3840958402422632,4.5395143430214375,increases predicted RUL,73.41664123535156,73.0
94,Sensor_5,-0.022566732915688906,-1.851361622218974,decreases predicted RUL,73.41664123535156,73.0
94,Sensor_6,0.12922902831728458,0.10485516767948866,increases predicted RUL,73.41664123535156,73.0
94,Sensor_7,-0.5387819310519238,1.8840678404085338,increases predicted RUL,73.41664123535156,73.0
94,Sensor_8,-0.415265733808223,1.5611370804253966,increases predicted RUL,73.41664123535156,73.0
94,Sensor_9,-0.7965935112171875,6.781540427356958,increases predicted RUL,73.41664123535156,73.0
94,Sensor_10,-0.42859002495516835,-1.1364635205245577,decreases predicted RUL,73.41664123535156,73.0
94,Sensor_11,0.4787409028050251,3.8811888149939477,increases predicted RUL,73.41664123535156,73.0
94,Sensor_12,-0.3288802159529204,0.42211945354938507,increases predicted RUL,73.41664123535156,73.0
94,Sensor_13,-0.44050777141354147,-3.174588398542255,decreases predicted RUL,73.41664123535156,73.0
94,Sensor_14,-0.93294075759444,-0.4626799398101866,decreases predicted RUL,73.41664123535156,73.0
94,Sensor_15,0.48122940984293755,-10.145153556019068,decreases predicted RUL,73.41664123535156,73.0
94,Sensor_17,0.37234655899764213,-2.9896034349221736,decreases predicted RUL,73.41664123535156,73.0
94,Sensor_18,0.0,0.0,decreases predicted RUL,73.41664123535156,73.0
94,Sensor_19,-0.13979900422983252,-3.3759427129407413,decreases predicted RUL,73.41664123535156,73.0
94,Sensor_20,-0.2969445787087626,1.876612399239093,increases predicted RUL,73.41664123535156,73.0
94,Sensor_21,-0.2315014172425694,2.584789184620604,increases predicted RUL,73.41664123535156,73.0
94,Sensor_11_diff1,-0.032332165317623916,0.006630411415244453,increases predicted RUL,73.41664123535156,73.0
94,Sensor_11_roll_mean5,0.591003432029312,6.352709068916738,increases predicted RUL,73.41664123535156,73.0
94,Sensor_11_roll_std5,0.002670735826239681,0.6396553935628617,increases predicted RUL,73.41664123535156,73.0
94,Sensor_4_diff1,0.015046663265093168,0.4262255955254659,increases predicted RUL,73.41664123535156,73.0
94,Sensor_4_roll_mean5,0.455918506444261,3.697902776533738,increases predicted RUL,73.41664123535156,73.0
94,Sensor_4_roll_std5,0.26970897252070636,0.7149421084905043,increases predicted RUL,73.41664123535156,73.0
94,Sensor_15_diff1,-0.009361066659584787,0.053682432509958744,increases predicted RUL,73.41664123535156,73.0
94,Sensor_15_roll_mean5,0.6033531481415048,1.7622694622259587,increases predicted RUL,73.41664123535156,73.0
94,Sensor_15_roll_std5,0.3424579040177044,-1.0182677690172568,decreases predicted RUL,73.41664123535156,73.0
94,Sensor_12_diff1,0.010353394795608435,2.4253560239449143,increases predicted RUL,73.41664123535156,73.0
94,Sensor_12_roll_mean5,-0.5342007473854429,0.9629576224833727,increases predicted RUL,73.41664123535156,73.0
94,Sensor_12_roll_std5,0.09391443287047654,0.8682039206614718,increases predicted RUL,73.41664123535156,73.0
94,Sensor_13_diff1,-0.048686779613182345,0.29053611401468515,increases predicted RUL,73.41664123535156,73.0
94,Sensor_13_roll_mean5,-0.5263665972536083,0.23066590528469533,increases predicted RUL,73.41664123535156,73.0
94,Sensor_13_roll_std5,0.09403759345491616,-1.5164451249875128,decreases predicted RUL,73.41664123535156,73.0
94,Sensor_8_diff1,-0.044873126351266904,0.036312871030531824,increases predicted RUL,73.41664123535156,73.0
94,Sensor_8_roll_mean5,-0.5086412019908098,0.48001686623319983,increases predicted RUL,73.41664123535156,73.0
94,Sensor_8_roll_std5,-0.06361547977314749,-1.7936682850995567,decreases predicted RUL,73.41664123535156,73.0
94,Regime_OneHot_0,0.02462150227655755,-2.6087694187735906,decreases predicted RUL,73.41664123535156,73.0
94,Regime_OneHot_1,0.030796039267176455,1.3710412316722795,increases predicted RUL,73.41664123535156,73.0
94,Regime_OneHot_2,-0.1420122630751648,2.178451164450962,increases predicted RUL,73.41664123535156,73.0
94,Regime_OneHot_3,0.13979900422618127,2.7698658705339767,increases predicted RUL,73.41664123535156,73.0
94,Regime_OneHot_4,-0.08519894722764342,-0.9928939916426316,decreases predicted RUL,73.41664123535156,73.0
94,Regime_OneHot_5,0.02724645374836589,-1.2055534890387207,decreases predicted RUL,73.41664123535156,73.0
95,Regime_ID,2.94,0.9724574370775372,increases predicted RUL,49.69707107543945,49.0
95,Sensor_1,-0.2746947790454866,1.2775102010928094,increases predicted RUL,49.69707107543945,49.0
95,Sensor_2,0.8044759844306462,-4.883002818911336,decreases predicted RUL,49.69707107543945,49.0
95,Sensor_3,0.794336331417999,-5.343101148260757,decreases predicted RUL,49.69707107543945,49.0
95,Sensor_4,1.0685370670599703,-2.007645611593034,decreases predicted RUL,49.69707107543945,49.0
95,Sensor_5,-0.04093173189825593,-0.6033377533312887,decreases predicted RUL,49.69707107543945,49.0
95,Sensor_6,0.262884421255816,-1.6091697663068771,decreases predicted RUL,49.69707107543945,49.0
95,Sensor_7,-0.7525000265570406,-2.2542423540726304,decreases predicted RUL,49.69707107543945,49.0
95,Sensor_8,0.2308536226986834,0.22367710518301465,increases predicted RUL,49.69707107543945,49.0
95,Sensor_9,-0.055573606011880966,-0.666140912217088,decreases predicted RUL,49.69707107543945,49.0
95,Sensor_10,-0.01458480958459171,-0.6544907861098181,decreases predicted RUL,49.69707107543945,49.0
95,Sensor_11,1.0162740664614693,-5.21013856260106,decreases predicted RUL,49.69707107543945,49.0
95,Sensor_12,-0.5360098700569967,-1.6784468251280487,decreases predicted RUL,49.69707107543945,49.0
95,Sensor_13,0.2967760826604524,2.4815663627377944,increases predicted RUL,49.69707107543945,49.0
95,Sensor_14,-0.20821890107313354,0.5672773533733562,increases predicted RUL,49.69707107543945,49.0
95,Sensor_15,0.9954758473717006,-19.02168194577098,decreases predicted RUL,49.69707107543945,49.0
95,Sensor_17,0.7741640964952462,-1.3464456226793118,decreases predicted RUL,49.69707107543945,49.0
95,Sensor_18,0.0,0.0,decreases predicted RUL,49.69707107543945,49.0
95,Sensor_19,-0.027798704337090224,0.8319988379953429,increases predicted RUL,49.69707107543945,49.0
95,Sensor_20,-0.5301178061434934,0.12912569288164377,increases predicted RUL,49.69707107543945,49.0
95,Sensor_21,-0.6485613786061196,5.761600923025981,increases predicted RUL,49.69707107543945,49.0
95,Sensor_11_diff1,-0.03444002288211781,2.350899796001613,increases predicted RUL,49.69707107543945,49.0
95,Sensor_11_roll_mean5,1.1790769098450213,2.685455885133706,increases predicted RUL,49.69707107543945,49.0
95,Sensor_11_roll_std5,0.22741181323887233,-1.0834126993722748,decreases predicted RUL,49.69707107543945,49.0
95,Sensor_4_diff1,-0.007840544276219403,-1.2213439792394638,decreases predicted RUL,49.69707107543945,49.0
95,Sensor_4_roll_mean5,1.2897180084024609,3.6424236427992582,increases predicted RUL,49.69707107543945,49.0
95,Sensor_4_roll_std5,0.006229912984501277,0.5076088630594313,increases predicted RUL,49.69707107543945,49.0
95,Sensor_15_diff1,-0.03683105967207223,0.419663313543424,increases predicted RUL,49.69707107543945,49.0
95,Sensor_15_roll_mean5,1.2445079466842508,9.774760398082435,increases predicted RUL,49.69707107543945,49.0
95,Sensor_15_roll_std5,-0.07772352294411618,1.327358480746625,increases predicted RUL,49.69707107543945,49.0
95,Sensor_12_diff1,0.03917353182995524,0.3191010048612952,increases predicted RUL,49.69707107543945,49.0
95,Sensor_12_roll_mean5,-0.842769263560973,1.9421532708220184,increases predicted RUL,49.69707107543945,49.0
95,Sensor_12_roll_std5,-0.2026628633821892,-0.17477749207318993,decreases predicted RUL,49.69707107543945,49.0
95,Sensor_13_diff1,-0.011599783310267753,1.3428900726139545,increases predicted RUL,49.69707107543945,49.0
95,Sensor_13_roll_mean5,0.4442921862920398,-1.0195649797096848,decreases predicted RUL,49.69707107543945,49.0
95,Sensor_13_roll_std5,0.11443505385120885,-1.9862588512478396,decreases predicted RUL,49.69707107543945,49.0
95,Sensor_8_diff1,-0.005691272063122022,0.4352573165670037,increases predicted RUL,49.69707107543945,49.0
95,Sensor_8_roll_mean5,0.34011787278513317,1.3205596923362464,increases predicted RUL,49.69707107543945,49.0
95,Sensor_8_roll_std5,0.028903979227402024,-1.783635478001088,decreases predicted RUL,49.69707107543945,49.0
95,Regime_OneHot_0,-0.16029164861502743,0.05543410230893642,increases predicted RUL,49.69707107543945,49.0
95,Regime_OneHot_1,-0.1938467802233868,-2.2495735557749867,decreases predicted RUL,49.69707107543945,49.0
95,Regime_OneHot_2,-0.19789753212183991,0.42476797234849073,increases predicted RUL,49.69707107543945,49.0
95,Regime_OneHot_3,0.02779870433646008,0.24402084370376542,increases predicted RUL,49.69707107543945,49.0
95,Regime_OneHot_4,0.3623256622940001,3.783346634823829,increases predicted RUL,49.69707107543945,49.0
95,Regime_OneHot_5,0.19515845589743713,1.6794060503598303,increases predicted RUL,49.69707107543945,49.0
96,Regime_ID,1.84,2.2237122212536633,increases predicted RUL,32.1239013671875,31.0
96,Sensor_1,0.2832568429193623,-0.13414071151055396,decreases predicted RUL,32.1239013671875,31.0
96,Sensor_2,1.1846960725442108,-6.557810665952275,decreases predicted RUL,32.1239013671875,31.0
96,Sensor_3,0.9756340046883971,-2.830070887459442,decreases predicted RUL,32.1239013671875,31.0
96,Sensor_4,1.558497383144068,-0.9885147917084396,decreases predicted RUL,32.1239013671875,31.0
96,Sensor_5,-0.1327567268110909,0.15226607251679525,increases predicted RUL,32.1239013671875,31.0
96,Sensor_6,0.5257137550181755,-3.5340676167979836,decreases predicted RUL,32.1239013671875,31.0
96,Sensor_7,-0.915051337499839,-5.17946314602159,decreases predicted RUL,32.1239013671875,31.0
96,Sensor_8,0.3795909483450927,1.1925162910665676,increases predicted RUL,32.1239013671875,31.0
96,Sensor_9,0.0760109561065124,-1.354839530424215,decreases predicted RUL,32.1239013671875,31.0
96,Sensor_10,-1.0331435602315928,1.3618969843420246,increases predicted RUL,32.1239013671875,31.0
96,Sensor_11,1.4286266679099557,-7.063029732555151,decreases predicted RUL,32.1239013671875,31.0
96,Sensor_12,-1.1778305898856203,-5.873766199685633,decreases predicted RUL,32.1239013671875,31.0
96,Sensor_13,0.46289633210049375,1.667297035761294,increases predicted RUL,32.1239013671875,31.0
96,Sensor_14,-0.20153748237390615,0.2058771120455276,increases predicted RUL,32.1239013671875,31.0
96,Sensor_15,1.3268983495540148,-17.133421173784882,decreases predicted RUL,32.1239013671875,31.0
96,Sensor_17,1.0417636262011747,-3.0476337586296722,decreases predicted RUL,32.1239013671875,31.0
96,Sensor_18,0.0,0.0,decreases predicted RUL,32.1239013671875,31.0
96,Sensor_19,0.14020174550202266,-0.7656449050991796,decreases predicted RUL,32.1239013671875,31.0
96,Sensor_20,-0.9227427488424499,1.5294871293008327,increases predicted RUL,32.1239013671875,31.0
96,Sensor_21,-0.7303023837717758,1.4662364171817899,increases predicted RUL,32.1239013671875,31.0
96,Sensor_11_diff1,0.003437583933492738,-0.20919923670589924,decreases predicted RUL,32.1239013671875,31.0
96,Sensor_11_roll_mean5,1.6206718408241676,1.3750731134787202,increases predicted RUL,32.1239013671875,31.0
96,Sensor_11_roll_std5,0.33723098777030247,-0.842489983770065,decreases predicted RUL,32.1239013671875,31.0
96,Sensor_4_diff1,-0.013212254154806067,-0.4290947150439024,decreases predicted RUL,32.1239013671875,31.0
96,Sensor_4_roll_mean5,1.9231846446986116,5.033345968695357,increases predicted RUL,32.1239013671875,31.0
96,Sensor_4_roll_std5,-0.32975477674874604,-0.5106763311196119,decreases predicted RUL,32.1239013671875,31.0
96,Sensor_15_diff1,0.00038577667406389346,0.47558269917499274,increases predicted RUL,32.1239013671875,31.0
96,Sensor_15_roll_mean5,1.5896747751325058,7.151237150654197,increases predicted RUL,32.1239013671875,31.0
96,Sensor_15_roll_std5,0.2013493609901338,-0.792567903525196,decreases predicted RUL,32.1239013671875,31.0
96,Sensor_12_diff1,-0.012116482696923513,-0.23720343929016963,decreases predicted RUL,32.1239013671875,31.0
96,Sensor_12_roll_mean5,-1.7253348360014482,3.6213957658037543,increases predicted RUL,32.1239013671875,31.0
96,Sensor_12_roll_std5,-0.6537688861007426,0.07231610397866461,increases predicted RUL,32.1239013671875,31.0
96,Sensor_13_diff1,-0.02455865725311341,0.1751763173379004,increases predicted RUL,32.1239013671875,31.0
96,Sensor_13_roll_mean5,0.6351972552528317,-0.9509990612277761,decreases predicted RUL,32.1239013671875,31.0
96,Sensor_13_roll_std5,0.45644739246358484,-1.2557007016148418,decreases predicted RUL,32.1239013671875,31.0
96,Sensor_8_diff1,-0.023185240114428515,-0.25710304628591985,decreases predicted RUL,32.1239013671875,31.0
96,Sensor_8_roll_mean5,0.5439680156426349,0.8963209190478665,increases predicted RUL,32.1239013671875,31.0
96,Sensor_8_roll_std5,0.29616777618912526,-2.8609041455201805,decreases predicted RUL,32.1239013671875,31.0
96,Regime_OneHot_0,0.024621502276557575,0.7659748542355374,increases predicted RUL,32.1239013671875,31.0
96,Regime_OneHot_1,0.2554388587577395,0.29186113295145333,increases predicted RUL,32.1239013671875,31.0
96,Regime_OneHot_2,0.19329935120488592,0.4497873177751899,increases predicted RUL,32.1239013671875,31.0
96,Regime_OneHot_3,-0.14020174549812214,-0.28662040876224637,decreases predicted RUL,32.1239013671875,31.0
96,Regime_OneHot_4,-0.3089612519884655,-1.7685080642113462,decreases predicted RUL,32.1239013671875,31.0
96,Regime_OneHot_5,-0.028724213634657842,-0.4903158994275145,decreases predicted RUL,32.1239013671875,31.0
97,Regime_ID,1.94,-0.536614968907088,decreases predicted RUL,78.22335052490234,97.0
97,Sensor_1,0.24838486654655922,1.201277761021629,increases predicted RUL,78.22335052490234,97.0
97,Sensor_2,0.3049259292712832,-6.537776581943035,decreases predicted RUL,78.22335052490234,97.0
97,Sensor_3,0.2658543539834275,-2.690229002793785,decreases predicted RUL,78.22335052490234,97.0
97,Sensor_4,0.48560763155290715,3.682184745091945,increases predicted RUL,78.22335052490234,97.0
97,Sensor_5,0.06466701225150437,-1.5100961737334728,decreases predicted RUL,78.22335052490234,97.0
97,Sensor_6,0.014766191045420637,-1.1195210935547948,decreases predicted RUL,78.22335052490234,97.0
97,Sensor_7,-0.32128718755335817,-0.07195953745394945,decreases predicted RUL,78.22335052490234,97.0
97,Sensor_8,-0.5916196583267593,0.26573363901115954,increases predicted RUL,78.22335052490234,97.0
97,Sensor_9,-1.2671944934266688,15.509930757805705,increases predicted RUL,78.22335052490234,97.0
97,Sensor_10,-0.15939656474360628,-0.20278124255128205,decreases predicted RUL,78.22335052490234,97.0
97,Sensor_11,0.5061816726525558,1.9072417160496116,increases predicted RUL,78.22335052490234,97.0
97,Sensor_12,-0.5178230445614607,1.3760138302459382,increases predicted RUL,78.22335052490234,97.0
97,Sensor_13,-0.5286022625934439,-0.8401870960369706,decreases predicted RUL,78.22335052490234,97.0
97,Sensor_14,-1.3409549687200326,-4.28713838243857,decreases predicted RUL,78.22335052490234,97.0
97,Sensor_15,0.4857557090501309,-8.697920929640532,decreases predicted RUL,78.22335052490234,97.0
97,Sensor_17,0.36843009191499093,0.5499403461581096,increases predicted RUL,78.22335052490234,97.0
97,Sensor_18,0.0,0.0,decreases predicted RUL,78.22335052490234,97.0
97,Sensor_19,0.14020174550202263,2.055460606352426,increases predicted RUL,78.22335052490234,97.0
97,Sensor_20,-0.35605937885484906,-0.8710564066423103,decreases predicted RUL,78.22335052490234,97.0
97,Sensor_21,-0.11362105817481696,-1.6530478159547783,decreases predicted RUL,78.22335052490234,97.0
97,Sensor_11_diff1,-0.007293816240146764,2.554370731115341,increases predicted RUL,78.22335052490234,97.0
97,Sensor_11_roll_mean5,0.6158159494908174,6.130091375554912,increases predicted RUL,78.22335052490234,97.0
97,Sensor_11_roll_std5,1.1095446807257066,-0.15952753636520356,decreases predicted RUL,78.22335052490234,97.0
97,Sensor_4_diff1,-0.03125499959414305,1.7821495225653052,increases predicted RUL,78.22335052490234,97.0
97,Sensor_4_roll_mean5,0.6203959467645277,3.327485553170618,increases predicted RUL,78.22335052490234,97.0
97,Sensor_4_roll_std5,0.10286971043835683,0.008536809356883168,increases predicted RUL,78.22335052490234,97.0
97,Sensor_15_diff1,-0.024727108056062673,4.079093765933067,increases predicted RUL,78.22335052490234,97.0
97,Sensor_15_roll_mean5,0.6379659781038999,3.971998159919167,increases predicted RUL,78.22335052490234,97.0
97,Sensor_15_roll_std5,0.5922581455218612,-0.9535484461812302,decreases predicted RUL,78.22335052490234,97.0
97,Sensor_12_diff1,0.045413793990217305,-0.39345083152875304,decreases predicted RUL,78.22335052490234,97.0
97,Sensor_12_roll_mean5,-0.7988543878151718,0.18605541321448982,increases predicted RUL,78.22335052490234,97.0
97,Sensor_12_roll_std5,-0.32062862396098746,0.291665330179967,increases predicted RUL,78.22335052490234,97.0
97,Sensor_13_diff1,-0.005728780180299533,4.5351118143007625,increases predicted RUL,78.22335052490234,97.0
97,Sensor_13_roll_mean5,-0.7391969050434709,-0.262669035611907,decreases predicted RUL,78.22335052490234,97.0
97,Sensor_13_roll_std5,0.8552959689996069,-1.2358517907559872,decreases predicted RUL,78.22335052490234,97.0
97,Sensor_8_diff1,-0.009127417408338842,3.8750481082242914,increases predicted RUL,78.22335052490234,97.0
97,Sensor_8_roll_mean5,-0.8290926794795666,-1.9032419309951365,decreases predicted RUL,78.22335052490234,97.0
97,Sensor_8_roll_std5,0.6171950272236684,-9.995374767575413,decreases predicted RUL,78.22335052490234,97.0
97,Regime_OneHot_0,0.07084978999945384,-0.04074992798268795,decreases predicted RUL,78.22335052490234,97.0
97,Regime_OneHot_1,0.030796039267176462,2.3662918927147985,increases predicted RUL,78.22335052490234,97.0
97,Regime_OneHot_2,0.24918462025156124,0.5237479556381004,increases predicted RUL,78.22335052490234,97.0
97,Regime_OneHot_3,-0.14020174549812214,1.5726553052663803,increases predicted RUL,78.22335052490234,97.0
97,Regime_OneHot_4,-0.14113952341784897,-0.7248454061336815,decreases predicted RUL,78.22335052490234,97.0
97,Regime_OneHot_5,-0.08469488101768156,-0.6635682869527955,decreases predicted RUL,78.22335052490234,97.0
98,Regime_ID,2.16,0.9907783758244477,increases predicted RUL,14.199697494506836,9.0
98,Sensor_1,0.09727296893107935,-0.5545347442093771,decreases predicted RUL,14.199697494506836,9.0
98,Sensor_2,0.7421554343763443,-3.170827866299078,decreases predicted RUL,14.199697494506836,9.0
98,Sensor_3,0.7161467320409811,-3.357157283462584,decreases predicted RUL,14.199697494506836,9.0
98,Sensor_4,0.8972479299950531,-4.027954095276073,decreases predicted RUL,14.199697494506836,9.0
98,Sensor_5,0.2253607533489657,0.09183405415387824,increases predicted RUL,14.199697494506836,9.0
98,Sensor_6,0.18528155924333808,0.42473581730155274,increases predicted RUL,14.199697494506836,9.0
98,Sensor_7,-0.6301667339052214,-2.534853869859944,decreases predicted RUL,14.199697494506836,9.0
98,Sensor_8,0.3139019410465045,0.2757813181669917,increases predicted RUL,14.199697494506836,9.0
98,Sensor_9,0.2267938752189355,-0.7769875497324392,decreases predicted RUL,14.199697494506836,9.0
98,Sensor_10,-0.011573946711911866,-0.980958177591674,decreases predicted RUL,14.199697494506836,9.0
98,Sensor_11,0.9632690316921907,-7.256068053655326,decreases predicted RUL,14.199697494506836,9.0
98,Sensor_12,-0.4970807789534146,-2.303693372174166,decreases predicted RUL,14.199697494506836,9.0
98,Sensor_13,0.29968696425619357,0.23024591951980256,increases predicted RUL,14.199697494506836,9.0
98,Sensor_14,0.0031389885688729896,0.4946723238826962,increases predicted RUL,14.199697494506836,9.0
98,Sensor_15,0.7703659833619417,-7.947359324636636,decreases predicted RUL,14.199697494506836,9.0
98,Sensor_17,0.6728974610257323,-2.727006669214461,decreases predicted RUL,14.199697494506836,9.0
98,Sensor_18,0.0,0.0,decreases predicted RUL,14.199697494506836,9.0
98,Sensor_19,-0.08379885428346123,0.38170001143589616,increases predicted RUL,14.199697494506836,9.0
98,Sensor_20,-0.47485569519934023,-1.1405981706338935,decreases predicted RUL,14.199697494506836,9.0
98,Sensor_21,-0.35822750923934055,-0.04312132915947586,decreases predicted RUL,14.199697494506836,9.0
98,Sensor_11_diff1,0.046987598180690364,-0.8963843296514824,decreases predicted RUL,14.199697494506836,9.0
98,Sensor_11_roll_mean5,0.997387334592256,-3.090062157250941,decreases predicted RUL,14.199697494506836,9.0
98,Sensor_11_roll_std5,0.05788577675545385,-0.36014136380981654,decreases predicted RUL,14.199697494506836,9.0
98,Sensor_4_diff1,0.020147036191048726,0.08801519419648685,increases predicted RUL,14.199697494506836,9.0
98,Sensor_4_roll_mean5,1.0375608970991774,-0.32191896287258714,decreases predicted RUL,14.199697494506836,9.0
98,Sensor_4_roll_std5,0.030839128154128054,-0.7724456507712603,decreases predicted RUL,14.199697494506836,9.0
98,Sensor_15_diff1,0.05435127998245452,-0.23912500403821468,decreases predicted RUL,14.199697494506836,9.0
98,Sensor_15_roll_mean5,0.8737361266969735,0.19836810464039445,increases predicted RUL,14.199697494506836,9.0
98,Sensor_15_roll_std5,-0.16455029280927477,-0.9459667430492118,decreases predicted RUL,14.199697494506836,9.0
98,Sensor_12_diff1,-0.01099046305767908,-0.4216243694536388,decreases predicted RUL,14.199697494506836,9.0
98,Sensor_12_roll_mean5,-0.6671809551314547,-0.6248137553338893,decreases predicted RUL,14.199697494506836,9.0
98,Sensor_12_roll_std5,-0.09797832956990407,0.7105073614793582,increases predicted RUL,14.199697494506836,9.0
98,Sensor_13_diff1,-0.007041477156911411,-0.498190137965139,decreases predicted RUL,14.199697494506836,9.0
98,Sensor_13_roll_mean5,0.40466138614305863,-0.5646469726052601,decreases predicted RUL,14.199697494506836,9.0
98,Sensor_13_roll_std5,-0.47516498948227054,-0.9251218038843945,decreases predicted RUL,14.199697494506836,9.0
98,Sensor_8_diff1,-0.004279528972108319,-0.09981281193904579,decreases predicted RUL,14.199697494506836,9.0
98,Sensor_8_roll_mean5,0.42456266873387605,-0.014132939511910081,decreases predicted RUL,14.199697494506836,9.0
98,Sensor_8_roll_std5,-0.48654473576445667,-0.15738444120506756,decreases predicted RUL,14.199697494506836,9.0
98,Regime_OneHot_0,0.11707807772235006,-0.13204410826438107,decreases predicted RUL,14.199697494506836,9.0
98,Regime_OneHot_1,-0.19384678022338672,-2.0316793563542888,decreases predicted RUL,14.199697494506836,9.0
98,Regime_OneHot_2,0.08152881311153569,0.08063281208160333,increases predicted RUL,14.199697494506836,9.0
98,Regime_OneHot_3,0.08379885428132074,-1.0080425183696207,decreases predicted RUL,14.199697494506836,9.0
98,Regime_OneHot_4,-0.08519894722764342,-0.059124769060872495,decreases predicted RUL,14.199697494506836,9.0
98,Regime_OneHot_5,-0.02872421363465787,-0.3321975111030042,decreases predicted RUL,14.199697494506836,9.0
99,Regime_ID,2.56,-0.6186003822367638,decreases predicted RUL,10.839546203613281,14.0
99,Sensor_1,0.37624877991350375,-0.1315034325234592,decreases predicted RUL,10.839546203613281,14.0
99,Sensor_2,0.5729800801618425,-3.343440889730118,decreases predicted RUL,10.839546203613281,14.0
99,Sensor_3,0.6677959448601973,-3.560263156890869,decreases predicted RUL,10.839546203613281,14.0
99,Sensor_4,0.49121365900125175,-4.20866960613057,decreases predicted RUL,10.839546203613281,14.0
99,Sensor_5,0.009572015303803338,-0.7436828664503992,decreases predicted RUL,10.839546203613281,14.0
99,Sensor_6,0.3312533618691298,-1.519328450318426,decreases predicted RUL,10.839546203613281,14.0
99,Sensor_7,-0.2744689658210777,-0.2621282711625099,decreases predicted RUL,10.839546203613281,14.0
99,Sensor_8,1.2756504160888205,-2.5745159313082695,decreases predicted RUL,10.839546203613281,14.0
99,Sensor_9,1.8170265093810667,-12.554379252018407,decreases predicted RUL,10.839546203613281,14.0
99,Sensor_10,-0.15868225256545979,-0.7781418717058841,decreases predicted RUL,10.839546203613281,14.0
99,Sensor_11,0.5488219767122346,-3.4435595996910706,decreases predicted RUL,10.839546203613281,14.0
99,Sensor_12,-0.3498125747262344,-2.0007036901952233,decreases predicted RUL,10.839546203613281,14.0
99,Sensor_13,1.3331014776649441,-2.471938375965692,decreases predicted RUL,10.839546203613281,14.0
99,Sensor_14,1.735609093114678,1.5012493391986936,increases predicted RUL,10.839546203613281,14.0
99,Sensor_15,0.540355535355314,-3.9269406073726714,decreases predicted RUL,10.839546203613281,14.0
99,Sensor_17,0.5159929576559692,-1.8462907045613974,decreases predicted RUL,10.839546203613281,14.0
99,Sensor_18,0.0,0.0,decreases predicted RUL,10.839546203613281,14.0
99,Sensor_19,0.08420159555565174,-1.7264683091052575,decreases predicted RUL,10.839546203613281,14.0
99,Sensor_20,-0.3806434818759483,-1.0241128382040188,decreases predicted RUL,10.839546203613281,14.0
99,Sensor_21,-0.608297053268376,-0.5036284388042986,decreases predicted RUL,10.839546203613281,14.0
99,Sensor_11_diff1,0.021668314629090517,-0.5011759054614231,decreases predicted RUL,10.839546203613281,14.0
99,Sensor_11_roll_mean5,0.5866746730533248,-1.3680972261354327,decreases predicted RUL,10.839546203613281,14.0
99,Sensor_11_roll_std5,-0.30091088167974833,0.23640431347303092,increases predicted RUL,10.839546203613281,14.0
99,Sensor_4_diff1,0.015239812589506378,-0.4581804904155433,decreases predicted RUL,10.839546203613281,14.0
99,Sensor_4_roll_mean5,0.5524384384147187,-0.895262940437533,decreases predicted RUL,10.839546203613281,14.0
99,Sensor_4_roll_std5,0.4326290452372035,0.16394059569574893,increases predicted RUL,10.839546203613281,14.0
99,Sensor_15_diff1,0.03232676806686463,-0.5660993221681565,decreases predicted RUL,10.839546203613281,14.0
99,Sensor_15_roll_mean5,0.6116384862560504,1.853782830934506,increases predicted RUL,10.839546203613281,14.0
99,Sensor_15_roll_std5,0.38932352005320964,-0.5756365447305143,decreases predicted RUL,10.839546203613281,14.0
99,Sensor_12_diff1,0.01883847779944536,-0.10105920303612947,decreases predicted RUL,10.839546203613281,14.0
99,Sensor_12_roll_mean5,-0.4856152147202106,0.5603845219011419,increases predicted RUL,10.839546203613281,14.0
99,Sensor_12_roll_std5,-0.1967787176115925,0.47352588415378705,increases predicted RUL,10.839546203613281,14.0
99,Sensor_13_diff1,0.07544102002093556,-0.2110878457315266,decreases predicted RUL,10.839546203613281,14.0
99,Sensor_13_roll_mean5,1.5900201654721535,-0.9774791612289846,decreases predicted RUL,10.839546203613281,14.0
99,Sensor_13_roll_std5,0.3828722949052231,-3.0741971265524626,decreases predicted RUL,10.839546203613281,14.0
99,Sensor_8_diff1,0.0809721353120803,-0.24903905065730214,decreases predicted RUL,10.839546203613281,14.0
99,Sensor_8_roll_mean5,1.5249007734815956,0.7918495265184902,increases predicted RUL,10.839546203613281,14.0
99,Sensor_8_roll_std5,0.2516236382328278,-2.227124716831895,decreases predicted RUL,10.839546203613281,14.0
99,Regime_OneHot_0,-0.2989765117837161,1.2234412387479097,increases predicted RUL,10.839546203613281,14.0
99,Regime_OneHot_1,-0.02536466560546431,-0.7523987628519535,decreases predicted RUL,10.839546203613281,14.0
99,Regime_OneHot_2,0.41684042739158644,-0.5344689415651374,decreases predicted RUL,10.839546203613281,14.0
99,Regime_OneHot_3,-0.08420159555326137,1.0494089176063426,increases predicted RUL,10.839546203613281,14.0
99,Regime_OneHot_4,-0.02925837103743795,0.37504717728006653,increases predicted RUL,10.839546203613281,14.0
99,Regime_OneHot_5,0.08321712113138961,0.4276971351355314,increases predicted RUL,10.839546203613281,14.0
