Sample,Feature,Feature_Value,SHAP_Value,Influence,Prediction,Actual_RUL
0,Sensor_2,-0.44872066723896437,1.9708921432495217,increases predicted RUL,125.0,112.0
0,Sensor_3,-0.49302447884258216,0.0642637252807603,increases predicted RUL,125.0,112.0
0,Sensor_4,-0.5102830386758652,1.7793891906738395,increases predicted RUL,125.0,112.0
0,Sensor_7,0.5443847489585507,-0.8130415916442928,decreases predicted RUL,125.0,112.0
0,Sensor_8,-0.43001410317005656,-1.4374702453613324,decreases predicted RUL,125.0,112.0
0,Sensor_9,-0.4545180120276421,1.9754966735839758,increases predicted RUL,125.0,112.0
0,Sensor_11,-0.5396276412938815,0.7955070495605483,increases predicted RUL,125.0,112.0
0,Sensor_12,0.4705516941572421,0.18472280502319904,increases predicted RUL,125.0,112.0
0,Sensor_13,-0.33948057389254105,4.297254371643064,increases predicted RUL,125.0,112.0
0,Sensor_14,-0.41435344736359975,0.5939741134643555,increases predicted RUL,125.0,112.0
0,Sensor_15,-0.4323326846475877,0.8848952293395911,increases predicted RUL,125.0,112.0
0,Sensor_17,-0.5879708224134339,-0.3410131454467731,decreases predicted RUL,125.0,112.0
0,Sensor_20,0.5550019591814495,0.9807790756225501,increases predicted RUL,125.0,112.0
0,Sensor_21,0.5119960428273295,1.77628946304322,increases predicted RUL,125.0,112.0
1,Sensor_2,-0.14781758568104986,1.6115549087524386,increases predicted RUL,109.40583801269531,98.0
1,Sensor_3,-0.21446028982496174,0.13148097991943075,increases predicted RUL,109.40583801269531,98.0
1,Sensor_4,-0.2925103284862461,1.6660890579223562,increases predicted RUL,109.40583801269531,98.0
1,Sensor_7,0.23912551549646557,2.351015377044682,increases predicted RUL,109.40583801269531,98.0
1,Sensor_8,0.20682748262431197,-0.9346220016479521,decreases predicted RUL,109.40583801269531,98.0
1,Sensor_9,-0.7653481737253991,0.2794426918029771,increases predicted RUL,109.40583801269531,98.0
1,Sensor_11,-0.22743961212475491,-0.8662668228149357,decreases predicted RUL,109.40583801269531,98.0
1,Sensor_12,0.16894017533207947,-0.24658145904540874,decreases predicted RUL,109.40583801269531,98.0
1,Sensor_13,0.13864082020334695,4.443423080444333,increases predicted RUL,109.40583801269531,98.0
1,Sensor_14,-0.7804199594506508,0.3617784500122099,increases predicted RUL,109.40583801269531,98.0
1,Sensor_15,-0.15989360144130532,-0.3952716827392564,decreases predicted RUL,109.40583801269531,98.0
1,Sensor_17,-0.30117719131084253,-0.8152105331420856,decreases predicted RUL,109.40583801269531,98.0
1,Sensor_20,0.21497351127564923,-1.6471689224243136,decreases predicted RUL,109.40583801269531,98.0
1,Sensor_21,0.21920674086416184,0.5528085708618136,increases predicted RUL,109.40583801269531,98.0
2,Sensor_2,0.23451360588215306,-9.203003597259524,decreases predicted RUL,60.77632141113281,69.0
2,Sensor_3,0.200926636076112,-0.3302519798278851,decreases predicted RUL,60.77632141113281,69.0
2,Sensor_4,0.28138994602969747,-7.767880630493167,decreases predicted RUL,60.77632141113281,69.0
2,Sensor_7,-0.3415672609923623,-1.0028882026672363,decreases predicted RUL,60.77632141113281,69.0
2,Sensor_8,0.6191326042383983,1.3364810943603587,increases predicted RUL,60.77632141113281,69.0
2,Sensor_9,-0.6227753952967269,0.2426704406738196,increases predicted RUL,60.77632141113281,69.0
2,Sensor_11,0.31388184980914835,-0.9535772323608427,decreases predicted RUL,60.77632141113281,69.0
2,Sensor_12,-0.40902439793577516,7.723586463928221,increases predicted RUL,60.77632141113281,69.0
2,Sensor_13,0.6180388675271515,1.0773366928100643,increases predicted RUL,60.77632141113281,69.0
2,Sensor_14,-0.7399839594286363,1.143934726715088,increases predicted RUL,60.77632141113281,69.0
2,Sensor_15,0.3293615513959975,-0.34747810363769105,decreases predicted RUL,60.77632141113281,69.0
2,Sensor_17,0.1739147004877457,1.8891114234924302,increases predicted RUL,60.77632141113281,69.0
2,Sensor_20,-0.05350531764668891,-0.2393973350524874,decreases predicted RUL,60.77632141113281,69.0
2,Sensor_21,-0.30479347698549497,-2.7315446853637653,decreases predicted RUL,60.77632141113281,69.0
3,Sensor_2,-0.019465491162847185,1.1730836868286119,increases predicted RUL,86.52291107177734,82.0
3,Sensor_3,0.022130381921471067,-0.2376740455627484,decreases predicted RUL,86.52291107177734,82.0
3,Sensor_4,0.03377836133535326,0.5840126991272001,increases predicted RUL,86.52291107177734,82.0
3,Sensor_7,-0.024756450121459647,1.181868553161621,increases predicted RUL,86.52291107177734,82.0
3,Sensor_8,0.25285163313257675,-0.016427230834956674,decreases predicted RUL,86.52291107177734,82.0
3,Sensor_9,-0.5815116605088196,-0.6220314025878935,decreases predicted RUL,86.52291107177734,82.0
3,Sensor_11,0.10795175623619935,-1.180293083190918,decreases predicted RUL,86.52291107177734,82.0
3,Sensor_12,0.01617546393457755,1.394292068481441,increases predicted RUL,86.52291107177734,82.0
3,Sensor_13,0.22314013979032918,1.6991601943969812,increases predicted RUL,86.52291107177734,82.0
3,Sensor_14,-0.5255961742800881,1.3622514724731474,increases predicted RUL,86.52291107177734,82.0
3,Sensor_15,0.016329351597405527,-0.9237240791320787,decreases predicted RUL,86.52291107177734,82.0
3,Sensor_17,-0.05853449886052917,1.6063838005065918,increases predicted RUL,86.52291107177734,82.0
3,Sensor_20,0.06378891636951756,0.4343585968017507,increases predicted RUL,86.52291107177734,82.0
3,Sensor_21,-0.033823741480327796,-2.263875961303711,decreases predicted RUL,86.52291107177734,82.0
4,Sensor_2,-0.11385772250553124,1.4282659530639634,increases predicted RUL,101.9626235961914,91.0
4,Sensor_3,-0.11778151993389345,0.14433135986328693,increases predicted RUL,101.9626235961914,91.0
4,Sensor_4,-0.026707929029719853,2.839372444152829,increases predicted RUL,101.9626235961914,91.0
4,Sensor_7,0.03444785262333072,0.8036788940429673,increases predicted RUL,101.9626235961914,91.0
4,Sensor_8,0.28947973024274876,0.45284709930420064,increases predicted RUL,101.9626235961914,91.0
4,Sensor_9,-0.561495669753498,-0.5210613250732408,decreases predicted RUL,101.9626235961914,91.0
4,Sensor_11,-0.01635513661147493,-1.5846622467041058,decreases predicted RUL,101.9626235961914,91.0
4,Sensor_12,-0.008230140381959471,1.5023353576660128,increases predicted RUL,101.9626235961914,91.0
4,Sensor_13,0.2704167480402565,2.4571192741394015,increases predicted RUL,101.9626235961914,91.0
4,Sensor_14,-0.6564222102290099,0.6216283798217788,increases predicted RUL,101.9626235961914,91.0
4,Sensor_15,-0.035718250958545916,-1.7965711593627915,decreases predicted RUL,101.9626235961914,91.0
4,Sensor_17,-0.07144834326876667,0.6977565765380831,increases predicted RUL,101.9626235961914,91.0
4,Sensor_20,0.05161687321689411,0.4475182533264217,increases predicted RUL,101.9626235961914,91.0
4,Sensor_21,-0.09438823029704245,-1.773097419738768,decreases predicted RUL,101.9626235961914,91.0
5,Sensor_2,-0.13825571450515112,1.482121658325191,increases predicted RUL,104.64468383789062,93.0
5,Sensor_3,-0.16671317131721608,-0.058985519409176845,decreases predicted RUL,104.64468383789062,93.0
5,Sensor_4,-0.0827721871454732,2.18251819610596,increases predicted RUL,104.64468383789062,93.0
5,Sensor_7,0.0190818503842242,0.8702379226684656,increases predicted RUL,104.64468383789062,93.0
5,Sensor_8,0.1373322499369659,0.05185813903808878,increases predicted RUL,104.64468383789062,93.0
5,Sensor_9,-0.5504189472676303,-0.40272274017334553,decreases predicted RUL,104.64468383789062,93.0
5,Sensor_11,-0.19308059873225958,-0.679645347595212,decreases predicted RUL,104.64468383789062,93.0
5,Sensor_12,0.04546218911441766,0.3118150711059542,increases predicted RUL,104.64468383789062,93.0
5,Sensor_13,0.13136790024567552,3.924626541137698,increases predicted RUL,104.64468383789062,93.0
5,Sensor_14,-0.5361331326170549,0.8646642684936481,increases predicted RUL,104.64468383789062,93.0
5,Sensor_15,-0.1647707081157178,-0.5501621246337862,decreases predicted RUL,104.64468383789062,93.0
5,Sensor_17,-0.1618452541264292,-0.7723306655883775,decreases predicted RUL,104.64468383789062,93.0
5,Sensor_20,0.12686223088766654,0.29454002380370525,increases predicted RUL,104.64468383789062,93.0
5,Sensor_21,0.20887763896395803,0.5210096359252887,increases predicted RUL,104.64468383789062,93.0
6,Sensor_2,-0.8581964620341995,-2.5249734878540124,decreases predicted RUL,100.228515625,91.0
6,Sensor_3,-0.6571061814808188,0.4174785614013743,increases predicted RUL,100.228515625,91.0
6,Sensor_4,-0.7586987045315097,2.5130504608154354,increases predicted RUL,100.228515625,91.0
6,Sensor_7,0.6775602404540053,-1.5805963516235337,decreases predicted RUL,100.228515625,91.0
6,Sensor_8,-0.896707106954978,-0.6021104812622156,decreases predicted RUL,100.228515625,91.0
6,Sensor_9,-0.02999413061973885,3.4153097152709933,increases predicted RUL,100.228515625,91.0
6,Sensor_11,-0.8221034300096324,7.065532493591306,increases predicted RUL,100.228515625,91.0
6,Sensor_12,0.8405425430709472,-5.262743759155271,decreases predicted RUL,100.228515625,91.0
6,Sensor_13,-0.9726799512463802,-4.367536544799805,decreases predicted RUL,100.228515625,91.0
6,Sensor_14,0.05298244150812546,-2.915980720520011,decreases predicted RUL,100.228515625,91.0
6,Sensor_15,-0.8334437495594272,2.8256259918212905,increases predicted RUL,100.228515625,91.0
6,Sensor_17,-0.639657497231216,-0.07869262695312074,decreases predicted RUL,100.228515625,91.0
6,Sensor_20,0.6812434690208606,1.9959913253784123,increases predicted RUL,100.228515625,91.0
6,Sensor_21,0.6372633124552237,2.0090787887573214,increases predicted RUL,100.228515625,91.0
7,Sensor_2,-0.1486548586360945,1.3935337066650462,increases predicted RUL,90.95381164550781,95.0
7,Sensor_3,-0.3130840511551791,0.17278480529785156,increases predicted RUL,90.95381164550781,95.0
7,Sensor_4,0.003001905730786851,1.8346435546875028,increases predicted RUL,90.95381164550781,95.0
7,Sensor_7,-0.06949863311178289,0.892843246459968,increases predicted RUL,90.95381164550781,95.0
7,Sensor_8,0.5036132210436844,1.0626751899719267,increases predicted RUL,90.95381164550781,95.0
7,Sensor_9,-0.7099219396622256,-0.5108104705810561,decreases predicted RUL,90.95381164550781,95.0
7,Sensor_11,-0.08375043996262,-0.38956909179687216,decreases predicted RUL,90.95381164550781,95.0
7,Sensor_12,-0.12510586772005922,0.8519945144653249,increases predicted RUL,90.95381164550781,95.0
7,Sensor_13,0.20367330109873621,2.3996573448181096,increases predicted RUL,90.95381164550781,95.0
7,Sensor_14,-0.7076496514572881,0.5249385833740305,increases predicted RUL,90.95381164550781,95.0
7,Sensor_15,-0.0012153832805754084,-2.6567254066467356,decreases predicted RUL,90.95381164550781,95.0
7,Sensor_17,-0.16184525412642917,-1.0020108222961426,decreases predicted RUL,90.95381164550781,95.0
7,Sensor_20,0.01288764500399357,0.06430644989013246,increases predicted RUL,90.95381164550781,95.0
7,Sensor_21,0.0011144672910027341,-1.9828947067260785,decreases predicted RUL,90.95381164550781,95.0
8,Sensor_2,-0.06506173850634143,1.3716028213500948,increases predicted RUL,112.20613861083984,111.0
8,Sensor_3,-0.15516530159074807,0.06774997711182351,increases predicted RUL,112.20613861083984,111.0
8,Sensor_4,-0.007686523977367826,1.7709272384643526,increases predicted RUL,112.20613861083984,111.0
8,Sensor_7,-0.06949863311177261,1.1996330261230455,increases predicted RUL,112.20613861083984,111.0
8,Sensor_8,0.20495335229541908,-1.1311393737792983,decreases predicted RUL,112.20613861083984,111.0
8,Sensor_9,-0.6371850972386784,-0.1334524154663086,decreases predicted RUL,112.20613861083984,111.0
8,Sensor_11,-0.1369178459396371,1.6812213897705135,increases predicted RUL,112.20613861083984,111.0
8,Sensor_12,0.07013896681225239,1.1517740249633803,increases predicted RUL,112.20613861083984,111.0
8,Sensor_13,0.20367330109848333,3.5544064521789522,increases predicted RUL,112.20613861083984,111.0
8,Sensor_14,-0.6996604352853776,0.43943748474121946,increases predicted RUL,112.20613861083984,111.0
8,Sensor_15,-0.14210653692076247,0.15742340087890483,increases predicted RUL,112.20613861083984,111.0
8,Sensor_17,-0.11018987649347921,0.7207139015197725,increases predicted RUL,112.20613861083984,111.0
8,Sensor_20,0.028379336289155968,-0.44143199920654297,decreases predicted RUL,112.20613861083984,111.0
8,Sensor_21,0.19380118293149068,0.4886350631713796,increases predicted RUL,112.20613861083984,111.0
9,Sensor_2,-0.48382727331909103,2.7632246971130385,increases predicted RUL,68.5333251953125,96.0
9,Sensor_3,-0.3574161273084615,0.2669195175170884,increases predicted RUL,68.5333251953125,96.0
9,Sensor_4,-0.6219268025487662,2.1304528236389118,increases predicted RUL,68.5333251953125,96.0
9,Sensor_7,0.5822006383231064,-1.5594394683837933,decreases predicted RUL,68.5333251953125,96.0
9,Sensor_8,-0.4374471201062352,-0.7039519309997502,decreases predicted RUL,68.5333251953125,96.0
9,Sensor_9,-0.09329356925728653,3.9358511924743667,increases predicted RUL,68.5333251953125,96.0
9,Sensor_11,-0.543536176158225,-0.13331565856933736,decreases predicted RUL,68.5333251953125,96.0
9,Sensor_12,0.5270661142941,-0.24136486053466655,decreases predicted RUL,68.5333251953125,96.0
9,Sensor_13,-0.5527524309050338,-4.133547782897949,decreases predicted RUL,68.5333251953125,96.0
9,Sensor_14,-0.04214375052301321,-1.2688863754272433,decreases predicted RUL,68.5333251953125,96.0
9,Sensor_15,-0.43791396661119025,1.134167194366455,increases predicted RUL,68.5333251953125,96.0
9,Sensor_17,-0.5105190531488413,-0.3716639518737779,decreases predicted RUL,68.5333251953125,96.0
9,Sensor_20,0.45329429725352094,-1.4796712875366254,decreases predicted RUL,68.5333251953125,96.0
9,Sensor_21,0.41209570256830796,2.1318775177001967,increases predicted RUL,68.5333251953125,96.0
10,Sensor_2,0.24011314502958275,-8.49323320388794,decreases predicted RUL,92.65188598632812,97.0
10,Sensor_3,0.13353144157082325,-0.09078655242920064,decreases predicted RUL,92.65188598632812,97.0
10,Sensor_4,0.20848196708487646,-6.03960552215576,decreases predicted RUL,92.65188598632812,97.0
10,Sensor_7,-0.12531337653910157,0.3859325408935561,increases predicted RUL,92.65188598632812,97.0
10,Sensor_8,0.7966379979286493,2.5108755111694308,increases predicted RUL,92.65188598632812,97.0
10,Sensor_9,-1.1788123728721818,0.48164329528808736,increases predicted RUL,92.65188598632812,97.0
10,Sensor_11,0.24424003634629426,-1.6993825912475629,decreases predicted RUL,92.65188598632812,97.0
10,Sensor_12,-0.31546958138903697,5.343511390686039,increases predicted RUL,92.65188598632812,97.0
10,Sensor_13,0.7292779457628922,1.8137123107910114,increases predicted RUL,92.65188598632812,97.0
10,Sensor_14,-1.272577401817913,6.499322414398193,increases predicted RUL,92.65188598632812,97.0
10,Sensor_15,0.0003844405684833063,-0.7565645217895494,decreases predicted RUL,92.65188598632812,97.0
10,Sensor_17,-0.22641447616761667,-1.0431861877441335,decreases predicted RUL,92.65188598632812,97.0
10,Sensor_20,-0.11547208278732518,-0.6764730453491268,decreases predicted RUL,92.65188598632812,97.0
10,Sensor_21,-0.1607357224693498,-3.014526748657225,decreases predicted RUL,92.65188598632812,97.0
11,Sensor_2,-0.5014258249253506,2.7813690185546847,increases predicted RUL,95.84432983398438,124.0
11,Sensor_3,-0.6513648677185117,0.5104717254638729,increases predicted RUL,95.84432983398438,124.0
11,Sensor_4,-0.6363706264787062,1.9287683486938505,increases predicted RUL,95.84432983398438,124.0
11,Sensor_7,0.6775602404540103,-1.8291100502014146,decreases predicted RUL,95.84432983398438,124.0
11,Sensor_8,-0.758647356306934,-0.45122432708740234,decreases predicted RUL,95.84432983398438,124.0
11,Sensor_9,0.09968412984847513,3.7190217018127427,increases predicted RUL,95.84432983398438,124.0
11,Sensor_11,-0.6962988637541551,4.923281097412108,increases predicted RUL,95.84432983398438,124.0
11,Sensor_12,0.6862448891141719,-3.6262544631957994,decreases predicted RUL,95.84432983398438,124.0
11,Sensor_13,-0.8225071956279598,-3.838787174224855,decreases predicted RUL,95.84432983398438,124.0
11,Sensor_14,0.17343927169062298,-4.216960334777831,decreases predicted RUL,95.84432983398438,124.0
11,Sensor_15,-0.5979496789784097,1.7318684577941923,increases predicted RUL,95.84432983398438,124.0
11,Sensor_17,-0.5492605863735541,-0.1639081954956083,decreases predicted RUL,95.84432983398438,124.0
11,Sensor_20,0.5019824698640172,-1.2208059310913129,decreases predicted RUL,95.84432983398438,124.0
11,Sensor_21,0.7563229725940035,1.0092910766601548,increases predicted RUL,95.84432983398438,124.0
12,Sensor_2,-0.5402226318755254,3.458193016052249,increases predicted RUL,89.47465515136719,95.0
12,Sensor_3,-0.29028190161054945,0.1555238723754897,increases predicted RUL,89.47465515136719,95.0
12,Sensor_4,-0.4231353427376181,2.524594879150392,increases predicted RUL,89.47465515136719,95.0
12,Sensor_7,0.47124906333193506,-0.39396190643310547,decreases predicted RUL,89.47465515136719,95.0
12,Sensor_8,-0.5388787736432105,-0.5198427200317397,decreases predicted RUL,89.47465515136719,95.0
12,Sensor_9,-0.10325627958800199,4.17051181793213,increases predicted RUL,89.47465515136719,95.0
12,Sensor_11,-0.5218199117450766,-1.5804202079772978,decreases predicted RUL,89.47465515136719,95.0
12,Sensor_12,0.5867242581789555,-2.6540916442871136,decreases predicted RUL,89.47465515136719,95.0
12,Sensor_13,-0.5305046152578599,-4.4224843025207505,decreases predicted RUL,89.47465515136719,95.0
12,Sensor_14,-0.053152512964619945,-1.1349424362182603,decreases predicted RUL,89.47465515136719,95.0
12,Sensor_15,-0.5098527123570671,1.2185964584350586,increases predicted RUL,89.47465515136719,95.0
12,Sensor_17,-0.2909836982088041,-0.16688213348388814,decreases predicted RUL,89.47465515136719,95.0
12,Sensor_20,0.51415451301665,-1.1516025543212862,decreases predicted RUL,89.47465515136719,95.0
12,Sensor_21,0.36954536158450957,0.9811313629150362,increases predicted RUL,89.47465515136719,95.0
13,Sensor_2,0.02188047344362673,1.2795639038086009,increases predicted RUL,112.98299407958984,107.0
13,Sensor_3,-0.03514419942936925,-0.023794937133779115,decreases predicted RUL,112.98299407958984,107.0
13,Sensor_4,0.02061254194832489,1.2394977569580092,increases predicted RUL,112.98299407958984,107.0
13,Sensor_7,-0.19941264926263647,-0.8236566543579187,decreases predicted RUL,112.98299407958984,107.0
13,Sensor_8,0.6970677738445862,1.462874412536614,increases predicted RUL,112.98299407958984,107.0
13,Sensor_9,-1.147527865790694,1.0044261932373004,increases predicted RUL,112.98299407958984,107.0
13,Sensor_11,0.11279467640753235,-0.27655334472655824,decreases predicted RUL,112.98299407958984,107.0
13,Sensor_12,-0.20743735810097688,3.0480432510375977,increases predicted RUL,112.98299407958984,107.0
13,Sensor_13,0.7389027869040088,2.9783596038818345,increases predicted RUL,112.98299407958984,107.0
13,Sensor_14,-1.228667234961098,5.747626495361331,increases predicted RUL,112.98299407958984,107.0
13,Sensor_15,0.01194707548249623,-0.8941923141479577,decreases predicted RUL,112.98299407958984,107.0
13,Sensor_17,-0.060566938043970314,1.3667821884155344,increases predicted RUL,112.98299407958984,107.0
13,Sensor_20,0.020089360772359833,0.12701740264892436,increases predicted RUL,112.98299407958984,107.0
13,Sensor_21,0.005792869607007602,-3.1408000946044936,decreases predicted RUL,112.98299407958984,107.0
14,Sensor_2,-0.7238075224954603,2.798867416381839,increases predicted RUL,109.51095581054688,83.0
14,Sensor_3,-0.49873073650348276,0.3097911834716811,increases predicted RUL,109.51095581054688,83.0
14,Sensor_4,-0.8112964449040783,2.9626564979553294,increases predicted RUL,109.51095581054688,83.0
14,Sensor_7,0.948950956471098,0.4851841926574636,increases predicted RUL,109.51095581054688,83.0
14,Sensor_8,-0.8121807290080324,0.21639137268066833,increases predicted RUL,109.51095581054688,83.0
14,Sensor_9,-0.42410083728366255,1.974463844299315,increases predicted RUL,109.51095581054688,83.0
14,Sensor_11,-0.9486568329690092,3.6415206909179645,increases predicted RUL,109.51095581054688,83.0
14,Sensor_12,0.9254198114162391,-4.408440971374517,decreases predicted RUL,109.51095581054688,83.0
14,Sensor_13,-0.7084871404355004,-4.114895439147951,decreases predicted RUL,109.51095581054688,83.0
14,Sensor_14,-0.3448218104532501,0.5435604095459041,increases predicted RUL,109.51095581054688,83.0
14,Sensor_15,-0.6972454125431409,2.842485427856438,increases predicted RUL,109.51095581054688,83.0
14,Sensor_17,-0.5750882751900289,0.15602493286132812,increases predicted RUL,109.51095581054688,83.0
14,Sensor_20,0.9567742640211939,3.2128120422363295,increases predicted RUL,109.51095581054688,83.0
14,Sensor_21,0.860527889289021,1.5511882781982465,increases predicted RUL,109.51095581054688,83.0
15,Sensor_2,-0.7218076870856368,2.8367017745971665,increases predicted RUL,111.35712432861328,84.0
15,Sensor_3,-0.6895315557975004,0.5301572799682646,increases predicted RUL,111.35712432861328,84.0
15,Sensor_4,-0.8496059102197954,2.716406440734872,increases predicted RUL,111.35712432861328,84.0
15,Sensor_7,0.8350617634048046,0.6319284439086985,increases predicted RUL,111.35712432861328,84.0
15,Sensor_8,-0.6459455190434861,-1.3923601150512752,decreases predicted RUL,111.35712432861328,84.0
15,Sensor_9,-0.36474119773144476,2.7817012786865263,increases predicted RUL,111.35712432861328,84.0
15,Sensor_11,-0.8018848390042895,7.12359800338745,increases predicted RUL,111.35712432861328,84.0
15,Sensor_12,0.9449442948694798,-4.271510696411141,decreases predicted RUL,111.35712432861328,84.0
15,Sensor_13,-0.6556485782734002,-4.320902156829831,decreases predicted RUL,111.35712432861328,84.0
15,Sensor_14,-0.23019438209697352,0.6043436050414996,increases predicted RUL,111.35712432861328,84.0
15,Sensor_15,-0.8493886605883546,2.4068054199218736,increases predicted RUL,111.35712432861328,84.0
15,Sensor_17,-0.6913128748641664,0.2593662261962848,increases predicted RUL,111.35712432861328,84.0
15,Sensor_20,0.8383734806274774,2.2386228561401396,increases predicted RUL,111.35712432861328,84.0
15,Sensor_21,0.6982897024984217,1.1934843063354492,increases predicted RUL,111.35712432861328,84.0
16,Sensor_2,-0.23944738624116838,1.286191177368167,increases predicted RUL,58.748321533203125,50.0
16,Sensor_3,-0.11820559424588478,-0.11149311065673828,decreases predicted RUL,58.748321533203125,50.0
16,Sensor_4,-0.16152435946502472,0.6971063613891602,increases predicted RUL,58.748321533203125,50.0
16,Sensor_7,0.31532933472928004,1.1821234703063936,increases predicted RUL,58.748321533203125,50.0
16,Sensor_8,-0.7473771725807172,-2.319786643981935,decreases predicted RUL,58.748321533203125,50.0
16,Sensor_9,0.8620488383728532,-31.176143741607667,decreases predicted RUL,58.748321533203125,50.0
16,Sensor_11,-0.3555781634789156,1.8524386405944853,increases predicted RUL,58.748321533203125,50.0
16,Sensor_12,0.47608551861064413,0.39542198181151633,increases predicted RUL,58.748321533203125,50.0
16,Sensor_13,-0.7446398408622202,-3.5816496849060044,decreases predicted RUL,58.748321533203125,50.0
16,Sensor_14,0.9460447043782445,-5.882921409606929,decreases predicted RUL,58.748321533203125,50.0
16,Sensor_15,-0.15021231108930838,-2.142889976501472,decreases predicted RUL,58.748321533203125,50.0
16,Sensor_17,-0.14893140971819163,-0.3742435455322237,decreases predicted RUL,58.748321533203125,50.0
16,Sensor_20,0.15341941594793657,-0.3351985931396442,decreases predicted RUL,58.748321533203125,50.0
16,Sensor_21,0.2764445503741895,0.5149532318115249,increases predicted RUL,58.748321533203125,50.0
17,Sensor_2,-0.1302563728659054,1.7260310173034767,increases predicted RUL,36.88079071044922,28.0
17,Sensor_3,-0.17989209608978637,0.04695148468017862,increases predicted RUL,36.88079071044922,28.0
17,Sensor_4,-0.2090112082931518,2.0094825744628864,increases predicted RUL,36.88079071044922,28.0
17,Sensor_7,0.20460373035926924,2.968095588684072,increases predicted RUL,36.88079071044922,28.0
17,Sensor_8,-0.08243633272637357,0.9253142356872601,increases predicted RUL,36.88079071044922,28.0
17,Sensor_9,-0.2542366261451464,4.8545051574707045,increases predicted RUL,36.88079071044922,28.0
17,Sensor_11,-0.2529875350443907,0.9978105545043974,increases predicted RUL,36.88079071044922,28.0
17,Sensor_12,0.20789504451003135,0.3885572433471651,increases predicted RUL,36.88079071044922,28.0
17,Sensor_13,-0.11613904882881258,4.034069633483881,increases predicted RUL,36.88079071044922,28.0
17,Sensor_14,-0.21520149610507086,1.3742679595947322,increases predicted RUL,36.88079071044922,28.0
17,Sensor_15,-0.09000560690317601,-2.0917861938476463,decreases predicted RUL,36.88079071044922,28.0
17,Sensor_17,-0.3297252314335162,-0.6484733581542983,decreases predicted RUL,36.88079071044922,28.0
17,Sensor_20,0.11026399022499458,-0.13462476730347106,decreases predicted RUL,36.88079071044922,28.0
17,Sensor_21,0.1544841505330859,0.27786626815795046,increases predicted RUL,36.88079071044922,28.0
18,Sensor_2,-0.6010176283335403,2.7669826507568374,increases predicted RUL,84.84171295166016,87.0
18,Sensor_3,-0.6750151658871126,-0.16389160156249716,decreases predicted RUL,84.84171295166016,87.0
18,Sensor_4,-0.802874584489543,2.5643344879150405,increases predicted RUL,84.84171295166016,87.0
18,Sensor_7,0.7451254561818214,-0.7895689964294448,decreases predicted RUL,84.84171295166016,87.0
18,Sensor_8,-0.5501489573698114,-0.4969179153442411,decreases predicted RUL,84.84171295166016,87.0
18,Sensor_9,-0.2711641766979517,3.0262668609619183,increases predicted RUL,84.84171295166016,87.0
18,Sensor_11,-0.7914011251496662,4.796025085449216,increases predicted RUL,84.84171295166016,87.0
18,Sensor_12,0.5726232423516322,-1.8604117393493667,decreases predicted RUL,84.84171295166016,87.0
18,Sensor_13,-0.625057831758853,-3.4589172363281335,decreases predicted RUL,84.84171295166016,87.0
18,Sensor_14,-0.15400326146539323,0.05386333465576598,increases predicted RUL,84.84171295166016,87.0
18,Sensor_15,-0.6932991803821362,1.9009159088134737,increases predicted RUL,84.84171295166016,87.0
18,Sensor_17,-0.704226719272404,-0.6021831512451215,decreases predicted RUL,84.84171295166016,87.0
18,Sensor_20,0.5041955686190432,-1.0985847473144474,decreases predicted RUL,84.84171295166016,87.0
18,Sensor_21,0.6556654573183834,0.9915674209594769,increases predicted RUL,84.84171295166016,87.0
19,Sensor_2,0.6280812145313895,-15.147034931182862,decreases predicted RUL,11.329174995422363,16.0
19,Sensor_3,0.6470201911873565,-0.7863382339477596,decreases predicted RUL,11.329174995422363,16.0
19,Sensor_4,0.6742841781916578,-19.948887157440186,decreases predicted RUL,11.329174995422363,16.0
19,Sensor_7,-0.8592659540774009,-4.98814935684204,decreases predicted RUL,11.329174995422363,16.0
19,Sensor_8,0.6529431554182016,2.687070655822758,increases predicted RUL,11.329174995422363,16.0
19,Sensor_9,-0.027911018459687843,1.3773643493652301,increases predicted RUL,11.329174995422363,16.0
19,Sensor_11,0.6897978751677677,-13.931029796600342,decreases predicted RUL,11.329174995422363,16.0
19,Sensor_12,-0.7252125605255842,-2.6818162918090778,decreases predicted RUL,11.329174995422363,16.0
19,Sensor_13,0.7098111070724374,-0.09531164169311523,decreases predicted RUL,11.329174995422363,16.0
19,Sensor_14,-0.06999067723244938,-5.232623386383054,decreases predicted RUL,11.329174995422363,16.0
19,Sensor_15,0.59162600771789,-3.267361259460447,decreases predicted RUL,11.329174995422363,16.0
19,Sensor_17,0.5355023439183957,-0.4182792663574233,decreases predicted RUL,11.329174995422363,16.0
19,Sensor_20,-0.6045669076473495,-2.8263509750366183,decreases predicted RUL,11.329174995422363,16.0
19,Sensor_21,-0.6849012342845469,-1.5952928543090863,decreases predicted RUL,11.329174995422363,16.0
20,Sensor_2,-0.8165998855102898,2.4462060928344727,increases predicted RUL,57.974735260009766,57.0
20,Sensor_3,-0.6402410723040356,0.8875669479370103,increases predicted RUL,57.974735260009766,57.0
20,Sensor_4,-0.7689871514231434,2.4797710418701158,increases predicted RUL,57.974735260009766,57.0
20,Sensor_7,0.7571018991034717,0.04657039642334837,increases predicted RUL,57.974735260009766,57.0
20,Sensor_8,-1.0347668576031501,1.422297668457027,increases predicted RUL,57.974735260009766,57.0
20,Sensor_9,0.2814401943181211,0.4466760635376019,increases predicted RUL,57.974735260009766,57.0
20,Sensor_11,-0.8295917970486499,8.326354694366458,increases predicted RUL,57.974735260009766,57.0
20,Sensor_12,0.7873925603371594,-3.4483491897582965,decreases predicted RUL,57.974735260009766,57.0
20,Sensor_13,-0.9281843199516544,-1.930943107604989,decreases predicted RUL,57.974735260009766,57.0
20,Sensor_14,0.4126020146006148,-6.009383201599121,decreases predicted RUL,57.974735260009766,57.0
20,Sensor_15,-0.6805539170513241,2.3278845787048326,increases predicted RUL,57.974735260009766,57.0
20,Sensor_17,-0.6267436528229787,-0.4280483245849638,decreases predicted RUL,57.974735260009766,57.0
20,Sensor_20,0.6281290989003182,2.0236997604370117,increases predicted RUL,57.974735260009766,57.0
20,Sensor_21,0.718816593003416,0.8437576293945312,increases predicted RUL,57.974735260009766,57.0
21,Sensor_2,-0.30863093179987866,1.547365474700925,increases predicted RUL,125.0,111.0
21,Sensor_3,-0.18643489501183924,0.12210502624512287,increases predicted RUL,125.0,111.0
21,Sensor_4,-0.25396128040198906,1.40589790344238,increases predicted RUL,125.0,111.0
21,Sensor_7,0.20742437076807874,2.5087408065795955,increases predicted RUL,125.0,111.0
21,Sensor_8,0.002982657319789224,0.27263545989989524,increases predicted RUL,125.0,111.0
21,Sensor_9,-0.5767093190152011,-0.20506668090821023,decreases predicted RUL,125.0,111.0
21,Sensor_11,-0.2520253101875999,0.2950233459472571,increases predicted RUL,125.0,111.0
21,Sensor_12,0.24906377995520476,0.19722633361816122,increases predicted RUL,125.0,111.0
21,Sensor_13,-0.019451067554999785,4.469722938537593,increases predicted RUL,125.0,111.0
21,Sensor_14,-0.5731016648081484,0.9046701431274471,increases predicted RUL,125.0,111.0
21,Sensor_15,-0.20711196564051307,-0.816934680938715,decreases predicted RUL,125.0,111.0
21,Sensor_17,-0.2998013670653267,-0.6440416336059513,decreases predicted RUL,125.0,111.0
21,Sensor_20,0.39342746043570315,-1.831240272521967,decreases predicted RUL,125.0,111.0
21,Sensor_21,0.22233909791514808,0.8829904556274428,increases predicted RUL,125.0,111.0
22,Sensor_2,-0.9157917218365419,-1.552945518493651,decreases predicted RUL,118.04000091552734,113.0
22,Sensor_3,-0.8395559989387493,0.30311670303345295,increases predicted RUL,118.04000091552734,113.0
22,Sensor_4,-1.0682631832515062,0.7405992507934585,increases predicted RUL,118.04000091552734,113.0
22,Sensor_7,0.9724519010720698,1.791412067413333,increases predicted RUL,118.04000091552734,113.0
22,Sensor_8,-0.8628965557760716,0.38109664916991903,increases predicted RUL,118.04000091552734,113.0
22,Sensor_9,-0.6374115224734624,1.564175987243651,increases predicted RUL,118.04000091552734,113.0
22,Sensor_11,-1.095428826933731,4.068878364562991,increases predicted RUL,118.04000091552734,113.0
22,Sensor_12,0.9058953279630084,-1.0676579475402903,decreases predicted RUL,118.04000091552734,113.0
22,Sensor_13,-0.7724496104209342,-2.921332645416264,decreases predicted RUL,118.04000091552734,113.0
22,Sensor_14,-0.48859624794063256,0.8516391754150447,increases predicted RUL,118.04000091552734,113.0
22,Sensor_15,-1.0186500238184668,3.357104873657228,increases predicted RUL,118.04000091552734,113.0
22,Sensor_17,-0.9495897630289165,0.16338739395141744,increases predicted RUL,118.04000091552734,113.0
22,Sensor_20,0.8826354557279323,3.011728286743164,increases predicted RUL,118.04000091552734,113.0
22,Sensor_21,0.8776182346689677,2.1117854118347097,increases predicted RUL,118.04000091552734,113.0
23,Sensor_2,0.01893134870539462,0.6046612739563031,increases predicted RUL,19.272823333740234,20.0
23,Sensor_3,0.10922872138377546,-0.484327983856204,decreases predicted RUL,19.272823333740234,20.0
23,Sensor_4,-0.01679724368702178,0.5032340049743596,increases predicted RUL,19.272823333740234,20.0
23,Sensor_7,0.25928862068078024,1.6093294143676786,increases predicted RUL,19.272823333740234,20.0
23,Sensor_8,-0.8009105452807905,-3.3754080772399924,decreases predicted RUL,19.272823333740234,20.0
23,Sensor_9,2.141931063530429,-47.57928256988525,decreases predicted RUL,19.272823333740234,20.0
23,Sensor_11,-0.013359789795868075,-2.9378649711608915,decreases predicted RUL,19.272823333740234,20.0
23,Sensor_12,0.38225952868263,-0.8268431663513134,decreases predicted RUL,19.272823333740234,20.0
23,Sensor_13,-0.605590993067766,-1.0410569190979047,decreases predicted RUL,19.272823333740234,20.0
23,Sensor_14,2.237299147029103,-10.154015541076657,decreases predicted RUL,19.272823333740234,20.0
23,Sensor_15,0.0489124306565106,-2.30639734268188,decreases predicted RUL,19.272823333740234,20.0
23,Sensor_17,0.10934547844655826,0.20031108856201385,increases predicted RUL,19.272823333740234,20.0
23,Sensor_20,0.11358363835753112,-0.18513565063476634,decreases predicted RUL,19.272823333740234,20.0
23,Sensor_21,0.029087205566931167,-0.7140684127807653,decreases predicted RUL,19.272823333740234,20.0
24,Sensor_2,-0.599343082423442,2.6846380233764577,increases predicted RUL,125.0,145.0
24,Sensor_3,-0.5880269643437582,0.758969974517818,increases predicted RUL,125.0,145.0
24,Sensor_4,-0.7390605184752843,2.695053863525388,increases predicted RUL,125.0,145.0
24,Sensor_7,0.6381379125700127,-0.7569509506225458,decreases predicted RUL,125.0,145.0
24,Sensor_8,-0.5097725996014689,-1.246924400329597,decreases predicted RUL,125.0,145.0
24,Sensor_9,-0.6745218201338089,0.22443237304687358,increases predicted RUL,125.0,145.0
24,Sensor_11,-0.7208355250089508,2.28636093139648,increases predicted RUL,125.0,145.0
24,Sensor_12,0.6262325939237282,-3.1140730857849093,decreases predicted RUL,125.0,145.0
24,Sensor_13,-0.35744308885583764,3.25704917907715,increases predicted RUL,125.0,145.0
24,Sensor_14,-0.5895985564493137,1.2058225631713881,increases predicted RUL,125.0,145.0
24,Sensor_15,-0.7385255799791934,2.0859018325805607,increases predicted RUL,125.0,145.0
24,Sensor_17,-0.6342167946188183,-0.028518104553221235,decreases predicted RUL,125.0,145.0
24,Sensor_20,0.5609107966237711,0.48167476654052876,increases predicted RUL,125.0,145.0
24,Sensor_21,0.6967212192803638,2.79187469482423,increases predicted RUL,125.0,145.0
25,Sensor_2,-0.7374064032821177,2.4549342155456557,increases predicted RUL,109.72616577148438,119.0
25,Sensor_3,-0.7085496576351449,0.3358009338378949,increases predicted RUL,109.72616577148438,119.0
25,Sensor_4,-0.9415130729493845,1.1951547622680678,increases predicted RUL,109.72616577148438,119.0
25,Sensor_7,0.9078243034193737,-0.5178171157836928,decreases predicted RUL,109.72616577148438,119.0
25,Sensor_8,-1.012226490150717,0.0008421897888197805,increases predicted RUL,109.72616577148438,119.0
25,Sensor_9,0.034844999614364845,3.108416748046878,increases predicted RUL,109.72616577148438,119.0
25,Sensor_11,-0.9538986898963224,2.9160938262939453,increases predicted RUL,109.72616577148438,119.0
25,Sensor_12,0.889082578322727,-1.9896642684936552,decreases predicted RUL,109.72616577148438,119.0
25,Sensor_13,-0.9698989742902937,-3.421827697753912,decreases predicted RUL,109.72616577148438,119.0
25,Sensor_14,0.1714996325937709,-3.680846786499025,decreases predicted RUL,109.72616577148438,119.0
25,Sensor_15,-0.8736526556323686,3.7894208908081026,increases predicted RUL,109.72616577148438,119.0
25,Sensor_17,-0.8204513189465418,0.589120578765872,increases predicted RUL,109.72616577148438,119.0
25,Sensor_20,0.7819394623743999,4.741031169891357,increases predicted RUL,109.72616577148438,119.0
25,Sensor_21,0.8507355832875382,1.212946891784668,increases predicted RUL,109.72616577148438,119.0
26,Sensor_2,-0.5770196034159126,2.742478752136229,increases predicted RUL,92.51920318603516,66.0
26,Sensor_3,-0.536571213573248,0.36821670532226136,increases predicted RUL,92.51920318603516,66.0
26,Sensor_4,-0.6377261238013632,1.7727025985717688,increases predicted RUL,92.51920318603516,66.0
26,Sensor_7,0.6113508484531678,0.005177497863762426,increases predicted RUL,92.51920318603516,66.0
26,Sensor_8,-0.4036365689269445,-1.4634252548217788,decreases predicted RUL,92.51920318603516,66.0
26,Sensor_9,-0.6196235560284594,0.2835540771484446,increases predicted RUL,92.51920318603516,66.0
26,Sensor_11,-0.6019454390625528,3.0097436904907227,increases predicted RUL,92.51920318603516,66.0
26,Sensor_12,0.42157966897038934,0.8877037048339886,increases predicted RUL,92.51920318603516,66.0
26,Sensor_13,-0.4609801913610122,-1.6282320022582937,decreases predicted RUL,92.51920318603516,66.0
26,Sensor_14,-0.5841208523267973,0.5873401641845746,increases predicted RUL,92.51920318603516,66.0
26,Sensor_15,-0.6715949034966141,1.2997489929199233,increases predicted RUL,92.51920318603516,66.0
26,Sensor_17,-0.652571341639454,-0.5638019561767607,decreases predicted RUL,92.51920318603516,66.0
26,Sensor_20,0.615957055747691,2.0172172546386733,increases predicted RUL,92.51920318603516,66.0
26,Sensor_21,0.5351831414020317,0.7046108245849609,increases predicted RUL,92.51920318603516,66.0
27,Sensor_2,-0.1534544636196128,1.8067377090454144,increases predicted RUL,108.1324691772461,97.0
27,Sensor_3,-0.1052876382806903,0.11350793838501261,increases predicted RUL,108.1324691772461,97.0
27,Sensor_4,-0.1470805355350839,2.0273941040039105,increases predicted RUL,108.1324691772461,97.0
27,Sensor_7,0.044164589333352905,0.9243753433227582,increases predicted RUL,108.1324691772461,97.0
27,Sensor_8,0.018995320810857967,0.6276283264160156,increases predicted RUL,108.1324691772461,97.0
27,Sensor_9,-0.4501306822749853,1.9024660110473661,increases predicted RUL,108.1324691772461,97.0
27,Sensor_11,-0.06053650214167103,0.19966945648193501,increases predicted RUL,108.1324691772461,97.0
27,Sensor_12,0.15664327544531506,0.028774070739736146,increases predicted RUL,108.1324691772461,97.0
27,Sensor_13,0.09521519981895551,3.808884811401363,increases predicted RUL,108.1324691772461,97.0
27,Sensor_14,-0.47222988777744157,0.6783861160278306,increases predicted RUL,108.1324691772461,97.0
27,Sensor_15,-0.16178437026415005,-0.5301744461059599,decreases predicted RUL,108.1324691772461,97.0
27,Sensor_17,-0.1489314097181917,-0.6880501747131333,decreases predicted RUL,108.1324691772461,97.0
27,Sensor_20,0.1036246939599277,0.22597703933715252,increases predicted RUL,108.1324691772461,97.0
27,Sensor_21,0.19568573993554647,0.5806405067443876,increases predicted RUL,108.1324691772461,97.0
28,Sensor_2,-0.319040835551319,1.22616806030274,increases predicted RUL,101.20816040039062,90.0
28,Sensor_3,-0.329264117212597,0.30197448730468324,increases predicted RUL,101.20816040039062,90.0
28,Sensor_4,-0.5684179902052338,2.69600772857666,increases predicted RUL,101.20816040039062,90.0
28,Sensor_7,0.5252560417899568,-2.1012163162231516,decreases predicted RUL,101.20816040039062,90.0
28,Sensor_8,-0.637492881249176,-1.0456550598144503,decreases predicted RUL,101.20816040039062,90.0
28,Sensor_9,0.06414442499603275,4.084578037261963,increases predicted RUL,101.20816040039062,90.0
28,Sensor_11,-0.555517563420652,0.1283336639404311,increases predicted RUL,101.20816040039062,90.0
28,Sensor_12,0.42998604379052835,-0.1733016014099107,decreases predicted RUL,101.20816040039062,90.0
28,Sensor_13,-0.5777812235085462,-4.704989814758299,decreases predicted RUL,101.20816040039062,90.0
28,Sensor_14,0.13755070613098636,-2.7836318969726577,decreases predicted RUL,101.20816040039062,90.0
28,Sensor_15,-0.3628289006288326,0.4043230056762752,increases predicted RUL,101.20816040039062,90.0
28,Sensor_17,-0.31681138702527895,-0.31247005462646626,decreases predicted RUL,101.20816040039062,90.0
28,Sensor_20,0.4743187354262359,-0.8859695434570298,decreases predicted RUL,101.20816040039062,90.0
28,Sensor_21,0.3803723263333182,1.7244602203369084,increases predicted RUL,101.20816040039062,90.0
29,Sensor_2,0.1177232179496458,0.5402946472167969,increases predicted RUL,89.8646240234375,115.0
29,Sensor_3,-0.08535614561721858,-0.01685276031494709,decreases predicted RUL,89.8646240234375,115.0
29,Sensor_4,0.07339888143855852,-2.5264648437500057,decreases predicted RUL,89.8646240234375,115.0
29,Sensor_7,-0.14090534939936605,1.0747615814209013,increases predicted RUL,89.8646240234375,115.0
29,Sensor_8,0.4331745727540934,1.2534000396728473,increases predicted RUL,89.8646240234375,115.0
29,Sensor_9,-0.6956299788423514,-0.16876525878906534,decreases predicted RUL,89.8646240234375,115.0
29,Sensor_11,0.12817034724154155,-0.8336629867553711,decreases predicted RUL,89.8646240234375,115.0
29,Sensor_12,-0.12022474685674693,1.5607763290405288,increases predicted RUL,89.8646240234375,115.0
29,Sensor_13,0.542952489718384,2.4672588348388587,increases predicted RUL,89.8646240234375,115.0
29,Sensor_14,-0.7177777129035664,0.7820812225341882,increases predicted RUL,89.8646240234375,115.0
29,Sensor_15,0.12138445101873777,-0.23145046234130007,decreases predicted RUL,89.8646240234375,115.0
29,Sensor_17,-0.058534498860529166,1.401871681213379,increases predicted RUL,89.8646240234375,115.0
29,Sensor_20,-0.16858645290786597,0.5214181900024428,increases predicted RUL,89.8646240234375,115.0
29,Sensor_21,-0.21924936984047114,-1.9741928100585895,decreases predicted RUL,89.8646240234375,115.0
30,Sensor_2,0.8284647225936409,-10.560779380798337,decreases predicted RUL,16.82324981689453,8.0
30,Sensor_3,0.66835439119048,-1.4529362678527882,decreases predicted RUL,16.82324981689453,8.0
30,Sensor_4,0.9928038277482207,-15.37227640151977,decreases predicted RUL,16.82324981689453,8.0
30,Sensor_7,-0.9218598161396376,-5.597897720336917,decreases predicted RUL,16.82324981689453,8.0
30,Sensor_8,0.650125609486167,0.6115452766418485,increases predicted RUL,16.82324981689453,8.0
30,Sensor_9,0.6689805691731674,-13.845367336273199,decreases predicted RUL,16.82324981689453,8.0
30,Sensor_11,0.9481465380138306,-13.349426174163824,decreases predicted RUL,16.82324981689453,8.0
30,Sensor_12,-0.9209997418204787,-0.20354976654052948,decreases predicted RUL,16.82324981689453,8.0
30,Sensor_13,0.5512954205858841,0.6283463478088365,increases predicted RUL,16.82324981689453,8.0
30,Sensor_14,0.5233501647631837,-9.312912082672117,decreases predicted RUL,16.82324981689453,8.0
30,Sensor_15,0.8614629635919789,-4.020483779907224,decreases predicted RUL,16.82324981689453,8.0
30,Sensor_17,0.7292100100419581,-0.6599312782287612,decreases predicted RUL,16.82324981689453,8.0
30,Sensor_20,-0.9166138321055556,-2.090130233764647,decreases predicted RUL,16.82324981689453,8.0
30,Sensor_21,-0.9022165233212179,-0.5529392242431577,decreases predicted RUL,16.82324981689453,8.0
31,Sensor_2,-0.5854189121370821,2.9156204223632827,increases predicted RUL,50.9338493347168,48.0
31,Sensor_3,-0.4738082153989135,0.6226082801818862,increases predicted RUL,50.9338493347168,48.0
31,Sensor_4,-0.5765731954087545,2.351358413696289,increases predicted RUL,50.9338493347168,48.0
31,Sensor_7,0.6836614472254109,-0.6038116455078111,decreases predicted RUL,50.9338493347168,48.0
31,Sensor_8,-1.1784617001144946,-0.7393882751464886,decreases predicted RUL,50.9338493347168,48.0
31,Sensor_9,0.8734516131968171,-31.553901004791257,decreases predicted RUL,50.9338493347168,48.0
31,Sensor_11,-0.7457220862116687,1.0341629981994558,increases predicted RUL,50.9338493347168,48.0
31,Sensor_12,0.7982394955889538,-1.383265209198001,decreases predicted RUL,50.9338493347168,48.0
31,Sensor_13,-1.0811380525269194,-0.9109838485717816,decreases predicted RUL,50.9338493347168,48.0
31,Sensor_14,1.0554193803695209,-3.985666084289555,decreases predicted RUL,50.9338493347168,48.0
31,Sensor_15,-0.5515547873557891,2.401298713684085,increases predicted RUL,50.9338493347168,48.0
31,Sensor_17,-0.48469136433236626,-0.10966892242431214,decreases predicted RUL,50.9338493347168,48.0
31,Sensor_20,0.5440313462094566,0.5848697662353501,increases predicted RUL,50.9338493347168,48.0
31,Sensor_21,0.5657240504972254,0.36505718231202167,increases predicted RUL,50.9338493347168,48.0
32,Sensor_2,0.034130097819901783,1.6065140724182143,increases predicted RUL,112.42445373535156,106.0
32,Sensor_3,-0.057399862126883444,-0.17234134674072976,decreases predicted RUL,112.42445373535156,106.0
32,Sensor_4,0.0941979878976723,-3.789515495300293,decreases predicted RUL,112.42445373535156,106.0
32,Sensor_7,-0.2360389809090995,-0.2669818878173871,decreases predicted RUL,112.42445373535156,106.0
32,Sensor_8,0.2782095465166602,1.070540142059329,increases predicted RUL,112.42445373535156,106.0
32,Sensor_9,-0.33656484151432886,3.55476903915406,increases predicted RUL,112.42445373535156,106.0
32,Sensor_11,0.15812381539760684,-1.701437568664545,decreases predicted RUL,112.42445373535156,106.0
32,Sensor_12,-0.1549349396624979,2.1791952133178683,increases predicted RUL,112.42445373535156,106.0
32,Sensor_13,0.2147972089225757,1.7994638442993178,increases predicted RUL,112.42445373535156,106.0
32,Sensor_14,-0.34235794457345897,1.0650857925415025,increases predicted RUL,112.42445373535156,106.0
32,Sensor_15,0.0795757210967446,-1.3553432464599666,decreases predicted RUL,112.42445373535156,106.0
32,Sensor_17,0.006034723180658313,0.8523856163024846,increases predicted RUL,112.42445373535156,106.0
32,Sensor_20,-0.10993933589976787,1.1032542228698787,increases predicted RUL,112.42445373535156,106.0
32,Sensor_21,0.041281397946135404,-1.3900902748107882,decreases predicted RUL,112.42445373535156,106.0
33,Sensor_2,0.6268813132854999,-14.76711740493774,decreases predicted RUL,0.2619244158267975,7.0
33,Sensor_3,0.43475468748652657,-0.17568693161010174,decreases predicted RUL,0.2619244158267975,7.0
33,Sensor_4,0.8057674184892843,-18.08483581542969,decreases predicted RUL,0.2619244158267975,7.0
33,Sensor_7,-0.9200520511703253,-5.792602062225349,decreases predicted RUL,0.2619244158267975,7.0
33,Sensor_8,1.0558522236344519,0.9190043449401841,increases predicted RUL,0.2619244158267975,7.0
33,Sensor_9,-0.5356831929875756,-0.15788803100585724,decreases predicted RUL,0.2619244158267975,7.0
33,Sensor_11,0.8470535829871112,-15.559226799011228,decreases predicted RUL,0.2619244158267975,7.0
33,Sensor_12,-0.7881247849859999,-4.749977016448966,decreases predicted RUL,0.2619244158267975,7.0
33,Sensor_13,0.9573180561470521,-0.2904118537902889,decreases predicted RUL,0.2619244158267975,7.0
33,Sensor_14,-0.6072707070611474,0.06468906402587749,increases predicted RUL,0.2619244158267975,7.0
33,Sensor_15,0.646073346047429,-2.9888217926025433,decreases predicted RUL,0.2619244158267975,7.0
33,Sensor_17,0.6904684768172454,-0.9195664405822725,decreases predicted RUL,0.2619244158267975,7.0
33,Sensor_20,-0.5868621176071694,-1.948537826538086,decreases predicted RUL,0.2619244158267975,7.0
33,Sensor_21,-0.4607128549977801,-1.4036070823669462,decreases predicted RUL,0.2619244158267975,7.0
34,Sensor_2,1.1660369397683805,-13.1736777305603,decreases predicted RUL,10.590189933776855,11.0
34,Sensor_3,1.075204761892304,-2.6478231430053683,decreases predicted RUL,10.590189933776855,11.0
34,Sensor_4,1.1139097360838737,-22.18511772155762,decreases predicted RUL,10.590189933776855,11.0
34,Sensor_7,-1.1024103424491054,-2.4281753540039066,decreases predicted RUL,10.590189933776855,11.0
34,Sensor_8,1.1854593364874173,-0.5697633743286143,decreases predicted RUL,10.590189933776855,11.0
34,Sensor_9,0.2718125933348887,-3.152980613708497,decreases predicted RUL,10.590189933776855,11.0
34,Sensor_11,1.279881197842255,-31.374364948272706,decreases predicted RUL,10.590189933776855,11.0
34,Sensor_12,-1.2361032108851158,-0.9174458503723102,decreases predicted RUL,10.590189933776855,11.0
34,Sensor_13,1.1325196043681003,-1.3288427352905323,decreases predicted RUL,10.590189933776855,11.0
34,Sensor_14,0.13495054128763592,-3.197280311584475,decreases predicted RUL,10.590189933776855,11.0
34,Sensor_15,1.1238874022987722,-3.241553211212157,decreases predicted RUL,10.590189933776855,11.0
34,Sensor_17,1.0391422758396578,0.3780598640441859,increases predicted RUL,10.590189933776855,11.0
34,Sensor_20,-1.1910380777283818,-2.7857989311218248,decreases predicted RUL,10.590189933776855,11.0
34,Sensor_21,-1.0878638642700744,-2.759452247619624,decreases predicted RUL,10.590189933776855,11.0
35,Sensor_2,0.8856600153140001,-13.634522438049324,decreases predicted RUL,23.142332077026367,19.0
35,Sensor_3,0.7768521728577573,-1.1045639038085895,decreases predicted RUL,23.142332077026367,19.0
35,Sensor_4,0.8812530644739114,-19.57624778747558,decreases predicted RUL,23.142332077026367,19.0
35,Sensor_7,-0.9168884624740398,-6.2521186828613295,decreases predicted RUL,23.142332077026367,19.0
35,Sensor_8,0.9854135753444766,3.744385242462158,increases predicted RUL,23.142332077026367,19.0
35,Sensor_9,-0.1502893293583175,1.2462916374206614,increases predicted RUL,23.142332077026367,19.0
35,Sensor_11,0.8388163792441938,-20.093644046783442,decreases predicted RUL,23.142332077026367,19.0
35,Sensor_12,-1.0628234202376896,-3.725599384307859,decreases predicted RUL,23.142332077026367,19.0
35,Sensor_13,0.9406321944115454,-1.9288533210754437,decreases predicted RUL,23.142332077026367,19.0
35,Sensor_14,-0.2871673488662044,0.16431131362914897,increases predicted RUL,23.142332077026367,19.0
35,Sensor_15,0.8807675047039212,-4.454056549072263,decreases predicted RUL,23.142332077026367,19.0
35,Sensor_17,0.6904684768172454,-0.8381030082702701,decreases predicted RUL,23.142332077026367,19.0
35,Sensor_20,-0.6455092346152721,-2.10346078872681,decreases predicted RUL,23.142332077026367,19.0
35,Sensor_21,-0.8107416044281242,-1.5304901123046903,decreases predicted RUL,23.142332077026367,19.0
36,Sensor_2,-0.10145874296475028,0.8920530319213853,increases predicted RUL,17.04641342163086,21.0
36,Sensor_3,-0.35304489978488696,0.15399913787841513,increases predicted RUL,17.04641342163086,21.0
36,Sensor_4,-0.1595688879175839,1.760261154174806,increases predicted RUL,17.04641342163086,21.0
36,Sensor_7,0.051169678589413244,2.085829353332521,increases predicted RUL,17.04641342163086,21.0
36,Sensor_8,0.11197433655313851,0.2090657234191866,increases predicted RUL,17.04641342163086,21.0
36,Sensor_9,-0.7987168597369874,-0.09210643768310689,decreases predicted RUL,17.04641342163086,21.0
36,Sensor_11,-0.15189458001766915,1.8353214263916016,increases predicted RUL,17.04641342163086,21.0
36,Sensor_12,0.04464866897053071,-0.4259721755981474,decreases predicted RUL,17.04641342163086,21.0
36,Sensor_13,0.23148307065770296,2.566857242584227,increases predicted RUL,17.04641342163086,21.0
36,Sensor_14,-0.7992740085784337,0.8264785766601506,increases predicted RUL,17.04641342163086,21.0
36,Sensor_15,-0.1391735265308213,0.05974521636963459,increases predicted RUL,17.04641342163086,21.0
36,Sensor_17,-0.13601756530995418,0.7865039825439482,increases predicted RUL,17.04641342163086,21.0
36,Sensor_20,0.19214864416083785,-1.3201677322387653,decreases predicted RUL,17.04641342163086,21.0
36,Sensor_21,0.08276012808449033,-0.8659656524658175,decreases predicted RUL,17.04641342163086,21.0
37,Sensor_2,0.44769606056713657,-10.272860527038574,decreases predicted RUL,58.599342346191406,50.0
37,Sensor_3,0.21570399479387306,-0.6760540962219181,decreases predicted RUL,58.599342346191406,50.0
37,Sensor_4,0.2771456839210543,-9.252095890045162,decreases predicted RUL,58.599342346191406,50.0
37,Sensor_7,-0.4597498958607415,-3.377324104309082,decreases predicted RUL,58.599342346191406,50.0
37,Sensor_8,0.37682365412211316,2.3592610359191895,increases predicted RUL,58.599342346191406,50.0
37,Sensor_9,0.0699318539972396,2.6710985183715863,increases predicted RUL,58.599342346191406,50.0
37,Sensor_11,0.5422770444991463,-14.673540592193604,decreases predicted RUL,58.599342346191406,50.0
37,Sensor_12,-0.44698867131705833,2.933339500427252,increases predicted RUL,58.599342346191406,50.0
37,Sensor_13,0.2620738171727562,1.056387233734121,increases predicted RUL,58.599342346191406,50.0
37,Sensor_14,-0.010941772402801841,-4.336742591857906,decreases predicted RUL,58.599342346191406,50.0
37,Sensor_15,0.4636400997934196,-2.5263232231140123,decreases predicted RUL,58.599342346191406,50.0
37,Sensor_17,0.47093312187720815,1.03076429367065,increases predicted RUL,58.599342346191406,50.0
37,Sensor_20,-0.3378885076671093,-2.566135978698739,decreases predicted RUL,58.599342346191406,50.0
37,Sensor_21,-0.426495212139769,-1.656125736236575,decreases predicted RUL,58.599342346191406,50.0
38,Sensor_2,-0.6965243237193917,2.2896677017211857,increases predicted RUL,125.0,142.0
38,Sensor_3,-0.7447899330125923,-0.19148216247558736,decreases predicted RUL,125.0,142.0
38,Sensor_4,-0.7562117848358852,3.12512474060059,increases predicted RUL,125.0,142.0
38,Sensor_7,0.7067160037373391,-1.8723758697509822,decreases predicted RUL,125.0,142.0
38,Sensor_8,-0.7765468510036453,-0.1745803833007784,decreases predicted RUL,125.0,142.0
38,Sensor_9,-0.2255818520973329,2.7965546607971206,increases predicted RUL,125.0,142.0
38,Sensor_11,-0.8149755615476652,4.305937194824224,increases predicted RUL,125.0,142.0
38,Sensor_12,0.7110602437573593,-2.952688503265378,decreases predicted RUL,125.0,142.0
38,Sensor_13,-0.8113885448494403,-3.876530838012698,decreases predicted RUL,125.0,142.0
38,Sensor_14,-0.05379690560709565,-1.6596626281738267,decreases predicted RUL,125.0,142.0
38,Sensor_15,-0.6768249598537243,1.4812629699707003,increases predicted RUL,125.0,142.0
38,Sensor_17,-0.7334313743330034,0.10174541473388388,increases predicted RUL,125.0,142.0
38,Sensor_20,0.7953860942239811,2.7677700042724567,increases predicted RUL,125.0,142.0
38,Sensor_21,0.7038823455022947,0.40366268157959695,increases predicted RUL,125.0,142.0
39,Sensor_2,0.6288811486952873,-12.880846405029295,decreases predicted RUL,30.87612533569336,28.0
39,Sensor_3,0.6875355985327438,-0.6437861442565911,decreases predicted RUL,30.87612533569336,28.0
39,Sensor_4,0.6549961179282922,-17.339665412902836,decreases predicted RUL,30.87612533569336,28.0
39,Sensor_7,-0.7914747677284215,-6.081522941589359,decreases predicted RUL,30.87612533569336,28.0
39,Sensor_8,0.7684625386127873,-0.1641162872314439,decreases predicted RUL,30.87612533569336,28.0
39,Sensor_9,-0.12259299463894786,1.4490269660949693,increases predicted RUL,30.87612533569336,28.0
39,Sensor_11,0.8148536047193403,-19.407908725738523,decreases predicted RUL,30.87612533569336,28.0
39,Sensor_12,-0.8320548727557617,-3.797736740112306,decreases predicted RUL,30.87612533569336,28.0
39,Sensor_13,0.8043643235725453,1.7807295799255414,increases predicted RUL,30.87612533569336,28.0
39,Sensor_14,-0.19111851769710042,1.2620054244995131,increases predicted RUL,30.87612533569336,28.0
39,Sensor_15,0.693054839748031,-3.488078212738035,decreases predicted RUL,30.87612533569336,28.0
39,Sensor_17,0.8583484541243328,-1.0543463706970222,decreases predicted RUL,30.87612533569336,28.0
39,Sensor_20,-0.7650165673865017,-2.1496305465698278,decreases predicted RUL,30.87612533569336,28.0
39,Sensor_21,-0.5790889013213605,-1.4004316329956055,decreases predicted RUL,30.87612533569336,28.0
40,Sensor_2,-0.23384784709371595,1.4739681243896499,increases predicted RUL,9.737957954406738,18.0
40,Sensor_3,-0.24568885664988754,0.07462940216063885,increases predicted RUL,9.737957954406738,18.0
40,Sensor_4,-0.20976673139102428,2.2900316238403278,increases predicted RUL,9.737957954406738,18.0
40,Sensor_7,0.014110496718639357,0.8789753913879323,increases predicted RUL,9.737957954406738,18.0
40,Sensor_8,0.32892537328521193,-1.0979173660278363,decreases predicted RUL,9.737957954406738,18.0
40,Sensor_9,-0.9965491158766224,0.19190073013306375,increases predicted RUL,9.737957954406738,18.0
40,Sensor_11,-0.08824346018603187,0.7456581115722614,increases predicted RUL,9.737957954406738,18.0
40,Sensor_12,-0.005247233187721911,0.9999709129333496,increases predicted RUL,9.737957954406738,18.0
40,Sensor_13,0.39556071105567026,2.9986637115478487,increases predicted RUL,9.737957954406738,18.0
40,Sensor_14,-1.036528565998545,1.743083667755137,increases predicted RUL,9.737957954406738,18.0
40,Sensor_15,-0.1290413088201388,-0.0333782196044865,decreases predicted RUL,9.737957954406738,18.0
40,Sensor_17,-0.35555292024999113,-1.0531221389770522,decreases predicted RUL,9.737957954406738,18.0
40,Sensor_20,0.10583779271494921,0.12420864105224894,increases predicted RUL,9.737957954406738,18.0
40,Sensor_21,0.22216191823767076,0.35445327758789347,increases predicted RUL,9.737957954406738,18.0
41,Sensor_2,0.4360970151903078,-13.755504322052012,decreases predicted RUL,8.95295238494873,10.0
41,Sensor_3,0.21678049112430728,-0.2597922325134263,decreases predicted RUL,8.95295238494873,10.0
41,Sensor_4,0.3517869217374676,-10.22432899475097,decreases predicted RUL,8.95295238494873,10.0
41,Sensor_7,-0.5876492674391581,-4.535257148742666,decreases predicted RUL,8.95295238494873,10.0
41,Sensor_8,0.852988916560886,5.805921363830564,increases predicted RUL,8.95295238494873,10.0
41,Sensor_9,-1.1054415397912356,0.3949070930480971,increases predicted RUL,8.95295238494873,10.0
41,Sensor_11,0.37603529623298165,-2.1568545341491756,decreases predicted RUL,8.95295238494873,10.0
41,Sensor_12,-0.46407259433863146,3.5989416122436566,increases predicted RUL,8.95295238494873,10.0
41,Sensor_13,0.951756102235385,-3.4392781257629395,decreases predicted RUL,8.95295238494873,10.0
41,Sensor_14,-1.1716951997101592,1.1189276695251422,increases predicted RUL,8.95295238494873,10.0
41,Sensor_15,0.21716057211554965,-2.204134941101074,decreases predicted RUL,8.95295238494873,10.0
41,Sensor_17,0.3159669889783581,0.6593023300170913,increases predicted RUL,8.95295238494873,10.0
41,Sensor_20,-0.2537907549762451,0.5379177093505874,increases predicted RUL,8.95295238494873,10.0
41,Sensor_21,-0.3628636991791951,-2.4453981399536175,decreases predicted RUL,8.95295238494873,10.0
42,Sensor_2,-0.042663581916563685,1.4526823043823285,increases predicted RUL,69.04595184326172,59.0
42,Sensor_3,0.009049320451664957,-0.168961524963386,decreases predicted RUL,69.04595184326172,59.0
42,Sensor_4,-0.027974541282038495,1.924142837524414,increases predicted RUL,69.04595184326172,59.0
42,Sensor_7,-0.015491654653755927,1.136636734008789,increases predicted RUL,69.04595184326172,59.0
42,Sensor_8,0.1852305307742516,0.7076126098632756,increases predicted RUL,69.04595184326172,59.0
42,Sensor_9,-0.4591876916665405,1.6381267547607408,increases predicted RUL,69.04595184326172,59.0
42,Sensor_11,-0.002127239237343463,-0.46189022064208984,decreases predicted RUL,69.04595184326172,59.0
42,Sensor_12,-0.08361634038194601,1.0455190658569364,increases predicted RUL,69.04595184326172,59.0
42,Sensor_13,0.29266456368730337,1.6578693389892578,increases predicted RUL,69.04595184326172,59.0
42,Sensor_14,-0.5167262571128508,1.230339813232419,increases predicted RUL,69.04595184326172,59.0
42,Sensor_15,0.0041173628829449275,-2.073649024963373,decreases predicted RUL,69.04595184326172,59.0
42,Sensor_17,0.13517316726303327,0.9980085372924776,increases predicted RUL,69.04595184326172,59.0
42,Sensor_20,0.0704282126345861,0.10566539764404581,increases predicted RUL,69.04595184326172,59.0
42,Sensor_21,0.027331980906287592,-0.987579536437984,decreases predicted RUL,69.04595184326172,59.0
43,Sensor_2,-0.4790276683355591,3.2876485824584876,increases predicted RUL,110.385986328125,109.0
43,Sensor_3,-0.26806693188252295,0.18829631805420632,increases predicted RUL,110.385986328125,109.0
43,Sensor_4,-0.454134011018033,1.783900165557867,increases predicted RUL,110.385986328125,109.0
43,Sensor_7,0.47124906333194283,-0.6111404418945412,decreases predicted RUL,110.385986328125,109.0
43,Sensor_8,-0.24867154268963898,0.22676925659179403,increases predicted RUL,110.385986328125,109.0
43,Sensor_9,-0.5141637386732497,1.023190879821776,increases predicted RUL,110.385986328125,109.0
43,Sensor_11,-0.4626618121368469,0.01520767211914631,increases predicted RUL,110.385986328125,109.0
43,Sensor_12,0.48178015961785575,0.3832836151123118,increases predicted RUL,110.385986328125,109.0
43,Sensor_13,-0.29968352791849917,4.467604446411123,increases predicted RUL,110.385986328125,109.0
43,Sensor_14,-0.542864204509922,1.210286903381352,increases predicted RUL,110.385986328125,109.0
43,Sensor_15,-0.43951379046024647,0.3444167137145939,increases predicted RUL,110.385986328125,109.0
43,Sensor_17,-0.26515600939232914,-0.23338794708252664,decreases predicted RUL,110.385986328125,109.0
43,Sensor_20,0.4234174640607158,-1.408022975921618,decreases predicted RUL,110.385986328125,109.0
43,Sensor_21,0.4569925017826518,1.6656453132629423,increases predicted RUL,110.385986328125,109.0
44,Sensor_2,0.1749185106700187,-7.057555007934575,decreases predicted RUL,87.76004791259766,114.0
44,Sensor_3,0.21567137369295164,-0.04737834930419638,decreases predicted RUL,87.76004791259766,114.0
44,Sensor_4,0.15421763164347335,-7.3666534423828125,decreases predicted RUL,87.76004791259766,114.0
44,Sensor_7,-0.3085755503025134,0.06959838867187784,increases predicted RUL,87.76004791259766,114.0
44,Sensor_8,0.13733224993709403,1.508601379394534,increases predicted RUL,87.76004791259766,114.0
44,Sensor_9,-0.14428453213171694,3.1321685791015597,increases predicted RUL,87.76004791259766,114.0
44,Sensor_11,0.11169593975570463,-2.4730588912963896,decreases predicted RUL,87.76004791259766,114.0
44,Sensor_12,-0.17608646340348102,1.8534679412841868,increases predicted RUL,87.76004791259766,114.0
44,Sensor_13,0.23982600152558273,1.9900825500488253,increases predicted RUL,87.76004791259766,114.0
44,Sensor_14,-0.12371343794748915,-0.7583513259887695,decreases predicted RUL,87.76004791259766,114.0
44,Sensor_15,0.16612619133066647,-1.7321954727172937,decreases predicted RUL,87.76004791259766,114.0
44,Sensor_17,0.0706039452218458,0.4608379364013686,increases predicted RUL,87.76004791259766,114.0
44,Sensor_20,-0.11104588527728058,-0.2136581420898409,decreases predicted RUL,87.76004791259766,114.0
44,Sensor_21,-0.1886530325981061,-0.9376739501953111,decreases predicted RUL,87.76004791259766,114.0
45,Sensor_2,0.3061077135530763,-6.712274074554443,decreases predicted RUL,45.27249526977539,47.0
45,Sensor_3,0.14592745992126577,-0.6952270507812486,decreases predicted RUL,45.27249526977539,47.0
45,Sensor_4,0.11328605675277884,-4.271288871765137,decreases predicted RUL,45.27249526977539,47.0
45,Sensor_7,-0.08802822404716727,1.112457180023192,increases predicted RUL,45.27249526977539,47.0
45,Sensor_8,-0.12188197576883654,-0.801309490203856,decreases predicted RUL,45.27249526977539,47.0
45,Sensor_9,0.5259975619087536,-16.99271841049194,decreases predicted RUL,45.27249526977539,47.0
45,Sensor_11,0.25547258690482016,-5.426044368743895,decreases predicted RUL,45.27249526977539,47.0
45,Sensor_12,-0.32821473030990556,3.1993018150329533,increases predicted RUL,45.27249526977539,47.0
45,Sensor_13,-0.12448197969681879,1.4336676597595215,increases predicted RUL,45.27249526977539,47.0
45,Sensor_14,0.5178562680780351,-11.123397254943846,decreases predicted RUL,45.27249526977539,47.0
45,Sensor_15,0.28142016338595505,-3.887967205047616,decreases predicted RUL,45.27249526977539,47.0
45,Sensor_17,0.07060394522184579,0.4676938056945801,increases predicted RUL,45.27249526977539,47.0
45,Sensor_20,-0.22280737240592735,0.6929574012756348,increases predicted RUL,45.27249526977539,47.0
45,Sensor_21,-0.06072486891081612,-1.0601192474365178,decreases predicted RUL,45.27249526977539,47.0
46,Sensor_2,-0.05426262729339237,2.383230400085452,increases predicted RUL,117.03236389160156,135.0
46,Sensor_3,-0.18472001902627233,0.00639286041258913,increases predicted RUL,117.03236389160156,135.0
46,Sensor_4,0.12790765082339464,-4.015924549102785,decreases predicted RUL,117.03236389160156,135.0
46,Sensor_7,-0.2190911843218643,-0.5378250122070369,decreases predicted RUL,117.03236389160156,135.0
46,Sensor_8,0.5909571449230487,2.5272929191589313,increases predicted RUL,117.03236389160156,135.0
46,Sensor_9,-1.0300328795971856,0.5451339721679673,increases predicted RUL,117.03236389160156,135.0
46,Sensor_11,0.1596214888054087,-1.9378410339355483,decreases predicted RUL,117.03236389160156,135.0
46,Sensor_12,-0.27452240081352836,4.97289075851441,increases predicted RUL,117.03236389160156,135.0
46,Sensor_13,0.7014681762044315,2.37762718200684,increases predicted RUL,117.03236389160156,135.0
46,Sensor_14,-1.1376728814977664,1.9838615417480483,increases predicted RUL,117.03236389160156,135.0
46,Sensor_15,0.059044648367195876,-0.08480358123779297,decreases predicted RUL,117.03236389160156,135.0
46,Sensor_17,0.031862411997133265,1.5712268829345746,increases predicted RUL,117.03236389160156,135.0
46,Sensor_20,-0.1398161690925713,0.7430285453796444,increases predicted RUL,117.03236389160156,135.0
46,Sensor_21,-0.02157412095394419,-1.9387308120727553,decreases predicted RUL,117.03236389160156,135.0
47,Sensor_2,-0.28904330440430126,1.7889200210571232,increases predicted RUL,105.76044464111328,92.0
47,Sensor_3,-0.2563885777523729,0.20177612304687642,increases predicted RUL,105.76044464111328,92.0
47,Sensor_4,-0.30496264172312454,2.163574218750007,increases predicted RUL,105.76044464111328,92.0
47,Sensor_7,0.37069213691428027,1.8686655998230037,increases predicted RUL,105.76044464111328,92.0
47,Sensor_8,-0.2824820938694423,-0.6362203598022518,decreases predicted RUL,105.76044464111328,92.0
47,Sensor_9,-0.43640931304678815,2.8044948577881,increases predicted RUL,105.76044464111328,92.0
47,Sensor_11,-0.39826185560131017,0.0909450531005902,increases predicted RUL,105.76044464111328,92.0
47,Sensor_12,0.3459222955891205,-0.44848060607910156,decreases predicted RUL,105.76044464111328,92.0
47,Sensor_13,-0.2913405970507459,4.402184295654287,increases predicted RUL,105.76044464111328,92.0
47,Sensor_14,-0.35445709872356557,1.2783693313598548,increases predicted RUL,105.76044464111328,92.0
47,Sensor_15,-0.4978007060275152,0.8800811767578125,increases predicted RUL,105.76044464111328,92.0
47,Sensor_17,-0.36846676465822903,-0.33697090148926634,decreases predicted RUL,105.76044464111328,92.0
47,Sensor_20,0.28952498938183574,-1.386650562286377,decreases predicted RUL,105.76044464111328,92.0
47,Sensor_21,0.46730213715779784,2.4775451660156307,increases predicted RUL,105.76044464111328,92.0
48,Sensor_2,0.6872763426615636,-15.27754707336426,decreases predicted RUL,15.17692756652832,21.0
48,Sensor_3,0.6062111939336698,-1.650312995910646,decreases predicted RUL,15.17692756652832,21.0
48,Sensor_4,0.7611693344471452,-19.0501163482666,decreases predicted RUL,15.17692756652832,21.0
48,Sensor_7,-0.8531647473059932,-5.940690612792967,decreases predicted RUL,15.17692756652832,21.0
48,Sensor_8,1.0783925910872698,4.319339847564699,increases predicted RUL,15.17692756652832,21.0
48,Sensor_9,-0.48685685535772355,-0.29244880676269247,decreases predicted RUL,15.17692756652832,21.0
48,Sensor_11,0.8193466249427506,-18.753074645996094,decreases predicted RUL,15.17692756652832,21.0
48,Sensor_12,-0.7715832087269974,-2.3993823051452665,decreases predicted RUL,15.17692756652832,21.0
48,Sensor_13,0.9628800100590986,0.364945697784421,increases predicted RUL,15.17692756652832,21.0
48,Sensor_14,-0.556609430758442,0.7379867553710966,increases predicted RUL,15.17692756652832,21.0
48,Sensor_15,0.7531015615492592,-5.555459976196289,decreases predicted RUL,15.17692756652832,21.0
48,Sensor_17,0.6129854103678204,0.04155426025390341,increases predicted RUL,15.17692756652832,21.0
48,Sensor_20,-0.5890752163621886,-1.7493174552917488,decreases predicted RUL,15.17692756652832,21.0
48,Sensor_21,-0.7507498731322522,-1.104701423645018,decreases predicted RUL,15.17692756652832,21.0
49,Sensor_2,-0.6198160811856896,2.614985466003418,increases predicted RUL,86.40019989013672,79.0
49,Sensor_3,-0.7254473879128548,0.3283779144287138,increases predicted RUL,86.40019989013672,79.0
49,Sensor_4,-0.7414550008859194,2.813657379150399,increases predicted RUL,86.40019989013672,79.0
49,Sensor_7,0.7724679013425831,0.422858810424799,increases predicted RUL,86.40019989013672,79.0
49,Sensor_8,-0.8037280912123131,-0.5362070083618136,decreases predicted RUL,86.40019989013672,79.0
49,Sensor_9,-0.15192864805818773,2.368208408355706,increases predicted RUL,86.40019989013672,79.0
49,Sensor_11,-0.7629453304014052,4.041974830627439,increases predicted RUL,86.40019989013672,79.0
49,Sensor_12,0.8530165186105184,-5.390523529052736,decreases predicted RUL,86.40019989013672,79.0
49,Sensor_13,-0.6361817395820603,-2.4435054779052763,decreases predicted RUL,86.40019989013672,79.0
49,Sensor_14,-0.06720179074724247,-1.0881446838378892,decreases predicted RUL,86.40019989013672,79.0
49,Sensor_15,-0.6112282169255728,2.4012679100036607,increases predicted RUL,86.40019989013672,79.0
49,Sensor_17,-0.6525713416394539,-0.1927507400512738,decreases predicted RUL,86.40019989013672,79.0
49,Sensor_20,0.731038191008876,2.7003284454345717,increases predicted RUL,86.40019989013672,79.0
49,Sensor_21,0.654168897344577,1.0874572753906335,increases predicted RUL,86.40019989013672,79.0
50,Sensor_2,-0.17185294938982473,0.9997117996215863,increases predicted RUL,105.18489837646484,114.0
50,Sensor_3,-0.3173247942750642,0.08200778961181499,increases predicted RUL,105.18489837646484,114.0
50,Sensor_4,-0.32385071916996794,1.946324157714841,increases predicted RUL,105.18489837646484,114.0
50,Sensor_7,0.21183479023650795,2.801766967773432,increases predicted RUL,105.18489837646484,114.0
50,Sensor_8,-0.045808235615432485,0.04788532257079936,increases predicted RUL,105.18489837646484,114.0
50,Sensor_9,-0.650861181419917,0.3849696159362779,increases predicted RUL,105.18489837646484,114.0
50,Sensor_11,-0.24999218822878416,-0.21526403427123597,decreases predicted RUL,105.18489837646484,114.0
50,Sensor_12,0.16342260997768046,-0.110858726501462,decreases predicted RUL,105.18489837646484,114.0
50,Sensor_13,0.12302496937779583,4.325287437438966,increases predicted RUL,105.18489837646484,114.0
50,Sensor_14,-0.6751371063797436,0.019331359863286934,increases predicted RUL,105.18489837646484,114.0
50,Sensor_15,-0.22812373253832707,-0.26922740936279155,decreases predicted RUL,105.18489837646484,114.0
50,Sensor_17,-0.4846913643323664,-0.6176925659179702,decreases predicted RUL,105.18489837646484,114.0
50,Sensor_20,0.23419752050626863,-1.639380455017097,decreases predicted RUL,105.18489837646484,114.0
50,Sensor_21,0.28967340150071913,0.9668432235717788,increases predicted RUL,105.18489837646484,114.0
51,Sensor_2,-0.2510464316180151,1.6447882652282715,increases predicted RUL,27.510169982910156,29.0
51,Sensor_3,-0.028301840104269692,-0.4858461380004897,decreases predicted RUL,27.510169982910156,29.0
51,Sensor_4,-0.3192286955123876,1.546384429931642,increases predicted RUL,27.510169982910156,29.0
51,Sensor_7,0.3901256103343298,0.9162062644958553,increases predicted RUL,27.510169982910156,29.0
51,Sensor_8,-0.7642824481706189,-1.219514846801765,decreases predicted RUL,27.510169982910156,29.0
51,Sensor_9,1.01813733822683,-28.353327941894527,decreases predicted RUL,27.510169982910156,29.0
51,Sensor_11,-0.33086655225016054,0.4061635971069322,increases predicted RUL,27.510169982910156,29.0
51,Sensor_12,0.39446233084089694,-0.35654325485229776,decreases predicted RUL,27.510169982910156,29.0
51,Sensor_13,-0.7029251865234538,-5.11001281738281,decreases predicted RUL,27.510169982910156,29.0
51,Sensor_14,1.1035329145071722,-7.855101394653325,decreases predicted RUL,27.510169982910156,29.0
51,Sensor_15,-0.23905586217354874,-0.5621374130248995,decreases predicted RUL,27.510169982910156,29.0
51,Sensor_17,-0.12310372090171671,0.2224479675292983,increases predicted RUL,27.510169982910156,29.0
51,Sensor_20,0.23309097112875832,-1.387913608551024,decreases predicted RUL,27.510169982910156,29.0
51,Sensor_21,0.2667631006670626,0.3502529144287081,increases predicted RUL,27.510169982910156,29.0
52,Sensor_2,0.053328517754006786,0.9421000480651855,increases predicted RUL,34.57741165161133,26.0
52,Sensor_3,0.1215268764314477,-0.7123096466064425,decreases predicted RUL,34.57741165161133,26.0
52,Sensor_4,0.09528683000931353,-3.761120128631596,decreases predicted RUL,34.57741165161133,26.0
52,Sensor_7,-0.015491654653745605,1.1059926033020062,increases predicted RUL,34.57741165161133,26.0
52,Sensor_8,-0.3867312933379397,-3.2721494674682674,decreases predicted RUL,34.57741165161133,26.0
52,Sensor_9,0.8506460635488926,-34.08105497360229,decreases predicted RUL,34.57741165161133,26.0
52,Sensor_11,0.0645192274099021,-2.075549697875978,decreases predicted RUL,34.57741165161133,26.0
52,Sensor_12,0.05820733803527384,-2.8342678070068317,decreases predicted RUL,34.57741165161133,26.0
52,Sensor_13,-0.3525220900805994,1.347562408447267,increases predicted RUL,34.57741165161133,26.0
52,Sensor_14,0.8786186555573162,-10.590039062499997,decreases predicted RUL,34.57741165161133,26.0
52,Sensor_15,0.07904244648039387,-1.718411827087408,decreases predicted RUL,34.57741165161133,26.0
52,Sensor_17,0.13517316726303327,0.4034152030944753,increases predicted RUL,34.57741165161133,26.0
52,Sensor_20,-0.23940561306859698,0.3663412094116225,increases predicted RUL,34.57741165161133,26.0
52,Sensor_21,0.027646073740298614,-0.3194128990173297,decreases predicted RUL,34.57741165161133,26.0
53,Sensor_2,-1.025382702293751,-3.7503181457519545,decreases predicted RUL,119.23568725585938,97.0
53,Sensor_3,-0.8570082879321351,0.2901325225829936,increases predicted RUL,119.23568725585938,97.0
53,Sensor_4,-1.0574414259378424,1.7178346633911161,increases predicted RUL,119.23568725585938,97.0
53,Sensor_7,1.2646319142361906,1.4447810173034625,increases predicted RUL,119.23568725585938,97.0
53,Sensor_8,-1.1643739704567562,1.2289764404296832,increases predicted RUL,119.23568725585938,97.0
53,Sensor_9,-0.2527603336143146,2.989401149749746,increases predicted RUL,119.23568725585938,97.0
53,Sensor_11,-1.2354612905633346,3.4044218063354563,increases predicted RUL,119.23568725585938,97.0
53,Sensor_12,1.2060842610564442,-0.6841724395751925,decreases predicted RUL,119.23568725585938,97.0
53,Sensor_13,-1.267463508571428,-3.165071964263909,decreases predicted RUL,119.23568725585938,97.0
53,Sensor_14,-0.058164121009464526,-3.045680618286127,decreases predicted RUL,119.23568725585938,97.0
53,Sensor_15,-1.1055737862838337,4.0384629249572725,increases predicted RUL,119.23568725585938,97.0
53,Sensor_17,-1.0270728294783418,-0.07905788421630433,decreases predicted RUL,119.23568725585938,97.0
53,Sensor_20,1.0818143436799812,2.71228733062744,increases predicted RUL,119.23568725585938,97.0
53,Sensor_21,1.0851781698022704,1.3752008438110437,increases predicted RUL,119.23568725585938,97.0
54,Sensor_2,-0.7542050207244703,2.4792073249816937,increases predicted RUL,110.16922760009766,137.0
54,Sensor_3,-0.45801960255256186,0.13104448318480877,increases predicted RUL,110.16922760009766,137.0
54,Sensor_4,-0.5802397045602006,1.567262840270999,increases predicted RUL,110.16922760009766,137.0
54,Sensor_7,0.7078403036898768,-0.8841306686401325,decreases predicted RUL,110.16922760009766,137.0
54,Sensor_8,-0.5163384061902644,-0.50550727844238,decreases predicted RUL,110.16922760009766,137.0
54,Sensor_9,-0.3768866473255204,2.934478282928467,increases predicted RUL,110.16922760009766,137.0
54,Sensor_11,-0.6596058652629775,3.007040596008302,increases predicted RUL,110.16922760009766,137.0
54,Sensor_12,0.7567499682508492,-5.324444007873538,decreases predicted RUL,110.16922760009766,137.0
54,Sensor_13,-0.4498562835367933,-1.3605974197387667,decreases predicted RUL,110.16922760009766,137.0
54,Sensor_14,-0.2811597099337832,0.32355718612672035,increases predicted RUL,110.16922760009766,137.0
54,Sensor_15,-0.6549567354664333,1.5584613800048785,increases predicted RUL,110.16922760009766,137.0
54,Sensor_17,-0.5750882751900287,0.09019813537597088,increases predicted RUL,110.16922760009766,137.0
54,Sensor_20,0.7409971354064777,3.3609756469726477,increases predicted RUL,110.16922760009766,137.0
54,Sensor_21,0.547894663154902,0.38474636077880575,increases predicted RUL,110.16922760009766,137.0
55,Sensor_2,0.8820603115763624,-14.055783176422121,decreases predicted RUL,14.056808471679688,15.0
55,Sensor_3,0.7419802159719159,-0.7133775711059585,decreases predicted RUL,14.056808471679688,15.0
55,Sensor_4,1.0171583370208552,-17.967203712463387,decreases predicted RUL,14.056808471679688,15.0
55,Sensor_7,-1.2072607106688509,-3.713878822326663,decreases predicted RUL,14.056808471679688,15.0
55,Sensor_8,1.4925718430314026,0.22771434783935618,increases predicted RUL,14.056808471679688,15.0
55,Sensor_9,-0.9345538865914552,-0.7498575210571232,decreases predicted RUL,14.056808471679688,15.0
55,Sensor_11,1.0417511260015362,-29.414050102233887,decreases predicted RUL,14.056808471679688,15.0
55,Sensor_12,-1.1986812842664154,-5.482974338531488,decreases predicted RUL,14.056808471679688,15.0
55,Sensor_13,1.599723732959374,-2.9672475814819315,decreases predicted RUL,14.056808471679688,15.0
55,Sensor_14,-1.1418876648325538,-0.12439079284667898,decreases predicted RUL,14.056808471679688,15.0
55,Sensor_15,0.9226828895491824,-2.5555038452148438,decreases predicted RUL,14.056808471679688,15.0
55,Sensor_17,0.7808653876749078,-0.14239730834960795,decreases predicted RUL,14.056808471679688,15.0
55,Sensor_20,-0.8878435482902586,-2.6562085151672363,decreases predicted RUL,14.056808471679688,15.0
55,Sensor_21,-0.8382709175266352,-3.287309551239016,decreases predicted RUL,14.056808471679688,15.0
56,Sensor_2,-0.012666050769495901,1.3363807678222699,increases predicted RUL,100.28501892089844,103.0
56,Sensor_3,-0.049342450199095625,-0.05590963363647461,decreases predicted RUL,100.28501892089844,103.0
56,Sensor_4,0.017534614731064137,0.547518444061275,increases predicted RUL,100.28501892089844,103.0
56,Sensor_7,-0.08283089976040127,1.2602070808410701,increases predicted RUL,100.28501892089844,103.0
56,Sensor_8,0.2922972761746553,-0.6217300415039162,decreases predicted RUL,100.28501892089844,103.0
56,Sensor_9,-0.6754690759367632,-0.5752003669738741,decreases predicted RUL,100.28501892089844,103.0
56,Sensor_11,0.04280296299675573,-0.49492645263671875,decreases predicted RUL,100.28501892089844,103.0
56,Sensor_12,-0.12863112167688315,0.26750240325927876,increases predicted RUL,100.28501892089844,103.0
56,Sensor_13,0.4289324345264303,3.6666368484497056,increases predicted RUL,100.28501892089844,103.0
56,Sensor_14,-0.694428651991702,1.5827129364013643,increases predicted RUL,100.28501892089844,103.0
56,Sensor_15,-0.17047674651068362,-0.10255374908447124,decreases predicted RUL,100.28501892089844,103.0
56,Sensor_17,-0.0327068100440542,0.7960483551025348,increases predicted RUL,100.28501892089844,103.0
56,Sensor_20,-0.07010355830935851,0.2996889114379897,increases predicted RUL,100.28501892089844,103.0
56,Sensor_21,-0.10281330866812724,-1.6805358886718693,decreases predicted RUL,100.28501892089844,103.0
57,Sensor_2,0.20091637099744777,-7.532993030548091,decreases predicted RUL,50.66227340698242,37.0
57,Sensor_3,0.08417571587551524,-0.03671836853027344,decreases predicted RUL,50.66227340698242,37.0
57,Sensor_4,0.2558132670399114,-7.788308906555173,decreases predicted RUL,50.66227340698242,37.0
57,Sensor_7,-0.21502371314092147,-0.24577674865722798,decreases predicted RUL,50.66227340698242,37.0
57,Sensor_8,0.4754377617274381,2.2167576789855943,increases predicted RUL,50.66227340698242,37.0
57,Sensor_9,-0.5364168107482857,0.1853071212768569,increases predicted RUL,50.66227340698242,37.0
57,Sensor_11,0.2060493644473126,-1.5954112052917395,decreases predicted RUL,50.66227340698242,37.0
57,Sensor_12,-0.25689613102936293,2.9488700866699205,increases predicted RUL,50.66227340698242,37.0
57,Sensor_13,0.4956758814679506,2.882059288024898,increases predicted RUL,50.66227340698242,37.0
57,Sensor_14,-0.575219481552588,1.7930243492126436,increases predicted RUL,50.66227340698242,37.0
57,Sensor_15,0.21172117102875823,-1.630406188964841,decreases predicted RUL,50.66227340698242,37.0
57,Sensor_17,0.057690100813608314,1.2509429931640597,increases predicted RUL,50.66227340698242,37.0
57,Sensor_20,-0.2659627981288702,1.2937173843383718,increases predicted RUL,50.66227340698242,37.0
57,Sensor_21,-0.2898278772473813,-2.5848659515380845,decreases predicted RUL,50.66227340698242,37.0
58,Sensor_2,-1.087377599997638,-1.5481901168823242,decreases predicted RUL,110.01374816894531,114.0
58,Sensor_3,-0.8239304915970123,-0.640223503112793,decreases predicted RUL,110.01374816894531,114.0
58,Sensor_4,-1.0996173918132686,1.5045396804809599,increases predicted RUL,110.01374816894531,114.0
58,Sensor_7,1.0863410941383609,0.593036270141603,increases predicted RUL,110.01374816894531,114.0
58,Sensor_8,-1.0234966738766775,0.1029178619384794,increases predicted RUL,110.01374816894531,114.0
58,Sensor_9,-0.3747220220809403,2.348677253723146,increases predicted RUL,110.01374816894531,114.0
58,Sensor_11,-1.179298537770711,3.948052215576176,increases predicted RUL,110.01374816894531,114.0
58,Sensor_12,1.08541210638022,-0.0707123756408734,decreases predicted RUL,110.01374816894531,114.0
58,Sensor_13,-0.8753457577900599,-3.4385690689086914,decreases predicted RUL,110.01374816894531,114.0
58,Sensor_14,-0.26087213343424936,-0.18744239807129048,decreases predicted RUL,110.01374816894531,114.0
58,Sensor_15,-0.9458580386864271,4.420076560974117,increases predicted RUL,110.01374816894531,114.0
58,Sensor_17,-0.910848229804204,-0.776470565795897,decreases predicted RUL,110.01374816894531,114.0
58,Sensor_20,1.051937510487175,2.845891284942631,increases predicted RUL,110.01374816894531,114.0
58,Sensor_21,1.0630069109309923,2.8134502410888587,increases predicted RUL,110.01374816894531,114.0
59,Sensor_2,-0.0818603559486759,1.6947626113891516,increases predicted RUL,101.8992919921875,100.0
59,Sensor_3,-0.19874709242282546,0.06547851562500284,increases predicted RUL,101.8992919921875,100.0
59,Sensor_4,-0.04108508915690764,1.8903546333312988,increases predicted RUL,101.8992919921875,100.0
59,Sensor_7,0.0660837395861884,2.3095207214355398,increases predicted RUL,101.8992919921875,100.0
59,Sensor_8,0.1063392446903505,-0.14933128356933167,decreases predicted RUL,101.8992919921875,100.0
59,Sensor_9,-0.5025707666520642,0.2543783187866211,increases predicted RUL,101.8992919921875,100.0
59,Sensor_11,-0.11969460174989761,1.0825506210327163,increases predicted RUL,101.8992919921875,100.0
59,Sensor_12,0.09644278479784867,0.28297748565673686,increases predicted RUL,101.8992919921875,100.0
59,Sensor_13,0.10633910764254222,3.79399223327637,increases predicted RUL,101.8992919921875,100.0
59,Sensor_14,-0.49125931999793465,1.2622780799865652,increases predicted RUL,101.8992919921875,100.0
59,Sensor_15,-0.14866581470189136,-0.6737691879272418,decreases predicted RUL,101.8992919921875,100.0
59,Sensor_17,-0.16184525412642922,-0.6801263809204059,decreases predicted RUL,101.8992919921875,100.0
59,Sensor_20,0.13350152715273345,-0.6387632369995089,decreases predicted RUL,101.8992919921875,100.0
59,Sensor_21,0.08418278386206611,-0.5579227447509751,decreases predicted RUL,101.8992919921875,100.0
60,Sensor_2,0.11692328378573898,0.3420680999755845,increases predicted RUL,30.57681655883789,21.0
60,Sensor_3,0.2744872186556991,-0.3009725570678796,decreases predicted RUL,30.57681655883789,21.0
60,Sensor_4,0.13224079800237734,-6.746715736389163,decreases predicted RUL,30.57681655883789,21.0
60,Sensor_7,-0.26880472097777763,-0.976949691772468,decreases predicted RUL,30.57681655883789,21.0
60,Sensor_8,0.07252869351067545,0.6495140075683636,increases predicted RUL,30.57681655883789,21.0
60,Sensor_9,0.1399153655657492,-0.5616498947143569,decreases predicted RUL,30.57681655883789,21.0
60,Sensor_11,0.18433310003416406,-3.069861793518065,decreases predicted RUL,30.57681655883789,21.0
60,Sensor_12,-0.16361248786392862,1.1376118659973145,increases predicted RUL,30.57681655883789,21.0
60,Sensor_13,0.028471752877308874,2.4702861785888715,increases predicted RUL,30.57681655883789,21.0
60,Sensor_14,0.09596903770868805,-5.2712649345397935,decreases predicted RUL,30.57681655883789,21.0
60,Sensor_15,0.20718833678976772,-1.8173833847045842,decreases predicted RUL,30.57681655883789,21.0
60,Sensor_17,0.17391470048774577,0.8447786331176843,increases predicted RUL,30.57681655883789,21.0
60,Sensor_20,-0.3124378719843481,-1.3893733978271499,decreases predicted RUL,30.57681655883789,21.0
60,Sensor_21,-0.12507694778470696,-0.32359714508056925,decreases predicted RUL,30.57681655883789,21.0
61,Sensor_2,-0.3698366549603144,1.6564646720886174,increases predicted RUL,44.6720085144043,54.0
61,Sensor_3,-0.05880256946653653,0.09186954498290589,increases predicted RUL,44.6720085144043,54.0
61,Sensor_4,-0.19730060027610585,0.7125913619995146,increases predicted RUL,44.6720085144043,54.0
61,Sensor_7,0.4692153277414702,0.3639659881591797,increases predicted RUL,44.6720085144043,54.0
61,Sensor_8,-0.6994788917438158,-0.4712214469909597,decreases predicted RUL,44.6720085144043,54.0
61,Sensor_9,0.6430503512851624,-20.11716022491455,decreases predicted RUL,44.6720085144043,54.0
61,Sensor_11,-0.28518751331216086,0.3651958465576186,increases predicted RUL,44.6720085144043,54.0
61,Sensor_12,0.45330695458188425,0.5227277755737347,increases predicted RUL,44.6720085144043,54.0
61,Sensor_13,-0.7863544952003544,-2.965000534057623,decreases predicted RUL,44.6720085144043,54.0
61,Sensor_14,0.719243229009829,-7.872664070129396,decreases predicted RUL,44.6720085144043,54.0
61,Sensor_15,-0.2831043454842187,0.787684631347652,increases predicted RUL,44.6720085144043,54.0
61,Sensor_17,-0.2780698538005666,-0.011066627502444248,decreases predicted RUL,44.6720085144043,54.0
61,Sensor_20,0.124649132132645,-0.17122440338134481,decreases predicted RUL,44.6720085144043,54.0
61,Sensor_21,0.2912253896217085,0.5673578262329144,increases predicted RUL,44.6720085144043,54.0
62,Sensor_2,-0.02906470112988378,1.9114126205444393,increases predicted RUL,74.42059326171875,72.0
62,Sensor_3,-0.09419646396713446,0.04483795166015625,increases predicted RUL,74.42059326171875,72.0
62,Sensor_4,0.16830591529205854,-4.739709281921392,decreases predicted RUL,74.42059326171875,72.0
62,Sensor_7,-0.3268791706167372,-0.029732322692872515,decreases predicted RUL,74.42059326171875,72.0
62,Sensor_8,0.5768694152653101,1.1086341857910114,increases predicted RUL,74.42059326171875,72.0
62,Sensor_9,-0.7124126172449001,0.22049808502197266,increases predicted RUL,74.42059326171875,72.0
62,Sensor_11,0.28392838165308204,-1.4044231414794908,decreases predicted RUL,74.42059326171875,72.0
62,Sensor_12,-0.20049206772000874,2.4944252967834473,increases predicted RUL,74.42059326171875,72.0
62,Sensor_13,0.584667144057403,2.9374778747558565,increases predicted RUL,74.42059326171875,72.0
62,Sensor_14,-0.7470505364625788,0.42196502685546733,increases predicted RUL,74.42059326171875,72.0
62,Sensor_15,0.16804597994953568,-0.23267002105712464,decreases predicted RUL,74.42059326171875,72.0
62,Sensor_17,0.13517316726303322,1.596175193786621,increases predicted RUL,74.42059326171875,72.0
62,Sensor_20,-0.18961089108058649,1.2400718688964858,increases predicted RUL,74.42059326171875,72.0
62,Sensor_21,-0.14277700278361025,-1.385413455963132,decreases predicted RUL,74.42059326171875,72.0
63,Sensor_2,0.2081157784727684,-11.592912197113037,decreases predicted RUL,38.515647888183594,28.0
63,Sensor_3,0.37580835812008745,-0.4596354484558134,decreases predicted RUL,38.515647888183594,28.0
63,Sensor_4,0.3340765714726043,-7.8299901962280245,decreases predicted RUL,38.515647888183594,28.0
63,Sensor_7,-0.3793043547266253,-0.34593334197998615,decreases predicted RUL,38.515647888183594,28.0
63,Sensor_8,0.5571465937436302,2.6625800132751465,increases predicted RUL,38.515647888183594,28.0
63,Sensor_9,-0.35262291916555233,3.177251052856448,increases predicted RUL,38.515647888183594,28.0
63,Sensor_11,0.3004027891389179,-2.234997463226321,decreases predicted RUL,38.515647888183594,28.0
63,Sensor_12,-0.4798006504537408,5.481468772888185,increases predicted RUL,38.515647888183594,28.0
63,Sensor_13,0.6236008214391978,-0.05005950927733949,decreases predicted RUL,38.515647888183594,28.0
63,Sensor_14,-0.42017416823213294,0.9002742767333984,increases predicted RUL,38.515647888183594,28.0
63,Sensor_15,0.3047775915821749,-1.8069744110107422,decreases predicted RUL,38.515647888183594,28.0
63,Sensor_17,0.2643116113454081,1.0076179504394531,increases predicted RUL,38.515647888183594,28.0
63,Sensor_20,-0.3810439333900527,-1.7790750503540025,decreases predicted RUL,38.515647888183594,28.0
63,Sensor_21,-0.3328770715557829,-1.600163078308107,decreases predicted RUL,38.515647888183594,28.0
64,Sensor_2,-1.1945687779630636,-2.3792079925537024,decreases predicted RUL,116.21713256835938,128.0
64,Sensor_3,-1.104341475124343,-0.26694145202635866,decreases predicted RUL,116.21713256835938,128.0
64,Sensor_4,-1.3284075628635252,1.1620445251464773,increases predicted RUL,116.21713256835938,128.0
64,Sensor_7,1.2180819662765547,2.421842765808101,increases predicted RUL,116.21713256835938,128.0
64,Sensor_8,-1.353149547872967,3.78103675842285,increases predicted RUL,116.21713256835938,128.0
64,Sensor_9,0.038449689352211436,2.880939674377437,increases predicted RUL,116.21713256835938,128.0
64,Sensor_11,-1.320828674808121,5.151833915710448,increases predicted RUL,116.21713256835938,128.0
64,Sensor_12,1.4281752603369144,-0.8457839965820355,decreases predicted RUL,116.21713256835938,128.0
64,Sensor_13,-1.2730254624833477,-3.826462554931638,decreases predicted RUL,116.21713256835938,128.0
64,Sensor_14,0.28775216397713554,-4.084284591674809,decreases predicted RUL,116.21713256835938,128.0
64,Sensor_15,-1.1025874484322644,3.228311157226571,increases predicted RUL,116.21713256835938,128.0
64,Sensor_17,-1.078728207111292,-1.225494384765625,decreases predicted RUL,116.21713256835938,128.0
64,Sensor_20,1.069642300527354,2.5124378204345703,increases predicted RUL,116.21713256835938,128.0
64,Sensor_21,1.2465849343851994,1.7412332534790025,increases predicted RUL,116.21713256835938,128.0
65,Sensor_2,0.6728775277109542,-10.545316123962401,decreases predicted RUL,17.93408203125,14.0
65,Sensor_3,0.7191128242254449,-1.6757102966308537,decreases predicted RUL,17.93408203125,14.0
65,Sensor_4,0.6498407838486838,-11.459578323364262,decreases predicted RUL,17.93408203125,14.0
65,Sensor_7,-0.6016594459512837,-2.346972942352288,decreases predicted RUL,17.93408203125,14.0
65,Sensor_8,0.15705507145851777,-0.18872661590576456,decreases predicted RUL,17.93408203125,14.0
65,Sensor_9,1.340322333312458,-22.7393144607544,decreases predicted RUL,17.93408203125,14.0
65,Sensor_11,0.6388769793024571,-8.6026596069336,decreases predicted RUL,17.93408203125,14.0
65,Sensor_12,-0.5749825072882344,2.7989602088928223,increases predicted RUL,17.93408203125,14.0
65,Sensor_13,0.0952151998193349,0.9235540390014663,increases predicted RUL,17.93408203125,14.0
65,Sensor_14,1.2947498758500557,-11.032381916046141,decreases predicted RUL,17.93408203125,14.0
65,Sensor_15,0.534085676613517,-1.9938431739807143,decreases predicted RUL,17.93408203125,14.0
65,Sensor_17,0.755037698858433,-0.3515102386474638,decreases predicted RUL,17.93408203125,14.0
65,Sensor_20,-0.5492394387717823,-1.8359735488891573,decreases predicted RUL,17.93408203125,14.0
65,Sensor_21,-0.5330096349672138,-2.6674135208129854,decreases predicted RUL,17.93408203125,14.0
66,Sensor_2,-0.6266155215790226,2.4200824737548814,increases predicted RUL,114.78277587890625,77.0
66,Sensor_3,-0.44963597961555607,0.5987306594848647,increases predicted RUL,114.78277587890625,77.0
66,Sensor_4,-0.7393884230005595,2.3882692337036104,increases predicted RUL,114.78277587890625,77.0
66,Sensor_7,0.6755265048635377,-1.53954629898071,decreases predicted RUL,114.78277587890625,77.0
66,Sensor_8,-0.7079315295385107,0.8394767761230497,increases predicted RUL,114.78277587890625,77.0
66,Sensor_9,-0.28019401506132363,2.4736611366272,increases predicted RUL,114.78277587890625,77.0
66,Sensor_11,-0.7352383723570425,2.3703201293945284,increases predicted RUL,114.78277587890625,77.0
66,Sensor_12,0.7160739610566104,-5.172380065917963,decreases predicted RUL,114.78277587890625,77.0
66,Sensor_13,-0.7112681173912074,-4.207591629028315,decreases predicted RUL,114.78277587890625,77.0
66,Sensor_14,-0.18260507474225512,1.2561347961425753,increases predicted RUL,114.78277587890625,77.0
66,Sensor_15,-0.5745389233205604,2.2464960098266644,increases predicted RUL,114.78277587890625,77.0
66,Sensor_17,-0.7687959413135915,-0.41661205291748615,decreases predicted RUL,114.78277587890625,77.0
66,Sensor_20,0.6812434690208639,2.3467321395873952,increases predicted RUL,114.78277587890625,77.0
66,Sensor_21,0.6688388802977397,0.9827077865600558,increases predicted RUL,114.78277587890625,77.0
67,Sensor_2,0.7776689031846363,-10.886450290679939,decreases predicted RUL,12.610770225524902,8.0
67,Sensor_3,0.6217388379726426,-1.4330081939697337,decreases predicted RUL,12.610770225524902,8.0
67,Sensor_4,0.8202334636868105,-16.86810102462768,decreases predicted RUL,12.610770225524902,8.0
67,Sensor_7,-0.825370360902918,-3.760895061492917,decreases predicted RUL,12.610770225524902,8.0
67,Sensor_8,0.6388554257599504,3.684108066558835,increases predicted RUL,12.610770225524902,8.0
67,Sensor_9,0.4073869669170122,-1.9665547370910588,decreases predicted RUL,12.610770225524902,8.0
67,Sensor_11,0.8680210106963565,-22.438784599304203,decreases predicted RUL,12.610770225524902,8.0
67,Sensor_12,-0.8757137871442258,-1.4326594352722175,decreases predicted RUL,12.610770225524902,8.0
67,Sensor_13,0.7292779457630183,-1.065242195129393,decreases predicted RUL,12.610770225524902,8.0
67,Sensor_14,0.2611424124754241,-8.689683818817137,decreases predicted RUL,12.610770225524902,8.0
67,Sensor_15,0.7772589016700009,-4.368206119537348,decreases predicted RUL,12.610770225524902,8.0
67,Sensor_17,0.8325207653078581,0.04025745391845703,increases predicted RUL,12.610770225524902,8.0
67,Sensor_20,-0.7816148080491684,-1.9227136611938498,decreases predicted RUL,12.610770225524902,8.0
67,Sensor_21,-0.7473318040562631,-1.8064664840698228,decreases predicted RUL,12.610770225524902,8.0
68,Sensor_2,-0.5266237510888635,3.600430679321292,increases predicted RUL,101.034423828125,121.0
68,Sensor_3,-0.3614937649237396,0.24490127563476705,increases predicted RUL,101.034423828125,121.0
68,Sensor_4,-0.4845771476088279,1.5076086044311623,increases predicted RUL,101.034423828125,121.0
68,Sensor_7,0.37137004877776936,1.8867934226989718,increases predicted RUL,101.034423828125,121.0
68,Sensor_8,-0.08243633272637345,0.4039388656616225,increases predicted RUL,101.034423828125,121.0
68,Sensor_9,-0.7929384877451737,0.3865581512451115,increases predicted RUL,101.034423828125,121.0
68,Sensor_11,-0.5210710750411761,-0.566540145874022,decreases predicted RUL,101.034423828125,121.0
68,Sensor_12,0.3909370768840638,-1.2792503356933693,decreases predicted RUL,101.034423828125,121.0
68,Sensor_13,-0.06886244057964402,5.379321289062503,increases predicted RUL,101.034423828125,121.0
68,Sensor_14,-0.7771306692673146,0.40228328704834126,increases predicted RUL,101.034423828125,121.0
68,Sensor_15,-0.42954155513445985,0.45425548553465944,increases predicted RUL,101.034423828125,121.0
68,Sensor_17,-0.5363467419653164,-0.4008338928222557,decreases predicted RUL,101.034423828125,121.0
68,Sensor_20,0.31276252630957546,-1.168902683258061,decreases predicted RUL,101.034423828125,121.0
68,Sensor_21,0.3423670934181303,1.7294931411743164,increases predicted RUL,101.034423828125,121.0
69,Sensor_2,-0.0930594342435853,1.6690031051635685,increases predicted RUL,90.84835052490234,94.0
69,Sensor_3,-0.0700894703856226,-0.04386835098267028,decreases predicted RUL,90.84835052490234,94.0
69,Sensor_4,-0.11790401119660382,2.282902526855466,increases predicted RUL,90.84835052490234,94.0
69,Sensor_7,0.05772282660315234,1.4517450332641602,increases predicted RUL,90.84835052490234,94.0
69,Sensor_8,0.15141997959521725,0.12481880187988281,increases predicted RUL,90.84835052490234,94.0
69,Sensor_9,-0.5578004099217385,0.24320678710937216,increases predicted RUL,90.84835052490234,94.0
69,Sensor_11,-0.06802486918068654,-0.05978784561156658,decreases predicted RUL,90.84835052490234,94.0
69,Sensor_12,0.10295094594892251,0.5357944488525419,increases predicted RUL,90.84835052490234,94.0
69,Sensor_13,0.14527278502509572,3.244675254821786,increases predicted RUL,90.84835052490234,94.0
69,Sensor_14,-0.5920681303560772,0.2530977249145465,increases predicted RUL,90.84835052490234,94.0
69,Sensor_15,-0.010227724296923256,-1.9739509582519545,decreases predicted RUL,90.84835052490234,94.0
69,Sensor_17,-0.2651560093923292,-0.8291143417358384,decreases predicted RUL,90.84835052490234,94.0
69,Sensor_20,0.21759927984360058,-1.459726333618164,decreases predicted RUL,90.84835052490234,94.0
69,Sensor_21,0.13068699934457675,0.03477020263672159,increases predicted RUL,90.84835052490234,94.0
70,Sensor_2,-0.7462056790852472,2.4410922050476174,increases predicted RUL,110.40250396728516,118.0
70,Sensor_3,-0.552979627337121,0.5852377891540428,increases predicted RUL,110.40250396728516,118.0
70,Sensor_4,-0.8775158223059577,1.7817110061645423,increases predicted RUL,110.40250396728516,118.0
70,Sensor_7,0.8922323305591192,0.05781135559082884,increases predicted RUL,110.40250396728516,118.0
70,Sensor_8,-0.9615106633816528,0.4751758575439453,increases predicted RUL,110.40250396728516,118.0
70,Sensor_9,0.07823713160928653,3.3141206741332994,increases predicted RUL,110.40250396728516,118.0
70,Sensor_11,-0.8782661828022554,5.129233169555661,increases predicted RUL,110.40250396728516,118.0
70,Sensor_12,0.9368090934306254,-2.8717645645141587,decreases predicted RUL,110.40250396728516,118.0
70,Sensor_13,-0.95043213559908,-3.3225299835205035,decreases predicted RUL,110.40250396728516,118.0
70,Sensor_14,0.19387363168937466,-4.138385581970219,decreases predicted RUL,110.40250396728516,118.0
70,Sensor_15,-0.7802229428475076,4.005169486999513,increases predicted RUL,110.40250396728516,118.0
70,Sensor_17,-0.8204513189465418,-0.21074142456053835,decreases predicted RUL,110.40250396728516,118.0
70,Sensor_20,0.6613255802256607,2.929619598388669,increases predicted RUL,110.40250396728516,118.0
70,Sensor_21,0.834273423575614,0.337092590332027,increases predicted RUL,110.40250396728516,118.0
71,Sensor_2,-0.31184142807604387,1.3843357086181598,increases predicted RUL,65.58382415771484,50.0
71,Sensor_3,-0.3071796318882569,0.07030563354493324,increases predicted RUL,65.58382415771484,50.0
71,Sensor_4,-0.39035897305044726,3.3050854682922335,increases predicted RUL,65.58382415771484,50.0
71,Sensor_7,0.5252560417899567,-1.5811131477356,decreases predicted RUL,65.58382415771484,50.0
71,Sensor_8,-0.5050682224646884,-1.4681518554687472,decreases predicted RUL,65.58382415771484,50.0
71,Sensor_9,0.0730112371903648,4.694510078430177,increases predicted RUL,65.58382415771484,50.0
71,Sensor_11,-0.35333165336720945,-0.9563815116882353,decreases predicted RUL,65.58382415771484,50.0
71,Sensor_12,0.3768360610567345,-1.3203016281127944,decreases predicted RUL,65.58382415771484,50.0
71,Sensor_13,-0.4776660530961393,-2.7565689086914062,decreases predicted RUL,65.58382415771484,50.0
71,Sensor_14,0.05332843118486448,-3.835108852386469,decreases predicted RUL,65.58382415771484,50.0
71,Sensor_15,-0.4311413789835196,1.3470312118530288,increases predicted RUL,65.58382415771484,50.0
71,Sensor_17,-0.2651560093923292,-0.22587089538574645,decreases predicted RUL,65.58382415771484,50.0
71,Sensor_20,0.39243408149039416,-1.722830200195311,decreases predicted RUL,65.58382415771484,50.0
71,Sensor_21,0.37654778417802065,2.031468582153316,increases predicted RUL,65.58382415771484,50.0
72,Sensor_2,-0.7326067982985762,3.1888973236084013,increases predicted RUL,104.58936309814453,131.0
72,Sensor_3,-0.9414969393206603,-0.006125450134284449,decreases predicted RUL,104.58936309814453,131.0
72,Sensor_4,-0.8214293429226189,2.688385200500484,increases predicted RUL,104.58936309814453,131.0
72,Sensor_7,0.903530861617286,0.7874790191650476,increases predicted RUL,104.58936309814453,131.0
72,Sensor_8,-0.6938437998807717,0.47360916137694886,increases predicted RUL,104.58936309814453,131.0
72,Sensor_9,-0.5265537275208878,1.7778356552124066,increases predicted RUL,104.58936309814453,131.0
72,Sensor_11,-0.9621358936392389,2.695162773132324,increases predicted RUL,104.58936309814453,131.0
72,Sensor_12,0.9210810373155224,-2.2052318572998004,decreases predicted RUL,104.58936309814453,131.0
72,Sensor_13,-0.7001442095677471,-3.644056320190437,decreases predicted RUL,104.58936309814453,131.0
72,Sensor_14,-0.3580113563118563,0.3720512390136719,increases predicted RUL,104.58936309814453,131.0
72,Sensor_15,-0.9471912252273043,3.0159238815307674,increases predicted RUL,104.58936309814453,131.0
72,Sensor_17,-0.7687959413135915,0.04109382629393821,increases predicted RUL,104.58936309814453,131.0
72,Sensor_20,0.6790303702658423,2.091371536254883,increases predicted RUL,104.58936309814453,131.0
72,Sensor_21,0.7937924000864666,0.7496145248413129,increases predicted RUL,104.58936309814453,131.0
73,Sensor_2,-0.2470467607984082,1.8269611358642663,increases predicted RUL,109.27458953857422,126.0
73,Sensor_3,-0.0701873336883899,-0.00901145935058878,decreases predicted RUL,109.27458953857422,126.0
73,Sensor_4,-0.21989962940956495,2.4359334945678697,increases predicted RUL,109.27458953857422,126.0
73,Sensor_7,0.1985025235878588,2.454530906677249,increases predicted RUL,109.27458953857422,126.0
73,Sensor_8,-0.13315215949492504,-1.1133298873901367,decreases predicted RUL,109.27458953857422,126.0
73,Sensor_9,-0.21553602501504507,4.671856307983411,increases predicted RUL,109.27458953857422,126.0
73,Sensor_11,-0.2252805770000313,-0.4178646087646456,decreases predicted RUL,109.27458953857422,126.0
73,Sensor_12,0.12572950997769497,0.645435333251946,increases predicted RUL,109.27458953857422,126.0
73,Sensor_13,-0.0938912331818921,4.351173782348631,increases predicted RUL,109.27458953857422,126.0
73,Sensor_14,-0.19689549684502658,1.669560241699223,increases predicted RUL,109.27458953857422,126.0
73,Sensor_15,-0.09203205044531058,-1.767686462402338,decreases predicted RUL,109.27458953857422,126.0
73,Sensor_17,-0.05853449886052914,0.8503356933593693,increases predicted RUL,109.27458953857422,126.0
73,Sensor_20,-0.030267780718949994,-0.16519279479980753,decreases predicted RUL,109.27458953857422,126.0
73,Sensor_21,0.02958605889153575,-1.0580888748169102,decreases predicted RUL,109.27458953857422,126.0
74,Sensor_2,-0.5814192413174704,2.775803375244138,increases predicted RUL,106.7977294921875,113.0
74,Sensor_3,-0.6656202888215164,0.05874176025390909,increases predicted RUL,106.7977294921875,113.0
74,Sensor_4,-0.5691068495003535,2.0398097991943374,increases predicted RUL,106.7977294921875,113.0
74,Sensor_7,0.5907875219273054,-0.359576702117927,decreases predicted RUL,106.7977294921875,113.0
74,Sensor_8,-0.5755068707538951,-1.3613921165466323,decreases predicted RUL,106.7977294921875,113.0
74,Sensor_9,-0.3183964806748789,2.9356212615966797,increases predicted RUL,106.7977294921875,113.0
74,Sensor_11,-0.6536151716317662,3.273103904724117,increases predicted RUL,106.7977294921875,113.0
74,Sensor_12,0.5945882862365119,-2.427945423126225,decreases predicted RUL,106.7977294921875,113.0
74,Sensor_13,-0.5082567996110662,-3.7269391059875545,decreases predicted RUL,106.7977294921875,113.0
74,Sensor_14,-0.19780765144733106,1.0995323181152372,increases predicted RUL,106.7977294921875,113.0
74,Sensor_15,-0.5313436793960518,1.8314349174499611,increases predicted RUL,106.7977294921875,113.0
74,Sensor_17,-0.5492605863735538,-0.4182588577270465,decreases predicted RUL,106.7977294921875,113.0
74,Sensor_20,0.601571913840046,0.335146236419682,increases predicted RUL,106.7977294921875,113.0
74,Sensor_21,0.6083852477753787,0.3120088577270508,increases predicted RUL,106.7977294921875,113.0
75,Sensor_2,0.6092827616792311,-9.216515541076657,decreases predicted RUL,5.909334182739258,10.0
75,Sensor_3,0.8222933664423974,-2.611417579650876,decreases predicted RUL,5.909334182739258,10.0
75,Sensor_4,0.7946790059646066,-12.208046054840093,decreases predicted RUL,5.909334182739258,10.0
75,Sensor_7,-0.6276460673850492,-2.2233504295349107,decreases predicted RUL,5.909334182739258,10.0
75,Sensor_8,0.1429673418005227,0.3905171394348166,increases predicted RUL,5.909334182739258,10.0
75,Sensor_9,1.190546569004393,-21.93220491409302,decreases predicted RUL,5.909334182739258,10.0
75,Sensor_11,0.7564443418150135,-7.327392292022708,decreases predicted RUL,5.909334182739258,10.0
75,Sensor_12,-0.7276531209572387,-0.11004238128661825,decreases predicted RUL,5.909334182739258,10.0
75,Sensor_13,0.25651186326058345,0.5677433967590311,increases predicted RUL,5.909334182739258,10.0
75,Sensor_14,1.1082090174109382,-11.653050041198732,decreases predicted RUL,5.909334182739258,10.0
75,Sensor_15,0.7460623366134136,-3.7865629196166957,decreases predicted RUL,5.909334182739258,10.0
75,Sensor_17,0.7162961656337206,-0.04566993713378764,decreases predicted RUL,5.909334182739258,10.0
75,Sensor_20,-0.7539510736113848,-1.023709678649908,decreases predicted RUL,5.909334182739258,10.0
75,Sensor_21,-0.8013188194078296,-2.981631851196287,decreases predicted RUL,5.909334182739258,10.0
76,Sensor_2,0.16931897152258452,-7.522390365600586,decreases predicted RUL,32.228431701660156,34.0
76,Sensor_3,0.006831085588952141,-0.1781429290771399,decreases predicted RUL,32.228431701660156,34.0
76,Sensor_4,0.21977037101781474,-6.037568473815924,decreases predicted RUL,32.228431701660156,34.0
76,Sensor_7,-0.2181873018372069,-0.7555574417114244,decreases predicted RUL,32.228431701660156,34.0
76,Sensor_8,0.6980238903231963,1.6444128036499066,increases predicted RUL,32.228431701660156,34.0
76,Sensor_9,-0.7489033080834561,0.5173299789428683,increases predicted RUL,32.228431701660156,34.0
76,Sensor_11,0.17010520266003332,-1.5509979248046832,decreases predicted RUL,32.228431701660156,34.0
76,Sensor_12,-0.2682854130437368,5.843642997741696,increases predicted RUL,32.228431701660156,34.0
76,Sensor_13,0.6458486370864978,1.5619596481323228,increases predicted RUL,32.228431701660156,34.0
76,Sensor_14,-0.7874264832841328,0.01485328674316122,increases predicted RUL,32.228431701660156,34.0
76,Sensor_15,0.21652064257592696,-0.9914733886718778,decreases predicted RUL,32.228431701660156,34.0
76,Sensor_17,0.19974238930422075,0.5551076889038029,increases predicted RUL,32.228431701660156,34.0
76,Sensor_20,-0.2504711068437125,1.290980148315434,increases predicted RUL,32.228431701660156,34.0
76,Sensor_21,-0.07084974379536835,-2.0036424636840806,decreases predicted RUL,32.228431701660156,34.0
77,Sensor_2,-1.3213583429445857,-1.6949624061584458,decreases predicted RUL,124.8962631225586,107.0
77,Sensor_3,-1.163907605408298,-0.6317413330078097,decreases predicted RUL,124.8962631225586,107.0
77,Sensor_4,-1.3983378919520206,-0.2850038528442411,decreases predicted RUL,124.8962631225586,107.0
77,Sensor_7,1.3602174869882453,2.8995321273803683,increases predicted RUL,124.8962631225586,107.0
77,Sensor_8,-1.4630338392056623,0.8328896522521916,increases predicted RUL,124.8962631225586,107.0
77,Sensor_9,-0.1503798994522267,2.3744285583496065,increases predicted RUL,124.8962631225586,107.0
77,Sensor_11,-1.4106890792763174,4.0366645812988295,increases predicted RUL,124.8962631225586,107.0
77,Sensor_12,1.5423392538620553,-3.544490528106685,decreases predicted RUL,124.8962631225586,107.0
77,Sensor_13,-1.5149704576474334,1.2792532920837374,increases predicted RUL,124.8962631225586,107.0
77,Sensor_14,0.07775739926957397,-4.358118820190427,decreases predicted RUL,124.8962631225586,107.0
77,Sensor_15,-1.3046452005680143,1.2571981430053754,increases predicted RUL,124.8962631225586,107.0
77,Sensor_17,-1.2336943400101417,0.06860656738281534,increases predicted RUL,124.8962631225586,107.0
77,Sensor_20,1.352918941170263,2.2380640029907255,increases predicted RUL,124.8962631225586,107.0
77,Sensor_21,1.3459306501775956,1.8713632583618107,increases predicted RUL,124.8962631225586,107.0
78,Sensor_2,-0.38863510781246835,1.363786220550537,increases predicted RUL,91.46327209472656,63.0
78,Sensor_3,-0.4723402658574124,0.09034109115601296,increases predicted RUL,91.46327209472656,63.0
78,Sensor_4,-0.4175800258414889,1.3018661499023523,increases predicted RUL,91.46327209472656,63.0
78,Sensor_7,0.3767933436856882,1.1307151794433565,increases predicted RUL,91.46327209472656,63.0
78,Sensor_8,-0.1387872513578412,-0.5476600646972685,decreases predicted RUL,91.46327209472656,63.0
78,Sensor_9,-0.7788367241225335,-0.15453014373778728,decreases predicted RUL,91.46327209472656,63.0
78,Sensor_11,-0.5263129319684868,-0.20218086242676492,decreases predicted RUL,91.46327209472656,63.0
78,Sensor_12,0.40232635889846224,0.4538119316101046,increases predicted RUL,91.46327209472656,63.0
78,Sensor_13,-0.13282491056507792,5.101585483551027,increases predicted RUL,91.46327209472656,63.0
78,Sensor_14,-0.7136677749253654,0.6401052474975515,increases predicted RUL,91.46327209472656,63.0
78,Sensor_15,-0.4677773451268983,1.0344318389892564,increases predicted RUL,91.46327209472656,63.0
78,Sensor_17,-0.5880021195982663,-0.3930135726928654,decreases predicted RUL,91.46327209472656,63.0
78,Sensor_20,0.4532942972535208,-1.5193883895874052,decreases predicted RUL,91.46327209472656,63.0
78,Sensor_21,0.4385164527232505,2.299352073669432,increases predicted RUL,91.46327209472656,63.0
79,Sensor_2,-0.201450513454914,1.801990318298337,increases predicted RUL,78.15240478515625,90.0
79,Sensor_3,-0.17845676764920906,-0.14140529632568644,decreases predicted RUL,78.15240478515625,90.0
79,Sensor_4,-0.15723565482120955,2.160761737823485,increases predicted RUL,78.15240478515625,90.0
79,Sensor_7,0.17861710892548832,3.2284107208251953,increases predicted RUL,78.15240478515625,90.0
79,Sensor_8,-0.3191101909797427,-0.657057666778563,decreases predicted RUL,78.15240478515625,90.0
79,Sensor_9,0.04366652676173979,5.1320461273193345,increases predicted RUL,78.15240478515625,90.0
79,Sensor_11,-0.20206663917908002,0.33363189697266193,increases predicted RUL,78.15240478515625,90.0
79,Sensor_12,0.1924381617762259,-0.05678100585937784,decreases predicted RUL,78.15240478515625,90.0
79,Sensor_13,-0.3191503666095861,4.318220996856688,increases predicted RUL,78.15240478515625,90.0
79,Sensor_14,0.03538939067287514,-2.7586587905883775,decreases predicted RUL,78.15240478515625,90.0
79,Sensor_15,-0.2939298201961646,0.44727230072021484,increases predicted RUL,78.15240478515625,90.0
79,Sensor_17,-0.23932832057585413,-0.5611558914184513,decreases predicted RUL,78.15240478515625,90.0
79,Sensor_20,0.2021075885584366,-1.649886035919188,decreases predicted RUL,78.15240478515625,90.0
79,Sensor_21,0.2553633783974113,0.9045122146606417,increases predicted RUL,78.15240478515625,90.0
80,Sensor_2,1.0412472101966779,-9.97517309188843,decreases predicted RUL,6.540245532989502,8.0
80,Sensor_3,0.9079889985650489,-2.6903280258178732,decreases predicted RUL,6.540245532989502,8.0
80,Sensor_4,1.0443793898118978,-22.49356031417847,decreases predicted RUL,6.540245532989502,8.0
80,Sensor_7,-1.136305935623581,-2.856098937988282,decreases predicted RUL,6.540245532989502,8.0
80,Sensor_8,0.8332660950392061,-0.6730339050292962,decreases predicted RUL,6.540245532989502,8.0
80,Sensor_9,0.4126400323641175,-4.570623111724853,decreases predicted RUL,6.540245532989502,8.0
80,Sensor_11,1.10839759264878,-28.750837039947506,decreases predicted RUL,6.540245532989502,8.0
80,Sensor_12,-1.1463448216764993,-1.1946663856506312,decreases predicted RUL,6.540245532989502,8.0
80,Sensor_13,0.7793355309692855,1.1307566642761238,increases predicted RUL,6.540245532989502,8.0
80,Sensor_14,0.28020329830289015,-6.2556432723999045,decreases predicted RUL,6.540245532989502,8.0
80,Sensor_15,0.9655048412422448,-4.521670627593995,decreases predicted RUL,6.540245532989502,8.0
80,Sensor_17,0.8970899873490455,0.5183194160461362,increases predicted RUL,6.540245532989502,8.0
80,Sensor_20,-1.0527194055394589,-1.8917537689208963,decreases predicted RUL,6.540245532989502,8.0
80,Sensor_21,-0.9412748910327893,-0.20236721038817862,decreases predicted RUL,6.540245532989502,8.0
81,Sensor_2,0.42089826607580066,-15.5081768989563,decreases predicted RUL,6.929783821105957,9.0
81,Sensor_3,0.3902268847277081,-1.0107528686523466,decreases predicted RUL,6.929783821105957,9.0
81,Sensor_4,0.5414454405713772,-9.338355827331547,decreases predicted RUL,6.929783821105957,9.0
81,Sensor_7,-0.7169044627445504,-5.649091529846199,decreases predicted RUL,6.929783821105957,9.0
81,Sensor_8,0.8642591002860779,2.468471622467046,increases predicted RUL,6.929783821105957,9.0
81,Sensor_9,-0.3582473219977096,1.8272080421447754,increases predicted RUL,6.929783821105957,9.0
81,Sensor_11,0.6972862422067823,-19.87340316772461,decreases predicted RUL,6.929783821105957,9.0
81,Sensor_12,-0.7745661159212506,-1.59211874008178,decreases predicted RUL,6.929783821105957,9.0
81,Sensor_13,0.7543067383666577,-0.6262098312377944,decreases predicted RUL,6.929783821105957,9.0
81,Sensor_14,-0.4993848351333988,1.299903392791748,increases predicted RUL,6.929783821105957,9.0
81,Sensor_15,0.5221936526688685,-2.58269290924072,decreases predicted RUL,6.929783821105957,9.0
81,Sensor_17,0.47093312187720815,0.6440436363220243,increases predicted RUL,6.929783821105957,9.0
81,Sensor_20,-0.5094036611813723,-2.4760261535644545,decreases predicted RUL,6.929783821105957,9.0
81,Sensor_21,-0.5379057879679546,-2.1731670379638643,decreases predicted RUL,6.929783821105957,9.0
82,Sensor_2,-0.6626125589554941,3.2212234497070327,increases predicted RUL,110.7179183959961,137.0
82,Sensor_3,-0.5195756199927726,0.6365726470947308,increases predicted RUL,110.7179183959961,137.0
82,Sensor_4,-0.6581252474439538,3.153026771545413,increases predicted RUL,110.7179183959961,137.0
82,Sensor_7,0.6115768190743281,-0.14860649108886292,decreases predicted RUL,110.7179183959961,137.0
82,Sensor_8,-0.5304261358487721,-0.7955530166625948,decreases predicted RUL,110.7179183959961,137.0
82,Sensor_9,-0.3205520489100771,2.5758403778076087,increases predicted RUL,110.7179183959961,137.0
82,Sensor_11,-0.6977965371619613,2.153062820434563,increases predicted RUL,110.7179183959961,137.0
82,Sensor_12,0.6637374984667003,-3.2118749618530273,decreases predicted RUL,110.7179183959961,137.0
82,Sensor_13,-0.5889051313317537,-2.8513151168823256,decreases predicted RUL,110.7179183959961,137.0
82,Sensor_14,-0.2419894847129817,0.5711837768554702,increases predicted RUL,110.7179183959961,137.0
82,Sensor_15,-0.6248267196425441,1.9603338241577148,increases predicted RUL,110.7179183959961,137.0
82,Sensor_17,-0.4976052087406038,-0.13671474456786825,decreases predicted RUL,110.7179183959961,137.0
82,Sensor_20,0.5207938092817129,0.28774700164795064,increases predicted RUL,110.7179183959961,137.0
82,Sensor_21,0.6835642913980812,0.770843696594234,increases predicted RUL,110.7179183959961,137.0
83,Sensor_2,0.16091966280140135,-6.052521514892575,decreases predicted RUL,66.8385009765625,58.0
83,Sensor_3,0.06881117734115647,-0.09478244781494283,decreases predicted RUL,66.8385009765625,58.0
83,Sensor_4,0.18708288640098103,-6.108524894714357,decreases predicted RUL,66.8385009765625,58.0
83,Sensor_7,-0.2534387187386814,-1.0853973388671818,decreases predicted RUL,66.8385009765625,58.0
83,Sensor_8,0.455714940206655,2.741107559204103,increases predicted RUL,66.8385009765625,58.0
83,Sensor_9,-0.5500023248356098,0.9966775894165067,increases predicted RUL,66.8385009765625,58.0
83,Sensor_11,0.2756911779101635,-2.5432984352111774,decreases predicted RUL,66.8385009765625,58.0
83,Sensor_12,-0.28075938858331073,5.3403003692626925,increases predicted RUL,66.8385009765625,58.0
83,Sensor_13,0.5262666279828774,2.865741920471187,increases predicted RUL,66.8385009765625,58.0
83,Sensor_14,-0.560132234739757,1.282602119445798,increases predicted RUL,66.8385009765625,58.0
83,Sensor_15,0.2543831403369135,-1.3167940139770522,decreases predicted RUL,66.8385009765625,58.0
83,Sensor_17,0.2513977669371706,1.9435209274291978,increases predicted RUL,66.8385009765625,58.0
83,Sensor_20,-0.19625018734565736,0.7534125328063936,increases predicted RUL,66.8385009765625,58.0
83,Sensor_21,-0.235323532522153,-1.930828475952147,decreases predicted RUL,66.8385009765625,58.0
84,Sensor_2,-0.07966306696274313,1.426372623443605,increases predicted RUL,125.0,118.0
84,Sensor_3,-0.17248743980712158,-0.09575481414794496,decreases predicted RUL,125.0,118.0
84,Sensor_4,-0.11641405964123513,1.761057090759273,increases predicted RUL,125.0,118.0
84,Sensor_7,-0.021742467974255497,1.9777183532714844,increases predicted RUL,125.0,118.0
84,Sensor_8,0.1447779677496381,-0.2958690643310504,decreases predicted RUL,125.0,118.0
84,Sensor_9,-0.4772409818209959,1.204247474670403,increases predicted RUL,125.0,118.0
84,Sensor_11,-0.18044844838204088,1.3639873504638658,increases predicted RUL,125.0,118.0
84,Sensor_12,0.035036123993487094,-0.09068984985351136,decreases predicted RUL,125.0,118.0
84,Sensor_13,0.20601996523648144,2.436291313171388,increases predicted RUL,125.0,118.0
84,Sensor_14,-0.5093309334003228,0.7332923889160199,increases predicted RUL,125.0,118.0
84,Sensor_15,-0.29519404885707023,0.2919798851013198,increases predicted RUL,125.0,118.0
84,Sensor_17,-0.015008877961343838,1.0985277175903434,increases predicted RUL,125.0,118.0
84,Sensor_20,0.11251366823818332,0.32975711822508913,increases predicted RUL,125.0,118.0
84,Sensor_21,0.05249373129205109,-1.2050559997558707,decreases predicted RUL,125.0,118.0
85,Sensor_2,-0.15305449653767542,1.5524873733520437,increases predicted RUL,97.70890045166016,89.0
85,Sensor_3,-0.2970670906023694,0.20797481536865803,increases predicted RUL,97.70890045166016,89.0
85,Sensor_4,-0.24556519346969158,2.2081142425537053,increases predicted RUL,97.70890045166016,89.0
85,Sensor_7,0.28956868391666213,3.0962703704834027,increases predicted RUL,97.70890045166016,89.0
85,Sensor_8,-0.3726435636799446,-0.26119060516356996,decreases predicted RUL,97.70890045166016,89.0
85,Sensor_9,-0.07481727009852879,5.552487373352044,increases predicted RUL,97.70890045166016,89.0
85,Sensor_11,-0.29267588035117575,0.5585102081298814,increases predicted RUL,97.70890045166016,89.0
85,Sensor_12,0.33182127976179115,1.432382202148446,increases predicted RUL,97.70890045166016,89.0
85,Sensor_13,-0.2885596200946596,4.424141502380365,increases predicted RUL,97.70890045166016,89.0
85,Sensor_14,0.01016359787810628,-2.4306961059570256,decreases predicted RUL,97.70890045166016,89.0
85,Sensor_15,-0.28267772579113815,0.5681869506835966,increases predicted RUL,97.70890045166016,89.0
85,Sensor_17,-0.3297252314335167,-0.6242389678955007,decreases predicted RUL,97.70890045166016,89.0
85,Sensor_20,0.3426393595023845,-1.8586091995239329,decreases predicted RUL,97.70890045166016,89.0
85,Sensor_21,0.346210111622486,1.3690196990966754,increases predicted RUL,97.70890045166016,89.0
86,Sensor_2,-1.0389815830803995,-3.6438167572021527,decreases predicted RUL,107.0841064453125,116.0
86,Sensor_3,-0.953534125560956,-1.0877222061157212,decreases predicted RUL,107.0841064453125,116.0
86,Sensor_4,-1.1445043523340055,-0.08003845214843608,decreases predicted RUL,107.0841064453125,116.0
86,Sensor_7,0.9862361089630376,-0.8497045516967816,decreases predicted RUL,107.0841064453125,116.0
86,Sensor_8,-1.0206791279448988,0.9602906227111774,increases predicted RUL,107.0841064453125,116.0
86,Sensor_9,-0.20871609694321014,1.53124294281006,increases predicted RUL,107.0841064453125,116.0
86,Sensor_11,-1.0901869700064168,4.17216606140137,increases predicted RUL,107.0841064453125,116.0
86,Sensor_12,0.9528083229270262,-2.4201154708862305,decreases predicted RUL,107.0841064453125,116.0
86,Sensor_13,-0.8447550112748802,-1.1894031524658146,decreases predicted RUL,107.0841064453125,116.0
86,Sensor_14,-0.07998243971516455,-1.9198488235473548,decreases predicted RUL,107.0841064453125,116.0
86,Sensor_15,-0.935245873821015,4.632974243164057,increases predicted RUL,107.0841064453125,116.0
86,Sensor_17,-0.8591928521712542,0.06758308410644531,increases predicted RUL,107.0841064453125,116.0
86,Sensor_20,0.8671437644427726,4.090585994720449,increases predicted RUL,107.0841064453125,116.0
86,Sensor_21,1.0287707920239244,2.805556297302253,increases predicted RUL,107.0841064453125,116.0
87,Sensor_2,-0.002266906638534306,1.2944459915161062,increases predicted RUL,101.79068756103516,115.0
87,Sensor_3,-0.11396485112599591,0.0923803329467674,increases predicted RUL,101.79068756103516,115.0
87,Sensor_4,0.031489570774147393,0.5222080230712933,increases predicted RUL,101.79068756103516,115.0
87,Sensor_7,-0.07153236870224794,1.6869398117065444,increases predicted RUL,101.79068756103516,115.0
87,Sensor_8,0.565599231538837,0.7879484176635714,increases predicted RUL,101.79068756103516,115.0
87,Sensor_9,-1.0901985929852516,0.2383737564086914,increases predicted RUL,101.79068756103516,115.0
87,Sensor_11,0.053286676851378154,-0.27632980346679403,decreases predicted RUL,101.79068756103516,115.0
87,Sensor_12,-0.023144676353175707,1.2222866058349595,increases predicted RUL,101.79068756103516,115.0
87,Sensor_13,0.573543236233437,2.5551511764526396,increases predicted RUL,101.79068756103516,115.0
87,Sensor_14,-1.1055902023822248,2.1345581054687557,increases predicted RUL,101.79068756103516,115.0
87,Sensor_15,0.09525399481749332,-0.5016103744506779,decreases predicted RUL,101.79068756103516,115.0
87,Sensor_17,-0.07144834326876665,1.4537105560302734,increases predicted RUL,101.79068756103516,115.0
87,Sensor_20,0.1346080765302478,-0.267810630798337,decreases predicted RUL,101.79068756103516,115.0
87,Sensor_21,0.107591938020326,-0.20994262695312926,decreases predicted RUL,101.79068756103516,115.0
88,Sensor_2,-0.032664404867525934,1.171959304809576,increases predicted RUL,107.16938781738281,136.0
88,Sensor_3,-0.16315747131669234,0.013578987121583452,increases predicted RUL,107.16938781738281,136.0
88,Sensor_4,-0.12179273302389643,2.081136703491211,increases predicted RUL,107.16938781738281,136.0
88,Sensor_7,0.11963877680188663,2.866771697998047,increases predicted RUL,107.16938781738281,136.0
88,Sensor_8,0.22467617381620214,-0.9428010940551772,decreases predicted RUL,107.16938781738281,136.0
88,Sensor_9,-0.67835826193267,-0.4228822708129911,decreases predicted RUL,107.16938781738281,136.0
88,Sensor_11,-0.08449927666652282,0.1424219131469684,increases predicted RUL,107.16938781738281,136.0
88,Sensor_12,0.014006076884220599,0.35247745513916584,increases predicted RUL,107.16938781738281,136.0
88,Sensor_13,0.2676357710842966,2.0241479873657156,increases predicted RUL,107.16938781738281,136.0
88,Sensor_14,-0.7120741255052448,0.2895534515380902,increases predicted RUL,107.16938781738281,136.0
88,Sensor_15,-0.15293201163270745,-0.40968189239502095,decreases predicted RUL,107.16938781738281,136.0
88,Sensor_17,-0.17475909853466665,-0.9842153549194279,decreases predicted RUL,107.16938781738281,136.0
88,Sensor_20,0.1844027985182598,-0.7083396911621165,decreases predicted RUL,107.16938781738281,136.0
88,Sensor_21,0.1348995385301215,-0.22097434997558452,decreases predicted RUL,107.16938781738281,136.0
89,Sensor_2,0.2869092936189896,-9.032431316375728,decreases predicted RUL,21.45656967163086,28.0
89,Sensor_3,0.2620259581034137,-0.1254722595214801,decreases predicted RUL,21.45656967163086,28.0
89,Sensor_4,0.41111770618814647,-10.612613677978509,decreases predicted RUL,21.45656967163086,28.0
89,Sensor_7,-0.3359179954632805,-1.018148517608637,decreases predicted RUL,21.45656967163086,28.0
89,Sensor_8,0.29793236803808404,1.534762191772451,increases predicted RUL,21.45656967163086,28.0
89,Sensor_9,0.24444231095363192,-6.152142333984379,decreases predicted RUL,21.45656967163086,28.0
89,Sensor_11,0.4336957224334084,-6.5703537940978975,decreases predicted RUL,21.45656967163086,28.0
89,Sensor_12,-0.40631266412282285,5.424016571044923,increases predicted RUL,21.45656967163086,28.0
89,Sensor_13,0.25929284021666965,1.1648546218872156,increases predicted RUL,21.45656967163086,28.0
89,Sensor_14,0.1636781689923998,-5.43545236587525,decreases predicted RUL,21.45656967163086,28.0
89,Sensor_15,0.35757177860101913,-2.378981018066405,decreases predicted RUL,21.45656967163086,28.0
89,Sensor_17,0.5096746551019207,1.2099372863769489,increases predicted RUL,21.45656967163086,28.0
89,Sensor_20,-0.31465097073937104,-3.0001161575317425,decreases predicted RUL,21.45656967163086,28.0
89,Sensor_21,-0.41598234022496944,-0.5791616439819407,decreases predicted RUL,21.45656967163086,28.0
90,Sensor_2,0.9680532341978727,-11.519773197174072,decreases predicted RUL,24.37977409362793,38.0
90,Sensor_3,0.6748459902740039,-0.3781166076660121,decreases predicted RUL,24.37977409362793,38.0
90,Sensor_4,0.9850708266288056,-20.711857318878177,decreases predicted RUL,24.37977409362793,38.0
90,Sensor_7,-1.0427540984619865,-4.70814323425293,decreases predicted RUL,24.37977409362793,38.0
90,Sensor_8,1.3742349139040133,2.474675464630131,increases predicted RUL,24.37977409362793,38.0
90,Sensor_9,-0.6743097787346425,0.061487007141106886,increases predicted RUL,24.37977409362793,38.0
90,Sensor_11,1.1218766533190108,-36.002449607849115,decreases predicted RUL,24.37977409362793,38.0
90,Sensor_12,-1.1721062928995187,-4.571714782714846,decreases predicted RUL,24.37977409362793,38.0
90,Sensor_13,1.3855885073553929,-2.6194417953491183,decreases predicted RUL,24.37977409362793,38.0
90,Sensor_14,-0.8691010160651961,0.12733907699584535,increases predicted RUL,24.37977409362793,38.0
90,Sensor_15,0.8818873813982555,-4.168694591522215,decreases predicted RUL,24.37977409362793,38.0
90,Sensor_17,0.7937792320831452,-0.24880447387694815,decreases predicted RUL,24.37977409362793,38.0
90,Sensor_20,-0.9608758072060141,-3.3052211761474624,decreases predicted RUL,24.37977409362793,38.0
90,Sensor_21,-1.104954209650018,-2.7618367195129423,decreases predicted RUL,24.37977409362793,38.0
91,Sensor_2,0.9056583694120346,-12.813623714447019,decreases predicted RUL,24.171424865722656,20.0
91,Sensor_3,0.543872270071321,-0.21281003952026367,decreases predicted RUL,24.171424865722656,20.0
91,Sensor_4,0.8004120930014121,-20.578415298461916,decreases predicted RUL,24.171424865722656,20.0
91,Sensor_7,-0.9953002680177011,-7.825242614746088,decreases predicted RUL,24.171424865722656,20.0
91,Sensor_8,1.3629647301774117,6.346342754364009,increases predicted RUL,24.171424865722656,20.0
91,Sensor_9,-0.8996662864152103,-1.2078769683837933,decreases predicted RUL,24.171424865722656,20.0
91,Sensor_11,0.9728581492425833,-24.4134819984436,decreases predicted RUL,24.171424865722656,20.0
91,Sensor_12,-0.9958435950578548,-6.529662609100342,decreases predicted RUL,24.171424865722656,20.0
91,Sensor_13,1.2381967286923004,-3.054551124572754,decreases predicted RUL,24.171424865722656,20.0
91,Sensor_14,-1.0593534001274756,0.05611734390258505,increases predicted RUL,24.171424865722656,20.0
91,Sensor_15,0.8694087553756237,-3.460566520690918,decreases predicted RUL,24.171424865722656,20.0
91,Sensor_17,0.832520765307858,-0.07197551727294993,decreases predicted RUL,24.171424865722656,20.0
91,Sensor_20,-0.7307135366836451,-0.8952952384948674,decreases predicted RUL,24.171424865722656,20.0
91,Sensor_21,-0.7737156021130842,-3.007730197906497,decreases predicted RUL,24.171424865722656,20.0
92,Sensor_2,0.5168903657463119,-10.983717060089106,decreases predicted RUL,53.360713958740234,85.0
92,Sensor_3,0.46832180033547777,-0.5289591789245591,decreases predicted RUL,53.360713958740234,85.0
92,Sensor_4,0.6635290846807511,-18.229060363769534,decreases predicted RUL,53.360713958740234,85.0
92,Sensor_7,-0.7322704649836418,-4.562095737457277,decreases predicted RUL,53.360713958740234,85.0
92,Sensor_8,0.5289711344275116,3.9565326690673785,increases predicted RUL,53.360713958740234,85.0
92,Sensor_9,0.33980356283726487,-3.2775666236877434,decreases predicted RUL,53.360713958740234,85.0
92,Sensor_11,0.7257420369550458,-16.667672348022457,decreases predicted RUL,53.360713958740234,85.0
92,Sensor_12,-0.7170773590867455,-1.3909016609191873,decreases predicted RUL,53.360713958740234,85.0
92,Sensor_13,0.47620904277661064,0.7269125938415542,increases predicted RUL,53.360713958740234,85.0
92,Sensor_14,0.2423331555037639,-8.16553554534913,decreases predicted RUL,53.360713958740234,85.0
92,Sensor_15,0.6886819878939437,-2.575423240661621,decreases predicted RUL,53.360713958740234,85.0
92,Sensor_17,0.5871577215513458,-0.5590981483459458,decreases predicted RUL,53.360713958740234,85.0
92,Sensor_20,-0.6300175433301115,-1.647654819488526,decreases predicted RUL,53.360713958740234,85.0
92,Sensor_21,-0.6836448629485061,-1.5664159774780266,decreases predicted RUL,53.360713958740234,85.0
93,Sensor_2,0.38090155787973146,-8.907671165466311,decreases predicted RUL,65.68285369873047,55.0
93,Sensor_3,0.14762375716921852,-0.2782081604003892,decreases predicted RUL,65.68285369873047,55.0
93,Sensor_4,0.23252537861133177,-8.159183502197266,decreases predicted RUL,65.68285369873047,55.0
93,Sensor_7,-0.4812171048712534,-2.9198758125305133,decreases predicted RUL,65.68285369873047,55.0
93,Sensor_8,0.33174291921711846,2.449544525146486,increases predicted RUL,65.68285369873047,55.0
93,Sensor_9,-0.3583831771385775,2.8282899856567383,increases predicted RUL,65.68285369873047,55.0
93,Sensor_11,0.2801841981335729,-0.6803738594055275,decreases predicted RUL,65.68285369873047,55.0
93,Sensor_12,-0.4196001598062744,3.4532934188842788,increases predicted RUL,65.68285369873047,55.0
93,Sensor_13,0.3872177801880433,3.1723243713378864,increases predicted RUL,65.68285369873047,55.0
93,Sensor_14,-0.4097630243230663,0.7606266021728558,increases predicted RUL,65.68285369873047,55.0
93,Sensor_15,0.28461981108407064,-2.454132080078118,decreases predicted RUL,65.68285369873047,55.0
93,Sensor_17,0.31596698897835807,0.762599182128902,increases predicted RUL,65.68285369873047,55.0
93,Sensor_20,-0.3035854769642541,-0.18854637145996378,decreases predicted RUL,65.68285369873047,55.0
93,Sensor_21,-0.29104729648530603,-1.509019088745113,decreases predicted RUL,65.68285369873047,55.0
94,Sensor_2,-0.7690038027569899,3.4151032447814913,increases predicted RUL,99.09185028076172,128.0
94,Sensor_3,-0.920227981519377,-0.2626909255981431,decreases predicted RUL,99.09185028076172,128.0
94,Sensor_4,-0.6863240360087157,1.3915271759033132,increases predicted RUL,99.09185028076172,128.0
94,Sensor_7,0.5751955490670384,-1.8942647933959904,decreases predicted RUL,99.09185028076172,128.0
94,Sensor_8,-0.4205418445163333,-0.7740614891052218,decreases predicted RUL,99.09185028076172,128.0
94,Sensor_9,-0.7664648492936673,0.4031285285949693,increases predicted RUL,99.09185028076172,128.0
94,Sensor_11,-0.6408849476654356,3.88049058914185,increases predicted RUL,99.09185028076172,128.0
94,Sensor_12,0.6770249941501458,-3.8726936340332045,decreases predicted RUL,99.09185028076172,128.0
94,Sensor_13,-0.44985628353704626,-1.3427467346191406,decreases predicted RUL,99.09185028076172,128.0
94,Sensor_14,-0.6992725074660094,0.8982501983642521,increases predicted RUL,99.09185028076172,128.0
94,Sensor_15,-0.7259355869028792,1.4934209823608384,increases predicted RUL,99.09185028076172,128.0
94,Sensor_17,-0.5621744307817914,0.06513576507568786,increases predicted RUL,99.09185028076172,128.0
94,Sensor_20,0.6768172715108202,2.3076673507690373,increases predicted RUL,99.09185028076172,128.0
94,Sensor_21,0.5785464285444497,0.6596326828003001,increases predicted RUL,99.09185028076172,128.0
95,Sensor_2,-0.9545885287867263,-5.076790809631355,decreases predicted RUL,115.70988464355469,137.0
95,Sensor_3,-0.7727153631491375,0.09259586334228231,increases predicted RUL,115.70988464355469,137.0
95,Sensor_4,-1.0235095503362759,2.614126968383786,increases predicted RUL,115.70988464355469,137.0
95,Sensor_7,1.0901825946981434,3.28927841186524,increases predicted RUL,115.70988464355469,137.0
95,Sensor_8,-1.2235424350197461,1.2582668304443345,increases predicted RUL,115.70988464355469,137.0
95,Sensor_9,0.10164950088644663,2.7473482131958065,increases predicted RUL,115.70988464355469,137.0
95,Sensor_11,-1.1051637040844497,5.848754978179933,increases predicted RUL,115.70988464355469,137.0
95,Sensor_12,1.2174735430708028,0.05360660552978658,increases predicted RUL,115.70988464355469,137.0
95,Sensor_13,-1.1200717299083351,-3.067502689361568,decreases predicted RUL,115.70988464355469,137.0
95,Sensor_14,0.2423331555037677,-5.783710479736335,decreases predicted RUL,115.70988464355469,137.0
95,Sensor_15,-1.068884492678818,3.8705923080444293,increases predicted RUL,115.70988464355469,137.0
95,Sensor_17,-0.8979343853959668,0.03225841522216655,increases predicted RUL,115.70988464355469,137.0
95,Sensor_20,1.0331261710694788,4.095477485656744,increases predicted RUL,115.70988464355469,137.0
95,Sensor_21,1.0395053765274354,1.4462244033813505,increases predicted RUL,115.70988464355469,137.0
96,Sensor_2,-0.5602209859735553,2.561248779296882,increases predicted RUL,86.33439636230469,82.0
96,Sensor_3,-0.5248602383421744,0.5154682159423842,increases predicted RUL,86.33439636230469,82.0
96,Sensor_4,-0.6514144246334288,2.8380908012390123,increases predicted RUL,86.33439636230469,82.0
96,Sensor_7,0.7164271872940864,1.1348342895507741,increases predicted RUL,86.33439636230469,82.0
96,Sensor_8,-0.8769842854339386,-1.2158663749694867,decreases predicted RUL,86.33439636230469,82.0
96,Sensor_9,0.3364886973999575,0.36546754837036133,increases predicted RUL,86.33439636230469,82.0
96,Sensor_11,-0.7022895573853707,5.026785659790036,increases predicted RUL,86.33439636230469,82.0
96,Sensor_12,0.705769372567415,-1.5348265647888155,decreases predicted RUL,86.33439636230469,82.0
96,Sensor_13,-0.8252881725832871,-2.1820875167846694,decreases predicted RUL,86.33439636230469,82.0
96,Sensor_14,0.39604693279556613,-6.7626565933227525,decreases predicted RUL,86.33439636230469,82.0
96,Sensor_15,-0.7025781587066641,2.2231763839721665,increases predicted RUL,86.33439636230469,82.0
96,Sensor_17,-0.3813806090664663,-0.44209785461425355,decreases predicted RUL,86.33439636230469,82.0
96,Sensor_20,0.5440313462094548,1.344625568389894,increases predicted RUL,86.33439636230469,82.0
96,Sensor_21,0.7457361964829659,1.5498366355895996,increases predicted RUL,86.33439636230469,82.0
97,Sensor_2,-0.1570541673572777,1.4678066253662152,increases predicted RUL,70.65447235107422,59.0
97,Sensor_3,0.054033818623395395,-0.14086704254151527,decreases predicted RUL,70.65447235107422,59.0
97,Sensor_4,-0.003131164122540604,1.8705833435058565,increases predicted RUL,70.65447235107422,59.0
97,Sensor_7,0.06517985710153609,1.9460469245910588,increases predicted RUL,70.65447235107422,59.0
97,Sensor_8,-0.04580823561581689,0.25812339782714844,increases predicted RUL,70.65447235107422,59.0
97,Sensor_9,-0.1341044535756226,4.097082519531256,increases predicted RUL,70.65447235107422,59.0
97,Sensor_11,-0.04855511487924517,0.2970234870910673,increases predicted RUL,70.65447235107422,59.0
97,Sensor_12,0.09752747832302401,1.1615981101989803,increases predicted RUL,70.65447235107422,59.0
97,Sensor_13,-0.06886244057913812,3.736675071716313,increases predicted RUL,70.65447235107422,59.0
97,Sensor_14,-0.12372392248314426,0.28785381317139525,increases predicted RUL,70.65447235107422,59.0
97,Sensor_15,0.005717186731997976,-2.238713073730473,decreases predicted RUL,70.65447235107422,59.0
97,Sensor_17,-0.09727603208524167,0.24163341522217507,increases predicted RUL,70.65447235107422,59.0
97,Sensor_20,0.026166237534132913,0.14767694473266602,increases predicted RUL,70.65447235107422,59.0
97,Sensor_21,0.07350362750573383,-0.37564754486085405,decreases predicted RUL,70.65447235107422,59.0
98,Sensor_2,-1.109375789505456,-2.1631408691406335,decreases predicted RUL,116.04605865478516,117.0
98,Sensor_3,-0.9900697585938327,-0.5960956573486271,decreases predicted RUL,116.04605865478516,117.0
98,Sensor_4,-1.2723877472829388,-0.7660455703735423,decreases predicted RUL,116.04605865478516,117.0
98,Sensor_7,1.3342308655544721,0.19785480499268004,increases predicted RUL,116.04605865478516,117.0
98,Sensor_8,-1.3193389966938047,0.6234160423278752,increases predicted RUL,116.04605865478516,117.0
98,Sensor_9,-0.057128930756821766,1.9547983169555607,increases predicted RUL,116.04605865478516,117.0
98,Sensor_11,-1.3477867961485819,5.3989362716674805,increases predicted RUL,116.04605865478516,117.0
98,Sensor_12,1.2901480092578277,1.194674015045166,increases predicted RUL,116.04605865478516,117.0
98,Sensor_13,-1.3536737942047938,-2.2070329666137667,decreases predicted RUL,116.04605865478516,117.0
98,Sensor_14,0.14070655136424912,-3.1366407394409137,decreases predicted RUL,116.04605865478516,117.0
98,Sensor_15,-1.1835918626561253,4.147027969360359,increases predicted RUL,116.04605865478516,117.0
98,Sensor_17,-1.169125117968954,-0.7148479461669908,decreases predicted RUL,116.04605865478516,117.0
98,Sensor_20,1.185829985166052,4.199884986877443,increases predicted RUL,116.04605865478516,117.0
98,Sensor_21,1.0647436595425805,1.0739316940307617,increases predicted RUL,116.04605865478516,117.0
99,Sensor_2,0.16451936653904803,-5.73357706069946,decreases predicted RUL,17.886442184448242,20.0
99,Sensor_3,0.295364723245917,-0.4535807609558127,decreases predicted RUL,17.886442184448242,20.0
99,Sensor_4,0.17239462852761173,-4.735079860687254,decreases predicted RUL,17.886442184448242,20.0
99,Sensor_7,0.11150383444000593,1.316165351867678,increases predicted RUL,17.886442184448242,20.0
99,Sensor_8,-0.8178158208701797,-3.5730356216430685,decreases predicted RUL,17.886442184448242,20.0
99,Sensor_9,2.080397741724231,-38.99082717895507,decreases predicted RUL,17.886442184448242,20.0
99,Sensor_11,0.00835647461727877,-2.2577156066894553,decreases predicted RUL,17.886442184448242,20.0
99,Sensor_12,0.2445034509848416,-1.1331440925598137,decreases predicted RUL,17.886442184448242,20.0
99,Sensor_13,-0.8364120804067475,-3.5916565895080623,decreases predicted RUL,17.886442184448242,20.0
99,Sensor_14,2.16576316022998,-10.658793830871584,decreases predicted RUL,17.886442184448242,20.0
99,Sensor_15,0.057391497056502,-3.003645706176755,decreases predicted RUL,17.886442184448242,20.0
99,Sensor_17,0.12225932285479572,-0.3574808120727546,decreases predicted RUL,17.886442184448242,20.0
99,Sensor_20,0.025059688156620952,-0.6095175743103063,decreases predicted RUL,17.886442184448242,20.0
99,Sensor_21,0.05680127915603448,-0.6210590362548807,decreases predicted RUL,17.886442184448242,20.0
